-- phpMyAdmin SQL Dump
-- version 4.9.4
-- https://www.phpmyadmin.net/
--
-- Host: localhost
-- Generation Time: Apr 10, 2022 at 07:54 AM
-- Server version: 8.0.26
-- PHP Version: 7.4.27

SET SQL_MODE = "NO_AUTO_VALUE_ON_ZERO";
SET AUTOCOMMIT = 0;
START TRANSACTION;
SET time_zone = "+00:00";


/*!40101 SET @OLD_CHARACTER_SET_CLIENT=@@CHARACTER_SET_CLIENT */;
/*!40101 SET @OLD_CHARACTER_SET_RESULTS=@@CHARACTER_SET_RESULTS */;
/*!40101 SET @OLD_COLLATION_CONNECTION=@@COLLATION_CONNECTION */;
/*!40101 SET NAMES utf8mb4 */;

--
-- Database: `EEHCDB`
--

-- --------------------------------------------------------

--
-- Table structure for table `abouts`
--

CREATE TABLE `abouts` (
  `id` bigint UNSIGNED NOT NULL,
  `creator_id` bigint UNSIGNED NOT NULL,
  `deleted_at` timestamp NULL DEFAULT NULL,
  `created_at` timestamp NULL DEFAULT NULL,
  `updated_at` timestamp NULL DEFAULT NULL
) ENGINE=InnoDB DEFAULT CHARSET=utf8mb4 COLLATE=utf8mb4_unicode_ci;

--
-- Dumping data for table `abouts`
--

INSERT INTO `abouts` (`id`, `creator_id`, `deleted_at`, `created_at`, `updated_at`) VALUES
(1, 1, NULL, '2022-01-20 13:54:48', '2022-01-20 13:54:48');

-- --------------------------------------------------------

--
-- Table structure for table `about_sounds`
--

CREATE TABLE `about_sounds` (
  `id` bigint UNSIGNED NOT NULL,
  `creator_id` bigint UNSIGNED NOT NULL,
  `about_id` bigint UNSIGNED NOT NULL,
  `deleted_at` timestamp NULL DEFAULT NULL,
  `created_at` timestamp NULL DEFAULT NULL,
  `updated_at` timestamp NULL DEFAULT NULL
) ENGINE=InnoDB DEFAULT CHARSET=utf8mb4 COLLATE=utf8mb4_unicode_ci;

--
-- Dumping data for table `about_sounds`
--

INSERT INTO `about_sounds` (`id`, `creator_id`, `about_id`, `deleted_at`, `created_at`, `updated_at`) VALUES
(1, 1, 1, '2022-01-31 11:47:17', '2022-01-20 13:54:57', '2022-01-31 11:47:17'),
(2, 1, 1, '2022-02-12 23:52:39', '2022-01-31 11:49:08', '2022-02-12 23:52:39');

-- --------------------------------------------------------

--
-- Table structure for table `about_sound_translations`
--

CREATE TABLE `about_sound_translations` (
  `id` bigint UNSIGNED NOT NULL,
  `sound` varchar(191) CHARACTER SET utf8mb4 COLLATE utf8mb4_unicode_ci NOT NULL,
  `locale` varchar(191) CHARACTER SET utf8mb4 COLLATE utf8mb4_unicode_ci NOT NULL,
  `about_sound_id` bigint UNSIGNED NOT NULL,
  `deleted_at` timestamp NULL DEFAULT NULL,
  `created_at` timestamp NULL DEFAULT NULL,
  `updated_at` timestamp NULL DEFAULT NULL
) ENGINE=InnoDB DEFAULT CHARSET=utf8mb4 COLLATE=utf8mb4_unicode_ci;

--
-- Dumping data for table `about_sound_translations`
--

INSERT INTO `about_sound_translations` (`id`, `sound`, `locale`, `about_sound_id`, `deleted_at`, `created_at`, `updated_at`) VALUES
(1, 'about_project.mp3', 'ar', 1, NULL, '2022-01-20 13:54:57', '2022-01-20 13:54:57'),
(2, '119051883761f7b09472a50.mp3', 'ar', 2, NULL, '2022-01-31 11:49:08', '2022-01-31 11:49:08');

-- --------------------------------------------------------

--
-- Table structure for table `about_translations`
--

CREATE TABLE `about_translations` (
  `id` bigint UNSIGNED NOT NULL,
  `desc` text CHARACTER SET utf8mb4 COLLATE utf8mb4_unicode_ci NOT NULL,
  `locale` varchar(191) CHARACTER SET utf8mb4 COLLATE utf8mb4_unicode_ci NOT NULL,
  `about_id` bigint UNSIGNED NOT NULL,
  `deleted_at` timestamp NULL DEFAULT NULL,
  `created_at` timestamp NULL DEFAULT NULL,
  `updated_at` timestamp NULL DEFAULT NULL
) ENGINE=InnoDB DEFAULT CHARSET=utf8mb4 COLLATE=utf8mb4_unicode_ci;

--
-- Dumping data for table `about_translations`
--

INSERT INTO `about_translations` (`id`, `desc`, `locale`, `about_id`, `deleted_at`, `created_at`, `updated_at`) VALUES
(1, '<p>تنويه : لغة الاشارة المصورة والمسجلة في البرنامج معتمدة من الاتحاد النوعي لجمعيات الصم بمصر. مقدمة: إيمانا من الشركة القابضه لكهرباء مصر بدورها في خدمة المجتمع وحقوق الأشخاص ذوي الاعاقة من الاندماج في المجتمع وحقهم في المساواة في الحصول على الخدمات والعروض التي تقدمها الشركة فإنها تقدم مشروع وتطبيقات عالية الأتاحة والتقنية لإتاحة التعريف بخدمات الشركة القابضه لكهرباء مصر لذوي الاعاقة البصرية والسمعية والحركية<span style=\"font-size:12px\">.&nbsp;</span><span style=\"font-size:14px\"><span dir=\"RTL\" lang=\"AR-SA\"><span style=\"font-family:&quot;Times New Roman&quot;,&quot;serif&quot;\">هذا البرنامج تقدمه الشركة القابضه لكهرباء مصر للجميع مجانًا بإتاحة عالية للصم بلغة الاشارة وللمكفوفين بالصوت للتسهيل عليهم في التعرف على كآفة الخدمات والعروض التي تقدمها الشركة ومساعدتهم في الحصول على الخدمات والعروض بسهولة واتاحة توصل الصم مع موظف خدمة العملاء في الفروع مباشرة باستخدام لغة الاشارة.</span></span></span></p>', 'ar', 1, NULL, '2022-01-20 13:54:48', '2022-02-08 14:33:23');

-- --------------------------------------------------------

--
-- Table structure for table `about_videos`
--

CREATE TABLE `about_videos` (
  `id` bigint UNSIGNED NOT NULL,
  `creator_id` bigint UNSIGNED NOT NULL,
  `about_id` bigint UNSIGNED NOT NULL,
  `deleted_at` timestamp NULL DEFAULT NULL,
  `created_at` timestamp NULL DEFAULT NULL,
  `updated_at` timestamp NULL DEFAULT NULL
) ENGINE=InnoDB DEFAULT CHARSET=utf8mb4 COLLATE=utf8mb4_unicode_ci;

--
-- Dumping data for table `about_videos`
--

INSERT INTO `about_videos` (`id`, `creator_id`, `about_id`, `deleted_at`, `created_at`, `updated_at`) VALUES
(1, 1, 1, NULL, '2022-01-20 13:55:06', '2022-01-20 13:55:06'),
(2, 1, 1, '2022-01-31 11:44:34', '2022-01-31 11:43:20', '2022-01-31 11:44:34');

-- --------------------------------------------------------

--
-- Table structure for table `about_video_translations`
--

CREATE TABLE `about_video_translations` (
  `id` bigint UNSIGNED NOT NULL,
  `video` varchar(191) CHARACTER SET utf8mb4 COLLATE utf8mb4_unicode_ci NOT NULL,
  `locale` varchar(191) CHARACTER SET utf8mb4 COLLATE utf8mb4_unicode_ci NOT NULL,
  `about_video_id` bigint UNSIGNED NOT NULL,
  `deleted_at` timestamp NULL DEFAULT NULL,
  `created_at` timestamp NULL DEFAULT NULL,
  `updated_at` timestamp NULL DEFAULT NULL
) ENGINE=InnoDB DEFAULT CHARSET=utf8mb4 COLLATE=utf8mb4_unicode_ci;

--
-- Dumping data for table `about_video_translations`
--

INSERT INTO `about_video_translations` (`id`, `video`, `locale`, `about_video_id`, `deleted_at`, `created_at`, `updated_at`) VALUES
(1, 'about_project.webm', 'ar', 1, NULL, '2022-01-20 13:55:06', '2022-01-20 13:55:06'),
(2, '52330091361f7af3880cf5.mp4', 'ar', 2, NULL, '2022-01-31 11:43:20', '2022-01-31 11:43:20');

-- --------------------------------------------------------

--
-- Table structure for table `arabic_dictionaries`
--

CREATE TABLE `arabic_dictionaries` (
  `id` bigint UNSIGNED NOT NULL,
  `word` varchar(191) CHARACTER SET utf8mb4 COLLATE utf8mb4_unicode_ci NOT NULL,
  `column` tinyint NOT NULL,
  `created_at` timestamp NULL DEFAULT NULL,
  `updated_at` timestamp NULL DEFAULT NULL
) ENGINE=InnoDB DEFAULT CHARSET=utf8mb4 COLLATE=utf8mb4_unicode_ci;

--
-- Dumping data for table `arabic_dictionaries`
--

INSERT INTO `arabic_dictionaries` (`id`, `word`, `column`, `created_at`, `updated_at`) VALUES
(1, 'عايز أشتري', 1, '2022-01-22 15:15:22', '2022-01-22 15:15:22'),
(2, 'عايز أقدم', 1, '2022-01-22 15:15:22', '2022-02-06 12:01:53'),
(3, 'أنا عايز', 1, '2022-01-22 15:15:22', '2022-01-22 15:15:22'),
(4, 'عايز أطلع', 1, '2022-01-22 15:15:22', '2022-01-22 15:15:22'),
(5, 'عايز أعرف', 1, '2022-01-22 15:15:22', '2022-01-22 15:15:22'),
(6, 'عايز أروح', 1, '2022-01-22 15:15:22', '2022-01-22 15:15:22'),
(7, 'عايز أبعت', 1, '2022-01-22 15:15:22', '2022-01-22 15:15:22'),
(8, 'ايه الأجراءات', 1, '2022-01-22 15:15:22', '2022-01-22 15:15:22'),
(9, 'أزاي أشترك في', 1, '2022-01-22 15:15:22', '2022-01-22 15:15:22'),
(10, 'أريد الحصول', 1, '2022-01-22 15:15:22', '2022-01-22 15:15:22'),
(11, 'ما هي مدة إستخراج', 1, '2022-01-22 15:15:22', '2022-01-22 15:15:22'),
(12, 'منين أجيب', 1, '2022-01-22 15:15:22', '2022-01-22 15:15:22'),
(13, 'ما هي رسوم', 1, '2022-01-22 15:15:22', '2022-01-22 15:15:22'),
(14, 'كام تكلفة', 1, '2022-01-22 15:15:22', '2022-01-22 15:15:22'),
(15, 'إزاي أروح', 1, '2022-01-22 15:15:22', '2022-01-22 15:15:22'),
(16, 'إزاي', 1, '2022-01-22 15:15:22', '2022-01-22 15:15:22'),
(17, 'ما هي', 1, '2022-01-22 15:15:22', '2022-01-22 15:15:22'),
(18, 'ينفع أطلع', 1, '2022-01-22 15:15:22', '2022-01-22 15:15:22'),
(19, 'أزاي أجيب', 1, '2022-01-22 15:15:22', '2022-01-22 15:15:22'),
(20, 'عايز أشترك في', 1, '2022-01-22 15:15:22', '2022-01-22 15:15:22'),
(21, 'عايز أكلم', 1, '2022-01-22 15:15:22', '2022-01-22 15:15:22'),
(22, 'شهادة بيانات تعاقد أو مصالحة', 2, '2022-01-22 15:15:22', '2022-01-22 15:15:22'),
(23, '  تركيب عداد قانوني لأول مرة', 2, '2022-01-22 15:15:22', '2022-01-22 15:15:22'),
(24, '   تركيب عداد كودي', 2, '2022-01-22 15:15:22', '2022-01-22 15:15:22'),
(25, '   تركيب عداد بدل تالف', 2, '2022-01-22 15:15:22', '2022-01-22 15:15:22'),
(26, '   تركيب عداد بدل فاقد', 2, '2022-01-22 15:15:22', '2022-01-22 15:15:22'),
(27, '   تغيير اسم صاحب العداد', 2, '2022-01-22 15:15:22', '2022-01-22 15:15:22'),
(28, '  طلب فحص عداد', 2, '2022-01-22 15:15:22', '2022-01-22 15:15:22'),
(29, '   طلب رفع عداد', 2, '2022-01-22 15:15:22', '2022-01-22 15:15:22'),
(30, 'استبدال عداد بقدرة أكبر', 2, '2022-01-22 15:15:22', '2022-01-22 15:15:22'),
(31, 'تعديل توصيلة (داخلية – خارجية)', 2, '2022-01-22 15:15:22', '2022-01-22 15:15:22'),
(32, 'جدولة مديونية على أقساط شهرية', 2, '2022-01-22 15:15:22', '2022-01-22 15:15:22'),
(33, 'توصيل التيار الكهربائي للمباني السكنية القانونية', 2, '2022-01-22 15:15:22', '2022-01-22 15:15:22'),
(34, 'توصيل التيار الكهربائي للمنشآت الاستثمارية', 2, '2022-01-22 15:15:22', '2022-01-22 15:15:22'),
(35, 'توصيل تيار مؤقت', 2, '2022-01-22 15:15:22', '2022-01-22 15:15:22'),
(36, 'توصيل التيار الكهربائي للمباني غير القانونية', 2, '2022-01-22 15:15:22', '2022-01-22 15:15:22'),
(37, 'سداد دفعة مقدمة تحت الحساب', 2, '2022-01-22 15:15:22', '2022-01-22 15:15:22'),
(38, 'مبيعات لمبات LED', 2, '2022-01-22 15:15:22', '2022-01-22 15:15:22'),
(39, 'تغيير نوع النشاط المتقاعد عليه', 2, '2022-01-22 15:15:22', '2022-01-22 15:15:22'),
(40, 'تصحيح قراءة خاطئة', 2, '2022-01-22 15:15:22', '2022-01-22 15:15:22'),
(41, 'إبلاغ عن قراءة العداد', 2, '2022-01-22 15:15:22', '2022-01-22 15:15:22'),
(42, 'فواتير مسددة عن طريق منافذ السداد الالكتروني', 2, '2022-01-22 15:15:22', '2022-01-22 15:15:22'),
(43, 'شحن كارت مسبق الدفع', 2, '2022-01-22 15:15:22', '2022-01-22 15:15:22'),
(44, 'استخارد كارت شحن بدل تالف أو بد فاقد', 2, '2022-01-22 15:15:22', '2022-01-22 15:15:22'),
(45, 'تصحيح اسم وبيانات مشترك', 2, '2022-01-22 15:15:22', '2022-01-22 15:15:22'),
(46, 'تلقي بلاغات الأعطال والشكاوي', 2, '2022-01-22 15:15:22', '2022-01-22 15:15:22'),
(47, 'عداد كودي', 2, '2022-01-22 15:15:22', '2022-01-22 15:15:22'),
(48, '   شهادة بيانات استهلاك خلال فترة', 2, '2022-01-22 15:15:22', '2022-01-22 15:15:22'),
(49, 'فرع أو مركز معتمد', 2, '2022-01-22 15:15:22', '2022-01-22 15:15:22'),
(50, 'فـوري', 2, '2022-01-22 15:15:22', '2022-01-22 15:15:22'),
(51, 'مصاري', 2, '2022-01-22 15:15:22', '2022-01-22 15:15:22'),
(52, 'خدمة بي', 2, '2022-01-22 15:15:22', '2022-01-22 15:15:22'),
(53, 'أدفع الأستهلاك', 2, '2022-01-22 15:15:22', '2022-01-22 15:15:22'),
(54, 'الشاشة الرئيسية', 2, '2022-01-22 15:15:22', '2022-01-22 15:15:22'),
(55, 'الخدمات', 2, '2022-01-22 15:15:22', '2022-01-22 15:15:22'),
(65, 'استهلاكي', 2, '2022-01-22 15:15:22', '2022-01-22 15:15:22'),
(66, 'كارت الكهرباء', 2, '2022-01-22 15:15:22', '2022-01-22 15:15:22'),
(67, 'الخدمات الفرعيه', 2, '2022-01-22 15:15:22', '2022-01-22 15:15:22'),
(68, 'مجموعة خليفة للكمبيوتر', 2, '2022-01-22 15:15:22', '2022-01-22 15:15:22'),
(69, 'بالتعاون مع وزارة الأتصالات', 2, '2022-01-22 15:15:22', '2022-01-22 15:15:22');

-- --------------------------------------------------------

--
-- Table structure for table `arabic_dictionary_foundations`
--

CREATE TABLE `arabic_dictionary_foundations` (
  `id` bigint UNSIGNED NOT NULL,
  `foundation_id` bigint UNSIGNED NOT NULL,
  `arabic_dictionary_id` bigint UNSIGNED NOT NULL,
  `created_at` timestamp NULL DEFAULT NULL,
  `updated_at` timestamp NULL DEFAULT NULL
) ENGINE=InnoDB DEFAULT CHARSET=utf8mb4 COLLATE=utf8mb4_unicode_ci;

--
-- Dumping data for table `arabic_dictionary_foundations`
--

INSERT INTO `arabic_dictionary_foundations` (`id`, `foundation_id`, `arabic_dictionary_id`, `created_at`, `updated_at`) VALUES
(1, 1, 1, NULL, NULL),
(2, 1, 2, NULL, NULL),
(3, 1, 3, NULL, NULL),
(4, 1, 4, NULL, NULL),
(5, 1, 5, NULL, NULL),
(6, 1, 6, NULL, NULL),
(7, 1, 7, NULL, NULL),
(8, 1, 8, NULL, NULL),
(9, 1, 9, NULL, NULL),
(10, 1, 10, NULL, NULL),
(11, 1, 11, NULL, NULL),
(12, 1, 12, NULL, NULL),
(13, 1, 13, NULL, NULL),
(14, 1, 14, NULL, NULL),
(15, 1, 15, NULL, NULL),
(16, 1, 16, NULL, NULL),
(17, 1, 17, NULL, NULL),
(18, 1, 18, NULL, NULL),
(19, 1, 19, NULL, NULL),
(20, 1, 20, NULL, NULL),
(21, 1, 21, NULL, NULL),
(22, 1, 22, NULL, NULL),
(23, 1, 23, NULL, NULL),
(24, 1, 24, NULL, NULL),
(25, 1, 25, NULL, NULL),
(26, 1, 26, NULL, NULL),
(27, 1, 27, NULL, NULL),
(28, 1, 28, NULL, NULL),
(29, 1, 29, NULL, NULL),
(30, 1, 30, NULL, NULL),
(31, 1, 31, NULL, NULL),
(32, 1, 32, NULL, NULL),
(33, 1, 33, NULL, NULL),
(34, 1, 34, NULL, NULL),
(35, 1, 35, NULL, NULL),
(36, 1, 36, NULL, NULL),
(37, 1, 37, NULL, NULL),
(38, 1, 38, NULL, NULL),
(39, 1, 39, NULL, NULL),
(40, 1, 40, NULL, NULL),
(41, 1, 41, NULL, NULL),
(42, 1, 42, NULL, NULL),
(43, 1, 43, NULL, NULL),
(44, 1, 44, NULL, NULL),
(45, 1, 45, NULL, NULL),
(46, 1, 46, NULL, NULL),
(47, 1, 47, NULL, NULL),
(48, 1, 48, NULL, NULL),
(49, 1, 49, NULL, NULL),
(50, 1, 50, NULL, NULL),
(51, 1, 51, NULL, NULL),
(52, 1, 52, NULL, NULL),
(53, 1, 53, NULL, NULL),
(54, 1, 54, NULL, NULL),
(55, 1, 55, NULL, NULL),
(65, 1, 65, NULL, NULL),
(66, 1, 66, NULL, NULL),
(67, 1, 67, NULL, NULL),
(68, 1, 68, NULL, NULL),
(69, 1, 69, NULL, NULL);

-- --------------------------------------------------------

--
-- Table structure for table `arabic_dictionary_media`
--

CREATE TABLE `arabic_dictionary_media` (
  `id` bigint UNSIGNED NOT NULL,
  `image` varchar(191) CHARACTER SET utf8mb4 COLLATE utf8mb4_unicode_ci DEFAULT NULL,
  `video` varchar(191) CHARACTER SET utf8mb4 COLLATE utf8mb4_unicode_ci DEFAULT NULL,
  `foundation_id` bigint UNSIGNED NOT NULL,
  `arabic_dictionary_id` bigint UNSIGNED NOT NULL,
  `created_at` timestamp NULL DEFAULT NULL,
  `updated_at` timestamp NULL DEFAULT NULL
) ENGINE=InnoDB DEFAULT CHARSET=utf8mb4 COLLATE=utf8mb4_unicode_ci;

--
-- Dumping data for table `arabic_dictionary_media`
--

INSERT INTO `arabic_dictionary_media` (`id`, `image`, `video`, `foundation_id`, `arabic_dictionary_id`, `created_at`, `updated_at`) VALUES
(1, '1.jpg', '1.webm', 1, 1, '2022-01-22 15:29:53', '2022-01-22 15:29:53'),
(2, '2.jpg', '2.webm', 1, 2, '2022-01-22 15:29:53', '2022-01-22 15:29:53'),
(3, '3.jpg', '3.webm', 1, 3, '2022-01-22 15:29:53', '2022-01-22 15:29:53'),
(4, '4.jpg', '4.webm', 1, 4, '2022-01-22 15:29:53', '2022-01-22 15:29:53'),
(5, '5.jpg', '5.webm', 1, 5, '2022-01-22 15:29:53', '2022-01-22 15:29:53'),
(6, '6.jpg', '6.webm', 1, 6, '2022-01-22 15:29:53', '2022-01-22 15:29:53'),
(7, '7.jpg', '7.webm', 1, 7, '2022-01-22 15:29:53', '2022-01-22 15:29:53'),
(8, '8.jpg', '8.webm', 1, 8, '2022-01-22 15:29:53', '2022-01-22 15:29:53'),
(9, '9.jpg', '9.webm', 1, 9, '2022-01-22 15:29:53', '2022-01-22 15:29:53'),
(10, '10.jpg', '10.webm', 1, 10, '2022-01-22 15:29:53', '2022-01-22 15:29:53'),
(11, '11.jpg', '11.webm', 1, 11, '2022-01-22 15:29:53', '2022-01-22 15:29:53'),
(12, '12.jpg', '12.webm', 1, 12, '2022-01-22 15:29:53', '2022-01-22 15:29:53'),
(13, '13.jpg', '13.webm', 1, 13, '2022-01-22 15:29:53', '2022-01-22 15:29:53'),
(14, '14.jpg', '14.webm', 1, 14, '2022-01-22 15:29:53', '2022-01-22 15:29:53'),
(15, '15.jpg', '15.webm', 1, 15, '2022-01-22 15:29:53', '2022-01-22 15:29:53'),
(16, '16.jpg', '16.webm', 1, 16, '2022-01-22 15:29:53', '2022-01-22 15:29:53'),
(17, '17.jpg', '17.webm', 1, 17, '2022-01-22 15:29:53', '2022-01-22 15:29:53'),
(18, '18.jpg', '18.webm', 1, 18, '2022-01-22 15:29:53', '2022-01-22 15:29:53'),
(19, '19.jpg', '19.webm', 1, 19, '2022-01-22 15:29:53', '2022-01-22 15:29:53'),
(20, '20.jpg', '20.webm', 1, 20, '2022-01-22 15:29:53', '2022-01-22 15:29:53'),
(21, '21.jpg', '21.webm', 1, 21, '2022-01-22 15:29:53', '2022-01-22 15:29:53'),
(22, '22.jpg', '22.webm', 1, 22, '2022-01-22 15:29:53', '2022-01-22 15:29:53'),
(23, '23.jpg', '23.webm', 1, 23, '2022-01-22 15:29:53', '2022-01-22 15:29:53'),
(24, '24.jpg', '24.webm', 1, 24, '2022-01-22 15:29:53', '2022-01-22 15:29:53'),
(25, '25.jpg', '25.webm', 1, 25, '2022-01-22 15:29:53', '2022-01-22 15:29:53'),
(26, '26.jpg', '26.webm', 1, 26, '2022-01-22 15:29:53', '2022-01-22 15:29:53'),
(27, '27.jpg', '27.webm', 1, 27, '2022-01-22 15:29:53', '2022-01-22 15:29:53'),
(28, '28.jpg', '28.webm', 1, 28, '2022-01-22 15:29:53', '2022-01-22 15:29:53'),
(29, '29.jpg', '29.webm', 1, 29, '2022-01-22 15:29:53', '2022-01-22 15:29:53'),
(30, '30.jpg', '30.webm', 1, 30, '2022-01-22 15:29:53', '2022-01-22 15:29:53'),
(31, '31.jpg', '31.webm', 1, 31, '2022-01-22 15:29:53', '2022-01-22 15:29:53'),
(32, '32.jpg', '32.webm', 1, 32, '2022-01-22 15:29:53', '2022-01-22 15:29:53'),
(33, '33.jpg', '33.webm', 1, 33, '2022-01-22 15:29:53', '2022-01-22 15:29:53'),
(34, '34.jpg', '34.webm', 1, 34, '2022-01-22 15:29:53', '2022-01-22 15:29:53'),
(35, '35.jpg', '35.webm', 1, 35, '2022-01-22 15:29:53', '2022-01-22 15:29:53'),
(36, '36.jpg', '36.webm', 1, 36, '2022-01-22 15:29:53', '2022-01-22 15:29:53'),
(37, '37.jpg', '37.webm', 1, 37, '2022-01-22 15:29:53', '2022-01-22 15:29:53'),
(38, '38.jpg', '38.webm', 1, 38, '2022-01-22 15:29:53', '2022-01-22 15:29:53'),
(39, '39.jpg', '39.webm', 1, 39, '2022-01-22 15:29:53', '2022-01-22 15:29:53'),
(40, '40.jpg', '40.webm', 1, 40, '2022-01-22 15:29:53', '2022-01-22 15:29:53'),
(41, '41.jpg', '41.webm', 1, 41, '2022-01-22 15:29:53', '2022-01-22 15:29:53'),
(42, '42.jpg', '42.webm', 1, 42, '2022-01-22 15:29:53', '2022-01-22 15:29:53'),
(43, '43.jpg', '43.webm', 1, 43, '2022-01-22 15:29:53', '2022-01-22 15:29:53'),
(44, '44.jpg', '44.webm', 1, 44, '2022-01-22 15:29:53', '2022-01-22 15:29:53'),
(45, '45.jpg', '45.webm', 1, 45, '2022-01-22 15:29:53', '2022-01-22 15:29:53'),
(46, '46.jpg', '46.webm', 1, 46, '2022-01-22 15:29:53', '2022-01-22 15:29:53'),
(47, '47.jpg', '47.webm', 1, 47, '2022-01-22 15:29:53', '2022-01-22 15:29:53'),
(48, '48.jpg', '48.webm', 1, 48, '2022-01-22 15:29:53', '2022-01-22 15:29:53'),
(49, '49.jpg', '49.webm', 1, 49, '2022-01-22 15:29:53', '2022-01-22 15:29:53'),
(50, '50.jpg', '50.webm', 1, 50, '2022-01-22 15:29:53', '2022-01-22 15:29:53'),
(51, '51.jpg', '51.webm', 1, 51, '2022-01-22 15:29:53', '2022-01-22 15:29:53'),
(52, '52.jpg', '52.webm', 1, 52, '2022-01-22 15:29:53', '2022-01-22 15:29:53'),
(53, '53.jpg', '53.webm', 1, 53, '2022-01-22 15:29:53', '2022-01-22 15:29:53'),
(54, '54.jpg', '54.webm', 1, 54, '2022-01-22 15:29:53', '2022-01-22 15:29:53'),
(55, '55.jpg', '55.webm', 1, 55, '2022-01-22 15:29:53', '2022-01-22 15:29:53'),
(65, '65.jpg', '65.webm', 1, 65, '2022-01-22 15:29:53', '2022-01-22 15:29:53'),
(66, '66.jpg', '66.webm', 1, 66, '2022-01-22 15:29:53', '2022-01-22 15:29:53'),
(67, '67.jpg', '67.webm', 1, 67, '2022-01-22 15:29:53', '2022-01-22 15:29:53'),
(68, '68.jpg', '68.webm', 1, 68, '2022-01-22 15:29:53', '2022-01-22 15:29:53'),
(69, '69.jpg', '69.webm', 1, 69, '2022-01-22 15:29:53', '2022-01-22 15:29:53');

-- --------------------------------------------------------

--
-- Table structure for table `branches`
--

CREATE TABLE `branches` (
  `id` bigint UNSIGNED NOT NULL,
  `foundation_id` bigint UNSIGNED NOT NULL,
  `city_id` bigint UNSIGNED NOT NULL,
  `creator_id` bigint UNSIGNED NOT NULL,
  `map` varchar(191) CHARACTER SET utf8mb4 COLLATE utf8mb4_unicode_ci DEFAULT NULL,
  `pwd_status` tinyint NOT NULL,
  `phone1` varchar(191) CHARACTER SET utf8mb4 COLLATE utf8mb4_unicode_ci DEFAULT NULL,
  `phone2` varchar(191) CHARACTER SET utf8mb4 COLLATE utf8mb4_unicode_ci DEFAULT NULL,
  `landline1` varchar(191) CHARACTER SET utf8mb4 COLLATE utf8mb4_unicode_ci DEFAULT NULL,
  `landline2` varchar(191) CHARACTER SET utf8mb4 COLLATE utf8mb4_unicode_ci DEFAULT NULL,
  `email` varchar(191) CHARACTER SET utf8mb4 COLLATE utf8mb4_unicode_ci DEFAULT NULL,
  `deleted_at` timestamp NULL DEFAULT NULL,
  `created_at` timestamp NULL DEFAULT NULL,
  `updated_at` timestamp NULL DEFAULT NULL
) ENGINE=InnoDB DEFAULT CHARSET=utf8mb4 COLLATE=utf8mb4_unicode_ci;

--
-- Dumping data for table `branches`
--

INSERT INTO `branches` (`id`, `foundation_id`, `city_id`, `creator_id`, `map`, `pwd_status`, `phone1`, `phone2`, `landline1`, `landline2`, `email`, `deleted_at`, `created_at`, `updated_at`) VALUES
(826, 1, 1, 1, NULL, 1, '121', NULL, '222809449', NULL, NULL, NULL, '2022-03-31 18:52:24', '2022-03-31 18:52:24'),
(827, 1, 2, 1, NULL, 1, '121', NULL, '225898904', NULL, NULL, NULL, '2022-03-31 18:52:24', '2022-03-31 18:52:24'),
(828, 1, 3, 1, NULL, 1, '121', NULL, '228702825', NULL, NULL, NULL, '2022-03-31 18:52:24', '2022-03-31 18:52:24'),
(829, 1, 4, 1, NULL, 1, '121', NULL, '226570609', NULL, NULL, NULL, '2022-03-31 18:52:24', '2022-03-31 18:52:24'),
(830, 1, 5, 1, NULL, 1, '121', NULL, '222401943', NULL, NULL, NULL, '2022-03-31 18:52:24', '2022-03-31 18:52:24'),
(831, 1, 6, 1, NULL, 1, '121', NULL, '226433925', NULL, NULL, NULL, '2022-03-31 18:52:24', '2022-03-31 18:52:24'),
(832, 1, 7, 1, NULL, 1, '121', NULL, '224589476', NULL, NULL, NULL, '2022-03-31 18:52:24', '2022-03-31 18:52:24'),
(833, 1, 8, 1, NULL, 1, '121', NULL, '224587713', NULL, NULL, NULL, '2022-03-31 18:52:24', '2022-03-31 18:52:24'),
(834, 1, 9, 1, NULL, 1, '121', NULL, '224579190', NULL, NULL, NULL, '2022-03-31 18:52:24', '2022-03-31 18:52:24'),
(835, 1, 10, 1, NULL, 1, '121', NULL, '226716362', NULL, NULL, NULL, '2022-03-31 18:52:24', '2022-03-31 18:52:24'),
(836, 1, 11, 1, NULL, 1, '121', NULL, '226716362', NULL, NULL, NULL, '2022-03-31 18:52:24', '2022-03-31 18:52:24'),
(837, 1, 12, 1, NULL, 1, '121', NULL, '222875937', NULL, NULL, NULL, '2022-03-31 18:52:24', '2022-03-31 18:52:24'),
(838, 1, 13, 1, NULL, 1, '121', NULL, '226907685', NULL, NULL, NULL, '2022-03-31 18:52:24', '2022-03-31 18:52:24'),
(839, 1, 14, 1, NULL, 1, '121', NULL, '224699311', NULL, NULL, NULL, '2022-03-31 18:52:24', '2022-03-31 18:52:24'),
(840, 1, 15, 1, NULL, 1, '121', NULL, '222747453', NULL, NULL, NULL, '2022-03-31 18:52:24', '2022-03-31 18:52:24'),
(841, 1, 16, 1, NULL, 1, '121', NULL, '227037937', NULL, NULL, NULL, '2022-03-31 18:52:24', '2022-03-31 18:52:24'),
(842, 1, 17, 1, NULL, 1, '121', NULL, '227037937', NULL, NULL, NULL, '2022-03-31 18:52:24', '2022-03-31 18:52:24'),
(843, 1, 18, 1, NULL, 1, '121', NULL, '223630225', NULL, NULL, NULL, '2022-03-31 18:52:24', '2022-03-31 18:52:24'),
(844, 1, 19, 1, NULL, 1, '121', NULL, '225117002', NULL, NULL, NULL, '2022-03-31 18:52:24', '2022-03-31 18:52:24'),
(845, 1, 20, 1, NULL, 1, '121', NULL, '227513329', NULL, NULL, NULL, '2022-03-31 18:52:24', '2022-03-31 18:52:24'),
(846, 1, 21, 1, NULL, 1, '121', NULL, '223585398', NULL, NULL, NULL, '2022-03-31 18:52:24', '2022-03-31 18:52:24'),
(847, 1, 22, 1, NULL, 1, '121', NULL, '223585398', NULL, NULL, NULL, '2022-03-31 18:52:24', '2022-03-31 18:52:24'),
(848, 1, 23, 1, NULL, 1, '121', NULL, '228450362', NULL, NULL, NULL, '2022-03-31 18:52:24', '2022-03-31 18:52:24'),
(849, 1, 24, 1, NULL, 1, '121', NULL, '228450237', NULL, NULL, NULL, '2022-03-31 18:52:24', '2022-03-31 18:52:24'),
(850, 1, 25, 1, NULL, 1, '121', NULL, '227070494', NULL, NULL, NULL, '2022-03-31 18:52:24', '2022-03-31 18:52:24'),
(851, 1, 26, 1, NULL, 1, '121', NULL, '227739023', NULL, NULL, NULL, '2022-03-31 18:52:24', '2022-03-31 18:52:24'),
(852, 1, 27, 1, NULL, 1, '121', NULL, '235868265', NULL, NULL, NULL, '2022-03-31 18:52:24', '2022-03-31 18:52:24'),
(853, 1, 28, 1, NULL, 1, '121', NULL, '235868265', NULL, NULL, NULL, '2022-03-31 18:52:24', '2022-03-31 18:52:24'),
(854, 1, 29, 1, NULL, 1, '121', NULL, '235868265', NULL, NULL, NULL, '2022-03-31 18:52:24', '2022-03-31 18:52:24'),
(855, 1, 30, 1, NULL, 1, '121', NULL, '235868265', NULL, NULL, NULL, '2022-03-31 18:52:24', '2022-03-31 18:52:24'),
(856, 1, 31, 1, NULL, 1, '121', NULL, '235852088', NULL, NULL, NULL, '2022-03-31 18:52:24', '2022-03-31 18:52:24'),
(857, 1, 32, 1, NULL, 1, '121', NULL, '235852088', NULL, NULL, NULL, '2022-03-31 18:52:24', '2022-03-31 18:52:24'),
(858, 1, 33, 1, NULL, 1, '121', NULL, '233365472', NULL, NULL, NULL, '2022-03-31 18:52:24', '2022-03-31 18:52:24'),
(859, 1, 34, 1, NULL, 1, '121', NULL, '233358063', NULL, NULL, NULL, '2022-03-31 18:52:24', '2022-03-31 18:52:24'),
(860, 1, 35, 1, NULL, 1, '121', NULL, '233358063', NULL, NULL, NULL, '2022-03-31 18:52:24', '2022-03-31 18:52:24'),
(861, 1, 36, 1, NULL, 1, '121', NULL, '235408814', NULL, NULL, NULL, '2022-03-31 18:52:24', '2022-03-31 18:52:24'),
(862, 1, 37, 1, NULL, 1, '121', NULL, '235453229', NULL, NULL, NULL, '2022-03-31 18:52:24', '2022-03-31 18:52:24'),
(863, 1, 38, 1, NULL, 1, '121', NULL, '233554557', NULL, NULL, NULL, '2022-03-31 18:52:24', '2022-03-31 18:52:24'),
(864, 1, 39, 1, NULL, 1, '121', NULL, '233500737', NULL, NULL, NULL, '2022-03-31 18:52:24', '2022-03-31 18:52:24'),
(865, 1, 40, 1, NULL, 1, '121', NULL, '233500767', NULL, NULL, NULL, '2022-03-31 18:52:24', '2022-03-31 18:52:24'),
(866, 1, 41, 1, NULL, 1, '121', NULL, '233307086', NULL, NULL, NULL, '2022-03-31 18:52:24', '2022-03-31 18:52:24'),
(867, 1, 42, 1, NULL, 1, '121', NULL, '233307086', NULL, NULL, NULL, '2022-03-31 18:52:24', '2022-03-31 18:52:24'),
(868, 1, 43, 1, NULL, 1, '121', NULL, '237343024', NULL, NULL, NULL, '2022-03-31 18:52:24', '2022-03-31 18:52:24'),
(869, 1, 44, 1, NULL, 1, '121', NULL, '237343024', NULL, NULL, NULL, '2022-03-31 18:52:24', '2022-03-31 18:52:24'),
(870, 1, 45, 1, NULL, 1, '121', NULL, '238620883', NULL, NULL, NULL, '2022-03-31 18:52:24', '2022-03-31 18:52:24'),
(871, 1, 46, 1, NULL, 1, '121', NULL, '238600113', NULL, NULL, NULL, '2022-03-31 18:52:24', '2022-03-31 18:52:24'),
(872, 1, 47, 1, NULL, 1, '121', NULL, '238724445', NULL, NULL, NULL, '2022-03-31 18:52:24', '2022-03-31 18:52:24'),
(873, 1, 48, 1, NULL, 1, '121', NULL, '238472318', NULL, NULL, NULL, '2022-03-31 18:52:24', '2022-03-31 18:52:24'),
(874, 1, 49, 1, NULL, 1, '121', NULL, '238410356', NULL, NULL, NULL, '2022-03-31 18:52:24', '2022-03-31 18:52:24'),
(875, 1, 50, 1, NULL, 1, '121', NULL, '238703115', NULL, NULL, NULL, '2022-03-31 18:52:24', '2022-03-31 18:52:24'),
(876, 1, 51, 1, NULL, 1, '121', NULL, '238703115', NULL, NULL, NULL, '2022-03-31 18:52:24', '2022-03-31 18:52:24'),
(877, 1, 52, 1, NULL, 1, '121', NULL, '237980373', NULL, NULL, NULL, '2022-03-31 18:52:24', '2022-03-31 18:52:24'),
(878, 1, 53, 1, NULL, 1, '121', NULL, '238940260', NULL, NULL, NULL, '2022-03-31 18:52:24', '2022-03-31 18:52:24'),
(879, 1, 54, 1, NULL, 1, '121', NULL, '238760824', NULL, NULL, NULL, '2022-03-31 18:52:24', '2022-03-31 18:52:24'),
(880, 1, 55, 1, NULL, 1, '121', NULL, '33085919', NULL, NULL, NULL, '2022-03-31 18:52:24', '2022-03-31 18:52:24'),
(881, 1, 56, 1, NULL, 1, '121', NULL, '34042360', NULL, NULL, NULL, '2022-03-31 18:52:24', '2022-03-31 18:52:24'),
(882, 1, 57, 1, NULL, 1, '121', NULL, '33026950', NULL, NULL, NULL, '2022-03-31 18:52:24', '2022-03-31 18:52:24'),
(883, 1, 58, 1, NULL, 1, '121', NULL, '34650360', NULL, NULL, NULL, '2022-03-31 18:52:24', '2022-03-31 18:52:24'),
(884, 1, 59, 1, NULL, 1, '121', NULL, '464752563', NULL, NULL, NULL, '2022-03-31 18:52:24', '2022-03-31 18:52:24'),
(885, 1, 60, 1, NULL, 1, '121', NULL, '34382171', NULL, NULL, NULL, '2022-03-31 18:52:24', '2022-03-31 18:52:24'),
(886, 1, 61, 1, NULL, 1, '121', NULL, '351818654', NULL, NULL, NULL, '2022-03-31 18:52:24', '2022-03-31 18:52:24'),
(887, 1, 62, 1, NULL, 1, '121', NULL, '35308695', '35308696', NULL, NULL, '2022-03-31 18:52:24', '2022-03-31 18:52:24'),
(888, 1, 63, 1, NULL, 1, '121', NULL, '35623158', NULL, NULL, NULL, '2022-03-31 18:52:24', '2022-03-31 18:52:24'),
(889, 1, 64, 1, NULL, 1, '121', NULL, '35710457', NULL, NULL, NULL, '2022-03-31 18:52:24', '2022-03-31 18:52:24'),
(890, 1, 65, 1, NULL, 1, '121', NULL, '35332148', NULL, NULL, NULL, '2022-03-31 18:52:24', '2022-03-31 18:52:24'),
(891, 1, 66, 1, NULL, 1, '121', NULL, '35930579', NULL, NULL, NULL, '2022-03-31 18:52:24', '2022-03-31 18:52:24'),
(892, 1, 67, 1, NULL, 1, '121', NULL, '34806453', NULL, NULL, NULL, '2022-03-31 18:52:24', '2022-03-31 18:52:24'),
(893, 1, 68, 1, NULL, 1, '121', NULL, '33926358', NULL, NULL, NULL, '2022-03-31 18:52:24', '2022-03-31 18:52:24'),
(894, 1, 69, 1, NULL, 1, '121', NULL, '34966930', NULL, NULL, NULL, '2022-03-31 18:52:24', '2022-03-31 18:52:24'),
(895, 1, 70, 1, NULL, 1, '121', NULL, '34274369', NULL, NULL, NULL, '2022-03-31 18:52:24', '2022-03-31 18:52:24'),
(896, 1, 71, 1, NULL, 1, '121', NULL, '34298873', NULL, NULL, NULL, '2022-03-31 18:52:24', '2022-03-31 18:52:24'),
(897, 1, 72, 1, NULL, 1, '121', NULL, '35015604', NULL, NULL, NULL, '2022-03-31 18:52:24', '2022-03-31 18:52:24'),
(898, 1, 73, 1, NULL, 1, '121', NULL, '33306694', NULL, NULL, NULL, '2022-03-31 18:52:24', '2022-03-31 18:52:24'),
(899, 1, 74, 1, NULL, 1, '121', NULL, '35854688', NULL, NULL, NULL, '2022-03-31 18:52:24', '2022-03-31 18:52:24'),
(900, 1, 75, 1, NULL, 1, '121', NULL, '35370031', NULL, NULL, NULL, '2022-03-31 18:52:24', '2022-03-31 18:52:24'),
(901, 1, 76, 1, NULL, 1, '121', NULL, '32202328', NULL, NULL, NULL, '2022-03-31 18:52:24', '2022-03-31 18:52:24'),
(902, 1, 77, 1, NULL, 1, '121', NULL, '34480068', NULL, NULL, NULL, '2022-03-31 18:52:24', '2022-03-31 18:52:24'),
(903, 1, 78, 1, NULL, 1, '121', NULL, '34404211', NULL, NULL, NULL, '2022-03-31 18:52:24', '2022-03-31 18:52:24'),
(904, 1, 79, 1, NULL, 1, '121', NULL, '34700323', NULL, NULL, NULL, '2022-03-31 18:52:24', '2022-03-31 18:52:24'),
(905, 1, 80, 1, NULL, 1, '121', NULL, '244685590', NULL, NULL, NULL, '2022-03-31 18:52:24', '2022-03-31 18:52:24'),
(906, 1, 81, 1, NULL, 1, '121', NULL, '229254657', NULL, NULL, NULL, '2022-03-31 18:52:24', '2022-03-31 18:52:24'),
(907, 1, 82, 1, NULL, 1, '121', NULL, '244798160', NULL, NULL, NULL, '2022-03-31 18:52:24', '2022-03-31 18:52:24'),
(908, 1, 83, 1, NULL, 1, '121', NULL, '242188673', NULL, NULL, NULL, '2022-03-31 18:52:24', '2022-03-31 18:52:24'),
(909, 1, 84, 1, NULL, 1, '121', NULL, '246042206', NULL, NULL, NULL, '2022-03-31 18:52:24', '2022-03-31 18:52:24'),
(910, 1, 85, 1, NULL, 1, '121', NULL, '246131450', NULL, NULL, NULL, '2022-03-31 18:52:24', '2022-03-31 18:52:24'),
(911, 1, 86, 1, NULL, 1, '121', NULL, '244674646', NULL, NULL, NULL, '2022-03-31 18:52:24', '2022-03-31 18:52:24'),
(912, 1, 87, 1, NULL, 1, '121', NULL, NULL, NULL, NULL, NULL, '2022-03-31 18:52:24', '2022-03-31 18:52:24'),
(913, 1, 88, 1, NULL, 1, '121', NULL, NULL, NULL, NULL, NULL, '2022-03-31 18:52:24', '2022-03-31 18:52:24'),
(914, 1, 89, 1, NULL, 1, '121', NULL, NULL, NULL, NULL, NULL, '2022-03-31 18:52:24', '2022-03-31 18:52:24'),
(915, 1, 90, 1, NULL, 1, '121', NULL, NULL, NULL, NULL, NULL, '2022-03-31 18:52:24', '2022-03-31 18:52:24'),
(916, 1, 91, 1, NULL, 1, '121', NULL, NULL, NULL, NULL, NULL, '2022-03-31 18:52:24', '2022-03-31 18:52:24'),
(917, 1, 92, 1, NULL, 1, '121', NULL, NULL, NULL, NULL, NULL, '2022-03-31 18:52:24', '2022-03-31 18:52:24'),
(918, 1, 93, 1, NULL, 1, '121', NULL, NULL, NULL, NULL, NULL, '2022-03-31 18:52:24', '2022-03-31 18:52:24'),
(919, 1, 94, 1, NULL, 1, '121', NULL, NULL, NULL, NULL, NULL, '2022-03-31 18:52:24', '2022-03-31 18:52:24'),
(920, 1, 95, 1, NULL, 1, '121', NULL, '934931200', NULL, NULL, NULL, '2022-03-31 18:52:24', '2022-03-31 18:52:24'),
(921, 1, 96, 1, NULL, 1, '121', NULL, '932530420', NULL, NULL, NULL, '2022-03-31 18:52:24', '2022-03-31 18:52:24'),
(922, 1, 97, 1, NULL, 1, '121', NULL, '932184427', NULL, NULL, NULL, '2022-03-31 18:52:24', '2022-03-31 18:52:24'),
(923, 1, 98, 1, NULL, 1, '121', NULL, '932580196', NULL, NULL, NULL, '2022-03-31 18:52:24', '2022-03-31 18:52:24'),
(924, 1, 99, 1, NULL, 1, '121', NULL, '934800847', NULL, NULL, NULL, '2022-03-31 18:52:24', '2022-03-31 18:52:24'),
(925, 1, 100, 1, NULL, 1, '121', NULL, '934806655', NULL, NULL, NULL, '2022-03-31 18:52:24', '2022-03-31 18:52:24'),
(926, 1, 101, 1, NULL, 1, '121', NULL, '934703350', NULL, NULL, NULL, '2022-03-31 18:52:24', '2022-03-31 18:52:24'),
(927, 1, 102, 1, NULL, 1, '121', NULL, '934910582', NULL, NULL, NULL, '2022-03-31 18:52:24', '2022-03-31 18:52:24'),
(928, 1, 103, 1, NULL, 1, '121', NULL, '932511616', NULL, NULL, NULL, '2022-03-31 18:52:24', '2022-03-31 18:52:24'),
(929, 1, 104, 1, NULL, 1, '121', NULL, '932797679', NULL, NULL, NULL, '2022-03-31 18:52:24', '2022-03-31 18:52:24'),
(930, 1, 105, 1, NULL, 1, '121', NULL, '934676776', NULL, NULL, NULL, '2022-03-31 18:52:24', '2022-03-31 18:52:24'),
(931, 1, 106, 1, NULL, 1, '121', NULL, '934654641', NULL, NULL, NULL, '2022-03-31 18:52:24', '2022-03-31 18:52:24'),
(932, 1, 107, 1, NULL, 1, '121', NULL, '932345763', NULL, NULL, NULL, '2022-03-31 18:52:24', '2022-03-31 18:52:24'),
(933, 1, 108, 1, NULL, 1, '121', NULL, '932359918', NULL, NULL, NULL, '2022-03-31 18:52:24', '2022-03-31 18:52:24'),
(934, 1, 109, 1, NULL, 1, '121', NULL, '932156230', NULL, NULL, NULL, '2022-03-31 18:52:24', '2022-03-31 18:52:24'),
(935, 1, 110, 1, NULL, 1, '121', NULL, '932156639', NULL, NULL, NULL, '2022-03-31 18:52:24', '2022-03-31 18:52:24'),
(936, 1, 111, 1, NULL, 1, '121', NULL, '934770487', NULL, NULL, NULL, '2022-03-31 18:52:24', '2022-03-31 18:52:24'),
(937, 1, 112, 1, NULL, 1, '121', NULL, '934768602', NULL, NULL, NULL, '2022-03-31 18:52:24', '2022-03-31 18:52:24'),
(938, 1, 113, 1, NULL, 1, '121', NULL, '473800379', NULL, NULL, NULL, '2022-03-31 18:52:24', '2022-03-31 18:52:24'),
(939, 1, 114, 1, NULL, 1, '121', NULL, '473860863', NULL, NULL, NULL, '2022-03-31 18:52:24', '2022-03-31 18:52:24'),
(940, 1, 115, 1, NULL, 1, '121', NULL, '472510475', NULL, NULL, NULL, '2022-03-31 18:52:24', '2022-03-31 18:52:24'),
(941, 1, 116, 1, NULL, 1, '121', NULL, '473605110', NULL, NULL, NULL, '2022-03-31 18:52:24', '2022-03-31 18:52:24'),
(942, 1, 117, 1, NULL, 1, '121', NULL, '472700982', NULL, NULL, NULL, '2022-03-31 18:52:24', '2022-03-31 18:52:24'),
(943, 1, 118, 1, NULL, 1, '121', NULL, '472976886', NULL, NULL, NULL, '2022-03-31 18:52:24', '2022-03-31 18:52:24'),
(944, 1, 119, 1, NULL, 1, '121', NULL, '473232993', NULL, NULL, NULL, '2022-03-31 18:52:24', '2022-03-31 18:52:24'),
(945, 1, 120, 1, NULL, 1, '121', NULL, '473800755', NULL, NULL, NULL, '2022-03-31 18:52:24', '2022-03-31 18:52:24'),
(946, 1, 121, 1, NULL, 1, '121', NULL, NULL, NULL, NULL, NULL, '2022-03-31 18:52:24', '2022-03-31 18:52:24'),
(947, 1, 122, 1, NULL, 1, '121', NULL, '472496663', NULL, NULL, NULL, '2022-03-31 18:52:24', '2022-03-31 18:52:24'),
(948, 1, 123, 1, NULL, 1, '121', NULL, '472568839', NULL, NULL, NULL, '2022-03-31 18:52:24', '2022-03-31 18:52:24'),
(949, 1, 124, 1, NULL, 1, '121', NULL, '472551509', NULL, NULL, NULL, '2022-03-31 18:52:24', '2022-03-31 18:52:24'),
(950, 1, 125, 1, NULL, 1, '121', NULL, '472562278', NULL, NULL, NULL, '2022-03-31 18:52:24', '2022-03-31 18:52:24'),
(951, 1, 126, 1, NULL, 1, '121', NULL, '472700796', NULL, NULL, NULL, '2022-03-31 18:52:24', '2022-03-31 18:52:24'),
(952, 1, 127, 1, NULL, 1, '121', NULL, '473400841', NULL, NULL, NULL, '2022-03-31 18:52:24', '2022-03-31 18:52:24'),
(953, 1, 128, 1, NULL, 1, '121', NULL, '473234605', NULL, NULL, NULL, '2022-03-31 18:52:24', '2022-03-31 18:52:24'),
(954, 1, 129, 1, NULL, 1, '121', NULL, '473234833', NULL, NULL, NULL, '2022-03-31 18:52:24', '2022-03-31 18:52:24'),
(955, 1, 130, 1, NULL, 1, '121', NULL, '472711932', NULL, NULL, NULL, '2022-03-31 18:52:24', '2022-03-31 18:52:24'),
(956, 1, 131, 1, NULL, 1, '121', NULL, '483884117', NULL, NULL, NULL, '2022-03-31 18:52:24', '2022-03-31 18:52:24'),
(957, 1, 132, 1, NULL, 1, '121', NULL, '482750583', NULL, NULL, NULL, '2022-03-31 18:52:24', '2022-03-31 18:52:24'),
(958, 1, 133, 1, NULL, 1, '121', NULL, '482993151', NULL, NULL, NULL, '2022-03-31 18:52:24', '2022-03-31 18:52:24'),
(959, 1, 134, 1, NULL, 1, '121', NULL, '483792371', NULL, NULL, NULL, '2022-03-31 18:52:24', '2022-03-31 18:52:24'),
(960, 1, 135, 1, NULL, 1, '121', NULL, '483351521', NULL, NULL, NULL, '2022-03-31 18:52:24', '2022-03-31 18:52:24'),
(961, 1, 136, 1, NULL, 1, '121', NULL, '482573031', NULL, NULL, NULL, '2022-03-31 18:52:24', '2022-03-31 18:52:24'),
(962, 1, 137, 1, NULL, 1, '121', NULL, '482573582', NULL, NULL, NULL, '2022-03-31 18:52:24', '2022-03-31 18:52:24'),
(963, 1, 138, 1, NULL, 1, '121', NULL, '483443775', NULL, NULL, NULL, '2022-03-31 18:52:24', '2022-03-31 18:52:24'),
(964, 1, 139, 1, NULL, 1, '121', NULL, '482327359', NULL, NULL, NULL, '2022-03-31 18:52:24', '2022-03-31 18:52:24'),
(965, 1, 140, 1, NULL, 1, '121', NULL, '483443185', NULL, NULL, NULL, '2022-03-31 18:52:24', '2022-03-31 18:52:24'),
(966, 1, 141, 1, NULL, 1, '121', NULL, '482222268', NULL, NULL, NULL, '2022-03-31 18:52:24', '2022-03-31 18:52:24'),
(967, 1, 142, 1, NULL, 1, '121', NULL, '483660405', NULL, NULL, NULL, '2022-03-31 18:52:24', '2022-03-31 18:52:24'),
(968, 1, 143, 1, NULL, 1, '121', NULL, '974711047', NULL, NULL, NULL, '2022-03-31 18:52:24', '2022-03-31 18:52:24'),
(969, 1, 144, 1, NULL, 1, '121', NULL, '972458109', NULL, NULL, NULL, '2022-03-31 18:52:24', '2022-03-31 18:52:24'),
(970, 1, 145, 1, NULL, 1, '121', NULL, '972205044', NULL, NULL, NULL, '2022-03-31 18:52:24', '2022-03-31 18:52:24'),
(971, 1, 146, 1, NULL, 1, '121', NULL, '972467461', NULL, NULL, NULL, '2022-03-31 18:52:24', '2022-03-31 18:52:24'),
(972, 1, 147, 1, NULL, 1, '121', NULL, '973400260', NULL, NULL, NULL, '2022-03-31 18:52:24', '2022-03-31 18:52:24'),
(973, 1, 148, 1, NULL, 1, '121', NULL, '974730467', NULL, NULL, NULL, '2022-03-31 18:52:24', '2022-03-31 18:52:24'),
(974, 1, 149, 1, NULL, 1, '121', NULL, '973621544', NULL, NULL, NULL, '2022-03-31 18:52:24', '2022-03-31 18:52:24'),
(975, 1, 150, 1, NULL, 1, '121', NULL, '972853266', NULL, NULL, NULL, '2022-03-31 18:52:24', '2022-03-31 18:52:24'),
(976, 1, 151, 1, NULL, 1, '121', NULL, '693771449', '693771146', NULL, NULL, '2022-03-31 18:52:24', '2022-03-31 18:52:24'),
(977, 1, 152, 1, NULL, 1, '121', NULL, '693440151', '693441697', NULL, NULL, '2022-03-31 18:52:24', '2022-03-31 18:52:24'),
(978, 1, 153, 1, NULL, 1, '121', NULL, '693640280', NULL, NULL, NULL, '2022-03-31 18:52:24', '2022-03-31 18:52:24'),
(979, 1, 154, 1, NULL, 1, '121', NULL, '693400274', NULL, NULL, NULL, '2022-03-31 18:52:24', '2022-03-31 18:52:24'),
(980, 1, 155, 1, NULL, 1, '121', NULL, '693661027', NULL, NULL, NULL, '2022-03-31 18:52:24', '2022-03-31 18:52:24'),
(981, 1, 156, 1, NULL, 1, '121', NULL, '693530225', NULL, NULL, NULL, '2022-03-31 18:52:24', '2022-03-31 18:52:24'),
(982, 1, 157, 1, NULL, 1, '121', NULL, '693770248', NULL, NULL, NULL, '2022-03-31 18:52:24', '2022-03-31 18:52:24'),
(983, 1, 158, 1, NULL, 1, '121', NULL, '693470375', NULL, NULL, NULL, '2022-03-31 18:52:24', '2022-03-31 18:52:24'),
(984, 1, 159, 1, NULL, 1, '121', NULL, '693500258', NULL, NULL, NULL, '2022-03-31 18:52:24', '2022-03-31 18:52:24'),
(985, 1, 160, 1, NULL, 1, '121', NULL, '663341798', NULL, NULL, NULL, '2022-03-31 18:52:24', '2022-03-31 18:52:24'),
(986, 1, 161, 1, NULL, 1, '121', NULL, '663220735', NULL, NULL, NULL, '2022-03-31 18:52:24', '2022-03-31 18:52:24'),
(987, 1, 162, 1, NULL, 1, '121', NULL, '663723723', '663237205', NULL, NULL, '2022-03-31 18:52:24', '2022-03-31 18:52:24'),
(988, 1, 163, 1, NULL, 1, '121', NULL, '663601090', '663683090', NULL, NULL, '2022-03-31 18:52:24', '2022-03-31 18:52:24'),
(989, 1, 164, 1, NULL, 1, '121', NULL, '663334083', '663219083', NULL, NULL, '2022-03-31 18:52:24', '2022-03-31 18:52:24'),
(990, 1, 165, 1, NULL, 1, '121', NULL, '663400369', NULL, NULL, NULL, '2022-03-31 18:52:24', '2022-03-31 18:52:24'),
(991, 1, 166, 1, NULL, 1, '121', NULL, '9222933631', NULL, NULL, NULL, '2022-03-31 18:52:24', '2022-03-31 18:52:24'),
(992, 1, 167, 1, NULL, 1, '121', NULL, '9222820433', NULL, NULL, NULL, '2022-03-31 18:52:24', '2022-03-31 18:52:24'),
(993, 1, 168, 1, NULL, 1, '121', NULL, '9222932085', NULL, NULL, NULL, '2022-03-31 18:52:24', '2022-03-31 18:52:24'),
(994, 1, 169, 1, NULL, 1, '121', NULL, '9222975036', NULL, NULL, NULL, '2022-03-31 18:52:24', '2022-03-31 18:52:24'),
(995, 1, 170, 1, NULL, 1, '121', NULL, '9222703184', NULL, NULL, NULL, '2022-03-31 18:52:24', '2022-03-31 18:52:24'),
(996, 1, 171, 1, NULL, 1, '121', NULL, '9222528688', NULL, NULL, NULL, '2022-03-31 18:52:24', '2022-03-31 18:52:24'),
(997, 1, 172, 1, NULL, 1, '121', NULL, '643228520', NULL, NULL, NULL, '2022-03-31 18:52:24', '2022-03-31 18:52:24'),
(998, 1, 173, 1, NULL, 1, '121', NULL, '643911448', '643505448', NULL, NULL, '2022-03-31 18:52:24', '2022-03-31 18:52:24'),
(999, 1, 174, 1, NULL, 1, '121', NULL, '6433317610', '643104098', NULL, NULL, '2022-03-31 18:52:24', '2022-03-31 18:52:24'),
(1000, 1, 175, 1, NULL, 1, '121', NULL, '643470139', NULL, NULL, NULL, '2022-03-31 18:52:24', '2022-03-31 18:52:24'),
(1001, 1, 176, 1, NULL, 1, '121', NULL, '643451667', '643938075', NULL, NULL, '2022-03-31 18:52:24', '2022-03-31 18:52:24'),
(1002, 1, 177, 1, NULL, 1, '121', NULL, '643961995', NULL, NULL, NULL, '2022-03-31 18:52:24', '2022-03-31 18:52:24'),
(1003, 1, 178, 1, NULL, 1, '121', NULL, '6432115310', NULL, NULL, NULL, '2022-03-31 18:52:24', '2022-03-31 18:52:24'),
(1004, 1, 179, 1, NULL, 1, '121', NULL, '643850018', NULL, NULL, NULL, '2022-03-31 18:52:24', '2022-03-31 18:52:24'),
(1005, 1, 180, 1, NULL, 1, '121', NULL, '6434401200', NULL, NULL, NULL, '2022-03-31 18:52:24', '2022-03-31 18:52:24'),
(1006, 1, 181, 1, NULL, 1, '121', NULL, '643561343', NULL, NULL, NULL, '2022-03-31 18:52:24', '2022-03-31 18:52:24'),
(1007, 1, 182, 1, NULL, 1, '121', NULL, '643750585', NULL, NULL, NULL, '2022-03-31 18:52:24', '2022-03-31 18:52:24'),
(1008, 1, 183, 1, NULL, 1, '121', NULL, '643482030', NULL, NULL, NULL, '2022-03-31 18:52:24', '2022-03-31 18:52:24'),
(1009, 1, 184, 1, NULL, 1, '121', NULL, '649200181', NULL, NULL, NULL, '2022-03-31 18:52:24', '2022-03-31 18:52:24'),
(1010, 1, 185, 1, NULL, 1, '121', NULL, '643270231', NULL, NULL, NULL, '2022-03-31 18:52:24', '2022-03-31 18:52:24'),
(1011, 1, 186, 1, NULL, 1, '121', NULL, '643661443', NULL, NULL, NULL, '2022-03-31 18:52:24', '2022-03-31 18:52:24'),
(1012, 1, 187, 1, NULL, 1, '121', NULL, '33921759', '39571293', NULL, NULL, '2022-03-31 18:52:24', '2022-03-31 18:52:24'),
(1013, 1, 188, 1, NULL, 1, '121', NULL, '452663139', NULL, NULL, NULL, '2022-03-31 18:52:24', '2022-03-31 18:52:24'),
(1014, 1, 189, 1, NULL, 1, '121', NULL, '453750113', NULL, NULL, NULL, '2022-03-31 18:52:24', '2022-03-31 18:52:24'),
(1015, 1, 190, 1, NULL, 1, '121', NULL, '453621801', '453620430', NULL, NULL, '2022-03-31 18:52:24', '2022-03-31 18:52:24'),
(1016, 1, 191, 1, NULL, 1, '121', NULL, '453607633', '453600358', NULL, NULL, '2022-03-31 18:52:24', '2022-03-31 18:52:24'),
(1017, 1, 192, 1, NULL, 1, '121', NULL, '452315476', NULL, NULL, NULL, '2022-03-31 18:52:24', '2022-03-31 18:52:24'),
(1018, 1, 193, 1, NULL, 1, '121', NULL, '452854520', '452856477', NULL, NULL, '2022-03-31 18:52:24', '2022-03-31 18:52:24'),
(1019, 1, 194, 1, NULL, 1, '121', NULL, '452632214', '452632215', NULL, NULL, '2022-03-31 18:52:24', '2022-03-31 18:52:24'),
(1020, 1, 195, 1, NULL, 1, '121', NULL, '452502031', '452500326', NULL, NULL, '2022-03-31 18:52:24', '2022-03-31 18:52:24'),
(1021, 1, 196, 1, NULL, 1, '121', NULL, '452350845', NULL, NULL, NULL, '2022-03-31 18:52:24', '2022-03-31 18:52:24'),
(1022, 1, 197, 1, NULL, 1, '121', NULL, '452961992', '452960466', NULL, NULL, '2022-03-31 18:52:24', '2022-03-31 18:52:24'),
(1023, 1, 198, 1, NULL, 1, '121', NULL, '452916775', '452910377', NULL, NULL, '2022-03-31 18:52:24', '2022-03-31 18:52:24'),
(1024, 1, 199, 1, NULL, 1, '121', NULL, '453388945', '453388736', NULL, NULL, '2022-03-31 18:52:24', '2022-03-31 18:52:24'),
(1025, 1, 200, 1, NULL, 1, '121', NULL, '452405700', '452400148', NULL, NULL, '2022-03-31 18:52:24', '2022-03-31 18:52:24'),
(1026, 1, 201, 1, NULL, 1, '121', NULL, '452632214', '459155146', NULL, NULL, '2022-03-31 18:52:24', '2022-03-31 18:52:24'),
(1027, 1, 202, 1, NULL, 1, '121', NULL, '452565001', NULL, NULL, NULL, '2022-03-31 18:52:24', '2022-03-31 18:52:24'),
(1028, 1, 203, 1, NULL, 1, '121', NULL, '452560102', NULL, NULL, NULL, '2022-03-31 18:52:24', '2022-03-31 18:52:24'),
(1029, 1, 204, 1, NULL, 1, '121', NULL, '452432215', NULL, NULL, NULL, '2022-03-31 18:52:25', '2022-03-31 18:52:25'),
(1030, 1, 205, 1, NULL, 1, '121', NULL, '453318046', '453312902', NULL, NULL, '2022-03-31 18:52:25', '2022-03-31 18:52:25'),
(1031, 1, 206, 1, NULL, 1, '121', NULL, '453344604', '453358536', NULL, NULL, '2022-03-31 18:52:25', '2022-03-31 18:52:25'),
(1032, 1, 207, 1, NULL, 1, '121', NULL, '452213351', '452220977', NULL, NULL, '2022-03-31 18:52:25', '2022-03-31 18:52:25'),
(1033, 1, 208, 1, NULL, 1, '121', NULL, '452213317', '452212013', NULL, NULL, '2022-03-31 18:52:25', '2022-03-31 18:52:25'),
(1034, 1, 209, 1, NULL, 1, '121', NULL, '452710054', '452710617', NULL, NULL, '2022-03-31 18:52:25', '2022-03-31 18:52:25'),
(1035, 1, 210, 1, NULL, 1, '121', NULL, '452921155', '452921999', NULL, NULL, '2022-03-31 18:52:25', '2022-03-31 18:52:25'),
(1036, 1, 211, 1, NULL, 1, '121', NULL, '452594501', '452594989', NULL, NULL, '2022-03-31 18:52:25', '2022-03-31 18:52:25'),
(1037, 1, 212, 1, NULL, 1, '121', NULL, '453800176', '453804868', NULL, NULL, '2022-03-31 18:52:25', '2022-03-31 18:52:25'),
(1038, 1, 213, 1, NULL, 1, '121', NULL, '452360637', NULL, NULL, NULL, '2022-03-31 18:52:25', '2022-03-31 18:52:25'),
(1039, 1, 214, 1, NULL, 1, '121', NULL, '452370561', NULL, NULL, NULL, '2022-03-31 18:52:25', '2022-03-31 18:52:25'),
(1040, 1, 215, 1, NULL, 1, '121', NULL, '482698015', NULL, NULL, NULL, '2022-03-31 18:52:25', '2022-03-31 18:52:25'),
(1041, 1, 216, 1, NULL, 1, '121', NULL, '453680053', '453680156', NULL, NULL, '2022-03-31 18:52:25', '2022-03-31 18:52:25'),
(1042, 1, 217, 1, NULL, 1, '121', NULL, '453335188', '453305823', NULL, NULL, '2022-03-31 18:52:25', '2022-03-31 18:52:25'),
(1043, 1, 218, 1, NULL, 1, '121', NULL, '452174033', '452174034', NULL, NULL, '2022-03-31 18:52:25', '2022-03-31 18:52:25'),
(1044, 1, 219, 1, NULL, 1, '121', NULL, '34514134', NULL, NULL, NULL, '2022-03-31 18:52:25', '2022-03-31 18:52:25'),
(1045, 1, 220, 1, NULL, 1, '121', NULL, '453550019', NULL, NULL, NULL, '2022-03-31 18:52:25', '2022-03-31 18:52:25'),
(1046, 1, 221, 1, NULL, 1, '121', NULL, '404470098', NULL, NULL, NULL, '2022-03-31 18:52:25', '2022-03-31 18:52:25'),
(1047, 1, 222, 1, NULL, 1, '121', NULL, '402224616', NULL, NULL, NULL, '2022-03-31 18:52:25', '2022-03-31 18:52:25'),
(1048, 1, 223, 1, NULL, 1, '121', NULL, '403333977', NULL, NULL, NULL, '2022-03-31 18:52:25', '2022-03-31 18:52:25'),
(1049, 1, 224, 1, NULL, 1, '121', NULL, '402731217', NULL, NULL, NULL, '2022-03-31 18:52:25', '2022-03-31 18:52:25'),
(1050, 1, 225, 1, NULL, 1, '121', NULL, '4020250066', '4020232230', NULL, NULL, '2022-03-31 18:52:25', '2022-03-31 18:52:25'),
(1051, 1, 226, 1, NULL, 1, '121', NULL, '402223260', NULL, NULL, NULL, '2022-03-31 18:52:25', '2022-03-31 18:52:25'),
(1052, 1, 227, 1, NULL, 1, '121', NULL, '403299451', NULL, NULL, NULL, '2022-03-31 18:52:25', '2022-03-31 18:52:25'),
(1053, 1, 228, 1, NULL, 1, '121', NULL, '405710839', NULL, NULL, NULL, '2022-03-31 18:52:25', '2022-03-31 18:52:25'),
(1054, 1, 229, 1, NULL, 1, '121', NULL, '402970144', NULL, NULL, NULL, '2022-03-31 18:52:25', '2022-03-31 18:52:25'),
(1055, 1, 230, 1, NULL, 1, '121', NULL, '402760542', NULL, NULL, NULL, '2022-03-31 18:52:25', '2022-03-31 18:52:25'),
(1056, 1, 231, 1, NULL, 1, '121', NULL, '402548812', NULL, NULL, NULL, '2022-03-31 18:52:25', '2022-03-31 18:52:25'),
(1057, 1, 232, 1, NULL, 1, '121', NULL, '402214891', NULL, NULL, NULL, '2022-03-31 18:52:25', '2022-03-31 18:52:25'),
(1058, 1, 233, 1, NULL, 1, '121', NULL, '403304973', NULL, NULL, NULL, '2022-03-31 18:52:25', '2022-03-31 18:52:25'),
(1059, 1, 234, 1, NULL, 1, '121', NULL, '553943121', '553504792', NULL, NULL, '2022-03-31 18:52:25', '2022-03-31 18:52:25'),
(1060, 1, 235, 1, NULL, 1, '121', NULL, '553500196', NULL, NULL, NULL, '2022-03-31 18:52:25', '2022-03-31 18:52:25'),
(1061, 1, 236, 1, NULL, 1, '121', NULL, '552778608', NULL, NULL, NULL, '2022-03-31 18:52:25', '2022-03-31 18:52:25'),
(1062, 1, 237, 1, NULL, 1, '121', NULL, '553943121', NULL, NULL, NULL, '2022-03-31 18:52:25', '2022-03-31 18:52:25'),
(1063, 1, 238, 1, NULL, 1, '121', NULL, '553464520', NULL, NULL, NULL, '2022-03-31 18:52:25', '2022-03-31 18:52:25'),
(1064, 1, 239, 1, NULL, 1, '121', NULL, '552992357', NULL, NULL, NULL, '2022-03-31 18:52:25', '2022-03-31 18:52:25'),
(1065, 1, 240, 1, NULL, 1, '121', NULL, '555397321', NULL, NULL, NULL, '2022-03-31 18:52:25', '2022-03-31 18:52:25'),
(1066, 1, 241, 1, NULL, 1, '121', NULL, '553183806', NULL, NULL, NULL, '2022-03-31 18:52:25', '2022-03-31 18:52:25'),
(1067, 1, 242, 1, NULL, 1, '121', NULL, '552564303', NULL, NULL, NULL, '2022-03-31 18:52:25', '2022-03-31 18:52:25'),
(1068, 1, 243, 1, NULL, 1, '121', NULL, '552314398', NULL, NULL, NULL, '2022-03-31 18:52:25', '2022-03-31 18:52:25'),
(1069, 1, 244, 1, NULL, 1, '121', NULL, '553402790', NULL, NULL, NULL, '2022-03-31 18:52:25', '2022-03-31 18:52:25'),
(1070, 1, 245, 1, NULL, 1, '121', NULL, '553440897', NULL, NULL, NULL, '2022-03-31 18:52:25', '2022-03-31 18:52:25'),
(1071, 1, 246, 1, NULL, 1, '121', NULL, '552630217', NULL, NULL, NULL, '2022-03-31 18:52:25', '2022-03-31 18:52:25'),
(1072, 1, 247, 1, NULL, 1, '121', NULL, '552312673', NULL, NULL, NULL, '2022-03-31 18:52:25', '2022-03-31 18:52:25'),
(1073, 1, 248, 1, NULL, 1, '121', NULL, '552335086', '552334991', NULL, NULL, '2022-03-31 18:52:25', '2022-03-31 18:52:25'),
(1074, 1, 249, 1, NULL, 1, '121', NULL, '552304867', '552303531', NULL, NULL, '2022-03-31 18:52:25', '2022-03-31 18:52:25'),
(1075, 1, 250, 1, NULL, 1, '121', NULL, '552279970', '552302403', NULL, NULL, '2022-03-31 18:52:25', '2022-03-31 18:52:25'),
(1076, 1, 251, 1, NULL, 1, '121', NULL, '552302390', NULL, NULL, NULL, '2022-03-31 18:52:25', '2022-03-31 18:52:25'),
(1077, 1, 252, 1, NULL, 1, '121', NULL, '552349583', NULL, NULL, NULL, '2022-03-31 18:52:25', '2022-03-31 18:52:25'),
(1078, 1, 253, 1, NULL, 1, '121', NULL, '552590520', '552590000', NULL, NULL, '2022-03-31 18:52:25', '2022-03-31 18:52:25'),
(1079, 1, 254, 1, NULL, 1, '121', NULL, '559580504', NULL, NULL, NULL, '2022-03-31 18:52:25', '2022-03-31 18:52:25'),
(1080, 1, 255, 1, NULL, 1, '121', NULL, '552823017', NULL, NULL, NULL, '2022-03-31 18:52:25', '2022-03-31 18:52:25'),
(1081, 1, 256, 1, NULL, 1, '121', NULL, '552847615', '552850013', NULL, NULL, '2022-03-31 18:52:25', '2022-03-31 18:52:25'),
(1082, 1, 257, 1, NULL, 1, '121', NULL, '553761694', '553760952', NULL, NULL, '2022-03-31 18:52:25', '2022-03-31 18:52:25'),
(1083, 1, 258, 1, NULL, 1, '121', NULL, '553662872', '553661494', NULL, NULL, '2022-03-31 18:52:25', '2022-03-31 18:52:25'),
(1084, 1, 259, 1, NULL, 1, '121', NULL, '553654240', '553660621', NULL, NULL, '2022-03-31 18:52:25', '2022-03-31 18:52:25'),
(1085, 1, 260, 1, NULL, 1, '121', NULL, '552570366', '552570887', NULL, NULL, '2022-03-31 18:52:25', '2022-03-31 18:52:25'),
(1086, 1, 261, 1, NULL, 1, '121', NULL, '683350178', NULL, NULL, NULL, '2022-03-31 18:52:25', '2022-03-31 18:52:25'),
(1087, 1, 262, 1, NULL, 1, '121', NULL, '683570243', NULL, NULL, NULL, '2022-03-31 18:52:25', '2022-03-31 18:52:25'),
(1088, 1, 263, 1, NULL, 1, '121', NULL, '683502821', NULL, NULL, NULL, '2022-03-31 18:52:25', '2022-03-31 18:52:25'),
(1089, 1, 264, 1, NULL, 1, '121', NULL, '683355004', NULL, NULL, NULL, '2022-03-31 18:52:25', '2022-03-31 18:52:25'),
(1090, 1, 265, 1, NULL, 1, '121', NULL, '6834341489', NULL, NULL, NULL, '2022-03-31 18:52:25', '2022-03-31 18:52:25'),
(1091, 1, 266, 1, NULL, 1, '121', NULL, '683540421', NULL, NULL, NULL, '2022-03-31 18:52:25', '2022-03-31 18:52:25'),
(1092, 1, 267, 1, NULL, 1, '121', NULL, '683300549', NULL, NULL, NULL, '2022-03-31 18:52:25', '2022-03-31 18:52:25'),
(1093, 1, 268, 1, NULL, 1, '121', NULL, '683820476', NULL, NULL, NULL, '2022-03-31 18:52:25', '2022-03-31 18:52:25'),
(1094, 1, 269, 1, NULL, 1, '121', NULL, '683600675', NULL, NULL, NULL, '2022-03-31 18:52:25', '2022-03-31 18:52:25'),
(1095, 1, 270, 1, NULL, 1, '121', NULL, '882374431', NULL, NULL, NULL, '2022-03-31 18:52:25', '2022-03-31 18:52:25'),
(1096, 1, 271, 1, NULL, 1, '121', NULL, '882500453', NULL, NULL, NULL, '2022-03-31 18:52:25', '2022-03-31 18:52:25'),
(1097, 1, 272, 1, NULL, 1, '121', NULL, '882483630', NULL, NULL, NULL, '2022-03-31 18:52:25', '2022-03-31 18:52:25'),
(1098, 1, 273, 1, NULL, 1, '121', NULL, '882600600', NULL, NULL, NULL, '2022-03-31 18:52:25', '2022-03-31 18:52:25'),
(1099, 1, 274, 1, NULL, 1, '121', NULL, '882650044', NULL, NULL, NULL, '2022-03-31 18:52:25', '2022-03-31 18:52:25'),
(1100, 1, 275, 1, NULL, 1, '121', NULL, '882401240', NULL, NULL, NULL, '2022-03-31 18:52:25', '2022-03-31 18:52:25'),
(1101, 1, 276, 1, NULL, 1, '121', NULL, '884750900', NULL, NULL, NULL, '2022-03-31 18:52:25', '2022-03-31 18:52:25'),
(1102, 1, 277, 1, NULL, 1, '121', NULL, '882270296', '882277866', NULL, NULL, '2022-03-31 18:52:25', '2022-03-31 18:52:25'),
(1103, 1, 278, 1, NULL, 1, '121', NULL, '882374431', NULL, NULL, NULL, '2022-03-31 18:52:25', '2022-03-31 18:52:25'),
(1104, 1, 279, 1, NULL, 1, '121', NULL, '884770800', NULL, NULL, NULL, '2022-03-31 18:52:25', '2022-03-31 18:52:25'),
(1105, 1, 280, 1, NULL, 1, '121', NULL, '882630800', NULL, NULL, NULL, '2022-03-31 18:52:25', '2022-03-31 18:52:25'),
(1106, 1, 281, 1, NULL, 1, '121', NULL, '882385240', NULL, NULL, NULL, '2022-03-31 18:52:25', '2022-03-31 18:52:25'),
(1107, 1, 282, 1, NULL, 1, '121', NULL, '883630700', NULL, NULL, NULL, '2022-03-31 18:52:25', '2022-03-31 18:52:25'),
(1108, 1, 283, 1, NULL, 1, '121', NULL, '882335069', NULL, NULL, NULL, '2022-03-31 18:52:25', '2022-03-31 18:52:25'),
(1109, 1, 284, 1, NULL, 1, '121', NULL, '882310071', NULL, NULL, NULL, '2022-03-31 18:52:25', '2022-03-31 18:52:25'),
(1110, 1, 285, 1, NULL, 1, '121', NULL, '884700713', NULL, NULL, NULL, '2022-03-31 18:52:25', '2022-03-31 18:52:25'),
(1111, 1, 286, 1, NULL, 1, '121', NULL, '862420833', NULL, NULL, NULL, '2022-03-31 18:52:25', '2022-03-31 18:52:25'),
(1112, 1, 287, 1, NULL, 1, '121', NULL, '863460060', NULL, NULL, NULL, '2022-03-31 18:52:25', '2022-03-31 18:52:25'),
(1113, 1, 288, 1, NULL, 1, '121', NULL, '863369038', NULL, NULL, NULL, '2022-03-31 18:52:25', '2022-03-31 18:52:25'),
(1114, 1, 289, 1, NULL, 1, '121', NULL, '862361506', NULL, NULL, NULL, '2022-03-31 18:52:25', '2022-03-31 18:52:25'),
(1115, 1, 290, 1, NULL, 1, '121', NULL, '863785106', NULL, NULL, NULL, '2022-03-31 18:52:25', '2022-03-31 18:52:25'),
(1116, 1, 291, 1, NULL, 1, '121', NULL, '862014005', NULL, NULL, NULL, '2022-03-31 18:52:25', '2022-03-31 18:52:25'),
(1117, 1, 292, 1, NULL, 1, '121', NULL, '863309220', NULL, NULL, NULL, '2022-03-31 18:52:25', '2022-03-31 18:52:25'),
(1118, 1, 293, 1, NULL, 1, '121', NULL, '862639755', NULL, NULL, NULL, '2022-03-31 18:52:25', '2022-03-31 18:52:25'),
(1119, 1, 294, 1, NULL, 1, '121', NULL, '862346558', NULL, NULL, NULL, '2022-03-31 18:52:25', '2022-03-31 18:52:25'),
(1120, 1, 295, 1, NULL, 1, '121', NULL, '862584211', NULL, NULL, NULL, '2022-03-31 18:52:25', '2022-03-31 18:52:25'),
(1121, 1, 296, 1, NULL, 1, '121', NULL, '863920639', NULL, NULL, NULL, '2022-03-31 18:52:25', '2022-03-31 18:52:25'),
(1122, 1, 297, 1, NULL, 1, '121', NULL, '863556675', NULL, NULL, NULL, '2022-03-31 18:52:25', '2022-03-31 18:52:25'),
(1123, 1, 298, 1, NULL, 1, '121', NULL, '464106479', NULL, NULL, NULL, '2022-03-31 18:52:25', '2022-03-31 18:52:25'),
(1124, 1, 299, 1, NULL, 1, '121', NULL, '464800596', NULL, NULL, NULL, '2022-03-31 18:52:25', '2022-03-31 18:52:25'),
(1125, 1, 300, 1, NULL, 1, '121', NULL, '464670486', NULL, NULL, NULL, '2022-03-31 18:52:25', '2022-03-31 18:52:25'),
(1126, 1, 301, 1, NULL, 1, '121', NULL, '464100170', NULL, NULL, NULL, '2022-03-31 18:52:25', '2022-03-31 18:52:25'),
(1127, 1, 302, 1, NULL, 1, '121', NULL, '464102528', NULL, NULL, NULL, '2022-03-31 18:52:25', '2022-03-31 18:52:25'),
(1128, 1, 303, 1, NULL, 1, '121', NULL, '464400127', NULL, NULL, NULL, '2022-03-31 18:52:25', '2022-03-31 18:52:25'),
(1129, 1, 304, 1, NULL, 1, '121', NULL, '464680233', NULL, NULL, NULL, '2022-03-31 18:52:25', '2022-03-31 18:52:25'),
(1130, 1, 305, 1, NULL, 1, '121', NULL, '464601249', NULL, NULL, NULL, '2022-03-31 18:52:25', '2022-03-31 18:52:25'),
(1131, 1, 306, 1, NULL, 1, '121', NULL, '464450749', NULL, NULL, NULL, '2022-03-31 18:52:25', '2022-03-31 18:52:25'),
(1132, 1, 307, 1, NULL, 1, '121', NULL, '464932760', '464941102', NULL, NULL, '2022-03-31 18:52:25', '2022-03-31 18:52:25'),
(1133, 1, 308, 1, NULL, 1, '121', NULL, '464951030', NULL, NULL, NULL, '2022-03-31 18:52:25', '2022-03-31 18:52:25'),
(1134, 1, 309, 1, NULL, 1, '121', NULL, '623338561', NULL, NULL, NULL, '2022-03-31 18:52:25', '2022-03-31 18:52:25'),
(1135, 1, 310, 1, NULL, 1, '121', NULL, '623227366', NULL, NULL, NULL, '2022-03-31 18:52:25', '2022-03-31 18:52:25'),
(1136, 1, 311, 1, NULL, 1, '121', NULL, '623501915', NULL, NULL, NULL, '2022-03-31 18:52:25', '2022-03-31 18:52:25'),
(1137, 1, 312, 1, NULL, 1, '121', NULL, '623230140', NULL, NULL, NULL, '2022-03-31 18:52:25', '2022-03-31 18:52:25'),
(1138, 1, 313, 1, NULL, 1, '121', NULL, '623194723', NULL, NULL, NULL, '2022-03-31 18:52:25', '2022-03-31 18:52:25'),
(1139, 1, 314, 1, NULL, 1, '121', NULL, '623670308', NULL, NULL, NULL, '2022-03-31 18:52:25', '2022-03-31 18:52:25'),
(1140, 1, 315, 1, NULL, 1, '121', NULL, '573850703', NULL, NULL, NULL, '2022-03-31 18:52:25', '2022-03-31 18:52:25'),
(1141, 1, 316, 1, NULL, 1, '121', NULL, '572228893', NULL, NULL, NULL, '2022-03-31 18:52:25', '2022-03-31 18:52:25'),
(1142, 1, 317, 1, NULL, 1, '121', NULL, '572228893', NULL, NULL, NULL, '2022-03-31 18:52:25', '2022-03-31 18:52:25'),
(1143, 1, 318, 1, NULL, 1, '121', NULL, '572701853', NULL, NULL, NULL, '2022-03-31 18:52:25', '2022-03-31 18:52:25'),
(1144, 1, 319, 1, NULL, 1, '121', NULL, '573602206', NULL, NULL, NULL, '2022-03-31 18:52:25', '2022-03-31 18:52:25'),
(1145, 1, 320, 1, NULL, 1, '121', NULL, '573472967', NULL, NULL, NULL, '2022-03-31 18:52:25', '2022-03-31 18:52:25'),
(1146, 1, 321, 1, NULL, 1, '121', NULL, '572243272', NULL, NULL, NULL, '2022-03-31 18:52:25', '2022-03-31 18:52:25'),
(1147, 1, 322, 1, NULL, 1, '121', NULL, '573440967', NULL, NULL, NULL, '2022-03-31 18:52:25', '2022-03-31 18:52:25'),
(1148, 1, 323, 1, NULL, 1, '121', NULL, '573661870', NULL, NULL, NULL, '2022-03-31 18:52:25', '2022-03-31 18:52:25'),
(1149, 1, 324, 1, NULL, 1, '121', NULL, '572527764', NULL, NULL, NULL, '2022-03-31 18:52:25', '2022-03-31 18:52:25'),
(1150, 1, 325, 1, NULL, 1, '121', NULL, '503743792', NULL, NULL, NULL, '2022-03-31 18:52:25', '2022-03-31 18:52:25'),
(1151, 1, 326, 1, NULL, 1, '121', NULL, '504688153', NULL, NULL, NULL, '2022-03-31 18:52:25', '2022-03-31 18:52:25'),
(1152, 1, 327, 1, NULL, 1, '121', NULL, '504693956', NULL, NULL, NULL, '2022-03-31 18:52:25', '2022-03-31 18:52:25'),
(1153, 1, 328, 1, NULL, 1, '121', NULL, '503750091', NULL, NULL, NULL, '2022-03-31 18:52:25', '2022-03-31 18:52:25'),
(1154, 1, 329, 1, NULL, 1, '121', NULL, '503710774', NULL, NULL, NULL, '2022-03-31 18:52:25', '2022-03-31 18:52:25'),
(1155, 1, 330, 1, NULL, 1, '121', NULL, '503705500', NULL, NULL, NULL, '2022-03-31 18:52:25', '2022-03-31 18:52:25'),
(1156, 1, 331, 1, NULL, 1, '121', NULL, '506456222', NULL, NULL, NULL, '2022-03-31 18:52:25', '2022-03-31 18:52:25'),
(1157, 1, 332, 1, NULL, 1, '121', NULL, '502640400', NULL, NULL, NULL, '2022-03-31 18:52:25', '2022-03-31 18:52:25'),
(1158, 1, 333, 1, NULL, 1, '121', NULL, '504852702', NULL, NULL, NULL, '2022-03-31 18:52:25', '2022-03-31 18:52:25'),
(1159, 1, 334, 1, NULL, 1, '121', NULL, '502740816', NULL, NULL, NULL, '2022-03-31 18:52:25', '2022-03-31 18:52:25'),
(1160, 1, 335, 1, NULL, 1, '121', NULL, '503932485', NULL, NULL, NULL, '2022-03-31 18:52:25', '2022-03-31 18:52:25'),
(1161, 1, 336, 1, NULL, 1, '121', NULL, '502314012', NULL, NULL, NULL, '2022-03-31 18:52:25', '2022-03-31 18:52:25'),
(1162, 1, 337, 1, NULL, 1, '121', NULL, '502257229', NULL, NULL, NULL, '2022-03-31 18:52:25', '2022-03-31 18:52:25'),
(1163, 1, 338, 1, NULL, 1, '121', NULL, '502526912', NULL, NULL, NULL, '2022-03-31 18:52:25', '2022-03-31 18:52:25'),
(1164, 1, 339, 1, NULL, 1, '121', NULL, '502710710', NULL, NULL, NULL, '2022-03-31 18:52:25', '2022-03-31 18:52:25'),
(1165, 1, 340, 1, NULL, 1, '121', NULL, '504902342', NULL, NULL, NULL, '2022-03-31 18:52:25', '2022-03-31 18:52:25'),
(1166, 1, 341, 1, NULL, 1, '121', NULL, '504909474', NULL, NULL, NULL, '2022-03-31 18:52:25', '2022-03-31 18:52:25'),
(1167, 1, 342, 1, NULL, 1, '121', NULL, '502401217', NULL, NULL, NULL, '2022-03-31 18:52:25', '2022-03-31 18:52:25'),
(1168, 1, 343, 1, NULL, 1, '121', NULL, '502967593', NULL, NULL, NULL, '2022-03-31 18:52:25', '2022-03-31 18:52:25'),
(1169, 1, 344, 1, NULL, 1, '121', NULL, '502795203', NULL, NULL, NULL, '2022-03-31 18:52:25', '2022-03-31 18:52:25'),
(1170, 1, 345, 1, NULL, 1, '121', NULL, '502797672', NULL, NULL, NULL, '2022-03-31 18:52:25', '2022-03-31 18:52:25'),
(1171, 1, 346, 1, NULL, 1, '121', NULL, '503475196', NULL, NULL, NULL, '2022-03-31 18:52:25', '2022-03-31 18:52:25'),
(1172, 1, 347, 1, NULL, 1, '121', NULL, '503920184', NULL, NULL, NULL, '2022-03-31 18:52:25', '2022-03-31 18:52:25'),
(1173, 1, 348, 1, NULL, 1, '121', NULL, '502359654', NULL, NULL, NULL, '2022-03-31 18:52:25', '2022-03-31 18:52:25'),
(1174, 1, 349, 1, NULL, 1, '121', NULL, '502604248', NULL, NULL, NULL, '2022-03-31 18:52:25', '2022-03-31 18:52:25'),
(1175, 1, 350, 1, NULL, 1, '121', NULL, '504980452', NULL, NULL, NULL, '2022-03-31 18:52:25', '2022-03-31 18:52:25'),
(1176, 1, 345, 1, NULL, 1, '121', NULL, '503501121', NULL, NULL, NULL, '2022-03-31 18:52:25', '2022-04-03 09:43:22'),
(1177, 1, 352, 1, NULL, 1, '121', NULL, '653441165', NULL, NULL, NULL, '2022-03-31 18:52:25', '2022-03-31 18:52:25'),
(1178, 1, 353, 1, NULL, 1, '121', NULL, '653441164', NULL, NULL, NULL, '2022-03-31 18:52:25', '2022-03-31 18:52:25'),
(1179, 1, 354, 1, NULL, 1, '121', NULL, '655369900', NULL, NULL, NULL, '2022-03-31 18:52:25', '2022-03-31 18:52:25'),
(1180, 1, 355, 1, NULL, 1, '121', NULL, '653252189', NULL, NULL, NULL, '2022-03-31 18:52:25', '2022-03-31 18:52:25'),
(1181, 1, 356, 1, NULL, 1, '121', NULL, '653251226', NULL, NULL, NULL, '2022-03-31 18:52:25', '2022-03-31 18:52:25'),
(1182, 1, 357, 1, NULL, 1, '121', NULL, '653548974', NULL, NULL, NULL, '2022-03-31 18:52:25', '2022-03-31 18:52:25'),
(1183, 1, 358, 1, NULL, 1, '121', NULL, '653720362', NULL, NULL, NULL, '2022-03-31 18:52:25', '2022-03-31 18:52:25'),
(1184, 1, 358, 1, NULL, 1, '121', NULL, '653547119', NULL, NULL, NULL, '2022-03-31 18:52:25', '2022-04-03 09:51:34'),
(1185, 1, 360, 1, NULL, 1, '121', NULL, '966710523', NULL, NULL, NULL, '2022-03-31 18:52:25', '2022-03-31 18:52:25'),
(1186, 1, 361, 1, NULL, 1, '121', NULL, '962834239', NULL, NULL, NULL, '2022-03-31 18:52:25', '2022-03-31 18:52:25'),
(1187, 1, 362, 1, NULL, 1, '121', NULL, '962864269', NULL, NULL, NULL, '2022-03-31 18:52:25', '2022-03-31 18:52:25'),
(1188, 1, 363, 1, NULL, 1, '121', NULL, '963360388', NULL, NULL, NULL, '2022-03-31 18:52:25', '2022-03-31 18:52:25'),
(1189, 1, 364, 1, NULL, 1, '121', NULL, '965220279', NULL, NULL, NULL, '2022-03-31 18:52:25', '2022-03-31 18:52:25'),
(1190, 1, 365, 1, NULL, 1, '121', NULL, '965443363', NULL, NULL, NULL, '2022-03-31 18:52:25', '2022-03-31 18:52:25'),
(1191, 1, 366, 1, NULL, 1, '121', NULL, '966510313', NULL, NULL, NULL, '2022-03-31 18:52:25', '2022-03-31 18:52:25'),
(1192, 1, 367, 1, NULL, 1, '121', NULL, '966574691', NULL, NULL, NULL, '2022-03-31 18:52:25', '2022-03-31 18:52:25'),
(1193, 1, 368, 1, NULL, 1, '121', NULL, '966594509', NULL, NULL, NULL, '2022-03-31 18:52:25', '2022-03-31 18:52:25'),
(1194, 1, 369, 1, NULL, 1, '121', NULL, '966601828', NULL, NULL, NULL, '2022-03-31 18:52:25', '2022-03-31 18:52:25'),
(1195, 1, 370, 1, NULL, 1, '121', NULL, '966740473', NULL, NULL, NULL, '2022-03-31 18:52:25', '2022-03-31 18:52:25'),
(1196, 1, 370, 1, NULL, 1, '121', NULL, '966842082', NULL, NULL, NULL, '2022-03-31 18:52:25', '2022-04-03 09:44:16'),
(1197, 1, 372, 1, NULL, 1, '121', NULL, '824385051', NULL, NULL, NULL, '2022-03-31 18:52:25', '2022-03-31 18:52:25'),
(1198, 1, 373, 1, NULL, 1, '121', NULL, '822538369', NULL, NULL, NULL, '2022-03-31 18:52:25', '2022-03-31 18:52:25'),
(1199, 1, 374, 1, NULL, 1, '121', NULL, '829221255', NULL, NULL, NULL, '2022-03-31 18:52:25', '2022-03-31 18:52:25'),
(1200, 1, 375, 1, NULL, 1, '121', NULL, '824400891', NULL, NULL, NULL, '2022-03-31 18:52:25', '2022-03-31 18:52:25'),
(1201, 1, 376, 1, NULL, 1, '121', NULL, '822322949', NULL, NULL, NULL, '2022-03-31 18:52:25', '2022-03-31 18:52:25'),
(1202, 1, 377, 1, NULL, 1, '121', NULL, '822279032', NULL, NULL, NULL, '2022-03-31 18:52:25', '2022-03-31 18:52:25'),
(1203, 1, 378, 1, NULL, 1, '121', NULL, '82280433', NULL, NULL, NULL, '2022-03-31 18:52:25', '2022-03-31 18:52:25'),
(1204, 1, 379, 1, NULL, 1, '121', NULL, '822322949', NULL, NULL, NULL, '2022-03-31 18:52:25', '2022-03-31 18:52:25'),
(1205, 1, 380, 1, NULL, 1, '121', NULL, '822330647', NULL, NULL, NULL, '2022-03-31 18:52:25', '2022-03-31 18:52:25'),
(1206, 1, 380, 1, NULL, 1, '121', NULL, '823813163', NULL, NULL, NULL, '2022-03-31 18:52:25', '2022-04-03 09:46:14'),
(1207, 1, 382, 1, NULL, 1, '121', NULL, '842710632', NULL, NULL, NULL, '2022-03-31 18:52:25', '2022-03-31 18:52:25'),
(1208, 1, 383, 1, NULL, 1, '121', NULL, '840410644', NULL, NULL, NULL, '2022-03-31 18:52:25', '2022-03-31 18:52:25'),
(1209, 1, 384, 1, NULL, 1, '121', NULL, '842401644', NULL, NULL, NULL, '2022-03-31 18:52:25', '2022-03-31 18:52:25'),
(1210, 1, 385, 1, NULL, 1, '121', NULL, '842110027', '842110028', NULL, NULL, '2022-03-31 18:52:25', '2022-03-31 18:52:25'),
(1211, 1, 386, 1, NULL, 1, '121', NULL, '842900500', NULL, NULL, NULL, '2022-03-31 18:52:25', '2022-03-31 18:52:25'),
(1212, 1, 387, 1, NULL, 1, '121', NULL, '846901815', NULL, NULL, NULL, '2022-03-31 18:52:25', '2022-03-31 18:52:25'),
(1213, 1, 388, 1, NULL, 1, '121', NULL, '842610879', '846610876', NULL, NULL, '2022-03-31 18:52:25', '2022-03-31 18:52:25'),
(1214, 1, 389, 1, NULL, 1, '121', NULL, '842614811', NULL, NULL, NULL, '2022-03-31 18:52:25', '2022-03-31 18:52:25'),
(1215, 1, 390, 1, NULL, 1, '121', NULL, '842367248', NULL, NULL, NULL, '2022-03-31 18:52:25', '2022-03-31 18:52:25'),
(1216, 1, 391, 1, NULL, 1, '121', NULL, '842367248', NULL, NULL, NULL, '2022-03-31 18:52:25', '2022-03-31 18:52:25'),
(1217, 1, 392, 1, NULL, 1, '121', NULL, '842367248', NULL, NULL, NULL, '2022-03-31 18:52:25', '2022-03-31 18:52:25'),
(1218, 1, 393, 1, NULL, 1, '121', NULL, '842022366', NULL, NULL, NULL, '2022-03-31 18:52:25', '2022-03-31 18:52:25'),
(1219, 1, 394, 1, NULL, 1, '121', NULL, '842153045', NULL, NULL, NULL, '2022-03-31 18:52:25', '2022-03-31 18:52:25'),
(1220, 1, 394, 1, NULL, 1, '121', NULL, '842710248', NULL, NULL, NULL, '2022-03-31 18:52:25', '2022-04-03 09:47:00'),
(1221, 1, 396, 1, NULL, 1, '121', NULL, '9.5260440409527E+18', NULL, NULL, NULL, '2022-03-31 18:52:25', '2022-03-31 18:52:25'),
(1222, 1, 397, 1, NULL, 1, '121', NULL, '952313470', NULL, NULL, NULL, '2022-03-31 18:52:25', '2022-03-31 18:52:25'),
(1223, 1, 398, 1, NULL, 1, '121', NULL, '952301415', NULL, NULL, NULL, '2022-03-31 18:52:25', '2022-03-31 18:52:25'),
(1224, 1, 399, 1, NULL, 1, '121', NULL, '952402821', NULL, NULL, NULL, '2022-03-31 18:52:25', '2022-03-31 18:52:25'),
(1225, 1, 400, 1, NULL, 1, '121', NULL, '952700546', NULL, NULL, NULL, '2022-03-31 18:52:25', '2022-03-31 18:52:25'),
(1226, 1, 401, 1, NULL, 1, '121', NULL, '952626515', NULL, NULL, NULL, '2022-03-31 18:52:25', '2022-03-31 18:52:25'),
(1227, 1, 402, 1, NULL, 1, '121', NULL, '952280875', NULL, NULL, NULL, '2022-03-31 18:52:25', '2022-03-31 18:52:25'),
(1228, 1, 403, 1, NULL, 1, '121', NULL, '952371138', NULL, NULL, NULL, '2022-03-31 18:52:25', '2022-03-31 18:52:25'),
(1229, 1, 402, 1, NULL, 1, '121', NULL, NULL, NULL, NULL, NULL, '2022-03-31 18:52:25', '2022-04-03 09:38:16'),
(1230, 1, 10, 1, NULL, 1, '121', NULL, '225644003', NULL, NULL, NULL, '2022-03-31 18:52:25', '2022-03-31 18:52:25'),
(1231, 1, 11, 1, NULL, 1, '121', NULL, '225644008', NULL, NULL, NULL, '2022-03-31 18:52:25', '2022-03-31 18:52:25'),
(1232, 1, 12, 1, NULL, 1, '121', NULL, '226076684', NULL, NULL, NULL, '2022-03-31 18:52:25', '2022-03-31 18:52:25'),
(1233, 1, 13, 1, NULL, 1, '121', NULL, '227586990', NULL, NULL, NULL, '2022-03-31 18:52:25', '2022-03-31 18:52:25'),
(1234, 1, 25, 1, NULL, 1, '121', NULL, '238330476', NULL, NULL, NULL, '2022-03-31 18:52:25', '2022-03-31 18:52:25'),
(1235, 1, 26, 1, NULL, 1, '121', NULL, '238330476', NULL, NULL, NULL, '2022-03-31 18:52:25', '2022-03-31 18:52:25'),
(1236, 1, 27, 1, NULL, 1, '121', NULL, '238512004', NULL, NULL, NULL, '2022-03-31 18:52:25', '2022-03-31 18:52:25'),
(1237, 1, 23, 1, NULL, 1, '121', NULL, '225590865', NULL, NULL, NULL, '2022-03-31 18:52:25', '2022-03-31 18:52:25'),
(1238, 1, 58, 1, NULL, 1, '121', NULL, '34620342', NULL, NULL, NULL, '2022-03-31 18:52:25', '2022-03-31 18:52:25'),
(1239, 1, 142, 1, NULL, 1, '121', NULL, '482600273', NULL, NULL, NULL, '2022-03-31 18:52:25', '2022-03-31 18:52:25'),
(1240, 1, 214, 1, NULL, 1, '121', NULL, '452632218', NULL, NULL, NULL, '2022-03-31 18:52:25', '2022-03-31 18:52:25'),
(1241, 1, 260, 1, NULL, 1, '121', NULL, '554502156', NULL, NULL, NULL, '2022-03-31 18:52:25', '2022-03-31 18:52:25'),
(1242, 1, 260, 1, NULL, 1, '121', NULL, '554384025', NULL, NULL, NULL, '2022-03-31 18:52:25', '2022-03-31 18:52:25'),
(1243, 1, 260, 1, NULL, 1, '121', NULL, '22476501', NULL, NULL, NULL, '2022-03-31 18:52:25', '2022-03-31 18:52:25'),
(1244, 1, 14, 1, NULL, 1, '121', NULL, '226870015', NULL, NULL, NULL, '2022-03-31 18:52:25', '2022-03-31 18:52:25'),
(1245, 1, 260, 1, NULL, 1, '121', NULL, '553200391', NULL, NULL, NULL, '2022-03-31 18:52:25', '2022-03-31 18:52:25'),
(1246, 1, 14, 1, NULL, 1, '121', NULL, '224774483', NULL, NULL, NULL, '2022-03-31 18:52:25', '2022-03-31 18:52:25'),
(1247, 1, 260, 1, NULL, 1, '121', NULL, '228640100', NULL, NULL, NULL, '2022-03-31 18:52:25', '2022-03-31 18:52:25'),
(1248, 1, 260, 1, NULL, 1, '121', NULL, '554412452', NULL, NULL, NULL, '2022-03-31 18:52:25', '2022-03-31 18:52:25'),
(1249, 1, 260, 1, NULL, 1, '121', NULL, '554360307', NULL, NULL, NULL, '2022-03-31 18:52:25', '2022-03-31 18:52:25'),
(1250, 1, 260, 1, NULL, 1, '121', NULL, '554121770', NULL, NULL, NULL, '2022-03-31 18:52:25', '2022-03-31 18:52:25'),
(1251, 1, 260, 1, NULL, 1, '121', NULL, '554384468', NULL, NULL, NULL, '2022-03-31 18:52:25', '2022-03-31 18:52:25'),
(1252, 1, 260, 1, NULL, 1, '121', NULL, '554361424', NULL, NULL, NULL, '2022-03-31 18:52:25', '2022-03-31 18:52:25'),
(1253, 1, 324, 1, NULL, 1, '121', NULL, '572420600', NULL, NULL, NULL, '2022-03-31 18:52:25', '2022-03-31 18:52:25'),
(1254, 1, 285, 1, NULL, 1, '121', NULL, '882210895', NULL, NULL, NULL, '2022-03-31 18:52:25', '2022-03-31 18:52:25');
INSERT INTO `branches` (`id`, `foundation_id`, `city_id`, `creator_id`, `map`, `pwd_status`, `phone1`, `phone2`, `landline1`, `landline2`, `email`, `deleted_at`, `created_at`, `updated_at`) VALUES
(1255, 1, 297, 1, NULL, 1, '121', NULL, '869204008', NULL, NULL, NULL, '2022-03-31 18:52:25', '2022-03-31 18:52:25'),
(1256, 1, 394, 1, NULL, 1, '121', NULL, '842116000', NULL, NULL, NULL, '2022-03-31 18:52:25', '2022-03-31 18:52:25');

-- --------------------------------------------------------

--
-- Table structure for table `branch_images`
--

CREATE TABLE `branch_images` (
  `id` bigint UNSIGNED NOT NULL,
  `creator_id` bigint UNSIGNED NOT NULL,
  `branch_id` bigint UNSIGNED NOT NULL,
  `deleted_at` timestamp NULL DEFAULT NULL,
  `created_at` timestamp NULL DEFAULT NULL,
  `updated_at` timestamp NULL DEFAULT NULL
) ENGINE=InnoDB DEFAULT CHARSET=utf8mb4 COLLATE=utf8mb4_unicode_ci;

-- --------------------------------------------------------

--
-- Table structure for table `branch_image_translations`
--

CREATE TABLE `branch_image_translations` (
  `id` bigint UNSIGNED NOT NULL,
  `image` varchar(191) CHARACTER SET utf8mb4 COLLATE utf8mb4_unicode_ci NOT NULL,
  `locale` varchar(191) CHARACTER SET utf8mb4 COLLATE utf8mb4_unicode_ci NOT NULL,
  `branch_image_id` bigint UNSIGNED NOT NULL,
  `deleted_at` timestamp NULL DEFAULT NULL,
  `created_at` timestamp NULL DEFAULT NULL,
  `updated_at` timestamp NULL DEFAULT NULL
) ENGINE=InnoDB DEFAULT CHARSET=utf8mb4 COLLATE=utf8mb4_unicode_ci;

-- --------------------------------------------------------

--
-- Table structure for table `branch_services`
--

CREATE TABLE `branch_services` (
  `id` bigint UNSIGNED NOT NULL,
  `branch_id` bigint UNSIGNED NOT NULL,
  `service_id` bigint UNSIGNED NOT NULL,
  `deleted_at` timestamp NULL DEFAULT NULL,
  `created_at` timestamp NULL DEFAULT NULL,
  `updated_at` timestamp NULL DEFAULT NULL
) ENGINE=InnoDB DEFAULT CHARSET=utf8mb4 COLLATE=utf8mb4_unicode_ci;

--
-- Dumping data for table `branch_services`
--

INSERT INTO `branch_services` (`id`, `branch_id`, `service_id`, `deleted_at`, `created_at`, `updated_at`) VALUES
(1, 826, 2, NULL, NULL, NULL),
(431, 826, 3, NULL, NULL, NULL),
(432, 827, 3, NULL, NULL, NULL),
(433, 828, 3, NULL, NULL, NULL),
(434, 829, 3, NULL, NULL, NULL),
(435, 830, 3, NULL, NULL, NULL),
(436, 831, 3, NULL, NULL, NULL),
(437, 832, 3, NULL, NULL, NULL),
(438, 833, 3, NULL, NULL, NULL),
(439, 834, 3, NULL, NULL, NULL),
(440, 835, 3, NULL, NULL, NULL),
(441, 836, 3, NULL, NULL, NULL),
(442, 837, 3, NULL, NULL, NULL),
(443, 838, 3, NULL, NULL, NULL),
(444, 839, 3, NULL, NULL, NULL),
(445, 840, 3, NULL, NULL, NULL),
(446, 841, 3, NULL, NULL, NULL),
(447, 842, 3, NULL, NULL, NULL),
(448, 843, 3, NULL, NULL, NULL),
(449, 844, 3, NULL, NULL, NULL),
(450, 845, 3, NULL, NULL, NULL),
(451, 846, 3, NULL, NULL, NULL),
(452, 847, 3, NULL, NULL, NULL),
(453, 848, 3, NULL, NULL, NULL),
(454, 849, 3, NULL, NULL, NULL),
(455, 850, 3, NULL, NULL, NULL),
(456, 851, 3, NULL, NULL, NULL),
(457, 852, 3, NULL, NULL, NULL),
(458, 853, 3, NULL, NULL, NULL),
(459, 854, 3, NULL, NULL, NULL),
(460, 855, 3, NULL, NULL, NULL),
(461, 856, 3, NULL, NULL, NULL),
(462, 857, 3, NULL, NULL, NULL),
(463, 858, 3, NULL, NULL, NULL),
(464, 859, 3, NULL, NULL, NULL),
(465, 860, 3, NULL, NULL, NULL),
(466, 861, 3, NULL, NULL, NULL),
(467, 862, 3, NULL, NULL, NULL),
(468, 863, 3, NULL, NULL, NULL),
(469, 864, 3, NULL, NULL, NULL),
(470, 865, 3, NULL, NULL, NULL),
(471, 866, 3, NULL, NULL, NULL),
(472, 867, 3, NULL, NULL, NULL),
(473, 868, 3, NULL, NULL, NULL),
(474, 869, 3, NULL, NULL, NULL),
(475, 870, 3, NULL, NULL, NULL),
(476, 871, 3, NULL, NULL, NULL),
(477, 872, 3, NULL, NULL, NULL),
(478, 873, 3, NULL, NULL, NULL),
(479, 874, 3, NULL, NULL, NULL),
(480, 875, 3, NULL, NULL, NULL),
(481, 876, 3, NULL, NULL, NULL),
(482, 877, 3, NULL, NULL, NULL),
(483, 878, 3, NULL, NULL, NULL),
(484, 879, 3, NULL, NULL, NULL),
(485, 880, 3, NULL, NULL, NULL),
(486, 881, 3, NULL, NULL, NULL),
(487, 882, 3, NULL, NULL, NULL),
(488, 883, 3, NULL, NULL, NULL),
(489, 884, 3, NULL, NULL, NULL),
(490, 885, 3, NULL, NULL, NULL),
(491, 886, 3, NULL, NULL, NULL),
(492, 887, 3, NULL, NULL, NULL),
(493, 888, 3, NULL, NULL, NULL),
(494, 889, 3, NULL, NULL, NULL),
(495, 890, 3, NULL, NULL, NULL),
(496, 891, 3, NULL, NULL, NULL),
(497, 892, 3, NULL, NULL, NULL),
(498, 893, 3, NULL, NULL, NULL),
(499, 894, 3, NULL, NULL, NULL),
(500, 895, 3, NULL, NULL, NULL),
(501, 896, 3, NULL, NULL, NULL),
(502, 897, 3, NULL, NULL, NULL),
(503, 898, 3, NULL, NULL, NULL),
(504, 899, 3, NULL, NULL, NULL),
(505, 900, 3, NULL, NULL, NULL),
(506, 901, 3, NULL, NULL, NULL),
(507, 902, 3, NULL, NULL, NULL),
(508, 903, 3, NULL, NULL, NULL),
(509, 904, 3, NULL, NULL, NULL),
(510, 905, 3, NULL, NULL, NULL),
(511, 906, 3, NULL, NULL, NULL),
(512, 907, 3, NULL, NULL, NULL),
(513, 908, 3, NULL, NULL, NULL),
(514, 909, 3, NULL, NULL, NULL),
(515, 910, 3, NULL, NULL, NULL),
(516, 911, 3, NULL, NULL, NULL),
(517, 912, 3, NULL, NULL, NULL),
(518, 913, 3, NULL, NULL, NULL),
(519, 914, 3, NULL, NULL, NULL),
(520, 915, 3, NULL, NULL, NULL),
(521, 916, 3, NULL, NULL, NULL),
(522, 917, 3, NULL, NULL, NULL),
(523, 918, 3, NULL, NULL, NULL),
(524, 919, 3, NULL, NULL, NULL),
(525, 920, 3, NULL, NULL, NULL),
(526, 921, 3, NULL, NULL, NULL),
(527, 922, 3, NULL, NULL, NULL),
(528, 923, 3, NULL, NULL, NULL),
(529, 924, 3, NULL, NULL, NULL),
(530, 925, 3, NULL, NULL, NULL),
(531, 926, 3, NULL, NULL, NULL),
(532, 927, 3, NULL, NULL, NULL),
(533, 928, 3, NULL, NULL, NULL),
(534, 929, 3, NULL, NULL, NULL),
(535, 930, 3, NULL, NULL, NULL),
(536, 931, 3, NULL, NULL, NULL),
(537, 932, 3, NULL, NULL, NULL),
(538, 933, 3, NULL, NULL, NULL),
(539, 934, 3, NULL, NULL, NULL),
(540, 935, 3, NULL, NULL, NULL),
(541, 936, 3, NULL, NULL, NULL),
(542, 937, 3, NULL, NULL, NULL),
(543, 938, 3, NULL, NULL, NULL),
(544, 939, 3, NULL, NULL, NULL),
(545, 940, 3, NULL, NULL, NULL),
(546, 941, 3, NULL, NULL, NULL),
(547, 942, 3, NULL, NULL, NULL),
(548, 943, 3, NULL, NULL, NULL),
(549, 944, 3, NULL, NULL, NULL),
(550, 945, 3, NULL, NULL, NULL),
(551, 946, 3, NULL, NULL, NULL),
(552, 947, 3, NULL, NULL, NULL),
(553, 948, 3, NULL, NULL, NULL),
(554, 949, 3, NULL, NULL, NULL),
(555, 950, 3, NULL, NULL, NULL),
(556, 951, 3, NULL, NULL, NULL),
(557, 952, 3, NULL, NULL, NULL),
(558, 953, 3, NULL, NULL, NULL),
(559, 954, 3, NULL, NULL, NULL),
(560, 955, 3, NULL, NULL, NULL),
(561, 956, 3, NULL, NULL, NULL),
(562, 957, 3, NULL, NULL, NULL),
(563, 958, 3, NULL, NULL, NULL),
(564, 959, 3, NULL, NULL, NULL),
(565, 960, 3, NULL, NULL, NULL),
(566, 961, 3, NULL, NULL, NULL),
(567, 962, 3, NULL, NULL, NULL),
(568, 963, 3, NULL, NULL, NULL),
(569, 964, 3, NULL, NULL, NULL),
(570, 965, 3, NULL, NULL, NULL),
(571, 966, 3, NULL, NULL, NULL),
(572, 967, 3, NULL, NULL, NULL),
(573, 968, 3, NULL, NULL, NULL),
(574, 969, 3, NULL, NULL, NULL),
(575, 970, 3, NULL, NULL, NULL),
(576, 971, 3, NULL, NULL, NULL),
(577, 972, 3, NULL, NULL, NULL),
(578, 973, 3, NULL, NULL, NULL),
(579, 974, 3, NULL, NULL, NULL),
(580, 975, 3, NULL, NULL, NULL),
(581, 976, 3, NULL, NULL, NULL),
(582, 977, 3, NULL, NULL, NULL),
(583, 978, 3, NULL, NULL, NULL),
(584, 979, 3, NULL, NULL, NULL),
(585, 980, 3, NULL, NULL, NULL),
(586, 981, 3, NULL, NULL, NULL),
(587, 982, 3, NULL, NULL, NULL),
(588, 983, 3, NULL, NULL, NULL),
(589, 984, 3, NULL, NULL, NULL),
(590, 985, 3, NULL, NULL, NULL),
(591, 986, 3, NULL, NULL, NULL),
(592, 987, 3, NULL, NULL, NULL),
(593, 988, 3, NULL, NULL, NULL),
(594, 989, 3, NULL, NULL, NULL),
(595, 990, 3, NULL, NULL, NULL),
(596, 991, 3, NULL, NULL, NULL),
(597, 992, 3, NULL, NULL, NULL),
(598, 993, 3, NULL, NULL, NULL),
(599, 994, 3, NULL, NULL, NULL),
(600, 995, 3, NULL, NULL, NULL),
(601, 996, 3, NULL, NULL, NULL),
(602, 997, 3, NULL, NULL, NULL),
(603, 998, 3, NULL, NULL, NULL),
(604, 999, 3, NULL, NULL, NULL),
(605, 1000, 3, NULL, NULL, NULL),
(606, 1001, 3, NULL, NULL, NULL),
(607, 1002, 3, NULL, NULL, NULL),
(608, 1003, 3, NULL, NULL, NULL),
(609, 1004, 3, NULL, NULL, NULL),
(610, 1005, 3, NULL, NULL, NULL),
(611, 1006, 3, NULL, NULL, NULL),
(612, 1007, 3, NULL, NULL, NULL),
(613, 1008, 3, NULL, NULL, NULL),
(614, 1009, 3, NULL, NULL, NULL),
(615, 1010, 3, NULL, NULL, NULL),
(616, 1011, 3, NULL, NULL, NULL),
(617, 1012, 3, NULL, NULL, NULL),
(618, 1013, 3, NULL, NULL, NULL),
(619, 1014, 3, NULL, NULL, NULL),
(620, 1015, 3, NULL, NULL, NULL),
(621, 1016, 3, NULL, NULL, NULL),
(622, 1017, 3, NULL, NULL, NULL),
(623, 1018, 3, NULL, NULL, NULL),
(624, 1019, 3, NULL, NULL, NULL),
(625, 1020, 3, NULL, NULL, NULL),
(626, 1021, 3, NULL, NULL, NULL),
(627, 1022, 3, NULL, NULL, NULL),
(628, 1023, 3, NULL, NULL, NULL),
(629, 1024, 3, NULL, NULL, NULL),
(630, 1025, 3, NULL, NULL, NULL),
(631, 1026, 3, NULL, NULL, NULL),
(632, 1027, 3, NULL, NULL, NULL),
(633, 1028, 3, NULL, NULL, NULL),
(634, 1029, 3, NULL, NULL, NULL),
(635, 1030, 3, NULL, NULL, NULL),
(636, 1031, 3, NULL, NULL, NULL),
(637, 1032, 3, NULL, NULL, NULL),
(638, 1033, 3, NULL, NULL, NULL),
(639, 1034, 3, NULL, NULL, NULL),
(640, 1035, 3, NULL, NULL, NULL),
(641, 1036, 3, NULL, NULL, NULL),
(642, 1037, 3, NULL, NULL, NULL),
(643, 1038, 3, NULL, NULL, NULL),
(644, 1039, 3, NULL, NULL, NULL),
(645, 1040, 3, NULL, NULL, NULL),
(646, 1041, 3, NULL, NULL, NULL),
(647, 1042, 3, NULL, NULL, NULL),
(648, 1043, 3, NULL, NULL, NULL),
(649, 1044, 3, NULL, NULL, NULL),
(650, 1045, 3, NULL, NULL, NULL),
(651, 1046, 3, NULL, NULL, NULL),
(652, 1047, 3, NULL, NULL, NULL),
(653, 1048, 3, NULL, NULL, NULL),
(654, 1049, 3, NULL, NULL, NULL),
(655, 1050, 3, NULL, NULL, NULL),
(656, 1051, 3, NULL, NULL, NULL),
(657, 1052, 3, NULL, NULL, NULL),
(658, 1053, 3, NULL, NULL, NULL),
(659, 1054, 3, NULL, NULL, NULL),
(660, 1055, 3, NULL, NULL, NULL),
(661, 1056, 3, NULL, NULL, NULL),
(662, 1057, 3, NULL, NULL, NULL),
(663, 1058, 3, NULL, NULL, NULL),
(664, 1059, 3, NULL, NULL, NULL),
(665, 1060, 3, NULL, NULL, NULL),
(666, 1061, 3, NULL, NULL, NULL),
(667, 1062, 3, NULL, NULL, NULL),
(668, 1063, 3, NULL, NULL, NULL),
(669, 1064, 3, NULL, NULL, NULL),
(670, 1065, 3, NULL, NULL, NULL),
(671, 1066, 3, NULL, NULL, NULL),
(672, 1067, 3, NULL, NULL, NULL),
(673, 1068, 3, NULL, NULL, NULL),
(674, 1069, 3, NULL, NULL, NULL),
(675, 1070, 3, NULL, NULL, NULL),
(676, 1071, 3, NULL, NULL, NULL),
(677, 1072, 3, NULL, NULL, NULL),
(678, 1073, 3, NULL, NULL, NULL),
(679, 1074, 3, NULL, NULL, NULL),
(680, 1075, 3, NULL, NULL, NULL),
(681, 1076, 3, NULL, NULL, NULL),
(682, 1077, 3, NULL, NULL, NULL),
(683, 1078, 3, NULL, NULL, NULL),
(684, 1079, 3, NULL, NULL, NULL),
(685, 1080, 3, NULL, NULL, NULL),
(686, 1081, 3, NULL, NULL, NULL),
(687, 1082, 3, NULL, NULL, NULL),
(688, 1083, 3, NULL, NULL, NULL),
(689, 1084, 3, NULL, NULL, NULL),
(690, 1085, 3, NULL, NULL, NULL),
(691, 1086, 3, NULL, NULL, NULL),
(692, 1087, 3, NULL, NULL, NULL),
(693, 1088, 3, NULL, NULL, NULL),
(694, 1089, 3, NULL, NULL, NULL),
(695, 1090, 3, NULL, NULL, NULL),
(696, 1091, 3, NULL, NULL, NULL),
(697, 1092, 3, NULL, NULL, NULL),
(698, 1093, 3, NULL, NULL, NULL),
(699, 1094, 3, NULL, NULL, NULL),
(700, 1095, 3, NULL, NULL, NULL),
(701, 1096, 3, NULL, NULL, NULL),
(702, 1097, 3, NULL, NULL, NULL),
(703, 1098, 3, NULL, NULL, NULL),
(704, 1099, 3, NULL, NULL, NULL),
(705, 1100, 3, NULL, NULL, NULL),
(706, 1101, 3, NULL, NULL, NULL),
(707, 1102, 3, NULL, NULL, NULL),
(708, 1103, 3, NULL, NULL, NULL),
(709, 1104, 3, NULL, NULL, NULL),
(710, 1105, 3, NULL, NULL, NULL),
(711, 1106, 3, NULL, NULL, NULL),
(712, 1107, 3, NULL, NULL, NULL),
(713, 1108, 3, NULL, NULL, NULL),
(714, 1109, 3, NULL, NULL, NULL),
(715, 1110, 3, NULL, NULL, NULL),
(716, 1111, 3, NULL, NULL, NULL),
(717, 1112, 3, NULL, NULL, NULL),
(718, 1113, 3, NULL, NULL, NULL),
(719, 1114, 3, NULL, NULL, NULL),
(720, 1115, 3, NULL, NULL, NULL),
(721, 1116, 3, NULL, NULL, NULL),
(722, 1117, 3, NULL, NULL, NULL),
(723, 1118, 3, NULL, NULL, NULL),
(724, 1119, 3, NULL, NULL, NULL),
(725, 1120, 3, NULL, NULL, NULL),
(726, 1121, 3, NULL, NULL, NULL),
(727, 1122, 3, NULL, NULL, NULL),
(728, 1123, 3, NULL, NULL, NULL),
(729, 1124, 3, NULL, NULL, NULL),
(730, 1125, 3, NULL, NULL, NULL),
(731, 1126, 3, NULL, NULL, NULL),
(732, 1127, 3, NULL, NULL, NULL),
(733, 1128, 3, NULL, NULL, NULL),
(734, 1129, 3, NULL, NULL, NULL),
(735, 1130, 3, NULL, NULL, NULL),
(736, 1131, 3, NULL, NULL, NULL),
(737, 1132, 3, NULL, NULL, NULL),
(738, 1133, 3, NULL, NULL, NULL),
(739, 1134, 3, NULL, NULL, NULL),
(740, 1135, 3, NULL, NULL, NULL),
(741, 1136, 3, NULL, NULL, NULL),
(742, 1137, 3, NULL, NULL, NULL),
(743, 1138, 3, NULL, NULL, NULL),
(744, 1139, 3, NULL, NULL, NULL),
(745, 1140, 3, NULL, NULL, NULL),
(746, 1141, 3, NULL, NULL, NULL),
(747, 1142, 3, NULL, NULL, NULL),
(748, 1143, 3, NULL, NULL, NULL),
(749, 1144, 3, NULL, NULL, NULL),
(750, 1145, 3, NULL, NULL, NULL),
(751, 1146, 3, NULL, NULL, NULL),
(752, 1147, 3, NULL, NULL, NULL),
(753, 1148, 3, NULL, NULL, NULL),
(754, 1149, 3, NULL, NULL, NULL),
(755, 1150, 3, NULL, NULL, NULL),
(756, 1151, 3, NULL, NULL, NULL),
(757, 1152, 3, NULL, NULL, NULL),
(758, 1153, 3, NULL, NULL, NULL),
(759, 1154, 3, NULL, NULL, NULL),
(760, 1155, 3, NULL, NULL, NULL),
(761, 1156, 3, NULL, NULL, NULL),
(762, 1157, 3, NULL, NULL, NULL),
(763, 1158, 3, NULL, NULL, NULL),
(764, 1159, 3, NULL, NULL, NULL),
(765, 1160, 3, NULL, NULL, NULL),
(766, 1161, 3, NULL, NULL, NULL),
(767, 1162, 3, NULL, NULL, NULL),
(768, 1163, 3, NULL, NULL, NULL),
(769, 1164, 3, NULL, NULL, NULL),
(770, 1165, 3, NULL, NULL, NULL),
(771, 1166, 3, NULL, NULL, NULL),
(772, 1167, 3, NULL, NULL, NULL),
(773, 1168, 3, NULL, NULL, NULL),
(774, 1169, 3, NULL, NULL, NULL),
(775, 1170, 3, NULL, NULL, NULL),
(776, 1171, 3, NULL, NULL, NULL),
(777, 1172, 3, NULL, NULL, NULL),
(778, 1173, 3, NULL, NULL, NULL),
(779, 1174, 3, NULL, NULL, NULL),
(780, 1175, 3, NULL, NULL, NULL),
(781, 1176, 3, NULL, NULL, NULL),
(782, 1177, 3, NULL, NULL, NULL),
(783, 1178, 3, NULL, NULL, NULL),
(784, 1179, 3, NULL, NULL, NULL),
(785, 1180, 3, NULL, NULL, NULL),
(786, 1181, 3, NULL, NULL, NULL),
(787, 1182, 3, NULL, NULL, NULL),
(788, 1183, 3, NULL, NULL, NULL),
(789, 1184, 3, NULL, NULL, NULL),
(790, 1185, 3, NULL, NULL, NULL),
(791, 1186, 3, NULL, NULL, NULL),
(792, 1187, 3, NULL, NULL, NULL),
(793, 1188, 3, NULL, NULL, NULL),
(794, 1189, 3, NULL, NULL, NULL),
(795, 1190, 3, NULL, NULL, NULL),
(796, 1191, 3, NULL, NULL, NULL),
(797, 1192, 3, NULL, NULL, NULL),
(798, 1193, 3, NULL, NULL, NULL),
(799, 1194, 3, NULL, NULL, NULL),
(800, 1195, 3, NULL, NULL, NULL),
(801, 1196, 3, NULL, NULL, NULL),
(802, 1197, 3, NULL, NULL, NULL),
(803, 1198, 3, NULL, NULL, NULL),
(804, 1199, 3, NULL, NULL, NULL),
(805, 1200, 3, NULL, NULL, NULL),
(806, 1201, 3, NULL, NULL, NULL),
(807, 1202, 3, NULL, NULL, NULL),
(808, 1203, 3, NULL, NULL, NULL),
(809, 1204, 3, NULL, NULL, NULL),
(810, 1205, 3, NULL, NULL, NULL),
(811, 1206, 3, NULL, NULL, NULL),
(812, 1207, 3, NULL, NULL, NULL),
(813, 1208, 3, NULL, NULL, NULL),
(814, 1209, 3, NULL, NULL, NULL),
(815, 1210, 3, NULL, NULL, NULL),
(816, 1211, 3, NULL, NULL, NULL),
(817, 1212, 3, NULL, NULL, NULL),
(818, 1213, 3, NULL, NULL, NULL),
(819, 1214, 3, NULL, NULL, NULL),
(820, 1215, 3, NULL, NULL, NULL),
(821, 1216, 3, NULL, NULL, NULL),
(822, 1217, 3, NULL, NULL, NULL),
(823, 1218, 3, NULL, NULL, NULL),
(824, 1219, 3, NULL, NULL, NULL),
(825, 1220, 3, NULL, NULL, NULL),
(826, 1221, 3, NULL, NULL, NULL),
(827, 1222, 3, NULL, NULL, NULL),
(828, 1223, 3, NULL, NULL, NULL),
(829, 1224, 3, NULL, NULL, NULL),
(830, 1225, 3, NULL, NULL, NULL),
(831, 1226, 3, NULL, NULL, NULL),
(832, 1227, 3, NULL, NULL, NULL),
(833, 1228, 3, NULL, NULL, NULL),
(834, 1229, 3, NULL, NULL, NULL),
(835, 1230, 3, NULL, NULL, NULL),
(836, 1231, 3, NULL, NULL, NULL),
(837, 1232, 3, NULL, NULL, NULL),
(838, 1233, 3, NULL, NULL, NULL),
(839, 1234, 3, NULL, NULL, NULL),
(840, 1235, 3, NULL, NULL, NULL),
(841, 1236, 3, NULL, NULL, NULL),
(842, 1237, 3, NULL, NULL, NULL),
(843, 1238, 3, NULL, NULL, NULL),
(844, 1239, 3, NULL, NULL, NULL),
(845, 1240, 3, NULL, NULL, NULL),
(846, 1241, 3, NULL, NULL, NULL),
(847, 1242, 3, NULL, NULL, NULL),
(848, 1243, 3, NULL, NULL, NULL),
(849, 1244, 3, NULL, NULL, NULL),
(850, 1245, 3, NULL, NULL, NULL),
(851, 1246, 3, NULL, NULL, NULL),
(852, 1247, 3, NULL, NULL, NULL),
(853, 1248, 3, NULL, NULL, NULL),
(854, 1249, 3, NULL, NULL, NULL),
(855, 1250, 3, NULL, NULL, NULL),
(856, 1251, 3, NULL, NULL, NULL),
(857, 1252, 3, NULL, NULL, NULL),
(858, 1253, 3, NULL, NULL, NULL),
(859, 1254, 3, NULL, NULL, NULL),
(860, 1255, 3, NULL, NULL, NULL),
(861, 826, 4, NULL, NULL, NULL),
(862, 827, 4, NULL, NULL, NULL),
(863, 828, 4, NULL, NULL, NULL),
(864, 829, 4, NULL, NULL, NULL),
(865, 830, 4, NULL, NULL, NULL),
(866, 831, 4, NULL, NULL, NULL),
(867, 832, 4, NULL, NULL, NULL),
(868, 833, 4, NULL, NULL, NULL),
(869, 834, 4, NULL, NULL, NULL),
(870, 835, 4, NULL, NULL, NULL),
(871, 836, 4, NULL, NULL, NULL),
(872, 837, 4, NULL, NULL, NULL),
(873, 838, 4, NULL, NULL, NULL),
(874, 839, 4, NULL, NULL, NULL),
(875, 840, 4, NULL, NULL, NULL),
(876, 841, 4, NULL, NULL, NULL),
(877, 842, 4, NULL, NULL, NULL),
(878, 843, 4, NULL, NULL, NULL),
(879, 844, 4, NULL, NULL, NULL),
(880, 845, 4, NULL, NULL, NULL),
(881, 846, 4, NULL, NULL, NULL),
(882, 847, 4, NULL, NULL, NULL),
(883, 848, 4, NULL, NULL, NULL),
(884, 849, 4, NULL, NULL, NULL),
(885, 850, 4, NULL, NULL, NULL),
(886, 851, 4, NULL, NULL, NULL),
(887, 852, 4, NULL, NULL, NULL),
(888, 853, 4, NULL, NULL, NULL),
(889, 854, 4, NULL, NULL, NULL),
(890, 855, 4, NULL, NULL, NULL),
(891, 856, 4, NULL, NULL, NULL),
(892, 857, 4, NULL, NULL, NULL),
(893, 858, 4, NULL, NULL, NULL),
(894, 859, 4, NULL, NULL, NULL),
(895, 860, 4, NULL, NULL, NULL),
(896, 861, 4, NULL, NULL, NULL),
(897, 862, 4, NULL, NULL, NULL),
(898, 863, 4, NULL, NULL, NULL),
(899, 864, 4, NULL, NULL, NULL),
(900, 865, 4, NULL, NULL, NULL),
(901, 866, 4, NULL, NULL, NULL),
(902, 867, 4, NULL, NULL, NULL),
(903, 868, 4, NULL, NULL, NULL),
(904, 869, 4, NULL, NULL, NULL),
(905, 870, 4, NULL, NULL, NULL),
(906, 871, 4, NULL, NULL, NULL),
(907, 872, 4, NULL, NULL, NULL),
(908, 873, 4, NULL, NULL, NULL),
(909, 874, 4, NULL, NULL, NULL),
(910, 875, 4, NULL, NULL, NULL),
(911, 876, 4, NULL, NULL, NULL),
(912, 877, 4, NULL, NULL, NULL),
(913, 878, 4, NULL, NULL, NULL),
(914, 879, 4, NULL, NULL, NULL),
(915, 880, 4, NULL, NULL, NULL),
(916, 881, 4, NULL, NULL, NULL),
(917, 882, 4, NULL, NULL, NULL),
(918, 883, 4, NULL, NULL, NULL),
(919, 884, 4, NULL, NULL, NULL),
(920, 885, 4, NULL, NULL, NULL),
(921, 886, 4, NULL, NULL, NULL),
(922, 887, 4, NULL, NULL, NULL),
(923, 888, 4, NULL, NULL, NULL),
(924, 889, 4, NULL, NULL, NULL),
(925, 890, 4, NULL, NULL, NULL),
(926, 891, 4, NULL, NULL, NULL),
(927, 892, 4, NULL, NULL, NULL),
(928, 893, 4, NULL, NULL, NULL),
(929, 894, 4, NULL, NULL, NULL),
(930, 895, 4, NULL, NULL, NULL),
(931, 896, 4, NULL, NULL, NULL),
(932, 897, 4, NULL, NULL, NULL),
(933, 898, 4, NULL, NULL, NULL),
(934, 899, 4, NULL, NULL, NULL),
(935, 900, 4, NULL, NULL, NULL),
(936, 901, 4, NULL, NULL, NULL),
(937, 902, 4, NULL, NULL, NULL),
(938, 903, 4, NULL, NULL, NULL),
(939, 904, 4, NULL, NULL, NULL),
(940, 905, 4, NULL, NULL, NULL),
(941, 906, 4, NULL, NULL, NULL),
(942, 907, 4, NULL, NULL, NULL),
(943, 908, 4, NULL, NULL, NULL),
(944, 909, 4, NULL, NULL, NULL),
(945, 910, 4, NULL, NULL, NULL),
(946, 911, 4, NULL, NULL, NULL),
(947, 912, 4, NULL, NULL, NULL),
(948, 913, 4, NULL, NULL, NULL),
(949, 914, 4, NULL, NULL, NULL),
(950, 915, 4, NULL, NULL, NULL),
(951, 916, 4, NULL, NULL, NULL),
(952, 917, 4, NULL, NULL, NULL),
(953, 918, 4, NULL, NULL, NULL),
(954, 919, 4, NULL, NULL, NULL),
(955, 920, 4, NULL, NULL, NULL),
(956, 921, 4, NULL, NULL, NULL),
(957, 922, 4, NULL, NULL, NULL),
(958, 923, 4, NULL, NULL, NULL),
(959, 924, 4, NULL, NULL, NULL),
(960, 925, 4, NULL, NULL, NULL),
(961, 926, 4, NULL, NULL, NULL),
(962, 927, 4, NULL, NULL, NULL),
(963, 928, 4, NULL, NULL, NULL),
(964, 929, 4, NULL, NULL, NULL),
(965, 930, 4, NULL, NULL, NULL),
(966, 931, 4, NULL, NULL, NULL),
(967, 932, 4, NULL, NULL, NULL),
(968, 933, 4, NULL, NULL, NULL),
(969, 934, 4, NULL, NULL, NULL),
(970, 935, 4, NULL, NULL, NULL),
(971, 936, 4, NULL, NULL, NULL),
(972, 937, 4, NULL, NULL, NULL),
(973, 938, 4, NULL, NULL, NULL),
(974, 939, 4, NULL, NULL, NULL),
(975, 940, 4, NULL, NULL, NULL),
(976, 941, 4, NULL, NULL, NULL),
(977, 942, 4, NULL, NULL, NULL),
(978, 943, 4, NULL, NULL, NULL),
(979, 944, 4, NULL, NULL, NULL),
(980, 945, 4, NULL, NULL, NULL),
(981, 946, 4, NULL, NULL, NULL),
(982, 947, 4, NULL, NULL, NULL),
(983, 948, 4, NULL, NULL, NULL),
(984, 949, 4, NULL, NULL, NULL),
(985, 950, 4, NULL, NULL, NULL),
(986, 951, 4, NULL, NULL, NULL),
(987, 952, 4, NULL, NULL, NULL),
(988, 953, 4, NULL, NULL, NULL),
(989, 954, 4, NULL, NULL, NULL),
(990, 955, 4, NULL, NULL, NULL),
(991, 956, 4, NULL, NULL, NULL),
(992, 957, 4, NULL, NULL, NULL),
(993, 958, 4, NULL, NULL, NULL),
(994, 959, 4, NULL, NULL, NULL),
(995, 960, 4, NULL, NULL, NULL),
(996, 961, 4, NULL, NULL, NULL),
(997, 962, 4, NULL, NULL, NULL),
(998, 963, 4, NULL, NULL, NULL),
(999, 964, 4, NULL, NULL, NULL),
(1000, 965, 4, NULL, NULL, NULL),
(1001, 966, 4, NULL, NULL, NULL),
(1002, 967, 4, NULL, NULL, NULL),
(1003, 968, 4, NULL, NULL, NULL),
(1004, 969, 4, NULL, NULL, NULL),
(1005, 970, 4, NULL, NULL, NULL),
(1006, 971, 4, NULL, NULL, NULL),
(1007, 972, 4, NULL, NULL, NULL),
(1008, 973, 4, NULL, NULL, NULL),
(1009, 974, 4, NULL, NULL, NULL),
(1010, 975, 4, NULL, NULL, NULL),
(1011, 976, 4, NULL, NULL, NULL),
(1012, 977, 4, NULL, NULL, NULL),
(1013, 978, 4, NULL, NULL, NULL),
(1014, 979, 4, NULL, NULL, NULL),
(1015, 980, 4, NULL, NULL, NULL),
(1016, 981, 4, NULL, NULL, NULL),
(1017, 982, 4, NULL, NULL, NULL),
(1018, 983, 4, NULL, NULL, NULL),
(1019, 984, 4, NULL, NULL, NULL),
(1020, 985, 4, NULL, NULL, NULL),
(1021, 986, 4, NULL, NULL, NULL),
(1022, 987, 4, NULL, NULL, NULL),
(1023, 988, 4, NULL, NULL, NULL),
(1024, 989, 4, NULL, NULL, NULL),
(1025, 990, 4, NULL, NULL, NULL),
(1026, 991, 4, NULL, NULL, NULL),
(1027, 992, 4, NULL, NULL, NULL),
(1028, 993, 4, NULL, NULL, NULL),
(1029, 994, 4, NULL, NULL, NULL),
(1030, 995, 4, NULL, NULL, NULL),
(1031, 996, 4, NULL, NULL, NULL),
(1032, 997, 4, NULL, NULL, NULL),
(1033, 998, 4, NULL, NULL, NULL),
(1034, 999, 4, NULL, NULL, NULL),
(1035, 1000, 4, NULL, NULL, NULL),
(1036, 1001, 4, NULL, NULL, NULL),
(1037, 1002, 4, NULL, NULL, NULL),
(1038, 1003, 4, NULL, NULL, NULL),
(1039, 1004, 4, NULL, NULL, NULL),
(1040, 1005, 4, NULL, NULL, NULL),
(1041, 1006, 4, NULL, NULL, NULL),
(1042, 1007, 4, NULL, NULL, NULL),
(1043, 1008, 4, NULL, NULL, NULL),
(1044, 1009, 4, NULL, NULL, NULL),
(1045, 1010, 4, NULL, NULL, NULL),
(1046, 1011, 4, NULL, NULL, NULL),
(1047, 1012, 4, NULL, NULL, NULL),
(1048, 1013, 4, NULL, NULL, NULL),
(1049, 1014, 4, NULL, NULL, NULL),
(1050, 1015, 4, NULL, NULL, NULL),
(1051, 1016, 4, NULL, NULL, NULL),
(1052, 1017, 4, NULL, NULL, NULL),
(1053, 1018, 4, NULL, NULL, NULL),
(1054, 1019, 4, NULL, NULL, NULL),
(1055, 1020, 4, NULL, NULL, NULL),
(1056, 1021, 4, NULL, NULL, NULL),
(1057, 1022, 4, NULL, NULL, NULL),
(1058, 1023, 4, NULL, NULL, NULL),
(1059, 1024, 4, NULL, NULL, NULL),
(1060, 1025, 4, NULL, NULL, NULL),
(1061, 1026, 4, NULL, NULL, NULL),
(1062, 1027, 4, NULL, NULL, NULL),
(1063, 1028, 4, NULL, NULL, NULL),
(1064, 1029, 4, NULL, NULL, NULL),
(1065, 1030, 4, NULL, NULL, NULL),
(1066, 1031, 4, NULL, NULL, NULL),
(1067, 1032, 4, NULL, NULL, NULL),
(1068, 1033, 4, NULL, NULL, NULL),
(1069, 1034, 4, NULL, NULL, NULL),
(1070, 1035, 4, NULL, NULL, NULL),
(1071, 1036, 4, NULL, NULL, NULL),
(1072, 1037, 4, NULL, NULL, NULL),
(1073, 1038, 4, NULL, NULL, NULL),
(1074, 1039, 4, NULL, NULL, NULL),
(1075, 1040, 4, NULL, NULL, NULL),
(1076, 1041, 4, NULL, NULL, NULL),
(1077, 1042, 4, NULL, NULL, NULL),
(1078, 1043, 4, NULL, NULL, NULL),
(1079, 1044, 4, NULL, NULL, NULL),
(1080, 1045, 4, NULL, NULL, NULL),
(1081, 1046, 4, NULL, NULL, NULL),
(1082, 1047, 4, NULL, NULL, NULL),
(1083, 1048, 4, NULL, NULL, NULL),
(1084, 1049, 4, NULL, NULL, NULL),
(1085, 1050, 4, NULL, NULL, NULL),
(1086, 1051, 4, NULL, NULL, NULL),
(1087, 1052, 4, NULL, NULL, NULL),
(1088, 1053, 4, NULL, NULL, NULL),
(1089, 1054, 4, NULL, NULL, NULL),
(1090, 1055, 4, NULL, NULL, NULL),
(1091, 1056, 4, NULL, NULL, NULL),
(1092, 1057, 4, NULL, NULL, NULL),
(1093, 1058, 4, NULL, NULL, NULL),
(1094, 1059, 4, NULL, NULL, NULL),
(1095, 1060, 4, NULL, NULL, NULL),
(1096, 1061, 4, NULL, NULL, NULL),
(1097, 1062, 4, NULL, NULL, NULL),
(1098, 1063, 4, NULL, NULL, NULL),
(1099, 1064, 4, NULL, NULL, NULL),
(1100, 1065, 4, NULL, NULL, NULL),
(1101, 1066, 4, NULL, NULL, NULL),
(1102, 1067, 4, NULL, NULL, NULL),
(1103, 1068, 4, NULL, NULL, NULL),
(1104, 1069, 4, NULL, NULL, NULL),
(1105, 1070, 4, NULL, NULL, NULL),
(1106, 1071, 4, NULL, NULL, NULL),
(1107, 1072, 4, NULL, NULL, NULL),
(1108, 1073, 4, NULL, NULL, NULL),
(1109, 1074, 4, NULL, NULL, NULL),
(1110, 1075, 4, NULL, NULL, NULL),
(1111, 1076, 4, NULL, NULL, NULL),
(1112, 1077, 4, NULL, NULL, NULL),
(1113, 1078, 4, NULL, NULL, NULL),
(1114, 1079, 4, NULL, NULL, NULL),
(1115, 1080, 4, NULL, NULL, NULL),
(1116, 1081, 4, NULL, NULL, NULL),
(1117, 1082, 4, NULL, NULL, NULL),
(1118, 1083, 4, NULL, NULL, NULL),
(1119, 1084, 4, NULL, NULL, NULL),
(1120, 1085, 4, NULL, NULL, NULL),
(1121, 1086, 4, NULL, NULL, NULL),
(1122, 1087, 4, NULL, NULL, NULL),
(1123, 1088, 4, NULL, NULL, NULL),
(1124, 1089, 4, NULL, NULL, NULL),
(1125, 1090, 4, NULL, NULL, NULL),
(1126, 1091, 4, NULL, NULL, NULL),
(1127, 1092, 4, NULL, NULL, NULL),
(1128, 1093, 4, NULL, NULL, NULL),
(1129, 1094, 4, NULL, NULL, NULL),
(1130, 1095, 4, NULL, NULL, NULL),
(1131, 1096, 4, NULL, NULL, NULL),
(1132, 1097, 4, NULL, NULL, NULL),
(1133, 1098, 4, NULL, NULL, NULL),
(1134, 1099, 4, NULL, NULL, NULL),
(1135, 1100, 4, NULL, NULL, NULL),
(1136, 1101, 4, NULL, NULL, NULL),
(1137, 1102, 4, NULL, NULL, NULL),
(1138, 1103, 4, NULL, NULL, NULL),
(1139, 1104, 4, NULL, NULL, NULL),
(1140, 1105, 4, NULL, NULL, NULL),
(1141, 1106, 4, NULL, NULL, NULL),
(1142, 1107, 4, NULL, NULL, NULL),
(1143, 1108, 4, NULL, NULL, NULL),
(1144, 1109, 4, NULL, NULL, NULL),
(1145, 1110, 4, NULL, NULL, NULL),
(1146, 1111, 4, NULL, NULL, NULL),
(1147, 1112, 4, NULL, NULL, NULL),
(1148, 1113, 4, NULL, NULL, NULL),
(1149, 1114, 4, NULL, NULL, NULL),
(1150, 1115, 4, NULL, NULL, NULL),
(1151, 1116, 4, NULL, NULL, NULL),
(1152, 1117, 4, NULL, NULL, NULL),
(1153, 1118, 4, NULL, NULL, NULL),
(1154, 1119, 4, NULL, NULL, NULL),
(1155, 1120, 4, NULL, NULL, NULL),
(1156, 1121, 4, NULL, NULL, NULL),
(1157, 1122, 4, NULL, NULL, NULL),
(1158, 1123, 4, NULL, NULL, NULL),
(1159, 1124, 4, NULL, NULL, NULL),
(1160, 1125, 4, NULL, NULL, NULL),
(1161, 1126, 4, NULL, NULL, NULL),
(1162, 1127, 4, NULL, NULL, NULL),
(1163, 1128, 4, NULL, NULL, NULL),
(1164, 1129, 4, NULL, NULL, NULL),
(1165, 1130, 4, NULL, NULL, NULL),
(1166, 1131, 4, NULL, NULL, NULL),
(1167, 1132, 4, NULL, NULL, NULL),
(1168, 1133, 4, NULL, NULL, NULL),
(1169, 1134, 4, NULL, NULL, NULL),
(1170, 1135, 4, NULL, NULL, NULL),
(1171, 1136, 4, NULL, NULL, NULL),
(1172, 1137, 4, NULL, NULL, NULL),
(1173, 1138, 4, NULL, NULL, NULL),
(1174, 1139, 4, NULL, NULL, NULL),
(1175, 1140, 4, NULL, NULL, NULL),
(1176, 1141, 4, NULL, NULL, NULL),
(1177, 1142, 4, NULL, NULL, NULL),
(1178, 1143, 4, NULL, NULL, NULL),
(1179, 1144, 4, NULL, NULL, NULL),
(1180, 1145, 4, NULL, NULL, NULL),
(1181, 1146, 4, NULL, NULL, NULL),
(1182, 1147, 4, NULL, NULL, NULL),
(1183, 1148, 4, NULL, NULL, NULL),
(1184, 1149, 4, NULL, NULL, NULL),
(1185, 1150, 4, NULL, NULL, NULL),
(1186, 1151, 4, NULL, NULL, NULL),
(1187, 1152, 4, NULL, NULL, NULL),
(1188, 1153, 4, NULL, NULL, NULL),
(1189, 1154, 4, NULL, NULL, NULL),
(1190, 1155, 4, NULL, NULL, NULL),
(1191, 1156, 4, NULL, NULL, NULL),
(1192, 1157, 4, NULL, NULL, NULL),
(1193, 1158, 4, NULL, NULL, NULL),
(1194, 1159, 4, NULL, NULL, NULL),
(1195, 1160, 4, NULL, NULL, NULL),
(1196, 1161, 4, NULL, NULL, NULL),
(1197, 1162, 4, NULL, NULL, NULL),
(1198, 1163, 4, NULL, NULL, NULL),
(1199, 1164, 4, NULL, NULL, NULL),
(1200, 1165, 4, NULL, NULL, NULL),
(1201, 1166, 4, NULL, NULL, NULL),
(1202, 1167, 4, NULL, NULL, NULL),
(1203, 1168, 4, NULL, NULL, NULL),
(1204, 1169, 4, NULL, NULL, NULL),
(1205, 1170, 4, NULL, NULL, NULL),
(1206, 1171, 4, NULL, NULL, NULL),
(1207, 1172, 4, NULL, NULL, NULL),
(1208, 1173, 4, NULL, NULL, NULL),
(1209, 1174, 4, NULL, NULL, NULL),
(1210, 1175, 4, NULL, NULL, NULL),
(1211, 1176, 4, NULL, NULL, NULL),
(1212, 1177, 4, NULL, NULL, NULL),
(1213, 1178, 4, NULL, NULL, NULL),
(1214, 1179, 4, NULL, NULL, NULL),
(1215, 1180, 4, NULL, NULL, NULL),
(1216, 1181, 4, NULL, NULL, NULL),
(1217, 1182, 4, NULL, NULL, NULL),
(1218, 1183, 4, NULL, NULL, NULL),
(1219, 1184, 4, NULL, NULL, NULL),
(1220, 1185, 4, NULL, NULL, NULL),
(1221, 1186, 4, NULL, NULL, NULL),
(1222, 1187, 4, NULL, NULL, NULL),
(1223, 1188, 4, NULL, NULL, NULL),
(1224, 1189, 4, NULL, NULL, NULL),
(1225, 1190, 4, NULL, NULL, NULL),
(1226, 1191, 4, NULL, NULL, NULL),
(1227, 1192, 4, NULL, NULL, NULL),
(1228, 1193, 4, NULL, NULL, NULL),
(1229, 1194, 4, NULL, NULL, NULL),
(1230, 1195, 4, NULL, NULL, NULL),
(1231, 1196, 4, NULL, NULL, NULL),
(1232, 1197, 4, NULL, NULL, NULL),
(1233, 1198, 4, NULL, NULL, NULL),
(1234, 1199, 4, NULL, NULL, NULL),
(1235, 1200, 4, NULL, NULL, NULL),
(1236, 1201, 4, NULL, NULL, NULL),
(1237, 1202, 4, NULL, NULL, NULL),
(1238, 1203, 4, NULL, NULL, NULL),
(1239, 1204, 4, NULL, NULL, NULL),
(1240, 1205, 4, NULL, NULL, NULL),
(1241, 1206, 4, NULL, NULL, NULL),
(1242, 1207, 4, NULL, NULL, NULL),
(1243, 1208, 4, NULL, NULL, NULL),
(1244, 1209, 4, NULL, NULL, NULL),
(1245, 1210, 4, NULL, NULL, NULL),
(1246, 1211, 4, NULL, NULL, NULL),
(1247, 1212, 4, NULL, NULL, NULL),
(1248, 1213, 4, NULL, NULL, NULL),
(1249, 1214, 4, NULL, NULL, NULL),
(1250, 1215, 4, NULL, NULL, NULL),
(1251, 1216, 4, NULL, NULL, NULL),
(1252, 1217, 4, NULL, NULL, NULL),
(1253, 1218, 4, NULL, NULL, NULL),
(1254, 1219, 4, NULL, NULL, NULL),
(1255, 1220, 4, NULL, NULL, NULL),
(1256, 1221, 4, NULL, NULL, NULL),
(1257, 1222, 4, NULL, NULL, NULL),
(1258, 1223, 4, NULL, NULL, NULL),
(1259, 1224, 4, NULL, NULL, NULL),
(1260, 1225, 4, NULL, NULL, NULL),
(1261, 1226, 4, NULL, NULL, NULL),
(1262, 1227, 4, NULL, NULL, NULL),
(1263, 1228, 4, NULL, NULL, NULL),
(1264, 1229, 4, NULL, NULL, NULL),
(1265, 1230, 4, NULL, NULL, NULL),
(1266, 1231, 4, NULL, NULL, NULL),
(1267, 1232, 4, NULL, NULL, NULL),
(1268, 1233, 4, NULL, NULL, NULL),
(1269, 1234, 4, NULL, NULL, NULL),
(1270, 1235, 4, NULL, NULL, NULL),
(1271, 1236, 4, NULL, NULL, NULL),
(1272, 1237, 4, NULL, NULL, NULL),
(1273, 1238, 4, NULL, NULL, NULL),
(1274, 1239, 4, NULL, NULL, NULL),
(1275, 1240, 4, NULL, NULL, NULL),
(1276, 1241, 4, NULL, NULL, NULL),
(1277, 1242, 4, NULL, NULL, NULL),
(1278, 1243, 4, NULL, NULL, NULL),
(1279, 1244, 4, NULL, NULL, NULL),
(1280, 1245, 4, NULL, NULL, NULL),
(1281, 1246, 4, NULL, NULL, NULL),
(1282, 1247, 4, NULL, NULL, NULL),
(1283, 1248, 4, NULL, NULL, NULL),
(1284, 1249, 4, NULL, NULL, NULL),
(1285, 1250, 4, NULL, NULL, NULL),
(1286, 1251, 4, NULL, NULL, NULL),
(1287, 1252, 4, NULL, NULL, NULL),
(1288, 1253, 4, NULL, NULL, NULL),
(1289, 1254, 4, NULL, NULL, NULL),
(1290, 1255, 4, NULL, NULL, NULL),
(1291, 826, 5, NULL, NULL, NULL),
(1292, 827, 5, NULL, NULL, NULL),
(1293, 828, 5, NULL, NULL, NULL),
(1294, 829, 5, NULL, NULL, NULL),
(1295, 830, 5, NULL, NULL, NULL),
(1296, 831, 5, NULL, NULL, NULL),
(1297, 832, 5, NULL, NULL, NULL),
(1298, 833, 5, NULL, NULL, NULL),
(1299, 834, 5, NULL, NULL, NULL),
(1300, 835, 5, NULL, NULL, NULL),
(1301, 836, 5, NULL, NULL, NULL),
(1302, 837, 5, NULL, NULL, NULL),
(1303, 838, 5, NULL, NULL, NULL),
(1304, 839, 5, NULL, NULL, NULL),
(1305, 840, 5, NULL, NULL, NULL),
(1306, 841, 5, NULL, NULL, NULL),
(1307, 842, 5, NULL, NULL, NULL),
(1308, 843, 5, NULL, NULL, NULL),
(1309, 844, 5, NULL, NULL, NULL),
(1310, 845, 5, NULL, NULL, NULL),
(1311, 846, 5, NULL, NULL, NULL),
(1312, 847, 5, NULL, NULL, NULL),
(1313, 848, 5, NULL, NULL, NULL),
(1314, 849, 5, NULL, NULL, NULL),
(1315, 850, 5, NULL, NULL, NULL),
(1316, 851, 5, NULL, NULL, NULL),
(1317, 852, 5, NULL, NULL, NULL),
(1318, 853, 5, NULL, NULL, NULL),
(1319, 854, 5, NULL, NULL, NULL),
(1320, 855, 5, NULL, NULL, NULL),
(1321, 856, 5, NULL, NULL, NULL),
(1322, 857, 5, NULL, NULL, NULL),
(1323, 858, 5, NULL, NULL, NULL),
(1324, 859, 5, NULL, NULL, NULL),
(1325, 860, 5, NULL, NULL, NULL),
(1326, 861, 5, NULL, NULL, NULL),
(1327, 862, 5, NULL, NULL, NULL),
(1328, 863, 5, NULL, NULL, NULL),
(1329, 864, 5, NULL, NULL, NULL),
(1330, 865, 5, NULL, NULL, NULL),
(1331, 866, 5, NULL, NULL, NULL),
(1332, 867, 5, NULL, NULL, NULL),
(1333, 868, 5, NULL, NULL, NULL),
(1334, 869, 5, NULL, NULL, NULL),
(1335, 870, 5, NULL, NULL, NULL),
(1336, 871, 5, NULL, NULL, NULL),
(1337, 872, 5, NULL, NULL, NULL),
(1338, 873, 5, NULL, NULL, NULL),
(1339, 874, 5, NULL, NULL, NULL),
(1340, 875, 5, NULL, NULL, NULL),
(1341, 876, 5, NULL, NULL, NULL),
(1342, 877, 5, NULL, NULL, NULL),
(1343, 878, 5, NULL, NULL, NULL),
(1344, 879, 5, NULL, NULL, NULL),
(1345, 880, 5, NULL, NULL, NULL),
(1346, 881, 5, NULL, NULL, NULL),
(1347, 882, 5, NULL, NULL, NULL),
(1348, 883, 5, NULL, NULL, NULL),
(1349, 884, 5, NULL, NULL, NULL),
(1350, 885, 5, NULL, NULL, NULL),
(1351, 886, 5, NULL, NULL, NULL),
(1352, 887, 5, NULL, NULL, NULL),
(1353, 888, 5, NULL, NULL, NULL),
(1354, 889, 5, NULL, NULL, NULL),
(1355, 890, 5, NULL, NULL, NULL),
(1356, 891, 5, NULL, NULL, NULL),
(1357, 892, 5, NULL, NULL, NULL),
(1358, 893, 5, NULL, NULL, NULL),
(1359, 894, 5, NULL, NULL, NULL),
(1360, 895, 5, NULL, NULL, NULL),
(1361, 896, 5, NULL, NULL, NULL),
(1362, 897, 5, NULL, NULL, NULL),
(1363, 898, 5, NULL, NULL, NULL),
(1364, 899, 5, NULL, NULL, NULL),
(1365, 900, 5, NULL, NULL, NULL),
(1366, 901, 5, NULL, NULL, NULL),
(1367, 902, 5, NULL, NULL, NULL),
(1368, 903, 5, NULL, NULL, NULL),
(1369, 904, 5, NULL, NULL, NULL),
(1370, 905, 5, NULL, NULL, NULL),
(1371, 906, 5, NULL, NULL, NULL),
(1372, 907, 5, NULL, NULL, NULL),
(1373, 908, 5, NULL, NULL, NULL),
(1374, 909, 5, NULL, NULL, NULL),
(1375, 910, 5, NULL, NULL, NULL),
(1376, 911, 5, NULL, NULL, NULL),
(1377, 912, 5, NULL, NULL, NULL),
(1378, 913, 5, NULL, NULL, NULL),
(1379, 914, 5, NULL, NULL, NULL),
(1380, 915, 5, NULL, NULL, NULL),
(1381, 916, 5, NULL, NULL, NULL),
(1382, 917, 5, NULL, NULL, NULL),
(1383, 918, 5, NULL, NULL, NULL),
(1384, 919, 5, NULL, NULL, NULL),
(1385, 920, 5, NULL, NULL, NULL),
(1386, 921, 5, NULL, NULL, NULL),
(1387, 922, 5, NULL, NULL, NULL),
(1388, 923, 5, NULL, NULL, NULL),
(1389, 924, 5, NULL, NULL, NULL),
(1390, 925, 5, NULL, NULL, NULL),
(1391, 926, 5, NULL, NULL, NULL),
(1392, 927, 5, NULL, NULL, NULL),
(1393, 928, 5, NULL, NULL, NULL),
(1394, 929, 5, NULL, NULL, NULL),
(1395, 930, 5, NULL, NULL, NULL),
(1396, 931, 5, NULL, NULL, NULL),
(1397, 932, 5, NULL, NULL, NULL),
(1398, 933, 5, NULL, NULL, NULL),
(1399, 934, 5, NULL, NULL, NULL),
(1400, 935, 5, NULL, NULL, NULL),
(1401, 936, 5, NULL, NULL, NULL),
(1402, 937, 5, NULL, NULL, NULL),
(1403, 938, 5, NULL, NULL, NULL),
(1404, 939, 5, NULL, NULL, NULL),
(1405, 940, 5, NULL, NULL, NULL),
(1406, 941, 5, NULL, NULL, NULL),
(1407, 942, 5, NULL, NULL, NULL),
(1408, 943, 5, NULL, NULL, NULL),
(1409, 944, 5, NULL, NULL, NULL),
(1410, 945, 5, NULL, NULL, NULL),
(1411, 946, 5, NULL, NULL, NULL),
(1412, 947, 5, NULL, NULL, NULL),
(1413, 948, 5, NULL, NULL, NULL),
(1414, 949, 5, NULL, NULL, NULL),
(1415, 950, 5, NULL, NULL, NULL),
(1416, 951, 5, NULL, NULL, NULL),
(1417, 952, 5, NULL, NULL, NULL),
(1418, 953, 5, NULL, NULL, NULL),
(1419, 954, 5, NULL, NULL, NULL),
(1420, 955, 5, NULL, NULL, NULL),
(1421, 956, 5, NULL, NULL, NULL),
(1422, 957, 5, NULL, NULL, NULL),
(1423, 958, 5, NULL, NULL, NULL),
(1424, 959, 5, NULL, NULL, NULL),
(1425, 960, 5, NULL, NULL, NULL),
(1426, 961, 5, NULL, NULL, NULL),
(1427, 962, 5, NULL, NULL, NULL),
(1428, 963, 5, NULL, NULL, NULL),
(1429, 964, 5, NULL, NULL, NULL),
(1430, 965, 5, NULL, NULL, NULL),
(1431, 966, 5, NULL, NULL, NULL),
(1432, 967, 5, NULL, NULL, NULL),
(1433, 968, 5, NULL, NULL, NULL),
(1434, 969, 5, NULL, NULL, NULL),
(1435, 970, 5, NULL, NULL, NULL),
(1436, 971, 5, NULL, NULL, NULL),
(1437, 972, 5, NULL, NULL, NULL),
(1438, 973, 5, NULL, NULL, NULL),
(1439, 974, 5, NULL, NULL, NULL),
(1440, 975, 5, NULL, NULL, NULL),
(1441, 976, 5, NULL, NULL, NULL),
(1442, 977, 5, NULL, NULL, NULL),
(1443, 978, 5, NULL, NULL, NULL),
(1444, 979, 5, NULL, NULL, NULL),
(1445, 980, 5, NULL, NULL, NULL),
(1446, 981, 5, NULL, NULL, NULL),
(1447, 982, 5, NULL, NULL, NULL),
(1448, 983, 5, NULL, NULL, NULL),
(1449, 984, 5, NULL, NULL, NULL),
(1450, 985, 5, NULL, NULL, NULL),
(1451, 986, 5, NULL, NULL, NULL),
(1452, 987, 5, NULL, NULL, NULL),
(1453, 988, 5, NULL, NULL, NULL),
(1454, 989, 5, NULL, NULL, NULL),
(1455, 990, 5, NULL, NULL, NULL),
(1456, 991, 5, NULL, NULL, NULL),
(1457, 992, 5, NULL, NULL, NULL),
(1458, 993, 5, NULL, NULL, NULL),
(1459, 994, 5, NULL, NULL, NULL),
(1460, 995, 5, NULL, NULL, NULL),
(1461, 996, 5, NULL, NULL, NULL),
(1462, 997, 5, NULL, NULL, NULL),
(1463, 998, 5, NULL, NULL, NULL),
(1464, 999, 5, NULL, NULL, NULL),
(1465, 1000, 5, NULL, NULL, NULL),
(1466, 1001, 5, NULL, NULL, NULL),
(1467, 1002, 5, NULL, NULL, NULL),
(1468, 1003, 5, NULL, NULL, NULL),
(1469, 1004, 5, NULL, NULL, NULL),
(1470, 1005, 5, NULL, NULL, NULL),
(1471, 1006, 5, NULL, NULL, NULL),
(1472, 1007, 5, NULL, NULL, NULL),
(1473, 1008, 5, NULL, NULL, NULL),
(1474, 1009, 5, NULL, NULL, NULL),
(1475, 1010, 5, NULL, NULL, NULL),
(1476, 1011, 5, NULL, NULL, NULL),
(1477, 1012, 5, NULL, NULL, NULL),
(1478, 1013, 5, NULL, NULL, NULL),
(1479, 1014, 5, NULL, NULL, NULL),
(1480, 1015, 5, NULL, NULL, NULL),
(1481, 1016, 5, NULL, NULL, NULL),
(1482, 1017, 5, NULL, NULL, NULL),
(1483, 1018, 5, NULL, NULL, NULL),
(1484, 1019, 5, NULL, NULL, NULL),
(1485, 1020, 5, NULL, NULL, NULL),
(1486, 1021, 5, NULL, NULL, NULL),
(1487, 1022, 5, NULL, NULL, NULL),
(1488, 1023, 5, NULL, NULL, NULL),
(1489, 1024, 5, NULL, NULL, NULL),
(1490, 1025, 5, NULL, NULL, NULL),
(1491, 1026, 5, NULL, NULL, NULL),
(1492, 1027, 5, NULL, NULL, NULL),
(1493, 1028, 5, NULL, NULL, NULL),
(1494, 1029, 5, NULL, NULL, NULL),
(1495, 1030, 5, NULL, NULL, NULL),
(1496, 1031, 5, NULL, NULL, NULL),
(1497, 1032, 5, NULL, NULL, NULL),
(1498, 1033, 5, NULL, NULL, NULL),
(1499, 1034, 5, NULL, NULL, NULL),
(1500, 1035, 5, NULL, NULL, NULL),
(1501, 1036, 5, NULL, NULL, NULL),
(1502, 1037, 5, NULL, NULL, NULL),
(1503, 1038, 5, NULL, NULL, NULL),
(1504, 1039, 5, NULL, NULL, NULL),
(1505, 1040, 5, NULL, NULL, NULL),
(1506, 1041, 5, NULL, NULL, NULL),
(1507, 1042, 5, NULL, NULL, NULL),
(1508, 1043, 5, NULL, NULL, NULL),
(1509, 1044, 5, NULL, NULL, NULL),
(1510, 1045, 5, NULL, NULL, NULL),
(1511, 1046, 5, NULL, NULL, NULL),
(1512, 1047, 5, NULL, NULL, NULL),
(1513, 1048, 5, NULL, NULL, NULL),
(1514, 1049, 5, NULL, NULL, NULL),
(1515, 1050, 5, NULL, NULL, NULL),
(1516, 1051, 5, NULL, NULL, NULL),
(1517, 1052, 5, NULL, NULL, NULL),
(1518, 1053, 5, NULL, NULL, NULL),
(1519, 1054, 5, NULL, NULL, NULL),
(1520, 1055, 5, NULL, NULL, NULL),
(1521, 1056, 5, NULL, NULL, NULL),
(1522, 1057, 5, NULL, NULL, NULL),
(1523, 1058, 5, NULL, NULL, NULL),
(1524, 1059, 5, NULL, NULL, NULL),
(1525, 1060, 5, NULL, NULL, NULL),
(1526, 1061, 5, NULL, NULL, NULL),
(1527, 1062, 5, NULL, NULL, NULL),
(1528, 1063, 5, NULL, NULL, NULL),
(1529, 1064, 5, NULL, NULL, NULL),
(1530, 1065, 5, NULL, NULL, NULL),
(1531, 1066, 5, NULL, NULL, NULL),
(1532, 1067, 5, NULL, NULL, NULL),
(1533, 1068, 5, NULL, NULL, NULL),
(1534, 1069, 5, NULL, NULL, NULL),
(1535, 1070, 5, NULL, NULL, NULL),
(1536, 1071, 5, NULL, NULL, NULL),
(1537, 1072, 5, NULL, NULL, NULL),
(1538, 1073, 5, NULL, NULL, NULL),
(1539, 1074, 5, NULL, NULL, NULL),
(1540, 1075, 5, NULL, NULL, NULL),
(1541, 1076, 5, NULL, NULL, NULL),
(1542, 1077, 5, NULL, NULL, NULL),
(1543, 1078, 5, NULL, NULL, NULL),
(1544, 1079, 5, NULL, NULL, NULL),
(1545, 1080, 5, NULL, NULL, NULL),
(1546, 1081, 5, NULL, NULL, NULL),
(1547, 1082, 5, NULL, NULL, NULL),
(1548, 1083, 5, NULL, NULL, NULL),
(1549, 1084, 5, NULL, NULL, NULL),
(1550, 1085, 5, NULL, NULL, NULL),
(1551, 1086, 5, NULL, NULL, NULL),
(1552, 1087, 5, NULL, NULL, NULL),
(1553, 1088, 5, NULL, NULL, NULL),
(1554, 1089, 5, NULL, NULL, NULL),
(1555, 1090, 5, NULL, NULL, NULL),
(1556, 1091, 5, NULL, NULL, NULL),
(1557, 1092, 5, NULL, NULL, NULL),
(1558, 1093, 5, NULL, NULL, NULL),
(1559, 1094, 5, NULL, NULL, NULL),
(1560, 1095, 5, NULL, NULL, NULL),
(1561, 1096, 5, NULL, NULL, NULL),
(1562, 1097, 5, NULL, NULL, NULL),
(1563, 1098, 5, NULL, NULL, NULL),
(1564, 1099, 5, NULL, NULL, NULL),
(1565, 1100, 5, NULL, NULL, NULL),
(1566, 1101, 5, NULL, NULL, NULL),
(1567, 1102, 5, NULL, NULL, NULL),
(1568, 1103, 5, NULL, NULL, NULL),
(1569, 1104, 5, NULL, NULL, NULL),
(1570, 1105, 5, NULL, NULL, NULL),
(1571, 1106, 5, NULL, NULL, NULL),
(1572, 1107, 5, NULL, NULL, NULL),
(1573, 1108, 5, NULL, NULL, NULL),
(1574, 1109, 5, NULL, NULL, NULL),
(1575, 1110, 5, NULL, NULL, NULL),
(1576, 1111, 5, NULL, NULL, NULL),
(1577, 1112, 5, NULL, NULL, NULL),
(1578, 1113, 5, NULL, NULL, NULL),
(1579, 1114, 5, NULL, NULL, NULL),
(1580, 1115, 5, NULL, NULL, NULL),
(1581, 1116, 5, NULL, NULL, NULL),
(1582, 1117, 5, NULL, NULL, NULL),
(1583, 1118, 5, NULL, NULL, NULL),
(1584, 1119, 5, NULL, NULL, NULL),
(1585, 1120, 5, NULL, NULL, NULL),
(1586, 1121, 5, NULL, NULL, NULL),
(1587, 1122, 5, NULL, NULL, NULL),
(1588, 1123, 5, NULL, NULL, NULL),
(1589, 1124, 5, NULL, NULL, NULL),
(1590, 1125, 5, NULL, NULL, NULL),
(1591, 1126, 5, NULL, NULL, NULL),
(1592, 1127, 5, NULL, NULL, NULL),
(1593, 1128, 5, NULL, NULL, NULL),
(1594, 1129, 5, NULL, NULL, NULL),
(1595, 1130, 5, NULL, NULL, NULL),
(1596, 1131, 5, NULL, NULL, NULL),
(1597, 1132, 5, NULL, NULL, NULL),
(1598, 1133, 5, NULL, NULL, NULL),
(1599, 1134, 5, NULL, NULL, NULL),
(1600, 1135, 5, NULL, NULL, NULL),
(1601, 1136, 5, NULL, NULL, NULL),
(1602, 1137, 5, NULL, NULL, NULL),
(1603, 1138, 5, NULL, NULL, NULL),
(1604, 1139, 5, NULL, NULL, NULL),
(1605, 1140, 5, NULL, NULL, NULL),
(1606, 1141, 5, NULL, NULL, NULL),
(1607, 1142, 5, NULL, NULL, NULL),
(1608, 1143, 5, NULL, NULL, NULL),
(1609, 1144, 5, NULL, NULL, NULL),
(1610, 1145, 5, NULL, NULL, NULL),
(1611, 1146, 5, NULL, NULL, NULL),
(1612, 1147, 5, NULL, NULL, NULL),
(1613, 1148, 5, NULL, NULL, NULL),
(1614, 1149, 5, NULL, NULL, NULL),
(1615, 1150, 5, NULL, NULL, NULL),
(1616, 1151, 5, NULL, NULL, NULL),
(1617, 1152, 5, NULL, NULL, NULL),
(1618, 1153, 5, NULL, NULL, NULL),
(1619, 1154, 5, NULL, NULL, NULL),
(1620, 1155, 5, NULL, NULL, NULL),
(1621, 1156, 5, NULL, NULL, NULL),
(1622, 1157, 5, NULL, NULL, NULL),
(1623, 1158, 5, NULL, NULL, NULL),
(1624, 1159, 5, NULL, NULL, NULL),
(1625, 1160, 5, NULL, NULL, NULL),
(1626, 1161, 5, NULL, NULL, NULL),
(1627, 1162, 5, NULL, NULL, NULL),
(1628, 1163, 5, NULL, NULL, NULL),
(1629, 1164, 5, NULL, NULL, NULL),
(1630, 1165, 5, NULL, NULL, NULL),
(1631, 1166, 5, NULL, NULL, NULL),
(1632, 1167, 5, NULL, NULL, NULL),
(1633, 1168, 5, NULL, NULL, NULL),
(1634, 1169, 5, NULL, NULL, NULL),
(1635, 1170, 5, NULL, NULL, NULL),
(1636, 1171, 5, NULL, NULL, NULL),
(1637, 1172, 5, NULL, NULL, NULL),
(1638, 1173, 5, NULL, NULL, NULL),
(1639, 1174, 5, NULL, NULL, NULL),
(1640, 1175, 5, NULL, NULL, NULL),
(1641, 1176, 5, NULL, NULL, NULL),
(1642, 1177, 5, NULL, NULL, NULL),
(1643, 1178, 5, NULL, NULL, NULL),
(1644, 1179, 5, NULL, NULL, NULL),
(1645, 1180, 5, NULL, NULL, NULL),
(1646, 1181, 5, NULL, NULL, NULL),
(1647, 1182, 5, NULL, NULL, NULL),
(1648, 1183, 5, NULL, NULL, NULL),
(1649, 1184, 5, NULL, NULL, NULL),
(1650, 1185, 5, NULL, NULL, NULL),
(1651, 1186, 5, NULL, NULL, NULL),
(1652, 1187, 5, NULL, NULL, NULL),
(1653, 1188, 5, NULL, NULL, NULL),
(1654, 1189, 5, NULL, NULL, NULL),
(1655, 1190, 5, NULL, NULL, NULL),
(1656, 1191, 5, NULL, NULL, NULL),
(1657, 1192, 5, NULL, NULL, NULL),
(1658, 1193, 5, NULL, NULL, NULL),
(1659, 1194, 5, NULL, NULL, NULL),
(1660, 1195, 5, NULL, NULL, NULL),
(1661, 1196, 5, NULL, NULL, NULL),
(1662, 1197, 5, NULL, NULL, NULL),
(1663, 1198, 5, NULL, NULL, NULL),
(1664, 1199, 5, NULL, NULL, NULL),
(1665, 1200, 5, NULL, NULL, NULL),
(1666, 1201, 5, NULL, NULL, NULL),
(1667, 1202, 5, NULL, NULL, NULL),
(1668, 1203, 5, NULL, NULL, NULL),
(1669, 1204, 5, NULL, NULL, NULL),
(1670, 1205, 5, NULL, NULL, NULL),
(1671, 1206, 5, NULL, NULL, NULL),
(1672, 1207, 5, NULL, NULL, NULL),
(1673, 1208, 5, NULL, NULL, NULL),
(1674, 1209, 5, NULL, NULL, NULL),
(1675, 1210, 5, NULL, NULL, NULL),
(1676, 1211, 5, NULL, NULL, NULL),
(1677, 1212, 5, NULL, NULL, NULL),
(1678, 1213, 5, NULL, NULL, NULL),
(1679, 1214, 5, NULL, NULL, NULL),
(1680, 1215, 5, NULL, NULL, NULL),
(1681, 1216, 5, NULL, NULL, NULL),
(1682, 1217, 5, NULL, NULL, NULL),
(1683, 1218, 5, NULL, NULL, NULL),
(1684, 1219, 5, NULL, NULL, NULL),
(1685, 1220, 5, NULL, NULL, NULL),
(1686, 1221, 5, NULL, NULL, NULL),
(1687, 1222, 5, NULL, NULL, NULL),
(1688, 1223, 5, NULL, NULL, NULL),
(1689, 1224, 5, NULL, NULL, NULL),
(1690, 1225, 5, NULL, NULL, NULL),
(1691, 1226, 5, NULL, NULL, NULL),
(1692, 1227, 5, NULL, NULL, NULL),
(1693, 1228, 5, NULL, NULL, NULL),
(1694, 1229, 5, NULL, NULL, NULL),
(1695, 1230, 5, NULL, NULL, NULL),
(1696, 1231, 5, NULL, NULL, NULL),
(1697, 1232, 5, NULL, NULL, NULL),
(1698, 1233, 5, NULL, NULL, NULL),
(1699, 1234, 5, NULL, NULL, NULL),
(1700, 1235, 5, NULL, NULL, NULL),
(1701, 1236, 5, NULL, NULL, NULL),
(1702, 1237, 5, NULL, NULL, NULL),
(1703, 1238, 5, NULL, NULL, NULL),
(1704, 1239, 5, NULL, NULL, NULL),
(1705, 1240, 5, NULL, NULL, NULL),
(1706, 1241, 5, NULL, NULL, NULL),
(1707, 1242, 5, NULL, NULL, NULL),
(1708, 1243, 5, NULL, NULL, NULL),
(1709, 1244, 5, NULL, NULL, NULL),
(1710, 1245, 5, NULL, NULL, NULL),
(1711, 1246, 5, NULL, NULL, NULL),
(1712, 1247, 5, NULL, NULL, NULL),
(1713, 1248, 5, NULL, NULL, NULL),
(1714, 1249, 5, NULL, NULL, NULL),
(1715, 1250, 5, NULL, NULL, NULL),
(1716, 1251, 5, NULL, NULL, NULL),
(1717, 1252, 5, NULL, NULL, NULL),
(1718, 1253, 5, NULL, NULL, NULL),
(1719, 1254, 5, NULL, NULL, NULL),
(1720, 1255, 5, NULL, NULL, NULL),
(1721, 826, 6, NULL, NULL, NULL),
(1722, 827, 6, NULL, NULL, NULL),
(1723, 828, 6, NULL, NULL, NULL),
(1724, 829, 6, NULL, NULL, NULL),
(1725, 830, 6, NULL, NULL, NULL),
(1726, 831, 6, NULL, NULL, NULL),
(1727, 832, 6, NULL, NULL, NULL),
(1728, 833, 6, NULL, NULL, NULL),
(1729, 834, 6, NULL, NULL, NULL),
(1730, 835, 6, NULL, NULL, NULL),
(1731, 836, 6, NULL, NULL, NULL),
(1732, 837, 6, NULL, NULL, NULL),
(1733, 838, 6, NULL, NULL, NULL),
(1734, 839, 6, NULL, NULL, NULL),
(1735, 840, 6, NULL, NULL, NULL),
(1736, 841, 6, NULL, NULL, NULL),
(1737, 842, 6, NULL, NULL, NULL),
(1738, 843, 6, NULL, NULL, NULL),
(1739, 844, 6, NULL, NULL, NULL),
(1740, 845, 6, NULL, NULL, NULL),
(1741, 846, 6, NULL, NULL, NULL),
(1742, 847, 6, NULL, NULL, NULL),
(1743, 848, 6, NULL, NULL, NULL),
(1744, 849, 6, NULL, NULL, NULL),
(1745, 850, 6, NULL, NULL, NULL),
(1746, 851, 6, NULL, NULL, NULL),
(1747, 852, 6, NULL, NULL, NULL),
(1748, 853, 6, NULL, NULL, NULL),
(1749, 854, 6, NULL, NULL, NULL),
(1750, 855, 6, NULL, NULL, NULL),
(1751, 856, 6, NULL, NULL, NULL),
(1752, 857, 6, NULL, NULL, NULL),
(1753, 858, 6, NULL, NULL, NULL),
(1754, 859, 6, NULL, NULL, NULL),
(1755, 860, 6, NULL, NULL, NULL),
(1756, 861, 6, NULL, NULL, NULL),
(1757, 862, 6, NULL, NULL, NULL),
(1758, 863, 6, NULL, NULL, NULL),
(1759, 864, 6, NULL, NULL, NULL),
(1760, 865, 6, NULL, NULL, NULL),
(1761, 866, 6, NULL, NULL, NULL),
(1762, 867, 6, NULL, NULL, NULL),
(1763, 868, 6, NULL, NULL, NULL),
(1764, 869, 6, NULL, NULL, NULL),
(1765, 870, 6, NULL, NULL, NULL),
(1766, 871, 6, NULL, NULL, NULL),
(1767, 872, 6, NULL, NULL, NULL),
(1768, 873, 6, NULL, NULL, NULL),
(1769, 874, 6, NULL, NULL, NULL),
(1770, 875, 6, NULL, NULL, NULL),
(1771, 876, 6, NULL, NULL, NULL),
(1772, 877, 6, NULL, NULL, NULL),
(1773, 878, 6, NULL, NULL, NULL),
(1774, 879, 6, NULL, NULL, NULL),
(1775, 880, 6, NULL, NULL, NULL),
(1776, 881, 6, NULL, NULL, NULL),
(1777, 882, 6, NULL, NULL, NULL),
(1778, 883, 6, NULL, NULL, NULL),
(1779, 884, 6, NULL, NULL, NULL),
(1780, 885, 6, NULL, NULL, NULL),
(1781, 886, 6, NULL, NULL, NULL),
(1782, 887, 6, NULL, NULL, NULL),
(1783, 888, 6, NULL, NULL, NULL),
(1784, 889, 6, NULL, NULL, NULL),
(1785, 890, 6, NULL, NULL, NULL),
(1786, 891, 6, NULL, NULL, NULL),
(1787, 892, 6, NULL, NULL, NULL),
(1788, 893, 6, NULL, NULL, NULL),
(1789, 894, 6, NULL, NULL, NULL),
(1790, 895, 6, NULL, NULL, NULL),
(1791, 896, 6, NULL, NULL, NULL),
(1792, 897, 6, NULL, NULL, NULL),
(1793, 898, 6, NULL, NULL, NULL),
(1794, 899, 6, NULL, NULL, NULL),
(1795, 900, 6, NULL, NULL, NULL),
(1796, 901, 6, NULL, NULL, NULL),
(1797, 902, 6, NULL, NULL, NULL),
(1798, 903, 6, NULL, NULL, NULL),
(1799, 904, 6, NULL, NULL, NULL),
(1800, 905, 6, NULL, NULL, NULL),
(1801, 906, 6, NULL, NULL, NULL),
(1802, 907, 6, NULL, NULL, NULL),
(1803, 908, 6, NULL, NULL, NULL),
(1804, 909, 6, NULL, NULL, NULL),
(1805, 910, 6, NULL, NULL, NULL),
(1806, 911, 6, NULL, NULL, NULL),
(1807, 912, 6, NULL, NULL, NULL),
(1808, 913, 6, NULL, NULL, NULL),
(1809, 914, 6, NULL, NULL, NULL),
(1810, 915, 6, NULL, NULL, NULL),
(1811, 916, 6, NULL, NULL, NULL),
(1812, 917, 6, NULL, NULL, NULL),
(1813, 918, 6, NULL, NULL, NULL),
(1814, 919, 6, NULL, NULL, NULL),
(1815, 920, 6, NULL, NULL, NULL),
(1816, 921, 6, NULL, NULL, NULL),
(1817, 922, 6, NULL, NULL, NULL),
(1818, 923, 6, NULL, NULL, NULL),
(1819, 924, 6, NULL, NULL, NULL),
(1820, 925, 6, NULL, NULL, NULL),
(1821, 926, 6, NULL, NULL, NULL),
(1822, 927, 6, NULL, NULL, NULL),
(1823, 928, 6, NULL, NULL, NULL),
(1824, 929, 6, NULL, NULL, NULL),
(1825, 930, 6, NULL, NULL, NULL),
(1826, 931, 6, NULL, NULL, NULL),
(1827, 932, 6, NULL, NULL, NULL),
(1828, 933, 6, NULL, NULL, NULL),
(1829, 934, 6, NULL, NULL, NULL),
(1830, 935, 6, NULL, NULL, NULL),
(1831, 936, 6, NULL, NULL, NULL),
(1832, 937, 6, NULL, NULL, NULL),
(1833, 938, 6, NULL, NULL, NULL),
(1834, 939, 6, NULL, NULL, NULL),
(1835, 940, 6, NULL, NULL, NULL),
(1836, 941, 6, NULL, NULL, NULL),
(1837, 942, 6, NULL, NULL, NULL),
(1838, 943, 6, NULL, NULL, NULL),
(1839, 944, 6, NULL, NULL, NULL),
(1840, 945, 6, NULL, NULL, NULL),
(1841, 946, 6, NULL, NULL, NULL),
(1842, 947, 6, NULL, NULL, NULL),
(1843, 948, 6, NULL, NULL, NULL),
(1844, 949, 6, NULL, NULL, NULL),
(1845, 950, 6, NULL, NULL, NULL),
(1846, 951, 6, NULL, NULL, NULL),
(1847, 952, 6, NULL, NULL, NULL),
(1848, 953, 6, NULL, NULL, NULL),
(1849, 954, 6, NULL, NULL, NULL),
(1850, 955, 6, NULL, NULL, NULL),
(1851, 956, 6, NULL, NULL, NULL),
(1852, 957, 6, NULL, NULL, NULL),
(1853, 958, 6, NULL, NULL, NULL),
(1854, 959, 6, NULL, NULL, NULL),
(1855, 960, 6, NULL, NULL, NULL),
(1856, 961, 6, NULL, NULL, NULL),
(1857, 962, 6, NULL, NULL, NULL),
(1858, 963, 6, NULL, NULL, NULL),
(1859, 964, 6, NULL, NULL, NULL),
(1860, 965, 6, NULL, NULL, NULL),
(1861, 966, 6, NULL, NULL, NULL),
(1862, 967, 6, NULL, NULL, NULL),
(1863, 968, 6, NULL, NULL, NULL),
(1864, 969, 6, NULL, NULL, NULL),
(1865, 970, 6, NULL, NULL, NULL),
(1866, 971, 6, NULL, NULL, NULL),
(1867, 972, 6, NULL, NULL, NULL),
(1868, 973, 6, NULL, NULL, NULL),
(1869, 974, 6, NULL, NULL, NULL),
(1870, 975, 6, NULL, NULL, NULL),
(1871, 976, 6, NULL, NULL, NULL),
(1872, 977, 6, NULL, NULL, NULL),
(1873, 978, 6, NULL, NULL, NULL),
(1874, 979, 6, NULL, NULL, NULL),
(1875, 980, 6, NULL, NULL, NULL),
(1876, 981, 6, NULL, NULL, NULL),
(1877, 982, 6, NULL, NULL, NULL),
(1878, 983, 6, NULL, NULL, NULL),
(1879, 984, 6, NULL, NULL, NULL),
(1880, 985, 6, NULL, NULL, NULL),
(1881, 986, 6, NULL, NULL, NULL),
(1882, 987, 6, NULL, NULL, NULL),
(1883, 988, 6, NULL, NULL, NULL),
(1884, 989, 6, NULL, NULL, NULL),
(1885, 990, 6, NULL, NULL, NULL),
(1886, 991, 6, NULL, NULL, NULL),
(1887, 992, 6, NULL, NULL, NULL),
(1888, 993, 6, NULL, NULL, NULL),
(1889, 994, 6, NULL, NULL, NULL),
(1890, 995, 6, NULL, NULL, NULL),
(1891, 996, 6, NULL, NULL, NULL),
(1892, 997, 6, NULL, NULL, NULL),
(1893, 998, 6, NULL, NULL, NULL),
(1894, 999, 6, NULL, NULL, NULL),
(1895, 1000, 6, NULL, NULL, NULL),
(1896, 1001, 6, NULL, NULL, NULL),
(1897, 1002, 6, NULL, NULL, NULL),
(1898, 1003, 6, NULL, NULL, NULL),
(1899, 1004, 6, NULL, NULL, NULL),
(1900, 1005, 6, NULL, NULL, NULL),
(1901, 1006, 6, NULL, NULL, NULL),
(1902, 1007, 6, NULL, NULL, NULL),
(1903, 1008, 6, NULL, NULL, NULL),
(1904, 1009, 6, NULL, NULL, NULL),
(1905, 1010, 6, NULL, NULL, NULL),
(1906, 1011, 6, NULL, NULL, NULL),
(1907, 1012, 6, NULL, NULL, NULL),
(1908, 1013, 6, NULL, NULL, NULL),
(1909, 1014, 6, NULL, NULL, NULL),
(1910, 1015, 6, NULL, NULL, NULL),
(1911, 1016, 6, NULL, NULL, NULL),
(1912, 1017, 6, NULL, NULL, NULL),
(1913, 1018, 6, NULL, NULL, NULL),
(1914, 1019, 6, NULL, NULL, NULL),
(1915, 1020, 6, NULL, NULL, NULL),
(1916, 1021, 6, NULL, NULL, NULL),
(1917, 1022, 6, NULL, NULL, NULL),
(1918, 1023, 6, NULL, NULL, NULL),
(1919, 1024, 6, NULL, NULL, NULL),
(1920, 1025, 6, NULL, NULL, NULL),
(1921, 1026, 6, NULL, NULL, NULL),
(1922, 1027, 6, NULL, NULL, NULL),
(1923, 1028, 6, NULL, NULL, NULL),
(1924, 1029, 6, NULL, NULL, NULL),
(1925, 1030, 6, NULL, NULL, NULL),
(1926, 1031, 6, NULL, NULL, NULL),
(1927, 1032, 6, NULL, NULL, NULL),
(1928, 1033, 6, NULL, NULL, NULL),
(1929, 1034, 6, NULL, NULL, NULL),
(1930, 1035, 6, NULL, NULL, NULL),
(1931, 1036, 6, NULL, NULL, NULL),
(1932, 1037, 6, NULL, NULL, NULL),
(1933, 1038, 6, NULL, NULL, NULL),
(1934, 1039, 6, NULL, NULL, NULL),
(1935, 1040, 6, NULL, NULL, NULL),
(1936, 1041, 6, NULL, NULL, NULL),
(1937, 1042, 6, NULL, NULL, NULL),
(1938, 1043, 6, NULL, NULL, NULL),
(1939, 1044, 6, NULL, NULL, NULL),
(1940, 1045, 6, NULL, NULL, NULL),
(1941, 1046, 6, NULL, NULL, NULL),
(1942, 1047, 6, NULL, NULL, NULL),
(1943, 1048, 6, NULL, NULL, NULL),
(1944, 1049, 6, NULL, NULL, NULL),
(1945, 1050, 6, NULL, NULL, NULL),
(1946, 1051, 6, NULL, NULL, NULL),
(1947, 1052, 6, NULL, NULL, NULL),
(1948, 1053, 6, NULL, NULL, NULL),
(1949, 1054, 6, NULL, NULL, NULL),
(1950, 1055, 6, NULL, NULL, NULL),
(1951, 1056, 6, NULL, NULL, NULL),
(1952, 1057, 6, NULL, NULL, NULL),
(1953, 1058, 6, NULL, NULL, NULL),
(1954, 1059, 6, NULL, NULL, NULL),
(1955, 1060, 6, NULL, NULL, NULL),
(1956, 1061, 6, NULL, NULL, NULL),
(1957, 1062, 6, NULL, NULL, NULL),
(1958, 1063, 6, NULL, NULL, NULL),
(1959, 1064, 6, NULL, NULL, NULL),
(1960, 1065, 6, NULL, NULL, NULL),
(1961, 1066, 6, NULL, NULL, NULL),
(1962, 1067, 6, NULL, NULL, NULL),
(1963, 1068, 6, NULL, NULL, NULL),
(1964, 1069, 6, NULL, NULL, NULL),
(1965, 1070, 6, NULL, NULL, NULL),
(1966, 1071, 6, NULL, NULL, NULL),
(1967, 1072, 6, NULL, NULL, NULL),
(1968, 1073, 6, NULL, NULL, NULL),
(1969, 1074, 6, NULL, NULL, NULL),
(1970, 1075, 6, NULL, NULL, NULL),
(1971, 1076, 6, NULL, NULL, NULL),
(1972, 1077, 6, NULL, NULL, NULL),
(1973, 1078, 6, NULL, NULL, NULL),
(1974, 1079, 6, NULL, NULL, NULL),
(1975, 1080, 6, NULL, NULL, NULL),
(1976, 1081, 6, NULL, NULL, NULL),
(1977, 1082, 6, NULL, NULL, NULL),
(1978, 1083, 6, NULL, NULL, NULL),
(1979, 1084, 6, NULL, NULL, NULL);
INSERT INTO `branch_services` (`id`, `branch_id`, `service_id`, `deleted_at`, `created_at`, `updated_at`) VALUES
(1980, 1085, 6, NULL, NULL, NULL),
(1981, 1086, 6, NULL, NULL, NULL),
(1982, 1087, 6, NULL, NULL, NULL),
(1983, 1088, 6, NULL, NULL, NULL),
(1984, 1089, 6, NULL, NULL, NULL),
(1985, 1090, 6, NULL, NULL, NULL),
(1986, 1091, 6, NULL, NULL, NULL),
(1987, 1092, 6, NULL, NULL, NULL),
(1988, 1093, 6, NULL, NULL, NULL),
(1989, 1094, 6, NULL, NULL, NULL),
(1990, 1095, 6, NULL, NULL, NULL),
(1991, 1096, 6, NULL, NULL, NULL),
(1992, 1097, 6, NULL, NULL, NULL),
(1993, 1098, 6, NULL, NULL, NULL),
(1994, 1099, 6, NULL, NULL, NULL),
(1995, 1100, 6, NULL, NULL, NULL),
(1996, 1101, 6, NULL, NULL, NULL),
(1997, 1102, 6, NULL, NULL, NULL),
(1998, 1103, 6, NULL, NULL, NULL),
(1999, 1104, 6, NULL, NULL, NULL),
(2000, 1105, 6, NULL, NULL, NULL),
(2001, 1106, 6, NULL, NULL, NULL),
(2002, 1107, 6, NULL, NULL, NULL),
(2003, 1108, 6, NULL, NULL, NULL),
(2004, 1109, 6, NULL, NULL, NULL),
(2005, 1110, 6, NULL, NULL, NULL),
(2006, 1111, 6, NULL, NULL, NULL),
(2007, 1112, 6, NULL, NULL, NULL),
(2008, 1113, 6, NULL, NULL, NULL),
(2009, 1114, 6, NULL, NULL, NULL),
(2010, 1115, 6, NULL, NULL, NULL),
(2011, 1116, 6, NULL, NULL, NULL),
(2012, 1117, 6, NULL, NULL, NULL),
(2013, 1118, 6, NULL, NULL, NULL),
(2014, 1119, 6, NULL, NULL, NULL),
(2015, 1120, 6, NULL, NULL, NULL),
(2016, 1121, 6, NULL, NULL, NULL),
(2017, 1122, 6, NULL, NULL, NULL),
(2018, 1123, 6, NULL, NULL, NULL),
(2019, 1124, 6, NULL, NULL, NULL),
(2020, 1125, 6, NULL, NULL, NULL),
(2021, 1126, 6, NULL, NULL, NULL),
(2022, 1127, 6, NULL, NULL, NULL),
(2023, 1128, 6, NULL, NULL, NULL),
(2024, 1129, 6, NULL, NULL, NULL),
(2025, 1130, 6, NULL, NULL, NULL),
(2026, 1131, 6, NULL, NULL, NULL),
(2027, 1132, 6, NULL, NULL, NULL),
(2028, 1133, 6, NULL, NULL, NULL),
(2029, 1134, 6, NULL, NULL, NULL),
(2030, 1135, 6, NULL, NULL, NULL),
(2031, 1136, 6, NULL, NULL, NULL),
(2032, 1137, 6, NULL, NULL, NULL),
(2033, 1138, 6, NULL, NULL, NULL),
(2034, 1139, 6, NULL, NULL, NULL),
(2035, 1140, 6, NULL, NULL, NULL),
(2036, 1141, 6, NULL, NULL, NULL),
(2037, 1142, 6, NULL, NULL, NULL),
(2038, 1143, 6, NULL, NULL, NULL),
(2039, 1144, 6, NULL, NULL, NULL),
(2040, 1145, 6, NULL, NULL, NULL),
(2041, 1146, 6, NULL, NULL, NULL),
(2042, 1147, 6, NULL, NULL, NULL),
(2043, 1148, 6, NULL, NULL, NULL),
(2044, 1149, 6, NULL, NULL, NULL),
(2045, 1150, 6, NULL, NULL, NULL),
(2046, 1151, 6, NULL, NULL, NULL),
(2047, 1152, 6, NULL, NULL, NULL),
(2048, 1153, 6, NULL, NULL, NULL),
(2049, 1154, 6, NULL, NULL, NULL),
(2050, 1155, 6, NULL, NULL, NULL),
(2051, 1156, 6, NULL, NULL, NULL),
(2052, 1157, 6, NULL, NULL, NULL),
(2053, 1158, 6, NULL, NULL, NULL),
(2054, 1159, 6, NULL, NULL, NULL),
(2055, 1160, 6, NULL, NULL, NULL),
(2056, 1161, 6, NULL, NULL, NULL),
(2057, 1162, 6, NULL, NULL, NULL),
(2058, 1163, 6, NULL, NULL, NULL),
(2059, 1164, 6, NULL, NULL, NULL),
(2060, 1165, 6, NULL, NULL, NULL),
(2061, 1166, 6, NULL, NULL, NULL),
(2062, 1167, 6, NULL, NULL, NULL),
(2063, 1168, 6, NULL, NULL, NULL),
(2064, 1169, 6, NULL, NULL, NULL),
(2065, 1170, 6, NULL, NULL, NULL),
(2066, 1171, 6, NULL, NULL, NULL),
(2067, 1172, 6, NULL, NULL, NULL),
(2068, 1173, 6, NULL, NULL, NULL),
(2069, 1174, 6, NULL, NULL, NULL),
(2070, 1175, 6, NULL, NULL, NULL),
(2071, 1176, 6, NULL, NULL, NULL),
(2072, 1177, 6, NULL, NULL, NULL),
(2073, 1178, 6, NULL, NULL, NULL),
(2074, 1179, 6, NULL, NULL, NULL),
(2075, 1180, 6, NULL, NULL, NULL),
(2076, 1181, 6, NULL, NULL, NULL),
(2077, 1182, 6, NULL, NULL, NULL),
(2078, 1183, 6, NULL, NULL, NULL),
(2079, 1184, 6, NULL, NULL, NULL),
(2080, 1185, 6, NULL, NULL, NULL),
(2081, 1186, 6, NULL, NULL, NULL),
(2082, 1187, 6, NULL, NULL, NULL),
(2083, 1188, 6, NULL, NULL, NULL),
(2084, 1189, 6, NULL, NULL, NULL),
(2085, 1190, 6, NULL, NULL, NULL),
(2086, 1191, 6, NULL, NULL, NULL),
(2087, 1192, 6, NULL, NULL, NULL),
(2088, 1193, 6, NULL, NULL, NULL),
(2089, 1194, 6, NULL, NULL, NULL),
(2090, 1195, 6, NULL, NULL, NULL),
(2091, 1196, 6, NULL, NULL, NULL),
(2092, 1197, 6, NULL, NULL, NULL),
(2093, 1198, 6, NULL, NULL, NULL),
(2094, 1199, 6, NULL, NULL, NULL),
(2095, 1200, 6, NULL, NULL, NULL),
(2096, 1201, 6, NULL, NULL, NULL),
(2097, 1202, 6, NULL, NULL, NULL),
(2098, 1203, 6, NULL, NULL, NULL),
(2099, 1204, 6, NULL, NULL, NULL),
(2100, 1205, 6, NULL, NULL, NULL),
(2101, 1206, 6, NULL, NULL, NULL),
(2102, 1207, 6, NULL, NULL, NULL),
(2103, 1208, 6, NULL, NULL, NULL),
(2104, 1209, 6, NULL, NULL, NULL),
(2105, 1210, 6, NULL, NULL, NULL),
(2106, 1211, 6, NULL, NULL, NULL),
(2107, 1212, 6, NULL, NULL, NULL),
(2108, 1213, 6, NULL, NULL, NULL),
(2109, 1214, 6, NULL, NULL, NULL),
(2110, 1215, 6, NULL, NULL, NULL),
(2111, 1216, 6, NULL, NULL, NULL),
(2112, 1217, 6, NULL, NULL, NULL),
(2113, 1218, 6, NULL, NULL, NULL),
(2114, 1219, 6, NULL, NULL, NULL),
(2115, 1220, 6, NULL, NULL, NULL),
(2116, 1221, 6, NULL, NULL, NULL),
(2117, 1222, 6, NULL, NULL, NULL),
(2118, 1223, 6, NULL, NULL, NULL),
(2119, 1224, 6, NULL, NULL, NULL),
(2120, 1225, 6, NULL, NULL, NULL),
(2121, 1226, 6, NULL, NULL, NULL),
(2122, 1227, 6, NULL, NULL, NULL),
(2123, 1228, 6, NULL, NULL, NULL),
(2124, 1229, 6, NULL, NULL, NULL),
(2125, 1230, 6, NULL, NULL, NULL),
(2126, 1231, 6, NULL, NULL, NULL),
(2127, 1232, 6, NULL, NULL, NULL),
(2128, 1233, 6, NULL, NULL, NULL),
(2129, 1234, 6, NULL, NULL, NULL),
(2130, 1235, 6, NULL, NULL, NULL),
(2131, 1236, 6, NULL, NULL, NULL),
(2132, 1237, 6, NULL, NULL, NULL),
(2133, 1238, 6, NULL, NULL, NULL),
(2134, 1239, 6, NULL, NULL, NULL),
(2135, 1240, 6, NULL, NULL, NULL),
(2136, 1241, 6, NULL, NULL, NULL),
(2137, 1242, 6, NULL, NULL, NULL),
(2138, 1243, 6, NULL, NULL, NULL),
(2139, 1244, 6, NULL, NULL, NULL),
(2140, 1245, 6, NULL, NULL, NULL),
(2141, 1246, 6, NULL, NULL, NULL),
(2142, 1247, 6, NULL, NULL, NULL),
(2143, 1248, 6, NULL, NULL, NULL),
(2144, 1249, 6, NULL, NULL, NULL),
(2145, 1250, 6, NULL, NULL, NULL),
(2146, 1251, 6, NULL, NULL, NULL),
(2147, 1252, 6, NULL, NULL, NULL),
(2148, 1253, 6, NULL, NULL, NULL),
(2149, 1254, 6, NULL, NULL, NULL),
(2150, 1255, 6, NULL, NULL, NULL),
(2151, 826, 7, NULL, NULL, NULL),
(2152, 827, 7, NULL, NULL, NULL),
(2153, 828, 7, NULL, NULL, NULL),
(2154, 829, 7, NULL, NULL, NULL),
(2155, 830, 7, NULL, NULL, NULL),
(2156, 831, 7, NULL, NULL, NULL),
(2157, 832, 7, NULL, NULL, NULL),
(2158, 833, 7, NULL, NULL, NULL),
(2159, 834, 7, NULL, NULL, NULL),
(2160, 835, 7, NULL, NULL, NULL),
(2161, 836, 7, NULL, NULL, NULL),
(2162, 837, 7, NULL, NULL, NULL),
(2163, 838, 7, NULL, NULL, NULL),
(2164, 839, 7, NULL, NULL, NULL),
(2165, 840, 7, NULL, NULL, NULL),
(2166, 841, 7, NULL, NULL, NULL),
(2167, 842, 7, NULL, NULL, NULL),
(2168, 843, 7, NULL, NULL, NULL),
(2169, 844, 7, NULL, NULL, NULL),
(2170, 845, 7, NULL, NULL, NULL),
(2171, 846, 7, NULL, NULL, NULL),
(2172, 847, 7, NULL, NULL, NULL),
(2173, 848, 7, NULL, NULL, NULL),
(2174, 849, 7, NULL, NULL, NULL),
(2175, 850, 7, NULL, NULL, NULL),
(2176, 851, 7, NULL, NULL, NULL),
(2177, 852, 7, NULL, NULL, NULL),
(2178, 853, 7, NULL, NULL, NULL),
(2179, 854, 7, NULL, NULL, NULL),
(2180, 855, 7, NULL, NULL, NULL),
(2181, 856, 7, NULL, NULL, NULL),
(2182, 857, 7, NULL, NULL, NULL),
(2183, 858, 7, NULL, NULL, NULL),
(2184, 859, 7, NULL, NULL, NULL),
(2185, 860, 7, NULL, NULL, NULL),
(2186, 861, 7, NULL, NULL, NULL),
(2187, 862, 7, NULL, NULL, NULL),
(2188, 863, 7, NULL, NULL, NULL),
(2189, 864, 7, NULL, NULL, NULL),
(2190, 865, 7, NULL, NULL, NULL),
(2191, 866, 7, NULL, NULL, NULL),
(2192, 867, 7, NULL, NULL, NULL),
(2193, 868, 7, NULL, NULL, NULL),
(2194, 869, 7, NULL, NULL, NULL),
(2195, 870, 7, NULL, NULL, NULL),
(2196, 871, 7, NULL, NULL, NULL),
(2197, 872, 7, NULL, NULL, NULL),
(2198, 873, 7, NULL, NULL, NULL),
(2199, 874, 7, NULL, NULL, NULL),
(2200, 875, 7, NULL, NULL, NULL),
(2201, 876, 7, NULL, NULL, NULL),
(2202, 877, 7, NULL, NULL, NULL),
(2203, 878, 7, NULL, NULL, NULL),
(2204, 879, 7, NULL, NULL, NULL),
(2205, 880, 7, NULL, NULL, NULL),
(2206, 881, 7, NULL, NULL, NULL),
(2207, 882, 7, NULL, NULL, NULL),
(2208, 883, 7, NULL, NULL, NULL),
(2209, 884, 7, NULL, NULL, NULL),
(2210, 885, 7, NULL, NULL, NULL),
(2211, 886, 7, NULL, NULL, NULL),
(2212, 887, 7, NULL, NULL, NULL),
(2213, 888, 7, NULL, NULL, NULL),
(2214, 889, 7, NULL, NULL, NULL),
(2215, 890, 7, NULL, NULL, NULL),
(2216, 891, 7, NULL, NULL, NULL),
(2217, 892, 7, NULL, NULL, NULL),
(2218, 893, 7, NULL, NULL, NULL),
(2219, 894, 7, NULL, NULL, NULL),
(2220, 895, 7, NULL, NULL, NULL),
(2221, 896, 7, NULL, NULL, NULL),
(2222, 897, 7, NULL, NULL, NULL),
(2223, 898, 7, NULL, NULL, NULL),
(2224, 899, 7, NULL, NULL, NULL),
(2225, 900, 7, NULL, NULL, NULL),
(2226, 901, 7, NULL, NULL, NULL),
(2227, 902, 7, NULL, NULL, NULL),
(2228, 903, 7, NULL, NULL, NULL),
(2229, 904, 7, NULL, NULL, NULL),
(2230, 905, 7, NULL, NULL, NULL),
(2231, 906, 7, NULL, NULL, NULL),
(2232, 907, 7, NULL, NULL, NULL),
(2233, 908, 7, NULL, NULL, NULL),
(2234, 909, 7, NULL, NULL, NULL),
(2235, 910, 7, NULL, NULL, NULL),
(2236, 911, 7, NULL, NULL, NULL),
(2237, 912, 7, NULL, NULL, NULL),
(2238, 913, 7, NULL, NULL, NULL),
(2239, 914, 7, NULL, NULL, NULL),
(2240, 915, 7, NULL, NULL, NULL),
(2241, 916, 7, NULL, NULL, NULL),
(2242, 917, 7, NULL, NULL, NULL),
(2243, 918, 7, NULL, NULL, NULL),
(2244, 919, 7, NULL, NULL, NULL),
(2245, 920, 7, NULL, NULL, NULL),
(2246, 921, 7, NULL, NULL, NULL),
(2247, 922, 7, NULL, NULL, NULL),
(2248, 923, 7, NULL, NULL, NULL),
(2249, 924, 7, NULL, NULL, NULL),
(2250, 925, 7, NULL, NULL, NULL),
(2251, 926, 7, NULL, NULL, NULL),
(2252, 927, 7, NULL, NULL, NULL),
(2253, 928, 7, NULL, NULL, NULL),
(2254, 929, 7, NULL, NULL, NULL),
(2255, 930, 7, NULL, NULL, NULL),
(2256, 931, 7, NULL, NULL, NULL),
(2257, 932, 7, NULL, NULL, NULL),
(2258, 933, 7, NULL, NULL, NULL),
(2259, 934, 7, NULL, NULL, NULL),
(2260, 935, 7, NULL, NULL, NULL),
(2261, 936, 7, NULL, NULL, NULL),
(2262, 937, 7, NULL, NULL, NULL),
(2263, 938, 7, NULL, NULL, NULL),
(2264, 939, 7, NULL, NULL, NULL),
(2265, 940, 7, NULL, NULL, NULL),
(2266, 941, 7, NULL, NULL, NULL),
(2267, 942, 7, NULL, NULL, NULL),
(2268, 943, 7, NULL, NULL, NULL),
(2269, 944, 7, NULL, NULL, NULL),
(2270, 945, 7, NULL, NULL, NULL),
(2271, 946, 7, NULL, NULL, NULL),
(2272, 947, 7, NULL, NULL, NULL),
(2273, 948, 7, NULL, NULL, NULL),
(2274, 949, 7, NULL, NULL, NULL),
(2275, 950, 7, NULL, NULL, NULL),
(2276, 951, 7, NULL, NULL, NULL),
(2277, 952, 7, NULL, NULL, NULL),
(2278, 953, 7, NULL, NULL, NULL),
(2279, 954, 7, NULL, NULL, NULL),
(2280, 955, 7, NULL, NULL, NULL),
(2281, 956, 7, NULL, NULL, NULL),
(2282, 957, 7, NULL, NULL, NULL),
(2283, 958, 7, NULL, NULL, NULL),
(2284, 959, 7, NULL, NULL, NULL),
(2285, 960, 7, NULL, NULL, NULL),
(2286, 961, 7, NULL, NULL, NULL),
(2287, 962, 7, NULL, NULL, NULL),
(2288, 963, 7, NULL, NULL, NULL),
(2289, 964, 7, NULL, NULL, NULL),
(2290, 965, 7, NULL, NULL, NULL),
(2291, 966, 7, NULL, NULL, NULL),
(2292, 967, 7, NULL, NULL, NULL),
(2293, 968, 7, NULL, NULL, NULL),
(2294, 969, 7, NULL, NULL, NULL),
(2295, 970, 7, NULL, NULL, NULL),
(2296, 971, 7, NULL, NULL, NULL),
(2297, 972, 7, NULL, NULL, NULL),
(2298, 973, 7, NULL, NULL, NULL),
(2299, 974, 7, NULL, NULL, NULL),
(2300, 975, 7, NULL, NULL, NULL),
(2301, 976, 7, NULL, NULL, NULL),
(2302, 977, 7, NULL, NULL, NULL),
(2303, 978, 7, NULL, NULL, NULL),
(2304, 979, 7, NULL, NULL, NULL),
(2305, 980, 7, NULL, NULL, NULL),
(2306, 981, 7, NULL, NULL, NULL),
(2307, 982, 7, NULL, NULL, NULL),
(2308, 983, 7, NULL, NULL, NULL),
(2309, 984, 7, NULL, NULL, NULL),
(2310, 985, 7, NULL, NULL, NULL),
(2311, 986, 7, NULL, NULL, NULL),
(2312, 987, 7, NULL, NULL, NULL),
(2313, 988, 7, NULL, NULL, NULL),
(2314, 989, 7, NULL, NULL, NULL),
(2315, 990, 7, NULL, NULL, NULL),
(2316, 991, 7, NULL, NULL, NULL),
(2317, 992, 7, NULL, NULL, NULL),
(2318, 993, 7, NULL, NULL, NULL),
(2319, 994, 7, NULL, NULL, NULL),
(2320, 995, 7, NULL, NULL, NULL),
(2321, 996, 7, NULL, NULL, NULL),
(2322, 997, 7, NULL, NULL, NULL),
(2323, 998, 7, NULL, NULL, NULL),
(2324, 999, 7, NULL, NULL, NULL),
(2325, 1000, 7, NULL, NULL, NULL),
(2326, 1001, 7, NULL, NULL, NULL),
(2327, 1002, 7, NULL, NULL, NULL),
(2328, 1003, 7, NULL, NULL, NULL),
(2329, 1004, 7, NULL, NULL, NULL),
(2330, 1005, 7, NULL, NULL, NULL),
(2331, 1006, 7, NULL, NULL, NULL),
(2332, 1007, 7, NULL, NULL, NULL),
(2333, 1008, 7, NULL, NULL, NULL),
(2334, 1009, 7, NULL, NULL, NULL),
(2335, 1010, 7, NULL, NULL, NULL),
(2336, 1011, 7, NULL, NULL, NULL),
(2337, 1012, 7, NULL, NULL, NULL),
(2338, 1013, 7, NULL, NULL, NULL),
(2339, 1014, 7, NULL, NULL, NULL),
(2340, 1015, 7, NULL, NULL, NULL),
(2341, 1016, 7, NULL, NULL, NULL),
(2342, 1017, 7, NULL, NULL, NULL),
(2343, 1018, 7, NULL, NULL, NULL),
(2344, 1019, 7, NULL, NULL, NULL),
(2345, 1020, 7, NULL, NULL, NULL),
(2346, 1021, 7, NULL, NULL, NULL),
(2347, 1022, 7, NULL, NULL, NULL),
(2348, 1023, 7, NULL, NULL, NULL),
(2349, 1024, 7, NULL, NULL, NULL),
(2350, 1025, 7, NULL, NULL, NULL),
(2351, 1026, 7, NULL, NULL, NULL),
(2352, 1027, 7, NULL, NULL, NULL),
(2353, 1028, 7, NULL, NULL, NULL),
(2354, 1029, 7, NULL, NULL, NULL),
(2355, 1030, 7, NULL, NULL, NULL),
(2356, 1031, 7, NULL, NULL, NULL),
(2357, 1032, 7, NULL, NULL, NULL),
(2358, 1033, 7, NULL, NULL, NULL),
(2359, 1034, 7, NULL, NULL, NULL),
(2360, 1035, 7, NULL, NULL, NULL),
(2361, 1036, 7, NULL, NULL, NULL),
(2362, 1037, 7, NULL, NULL, NULL),
(2363, 1038, 7, NULL, NULL, NULL),
(2364, 1039, 7, NULL, NULL, NULL),
(2365, 1040, 7, NULL, NULL, NULL),
(2366, 1041, 7, NULL, NULL, NULL),
(2367, 1042, 7, NULL, NULL, NULL),
(2368, 1043, 7, NULL, NULL, NULL),
(2369, 1044, 7, NULL, NULL, NULL),
(2370, 1045, 7, NULL, NULL, NULL),
(2371, 1046, 7, NULL, NULL, NULL),
(2372, 1047, 7, NULL, NULL, NULL),
(2373, 1048, 7, NULL, NULL, NULL),
(2374, 1049, 7, NULL, NULL, NULL),
(2375, 1050, 7, NULL, NULL, NULL),
(2376, 1051, 7, NULL, NULL, NULL),
(2377, 1052, 7, NULL, NULL, NULL),
(2378, 1053, 7, NULL, NULL, NULL),
(2379, 1054, 7, NULL, NULL, NULL),
(2380, 1055, 7, NULL, NULL, NULL),
(2381, 1056, 7, NULL, NULL, NULL),
(2382, 1057, 7, NULL, NULL, NULL),
(2383, 1058, 7, NULL, NULL, NULL),
(2384, 1059, 7, NULL, NULL, NULL),
(2385, 1060, 7, NULL, NULL, NULL),
(2386, 1061, 7, NULL, NULL, NULL),
(2387, 1062, 7, NULL, NULL, NULL),
(2388, 1063, 7, NULL, NULL, NULL),
(2389, 1064, 7, NULL, NULL, NULL),
(2390, 1065, 7, NULL, NULL, NULL),
(2391, 1066, 7, NULL, NULL, NULL),
(2392, 1067, 7, NULL, NULL, NULL),
(2393, 1068, 7, NULL, NULL, NULL),
(2394, 1069, 7, NULL, NULL, NULL),
(2395, 1070, 7, NULL, NULL, NULL),
(2396, 1071, 7, NULL, NULL, NULL),
(2397, 1072, 7, NULL, NULL, NULL),
(2398, 1073, 7, NULL, NULL, NULL),
(2399, 1074, 7, NULL, NULL, NULL),
(2400, 1075, 7, NULL, NULL, NULL),
(2401, 1076, 7, NULL, NULL, NULL),
(2402, 1077, 7, NULL, NULL, NULL),
(2403, 1078, 7, NULL, NULL, NULL),
(2404, 1079, 7, NULL, NULL, NULL),
(2405, 1080, 7, NULL, NULL, NULL),
(2406, 1081, 7, NULL, NULL, NULL),
(2407, 1082, 7, NULL, NULL, NULL),
(2408, 1083, 7, NULL, NULL, NULL),
(2409, 1084, 7, NULL, NULL, NULL),
(2410, 1085, 7, NULL, NULL, NULL),
(2411, 1086, 7, NULL, NULL, NULL),
(2412, 1087, 7, NULL, NULL, NULL),
(2413, 1088, 7, NULL, NULL, NULL),
(2414, 1089, 7, NULL, NULL, NULL),
(2415, 1090, 7, NULL, NULL, NULL),
(2416, 1091, 7, NULL, NULL, NULL),
(2417, 1092, 7, NULL, NULL, NULL),
(2418, 1093, 7, NULL, NULL, NULL),
(2419, 1094, 7, NULL, NULL, NULL),
(2420, 1095, 7, NULL, NULL, NULL),
(2421, 1096, 7, NULL, NULL, NULL),
(2422, 1097, 7, NULL, NULL, NULL),
(2423, 1098, 7, NULL, NULL, NULL),
(2424, 1099, 7, NULL, NULL, NULL),
(2425, 1100, 7, NULL, NULL, NULL),
(2426, 1101, 7, NULL, NULL, NULL),
(2427, 1102, 7, NULL, NULL, NULL),
(2428, 1103, 7, NULL, NULL, NULL),
(2429, 1104, 7, NULL, NULL, NULL),
(2430, 1105, 7, NULL, NULL, NULL),
(2431, 1106, 7, NULL, NULL, NULL),
(2432, 1107, 7, NULL, NULL, NULL),
(2433, 1108, 7, NULL, NULL, NULL),
(2434, 1109, 7, NULL, NULL, NULL),
(2435, 1110, 7, NULL, NULL, NULL),
(2436, 1111, 7, NULL, NULL, NULL),
(2437, 1112, 7, NULL, NULL, NULL),
(2438, 1113, 7, NULL, NULL, NULL),
(2439, 1114, 7, NULL, NULL, NULL),
(2440, 1115, 7, NULL, NULL, NULL),
(2441, 1116, 7, NULL, NULL, NULL),
(2442, 1117, 7, NULL, NULL, NULL),
(2443, 1118, 7, NULL, NULL, NULL),
(2444, 1119, 7, NULL, NULL, NULL),
(2445, 1120, 7, NULL, NULL, NULL),
(2446, 1121, 7, NULL, NULL, NULL),
(2447, 1122, 7, NULL, NULL, NULL),
(2448, 1123, 7, NULL, NULL, NULL),
(2449, 1124, 7, NULL, NULL, NULL),
(2450, 1125, 7, NULL, NULL, NULL),
(2451, 1126, 7, NULL, NULL, NULL),
(2452, 1127, 7, NULL, NULL, NULL),
(2453, 1128, 7, NULL, NULL, NULL),
(2454, 1129, 7, NULL, NULL, NULL),
(2455, 1130, 7, NULL, NULL, NULL),
(2456, 1131, 7, NULL, NULL, NULL),
(2457, 1132, 7, NULL, NULL, NULL),
(2458, 1133, 7, NULL, NULL, NULL),
(2459, 1134, 7, NULL, NULL, NULL),
(2460, 1135, 7, NULL, NULL, NULL),
(2461, 1136, 7, NULL, NULL, NULL),
(2462, 1137, 7, NULL, NULL, NULL),
(2463, 1138, 7, NULL, NULL, NULL),
(2464, 1139, 7, NULL, NULL, NULL),
(2465, 1140, 7, NULL, NULL, NULL),
(2466, 1141, 7, NULL, NULL, NULL),
(2467, 1142, 7, NULL, NULL, NULL),
(2468, 1143, 7, NULL, NULL, NULL),
(2469, 1144, 7, NULL, NULL, NULL),
(2470, 1145, 7, NULL, NULL, NULL),
(2471, 1146, 7, NULL, NULL, NULL),
(2472, 1147, 7, NULL, NULL, NULL),
(2473, 1148, 7, NULL, NULL, NULL),
(2474, 1149, 7, NULL, NULL, NULL),
(2475, 1150, 7, NULL, NULL, NULL),
(2476, 1151, 7, NULL, NULL, NULL),
(2477, 1152, 7, NULL, NULL, NULL),
(2478, 1153, 7, NULL, NULL, NULL),
(2479, 1154, 7, NULL, NULL, NULL),
(2480, 1155, 7, NULL, NULL, NULL),
(2481, 1156, 7, NULL, NULL, NULL),
(2482, 1157, 7, NULL, NULL, NULL),
(2483, 1158, 7, NULL, NULL, NULL),
(2484, 1159, 7, NULL, NULL, NULL),
(2485, 1160, 7, NULL, NULL, NULL),
(2486, 1161, 7, NULL, NULL, NULL),
(2487, 1162, 7, NULL, NULL, NULL),
(2488, 1163, 7, NULL, NULL, NULL),
(2489, 1164, 7, NULL, NULL, NULL),
(2490, 1165, 7, NULL, NULL, NULL),
(2491, 1166, 7, NULL, NULL, NULL),
(2492, 1167, 7, NULL, NULL, NULL),
(2493, 1168, 7, NULL, NULL, NULL),
(2494, 1169, 7, NULL, NULL, NULL),
(2495, 1170, 7, NULL, NULL, NULL),
(2496, 1171, 7, NULL, NULL, NULL),
(2497, 1172, 7, NULL, NULL, NULL),
(2498, 1173, 7, NULL, NULL, NULL),
(2499, 1174, 7, NULL, NULL, NULL),
(2500, 1175, 7, NULL, NULL, NULL),
(2501, 1176, 7, NULL, NULL, NULL),
(2502, 1177, 7, NULL, NULL, NULL),
(2503, 1178, 7, NULL, NULL, NULL),
(2504, 1179, 7, NULL, NULL, NULL),
(2505, 1180, 7, NULL, NULL, NULL),
(2506, 1181, 7, NULL, NULL, NULL),
(2507, 1182, 7, NULL, NULL, NULL),
(2508, 1183, 7, NULL, NULL, NULL),
(2509, 1184, 7, NULL, NULL, NULL),
(2510, 1185, 7, NULL, NULL, NULL),
(2511, 1186, 7, NULL, NULL, NULL),
(2512, 1187, 7, NULL, NULL, NULL),
(2513, 1188, 7, NULL, NULL, NULL),
(2514, 1189, 7, NULL, NULL, NULL),
(2515, 1190, 7, NULL, NULL, NULL),
(2516, 1191, 7, NULL, NULL, NULL),
(2517, 1192, 7, NULL, NULL, NULL),
(2518, 1193, 7, NULL, NULL, NULL),
(2519, 1194, 7, NULL, NULL, NULL),
(2520, 1195, 7, NULL, NULL, NULL),
(2521, 1196, 7, NULL, NULL, NULL),
(2522, 1197, 7, NULL, NULL, NULL),
(2523, 1198, 7, NULL, NULL, NULL),
(2524, 1199, 7, NULL, NULL, NULL),
(2525, 1200, 7, NULL, NULL, NULL),
(2526, 1201, 7, NULL, NULL, NULL),
(2527, 1202, 7, NULL, NULL, NULL),
(2528, 1203, 7, NULL, NULL, NULL),
(2529, 1204, 7, NULL, NULL, NULL),
(2530, 1205, 7, NULL, NULL, NULL),
(2531, 1206, 7, NULL, NULL, NULL),
(2532, 1207, 7, NULL, NULL, NULL),
(2533, 1208, 7, NULL, NULL, NULL),
(2534, 1209, 7, NULL, NULL, NULL),
(2535, 1210, 7, NULL, NULL, NULL),
(2536, 1211, 7, NULL, NULL, NULL),
(2537, 1212, 7, NULL, NULL, NULL),
(2538, 1213, 7, NULL, NULL, NULL),
(2539, 1214, 7, NULL, NULL, NULL),
(2540, 1215, 7, NULL, NULL, NULL),
(2541, 1216, 7, NULL, NULL, NULL),
(2542, 1217, 7, NULL, NULL, NULL),
(2543, 1218, 7, NULL, NULL, NULL),
(2544, 1219, 7, NULL, NULL, NULL),
(2545, 1220, 7, NULL, NULL, NULL),
(2546, 1221, 7, NULL, NULL, NULL),
(2547, 1222, 7, NULL, NULL, NULL),
(2548, 1223, 7, NULL, NULL, NULL),
(2549, 1224, 7, NULL, NULL, NULL),
(2550, 1225, 7, NULL, NULL, NULL),
(2551, 1226, 7, NULL, NULL, NULL),
(2552, 1227, 7, NULL, NULL, NULL),
(2553, 1228, 7, NULL, NULL, NULL),
(2554, 1229, 7, NULL, NULL, NULL),
(2555, 1230, 7, NULL, NULL, NULL),
(2556, 1231, 7, NULL, NULL, NULL),
(2557, 1232, 7, NULL, NULL, NULL),
(2558, 1233, 7, NULL, NULL, NULL),
(2559, 1234, 7, NULL, NULL, NULL),
(2560, 1235, 7, NULL, NULL, NULL),
(2561, 1236, 7, NULL, NULL, NULL),
(2562, 1237, 7, NULL, NULL, NULL),
(2563, 1238, 7, NULL, NULL, NULL),
(2564, 1239, 7, NULL, NULL, NULL),
(2565, 1240, 7, NULL, NULL, NULL),
(2566, 1241, 7, NULL, NULL, NULL),
(2567, 1242, 7, NULL, NULL, NULL),
(2568, 1243, 7, NULL, NULL, NULL),
(2569, 1244, 7, NULL, NULL, NULL),
(2570, 1245, 7, NULL, NULL, NULL),
(2571, 1246, 7, NULL, NULL, NULL),
(2572, 1247, 7, NULL, NULL, NULL),
(2573, 1248, 7, NULL, NULL, NULL),
(2574, 1249, 7, NULL, NULL, NULL),
(2575, 1250, 7, NULL, NULL, NULL),
(2576, 1251, 7, NULL, NULL, NULL),
(2577, 1252, 7, NULL, NULL, NULL),
(2578, 1253, 7, NULL, NULL, NULL),
(2579, 1254, 7, NULL, NULL, NULL),
(2580, 1255, 7, NULL, NULL, NULL),
(2581, 826, 8, NULL, NULL, NULL),
(2582, 827, 8, NULL, NULL, NULL),
(2583, 828, 8, NULL, NULL, NULL),
(2584, 829, 8, NULL, NULL, NULL),
(2585, 830, 8, NULL, NULL, NULL),
(2586, 831, 8, NULL, NULL, NULL),
(2587, 832, 8, NULL, NULL, NULL),
(2588, 833, 8, NULL, NULL, NULL),
(2589, 834, 8, NULL, NULL, NULL),
(2590, 835, 8, NULL, NULL, NULL),
(2591, 836, 8, NULL, NULL, NULL),
(2592, 837, 8, NULL, NULL, NULL),
(2593, 838, 8, NULL, NULL, NULL),
(2594, 839, 8, NULL, NULL, NULL),
(2595, 840, 8, NULL, NULL, NULL),
(2596, 841, 8, NULL, NULL, NULL),
(2597, 842, 8, NULL, NULL, NULL),
(2598, 843, 8, NULL, NULL, NULL),
(2599, 844, 8, NULL, NULL, NULL),
(2600, 845, 8, NULL, NULL, NULL),
(2601, 846, 8, NULL, NULL, NULL),
(2602, 847, 8, NULL, NULL, NULL),
(2603, 848, 8, NULL, NULL, NULL),
(2604, 849, 8, NULL, NULL, NULL),
(2605, 850, 8, NULL, NULL, NULL),
(2606, 851, 8, NULL, NULL, NULL),
(2607, 852, 8, NULL, NULL, NULL),
(2608, 853, 8, NULL, NULL, NULL),
(2609, 854, 8, NULL, NULL, NULL),
(2610, 855, 8, NULL, NULL, NULL),
(2611, 856, 8, NULL, NULL, NULL),
(2612, 857, 8, NULL, NULL, NULL),
(2613, 858, 8, NULL, NULL, NULL),
(2614, 859, 8, NULL, NULL, NULL),
(2615, 860, 8, NULL, NULL, NULL),
(2616, 861, 8, NULL, NULL, NULL),
(2617, 862, 8, NULL, NULL, NULL),
(2618, 863, 8, NULL, NULL, NULL),
(2619, 864, 8, NULL, NULL, NULL),
(2620, 865, 8, NULL, NULL, NULL),
(2621, 866, 8, NULL, NULL, NULL),
(2622, 867, 8, NULL, NULL, NULL),
(2623, 868, 8, NULL, NULL, NULL),
(2624, 869, 8, NULL, NULL, NULL),
(2625, 870, 8, NULL, NULL, NULL),
(2626, 871, 8, NULL, NULL, NULL),
(2627, 872, 8, NULL, NULL, NULL),
(2628, 873, 8, NULL, NULL, NULL),
(2629, 874, 8, NULL, NULL, NULL),
(2630, 875, 8, NULL, NULL, NULL),
(2631, 876, 8, NULL, NULL, NULL),
(2632, 877, 8, NULL, NULL, NULL),
(2633, 878, 8, NULL, NULL, NULL),
(2634, 879, 8, NULL, NULL, NULL),
(2635, 880, 8, NULL, NULL, NULL),
(2636, 881, 8, NULL, NULL, NULL),
(2637, 882, 8, NULL, NULL, NULL),
(2638, 883, 8, NULL, NULL, NULL),
(2639, 884, 8, NULL, NULL, NULL),
(2640, 885, 8, NULL, NULL, NULL),
(2641, 886, 8, NULL, NULL, NULL),
(2642, 887, 8, NULL, NULL, NULL),
(2643, 888, 8, NULL, NULL, NULL),
(2644, 889, 8, NULL, NULL, NULL),
(2645, 890, 8, NULL, NULL, NULL),
(2646, 891, 8, NULL, NULL, NULL),
(2647, 892, 8, NULL, NULL, NULL),
(2648, 893, 8, NULL, NULL, NULL),
(2649, 894, 8, NULL, NULL, NULL),
(2650, 895, 8, NULL, NULL, NULL),
(2651, 896, 8, NULL, NULL, NULL),
(2652, 897, 8, NULL, NULL, NULL),
(2653, 898, 8, NULL, NULL, NULL),
(2654, 899, 8, NULL, NULL, NULL),
(2655, 900, 8, NULL, NULL, NULL),
(2656, 901, 8, NULL, NULL, NULL),
(2657, 902, 8, NULL, NULL, NULL),
(2658, 903, 8, NULL, NULL, NULL),
(2659, 904, 8, NULL, NULL, NULL),
(2660, 905, 8, NULL, NULL, NULL),
(2661, 906, 8, NULL, NULL, NULL),
(2662, 907, 8, NULL, NULL, NULL),
(2663, 908, 8, NULL, NULL, NULL),
(2664, 909, 8, NULL, NULL, NULL),
(2665, 910, 8, NULL, NULL, NULL),
(2666, 911, 8, NULL, NULL, NULL),
(2667, 912, 8, NULL, NULL, NULL),
(2668, 913, 8, NULL, NULL, NULL),
(2669, 914, 8, NULL, NULL, NULL),
(2670, 915, 8, NULL, NULL, NULL),
(2671, 916, 8, NULL, NULL, NULL),
(2672, 917, 8, NULL, NULL, NULL),
(2673, 918, 8, NULL, NULL, NULL),
(2674, 919, 8, NULL, NULL, NULL),
(2675, 920, 8, NULL, NULL, NULL),
(2676, 921, 8, NULL, NULL, NULL),
(2677, 922, 8, NULL, NULL, NULL),
(2678, 923, 8, NULL, NULL, NULL),
(2679, 924, 8, NULL, NULL, NULL),
(2680, 925, 8, NULL, NULL, NULL),
(2681, 926, 8, NULL, NULL, NULL),
(2682, 927, 8, NULL, NULL, NULL),
(2683, 928, 8, NULL, NULL, NULL),
(2684, 929, 8, NULL, NULL, NULL),
(2685, 930, 8, NULL, NULL, NULL),
(2686, 931, 8, NULL, NULL, NULL),
(2687, 932, 8, NULL, NULL, NULL),
(2688, 933, 8, NULL, NULL, NULL),
(2689, 934, 8, NULL, NULL, NULL),
(2690, 935, 8, NULL, NULL, NULL),
(2691, 936, 8, NULL, NULL, NULL),
(2692, 937, 8, NULL, NULL, NULL),
(2693, 938, 8, NULL, NULL, NULL),
(2694, 939, 8, NULL, NULL, NULL),
(2695, 940, 8, NULL, NULL, NULL),
(2696, 941, 8, NULL, NULL, NULL),
(2697, 942, 8, NULL, NULL, NULL),
(2698, 943, 8, NULL, NULL, NULL),
(2699, 944, 8, NULL, NULL, NULL),
(2700, 945, 8, NULL, NULL, NULL),
(2701, 946, 8, NULL, NULL, NULL),
(2702, 947, 8, NULL, NULL, NULL),
(2703, 948, 8, NULL, NULL, NULL),
(2704, 949, 8, NULL, NULL, NULL),
(2705, 950, 8, NULL, NULL, NULL),
(2706, 951, 8, NULL, NULL, NULL),
(2707, 952, 8, NULL, NULL, NULL),
(2708, 953, 8, NULL, NULL, NULL),
(2709, 954, 8, NULL, NULL, NULL),
(2710, 955, 8, NULL, NULL, NULL),
(2711, 956, 8, NULL, NULL, NULL),
(2712, 957, 8, NULL, NULL, NULL),
(2713, 958, 8, NULL, NULL, NULL),
(2714, 959, 8, NULL, NULL, NULL),
(2715, 960, 8, NULL, NULL, NULL),
(2716, 961, 8, NULL, NULL, NULL),
(2717, 962, 8, NULL, NULL, NULL),
(2718, 963, 8, NULL, NULL, NULL),
(2719, 964, 8, NULL, NULL, NULL),
(2720, 965, 8, NULL, NULL, NULL),
(2721, 966, 8, NULL, NULL, NULL),
(2722, 967, 8, NULL, NULL, NULL),
(2723, 968, 8, NULL, NULL, NULL),
(2724, 969, 8, NULL, NULL, NULL),
(2725, 970, 8, NULL, NULL, NULL),
(2726, 971, 8, NULL, NULL, NULL),
(2727, 972, 8, NULL, NULL, NULL),
(2728, 973, 8, NULL, NULL, NULL),
(2729, 974, 8, NULL, NULL, NULL),
(2730, 975, 8, NULL, NULL, NULL),
(2731, 976, 8, NULL, NULL, NULL),
(2732, 977, 8, NULL, NULL, NULL),
(2733, 978, 8, NULL, NULL, NULL),
(2734, 979, 8, NULL, NULL, NULL),
(2735, 980, 8, NULL, NULL, NULL),
(2736, 981, 8, NULL, NULL, NULL),
(2737, 982, 8, NULL, NULL, NULL),
(2738, 983, 8, NULL, NULL, NULL),
(2739, 984, 8, NULL, NULL, NULL),
(2740, 985, 8, NULL, NULL, NULL),
(2741, 986, 8, NULL, NULL, NULL),
(2742, 987, 8, NULL, NULL, NULL),
(2743, 988, 8, NULL, NULL, NULL),
(2744, 989, 8, NULL, NULL, NULL),
(2745, 990, 8, NULL, NULL, NULL),
(2746, 991, 8, NULL, NULL, NULL),
(2747, 992, 8, NULL, NULL, NULL),
(2748, 993, 8, NULL, NULL, NULL),
(2749, 994, 8, NULL, NULL, NULL),
(2750, 995, 8, NULL, NULL, NULL),
(2751, 996, 8, NULL, NULL, NULL),
(2752, 997, 8, NULL, NULL, NULL),
(2753, 998, 8, NULL, NULL, NULL),
(2754, 999, 8, NULL, NULL, NULL),
(2755, 1000, 8, NULL, NULL, NULL),
(2756, 1001, 8, NULL, NULL, NULL),
(2757, 1002, 8, NULL, NULL, NULL),
(2758, 1003, 8, NULL, NULL, NULL),
(2759, 1004, 8, NULL, NULL, NULL),
(2760, 1005, 8, NULL, NULL, NULL),
(2761, 1006, 8, NULL, NULL, NULL),
(2762, 1007, 8, NULL, NULL, NULL),
(2763, 1008, 8, NULL, NULL, NULL),
(2764, 1009, 8, NULL, NULL, NULL),
(2765, 1010, 8, NULL, NULL, NULL),
(2766, 1011, 8, NULL, NULL, NULL),
(2767, 1012, 8, NULL, NULL, NULL),
(2768, 1013, 8, NULL, NULL, NULL),
(2769, 1014, 8, NULL, NULL, NULL),
(2770, 1015, 8, NULL, NULL, NULL),
(2771, 1016, 8, NULL, NULL, NULL),
(2772, 1017, 8, NULL, NULL, NULL),
(2773, 1018, 8, NULL, NULL, NULL),
(2774, 1019, 8, NULL, NULL, NULL),
(2775, 1020, 8, NULL, NULL, NULL),
(2776, 1021, 8, NULL, NULL, NULL),
(2777, 1022, 8, NULL, NULL, NULL),
(2778, 1023, 8, NULL, NULL, NULL),
(2779, 1024, 8, NULL, NULL, NULL),
(2780, 1025, 8, NULL, NULL, NULL),
(2781, 1026, 8, NULL, NULL, NULL),
(2782, 1027, 8, NULL, NULL, NULL),
(2783, 1028, 8, NULL, NULL, NULL),
(2784, 1029, 8, NULL, NULL, NULL),
(2785, 1030, 8, NULL, NULL, NULL),
(2786, 1031, 8, NULL, NULL, NULL),
(2787, 1032, 8, NULL, NULL, NULL),
(2788, 1033, 8, NULL, NULL, NULL),
(2789, 1034, 8, NULL, NULL, NULL),
(2790, 1035, 8, NULL, NULL, NULL),
(2791, 1036, 8, NULL, NULL, NULL),
(2792, 1037, 8, NULL, NULL, NULL),
(2793, 1038, 8, NULL, NULL, NULL),
(2794, 1039, 8, NULL, NULL, NULL),
(2795, 1040, 8, NULL, NULL, NULL),
(2796, 1041, 8, NULL, NULL, NULL),
(2797, 1042, 8, NULL, NULL, NULL),
(2798, 1043, 8, NULL, NULL, NULL),
(2799, 1044, 8, NULL, NULL, NULL),
(2800, 1045, 8, NULL, NULL, NULL),
(2801, 1046, 8, NULL, NULL, NULL),
(2802, 1047, 8, NULL, NULL, NULL),
(2803, 1048, 8, NULL, NULL, NULL),
(2804, 1049, 8, NULL, NULL, NULL),
(2805, 1050, 8, NULL, NULL, NULL),
(2806, 1051, 8, NULL, NULL, NULL),
(2807, 1052, 8, NULL, NULL, NULL),
(2808, 1053, 8, NULL, NULL, NULL),
(2809, 1054, 8, NULL, NULL, NULL),
(2810, 1055, 8, NULL, NULL, NULL),
(2811, 1056, 8, NULL, NULL, NULL),
(2812, 1057, 8, NULL, NULL, NULL),
(2813, 1058, 8, NULL, NULL, NULL),
(2814, 1059, 8, NULL, NULL, NULL),
(2815, 1060, 8, NULL, NULL, NULL),
(2816, 1061, 8, NULL, NULL, NULL),
(2817, 1062, 8, NULL, NULL, NULL),
(2818, 1063, 8, NULL, NULL, NULL),
(2819, 1064, 8, NULL, NULL, NULL),
(2820, 1065, 8, NULL, NULL, NULL),
(2821, 1066, 8, NULL, NULL, NULL),
(2822, 1067, 8, NULL, NULL, NULL),
(2823, 1068, 8, NULL, NULL, NULL),
(2824, 1069, 8, NULL, NULL, NULL),
(2825, 1070, 8, NULL, NULL, NULL),
(2826, 1071, 8, NULL, NULL, NULL),
(2827, 1072, 8, NULL, NULL, NULL),
(2828, 1073, 8, NULL, NULL, NULL),
(2829, 1074, 8, NULL, NULL, NULL),
(2830, 1075, 8, NULL, NULL, NULL),
(2831, 1076, 8, NULL, NULL, NULL),
(2832, 1077, 8, NULL, NULL, NULL),
(2833, 1078, 8, NULL, NULL, NULL),
(2834, 1079, 8, NULL, NULL, NULL),
(2835, 1080, 8, NULL, NULL, NULL),
(2836, 1081, 8, NULL, NULL, NULL),
(2837, 1082, 8, NULL, NULL, NULL),
(2838, 1083, 8, NULL, NULL, NULL),
(2839, 1084, 8, NULL, NULL, NULL),
(2840, 1085, 8, NULL, NULL, NULL),
(2841, 1086, 8, NULL, NULL, NULL),
(2842, 1087, 8, NULL, NULL, NULL),
(2843, 1088, 8, NULL, NULL, NULL),
(2844, 1089, 8, NULL, NULL, NULL),
(2845, 1090, 8, NULL, NULL, NULL),
(2846, 1091, 8, NULL, NULL, NULL),
(2847, 1092, 8, NULL, NULL, NULL),
(2848, 1093, 8, NULL, NULL, NULL),
(2849, 1094, 8, NULL, NULL, NULL),
(2850, 1095, 8, NULL, NULL, NULL),
(2851, 1096, 8, NULL, NULL, NULL),
(2852, 1097, 8, NULL, NULL, NULL),
(2853, 1098, 8, NULL, NULL, NULL),
(2854, 1099, 8, NULL, NULL, NULL),
(2855, 1100, 8, NULL, NULL, NULL),
(2856, 1101, 8, NULL, NULL, NULL),
(2857, 1102, 8, NULL, NULL, NULL),
(2858, 1103, 8, NULL, NULL, NULL),
(2859, 1104, 8, NULL, NULL, NULL),
(2860, 1105, 8, NULL, NULL, NULL),
(2861, 1106, 8, NULL, NULL, NULL),
(2862, 1107, 8, NULL, NULL, NULL),
(2863, 1108, 8, NULL, NULL, NULL),
(2864, 1109, 8, NULL, NULL, NULL),
(2865, 1110, 8, NULL, NULL, NULL),
(2866, 1111, 8, NULL, NULL, NULL),
(2867, 1112, 8, NULL, NULL, NULL),
(2868, 1113, 8, NULL, NULL, NULL),
(2869, 1114, 8, NULL, NULL, NULL),
(2870, 1115, 8, NULL, NULL, NULL),
(2871, 1116, 8, NULL, NULL, NULL),
(2872, 1117, 8, NULL, NULL, NULL),
(2873, 1118, 8, NULL, NULL, NULL),
(2874, 1119, 8, NULL, NULL, NULL),
(2875, 1120, 8, NULL, NULL, NULL),
(2876, 1121, 8, NULL, NULL, NULL),
(2877, 1122, 8, NULL, NULL, NULL),
(2878, 1123, 8, NULL, NULL, NULL),
(2879, 1124, 8, NULL, NULL, NULL),
(2880, 1125, 8, NULL, NULL, NULL),
(2881, 1126, 8, NULL, NULL, NULL),
(2882, 1127, 8, NULL, NULL, NULL),
(2883, 1128, 8, NULL, NULL, NULL),
(2884, 1129, 8, NULL, NULL, NULL),
(2885, 1130, 8, NULL, NULL, NULL),
(2886, 1131, 8, NULL, NULL, NULL),
(2887, 1132, 8, NULL, NULL, NULL),
(2888, 1133, 8, NULL, NULL, NULL),
(2889, 1134, 8, NULL, NULL, NULL),
(2890, 1135, 8, NULL, NULL, NULL),
(2891, 1136, 8, NULL, NULL, NULL),
(2892, 1137, 8, NULL, NULL, NULL),
(2893, 1138, 8, NULL, NULL, NULL),
(2894, 1139, 8, NULL, NULL, NULL),
(2895, 1140, 8, NULL, NULL, NULL),
(2896, 1141, 8, NULL, NULL, NULL),
(2897, 1142, 8, NULL, NULL, NULL),
(2898, 1143, 8, NULL, NULL, NULL),
(2899, 1144, 8, NULL, NULL, NULL),
(2900, 1145, 8, NULL, NULL, NULL),
(2901, 1146, 8, NULL, NULL, NULL),
(2902, 1147, 8, NULL, NULL, NULL),
(2903, 1148, 8, NULL, NULL, NULL),
(2904, 1149, 8, NULL, NULL, NULL),
(2905, 1150, 8, NULL, NULL, NULL),
(2906, 1151, 8, NULL, NULL, NULL),
(2907, 1152, 8, NULL, NULL, NULL),
(2908, 1153, 8, NULL, NULL, NULL),
(2909, 1154, 8, NULL, NULL, NULL),
(2910, 1155, 8, NULL, NULL, NULL),
(2911, 1156, 8, NULL, NULL, NULL),
(2912, 1157, 8, NULL, NULL, NULL),
(2913, 1158, 8, NULL, NULL, NULL),
(2914, 1159, 8, NULL, NULL, NULL),
(2915, 1160, 8, NULL, NULL, NULL),
(2916, 1161, 8, NULL, NULL, NULL),
(2917, 1162, 8, NULL, NULL, NULL),
(2918, 1163, 8, NULL, NULL, NULL),
(2919, 1164, 8, NULL, NULL, NULL),
(2920, 1165, 8, NULL, NULL, NULL),
(2921, 1166, 8, NULL, NULL, NULL),
(2922, 1167, 8, NULL, NULL, NULL),
(2923, 1168, 8, NULL, NULL, NULL),
(2924, 1169, 8, NULL, NULL, NULL),
(2925, 1170, 8, NULL, NULL, NULL),
(2926, 1171, 8, NULL, NULL, NULL),
(2927, 1172, 8, NULL, NULL, NULL),
(2928, 1173, 8, NULL, NULL, NULL),
(2929, 1174, 8, NULL, NULL, NULL),
(2930, 1175, 8, NULL, NULL, NULL),
(2931, 1176, 8, NULL, NULL, NULL),
(2932, 1177, 8, NULL, NULL, NULL),
(2933, 1178, 8, NULL, NULL, NULL),
(2934, 1179, 8, NULL, NULL, NULL),
(2935, 1180, 8, NULL, NULL, NULL),
(2936, 1181, 8, NULL, NULL, NULL),
(2937, 1182, 8, NULL, NULL, NULL),
(2938, 1183, 8, NULL, NULL, NULL),
(2939, 1184, 8, NULL, NULL, NULL),
(2940, 1185, 8, NULL, NULL, NULL),
(2941, 1186, 8, NULL, NULL, NULL),
(2942, 1187, 8, NULL, NULL, NULL),
(2943, 1188, 8, NULL, NULL, NULL),
(2944, 1189, 8, NULL, NULL, NULL),
(2945, 1190, 8, NULL, NULL, NULL),
(2946, 1191, 8, NULL, NULL, NULL),
(2947, 1192, 8, NULL, NULL, NULL),
(2948, 1193, 8, NULL, NULL, NULL),
(2949, 1194, 8, NULL, NULL, NULL),
(2950, 1195, 8, NULL, NULL, NULL),
(2951, 1196, 8, NULL, NULL, NULL),
(2952, 1197, 8, NULL, NULL, NULL),
(2953, 1198, 8, NULL, NULL, NULL),
(2954, 1199, 8, NULL, NULL, NULL),
(2955, 1200, 8, NULL, NULL, NULL),
(2956, 1201, 8, NULL, NULL, NULL),
(2957, 1202, 8, NULL, NULL, NULL),
(2958, 1203, 8, NULL, NULL, NULL),
(2959, 1204, 8, NULL, NULL, NULL),
(2960, 1205, 8, NULL, NULL, NULL),
(2961, 1206, 8, NULL, NULL, NULL),
(2962, 1207, 8, NULL, NULL, NULL),
(2963, 1208, 8, NULL, NULL, NULL),
(2964, 1209, 8, NULL, NULL, NULL),
(2965, 1210, 8, NULL, NULL, NULL),
(2966, 1211, 8, NULL, NULL, NULL),
(2967, 1212, 8, NULL, NULL, NULL),
(2968, 1213, 8, NULL, NULL, NULL),
(2969, 1214, 8, NULL, NULL, NULL),
(2970, 1215, 8, NULL, NULL, NULL),
(2971, 1216, 8, NULL, NULL, NULL),
(2972, 1217, 8, NULL, NULL, NULL),
(2973, 1218, 8, NULL, NULL, NULL),
(2974, 1219, 8, NULL, NULL, NULL),
(2975, 1220, 8, NULL, NULL, NULL),
(2976, 1221, 8, NULL, NULL, NULL),
(2977, 1222, 8, NULL, NULL, NULL),
(2978, 1223, 8, NULL, NULL, NULL),
(2979, 1224, 8, NULL, NULL, NULL),
(2980, 1225, 8, NULL, NULL, NULL),
(2981, 1226, 8, NULL, NULL, NULL),
(2982, 1227, 8, NULL, NULL, NULL),
(2983, 1228, 8, NULL, NULL, NULL),
(2984, 1229, 8, NULL, NULL, NULL),
(2985, 1230, 8, NULL, NULL, NULL),
(2986, 1231, 8, NULL, NULL, NULL),
(2987, 1232, 8, NULL, NULL, NULL),
(2988, 1233, 8, NULL, NULL, NULL),
(2989, 1234, 8, NULL, NULL, NULL),
(2990, 1235, 8, NULL, NULL, NULL),
(2991, 1236, 8, NULL, NULL, NULL),
(2992, 1237, 8, NULL, NULL, NULL),
(2993, 1238, 8, NULL, NULL, NULL),
(2994, 1239, 8, NULL, NULL, NULL),
(2995, 1240, 8, NULL, NULL, NULL),
(2996, 1241, 8, NULL, NULL, NULL),
(2997, 1242, 8, NULL, NULL, NULL),
(2998, 1243, 8, NULL, NULL, NULL),
(2999, 1244, 8, NULL, NULL, NULL),
(3000, 1245, 8, NULL, NULL, NULL),
(3001, 1246, 8, NULL, NULL, NULL),
(3002, 1247, 8, NULL, NULL, NULL),
(3003, 1248, 8, NULL, NULL, NULL),
(3004, 1249, 8, NULL, NULL, NULL),
(3005, 1250, 8, NULL, NULL, NULL),
(3006, 1251, 8, NULL, NULL, NULL),
(3007, 1252, 8, NULL, NULL, NULL),
(3008, 1253, 8, NULL, NULL, NULL),
(3009, 1254, 8, NULL, NULL, NULL),
(3010, 1255, 8, NULL, NULL, NULL),
(3011, 826, 9, NULL, NULL, NULL),
(3012, 827, 9, NULL, NULL, NULL),
(3013, 828, 9, NULL, NULL, NULL),
(3014, 829, 9, NULL, NULL, NULL),
(3015, 830, 9, NULL, NULL, NULL),
(3016, 831, 9, NULL, NULL, NULL),
(3017, 832, 9, NULL, NULL, NULL),
(3018, 833, 9, NULL, NULL, NULL),
(3019, 834, 9, NULL, NULL, NULL),
(3020, 835, 9, NULL, NULL, NULL),
(3021, 836, 9, NULL, NULL, NULL),
(3022, 837, 9, NULL, NULL, NULL),
(3023, 838, 9, NULL, NULL, NULL),
(3024, 839, 9, NULL, NULL, NULL),
(3025, 840, 9, NULL, NULL, NULL),
(3026, 841, 9, NULL, NULL, NULL),
(3027, 842, 9, NULL, NULL, NULL),
(3028, 843, 9, NULL, NULL, NULL),
(3029, 844, 9, NULL, NULL, NULL),
(3030, 845, 9, NULL, NULL, NULL),
(3031, 846, 9, NULL, NULL, NULL),
(3032, 847, 9, NULL, NULL, NULL),
(3033, 848, 9, NULL, NULL, NULL),
(3034, 849, 9, NULL, NULL, NULL),
(3035, 850, 9, NULL, NULL, NULL),
(3036, 851, 9, NULL, NULL, NULL),
(3037, 852, 9, NULL, NULL, NULL),
(3038, 853, 9, NULL, NULL, NULL),
(3039, 854, 9, NULL, NULL, NULL),
(3040, 855, 9, NULL, NULL, NULL),
(3041, 856, 9, NULL, NULL, NULL),
(3042, 857, 9, NULL, NULL, NULL),
(3043, 858, 9, NULL, NULL, NULL),
(3044, 859, 9, NULL, NULL, NULL),
(3045, 860, 9, NULL, NULL, NULL),
(3046, 861, 9, NULL, NULL, NULL),
(3047, 862, 9, NULL, NULL, NULL),
(3048, 863, 9, NULL, NULL, NULL),
(3049, 864, 9, NULL, NULL, NULL),
(3050, 865, 9, NULL, NULL, NULL),
(3051, 866, 9, NULL, NULL, NULL),
(3052, 867, 9, NULL, NULL, NULL),
(3053, 868, 9, NULL, NULL, NULL),
(3054, 869, 9, NULL, NULL, NULL),
(3055, 870, 9, NULL, NULL, NULL),
(3056, 871, 9, NULL, NULL, NULL),
(3057, 872, 9, NULL, NULL, NULL),
(3058, 873, 9, NULL, NULL, NULL),
(3059, 874, 9, NULL, NULL, NULL),
(3060, 875, 9, NULL, NULL, NULL),
(3061, 876, 9, NULL, NULL, NULL),
(3062, 877, 9, NULL, NULL, NULL),
(3063, 878, 9, NULL, NULL, NULL),
(3064, 879, 9, NULL, NULL, NULL),
(3065, 880, 9, NULL, NULL, NULL),
(3066, 881, 9, NULL, NULL, NULL),
(3067, 882, 9, NULL, NULL, NULL),
(3068, 883, 9, NULL, NULL, NULL),
(3069, 884, 9, NULL, NULL, NULL),
(3070, 885, 9, NULL, NULL, NULL),
(3071, 886, 9, NULL, NULL, NULL),
(3072, 887, 9, NULL, NULL, NULL),
(3073, 888, 9, NULL, NULL, NULL),
(3074, 889, 9, NULL, NULL, NULL),
(3075, 890, 9, NULL, NULL, NULL),
(3076, 891, 9, NULL, NULL, NULL),
(3077, 892, 9, NULL, NULL, NULL),
(3078, 893, 9, NULL, NULL, NULL),
(3079, 894, 9, NULL, NULL, NULL),
(3080, 895, 9, NULL, NULL, NULL),
(3081, 896, 9, NULL, NULL, NULL),
(3082, 897, 9, NULL, NULL, NULL),
(3083, 898, 9, NULL, NULL, NULL),
(3084, 899, 9, NULL, NULL, NULL),
(3085, 900, 9, NULL, NULL, NULL),
(3086, 901, 9, NULL, NULL, NULL),
(3087, 902, 9, NULL, NULL, NULL),
(3088, 903, 9, NULL, NULL, NULL),
(3089, 904, 9, NULL, NULL, NULL),
(3090, 905, 9, NULL, NULL, NULL),
(3091, 906, 9, NULL, NULL, NULL),
(3092, 907, 9, NULL, NULL, NULL),
(3093, 908, 9, NULL, NULL, NULL),
(3094, 909, 9, NULL, NULL, NULL),
(3095, 910, 9, NULL, NULL, NULL),
(3096, 911, 9, NULL, NULL, NULL),
(3097, 912, 9, NULL, NULL, NULL),
(3098, 913, 9, NULL, NULL, NULL),
(3099, 914, 9, NULL, NULL, NULL),
(3100, 915, 9, NULL, NULL, NULL),
(3101, 916, 9, NULL, NULL, NULL),
(3102, 917, 9, NULL, NULL, NULL),
(3103, 918, 9, NULL, NULL, NULL),
(3104, 919, 9, NULL, NULL, NULL),
(3105, 920, 9, NULL, NULL, NULL),
(3106, 921, 9, NULL, NULL, NULL),
(3107, 922, 9, NULL, NULL, NULL),
(3108, 923, 9, NULL, NULL, NULL),
(3109, 924, 9, NULL, NULL, NULL),
(3110, 925, 9, NULL, NULL, NULL),
(3111, 926, 9, NULL, NULL, NULL),
(3112, 927, 9, NULL, NULL, NULL),
(3113, 928, 9, NULL, NULL, NULL),
(3114, 929, 9, NULL, NULL, NULL),
(3115, 930, 9, NULL, NULL, NULL),
(3116, 931, 9, NULL, NULL, NULL),
(3117, 932, 9, NULL, NULL, NULL),
(3118, 933, 9, NULL, NULL, NULL),
(3119, 934, 9, NULL, NULL, NULL),
(3120, 935, 9, NULL, NULL, NULL),
(3121, 936, 9, NULL, NULL, NULL),
(3122, 937, 9, NULL, NULL, NULL),
(3123, 938, 9, NULL, NULL, NULL),
(3124, 939, 9, NULL, NULL, NULL),
(3125, 940, 9, NULL, NULL, NULL),
(3126, 941, 9, NULL, NULL, NULL),
(3127, 942, 9, NULL, NULL, NULL),
(3128, 943, 9, NULL, NULL, NULL),
(3129, 944, 9, NULL, NULL, NULL),
(3130, 945, 9, NULL, NULL, NULL),
(3131, 946, 9, NULL, NULL, NULL),
(3132, 947, 9, NULL, NULL, NULL),
(3133, 948, 9, NULL, NULL, NULL),
(3134, 949, 9, NULL, NULL, NULL),
(3135, 950, 9, NULL, NULL, NULL),
(3136, 951, 9, NULL, NULL, NULL),
(3137, 952, 9, NULL, NULL, NULL),
(3138, 953, 9, NULL, NULL, NULL),
(3139, 954, 9, NULL, NULL, NULL),
(3140, 955, 9, NULL, NULL, NULL),
(3141, 956, 9, NULL, NULL, NULL),
(3142, 957, 9, NULL, NULL, NULL),
(3143, 958, 9, NULL, NULL, NULL),
(3144, 959, 9, NULL, NULL, NULL),
(3145, 960, 9, NULL, NULL, NULL),
(3146, 961, 9, NULL, NULL, NULL),
(3147, 962, 9, NULL, NULL, NULL),
(3148, 963, 9, NULL, NULL, NULL),
(3149, 964, 9, NULL, NULL, NULL),
(3150, 965, 9, NULL, NULL, NULL),
(3151, 966, 9, NULL, NULL, NULL),
(3152, 967, 9, NULL, NULL, NULL),
(3153, 968, 9, NULL, NULL, NULL),
(3154, 969, 9, NULL, NULL, NULL),
(3155, 970, 9, NULL, NULL, NULL),
(3156, 971, 9, NULL, NULL, NULL),
(3157, 972, 9, NULL, NULL, NULL),
(3158, 973, 9, NULL, NULL, NULL),
(3159, 974, 9, NULL, NULL, NULL),
(3160, 975, 9, NULL, NULL, NULL),
(3161, 976, 9, NULL, NULL, NULL),
(3162, 977, 9, NULL, NULL, NULL),
(3163, 978, 9, NULL, NULL, NULL),
(3164, 979, 9, NULL, NULL, NULL),
(3165, 980, 9, NULL, NULL, NULL),
(3166, 981, 9, NULL, NULL, NULL),
(3167, 982, 9, NULL, NULL, NULL),
(3168, 983, 9, NULL, NULL, NULL),
(3169, 984, 9, NULL, NULL, NULL),
(3170, 985, 9, NULL, NULL, NULL),
(3171, 986, 9, NULL, NULL, NULL),
(3172, 987, 9, NULL, NULL, NULL),
(3173, 988, 9, NULL, NULL, NULL),
(3174, 989, 9, NULL, NULL, NULL),
(3175, 990, 9, NULL, NULL, NULL),
(3176, 991, 9, NULL, NULL, NULL),
(3177, 992, 9, NULL, NULL, NULL),
(3178, 993, 9, NULL, NULL, NULL),
(3179, 994, 9, NULL, NULL, NULL),
(3180, 995, 9, NULL, NULL, NULL),
(3181, 996, 9, NULL, NULL, NULL),
(3182, 997, 9, NULL, NULL, NULL),
(3183, 998, 9, NULL, NULL, NULL),
(3184, 999, 9, NULL, NULL, NULL),
(3185, 1000, 9, NULL, NULL, NULL),
(3186, 1001, 9, NULL, NULL, NULL),
(3187, 1002, 9, NULL, NULL, NULL),
(3188, 1003, 9, NULL, NULL, NULL),
(3189, 1004, 9, NULL, NULL, NULL),
(3190, 1005, 9, NULL, NULL, NULL),
(3191, 1006, 9, NULL, NULL, NULL),
(3192, 1007, 9, NULL, NULL, NULL),
(3193, 1008, 9, NULL, NULL, NULL),
(3194, 1009, 9, NULL, NULL, NULL),
(3195, 1010, 9, NULL, NULL, NULL),
(3196, 1011, 9, NULL, NULL, NULL),
(3197, 1012, 9, NULL, NULL, NULL),
(3198, 1013, 9, NULL, NULL, NULL),
(3199, 1014, 9, NULL, NULL, NULL),
(3200, 1015, 9, NULL, NULL, NULL),
(3201, 1016, 9, NULL, NULL, NULL),
(3202, 1017, 9, NULL, NULL, NULL),
(3203, 1018, 9, NULL, NULL, NULL),
(3204, 1019, 9, NULL, NULL, NULL),
(3205, 1020, 9, NULL, NULL, NULL),
(3206, 1021, 9, NULL, NULL, NULL),
(3207, 1022, 9, NULL, NULL, NULL),
(3208, 1023, 9, NULL, NULL, NULL),
(3209, 1024, 9, NULL, NULL, NULL),
(3210, 1025, 9, NULL, NULL, NULL),
(3211, 1026, 9, NULL, NULL, NULL),
(3212, 1027, 9, NULL, NULL, NULL),
(3213, 1028, 9, NULL, NULL, NULL),
(3214, 1029, 9, NULL, NULL, NULL),
(3215, 1030, 9, NULL, NULL, NULL),
(3216, 1031, 9, NULL, NULL, NULL),
(3217, 1032, 9, NULL, NULL, NULL),
(3218, 1033, 9, NULL, NULL, NULL),
(3219, 1034, 9, NULL, NULL, NULL),
(3220, 1035, 9, NULL, NULL, NULL),
(3221, 1036, 9, NULL, NULL, NULL),
(3222, 1037, 9, NULL, NULL, NULL),
(3223, 1038, 9, NULL, NULL, NULL),
(3224, 1039, 9, NULL, NULL, NULL),
(3225, 1040, 9, NULL, NULL, NULL),
(3226, 1041, 9, NULL, NULL, NULL),
(3227, 1042, 9, NULL, NULL, NULL),
(3228, 1043, 9, NULL, NULL, NULL),
(3229, 1044, 9, NULL, NULL, NULL),
(3230, 1045, 9, NULL, NULL, NULL),
(3231, 1046, 9, NULL, NULL, NULL),
(3232, 1047, 9, NULL, NULL, NULL),
(3233, 1048, 9, NULL, NULL, NULL),
(3234, 1049, 9, NULL, NULL, NULL),
(3235, 1050, 9, NULL, NULL, NULL),
(3236, 1051, 9, NULL, NULL, NULL),
(3237, 1052, 9, NULL, NULL, NULL),
(3238, 1053, 9, NULL, NULL, NULL),
(3239, 1054, 9, NULL, NULL, NULL),
(3240, 1055, 9, NULL, NULL, NULL),
(3241, 1056, 9, NULL, NULL, NULL),
(3242, 1057, 9, NULL, NULL, NULL),
(3243, 1058, 9, NULL, NULL, NULL),
(3244, 1059, 9, NULL, NULL, NULL),
(3245, 1060, 9, NULL, NULL, NULL),
(3246, 1061, 9, NULL, NULL, NULL),
(3247, 1062, 9, NULL, NULL, NULL),
(3248, 1063, 9, NULL, NULL, NULL),
(3249, 1064, 9, NULL, NULL, NULL),
(3250, 1065, 9, NULL, NULL, NULL),
(3251, 1066, 9, NULL, NULL, NULL),
(3252, 1067, 9, NULL, NULL, NULL),
(3253, 1068, 9, NULL, NULL, NULL),
(3254, 1069, 9, NULL, NULL, NULL),
(3255, 1070, 9, NULL, NULL, NULL),
(3256, 1071, 9, NULL, NULL, NULL),
(3257, 1072, 9, NULL, NULL, NULL),
(3258, 1073, 9, NULL, NULL, NULL),
(3259, 1074, 9, NULL, NULL, NULL),
(3260, 1075, 9, NULL, NULL, NULL),
(3261, 1076, 9, NULL, NULL, NULL),
(3262, 1077, 9, NULL, NULL, NULL),
(3263, 1078, 9, NULL, NULL, NULL),
(3264, 1079, 9, NULL, NULL, NULL),
(3265, 1080, 9, NULL, NULL, NULL),
(3266, 1081, 9, NULL, NULL, NULL),
(3267, 1082, 9, NULL, NULL, NULL),
(3268, 1083, 9, NULL, NULL, NULL),
(3269, 1084, 9, NULL, NULL, NULL),
(3270, 1085, 9, NULL, NULL, NULL),
(3271, 1086, 9, NULL, NULL, NULL),
(3272, 1087, 9, NULL, NULL, NULL),
(3273, 1088, 9, NULL, NULL, NULL),
(3274, 1089, 9, NULL, NULL, NULL),
(3275, 1090, 9, NULL, NULL, NULL),
(3276, 1091, 9, NULL, NULL, NULL),
(3277, 1092, 9, NULL, NULL, NULL),
(3278, 1093, 9, NULL, NULL, NULL),
(3279, 1094, 9, NULL, NULL, NULL),
(3280, 1095, 9, NULL, NULL, NULL),
(3281, 1096, 9, NULL, NULL, NULL),
(3282, 1097, 9, NULL, NULL, NULL),
(3283, 1098, 9, NULL, NULL, NULL),
(3284, 1099, 9, NULL, NULL, NULL),
(3285, 1100, 9, NULL, NULL, NULL),
(3286, 1101, 9, NULL, NULL, NULL),
(3287, 1102, 9, NULL, NULL, NULL),
(3288, 1103, 9, NULL, NULL, NULL),
(3289, 1104, 9, NULL, NULL, NULL),
(3290, 1105, 9, NULL, NULL, NULL),
(3291, 1106, 9, NULL, NULL, NULL),
(3292, 1107, 9, NULL, NULL, NULL),
(3293, 1108, 9, NULL, NULL, NULL),
(3294, 1109, 9, NULL, NULL, NULL),
(3295, 1110, 9, NULL, NULL, NULL),
(3296, 1111, 9, NULL, NULL, NULL),
(3297, 1112, 9, NULL, NULL, NULL),
(3298, 1113, 9, NULL, NULL, NULL),
(3299, 1114, 9, NULL, NULL, NULL),
(3300, 1115, 9, NULL, NULL, NULL),
(3301, 1116, 9, NULL, NULL, NULL),
(3302, 1117, 9, NULL, NULL, NULL),
(3303, 1118, 9, NULL, NULL, NULL),
(3304, 1119, 9, NULL, NULL, NULL),
(3305, 1120, 9, NULL, NULL, NULL),
(3306, 1121, 9, NULL, NULL, NULL),
(3307, 1122, 9, NULL, NULL, NULL),
(3308, 1123, 9, NULL, NULL, NULL),
(3309, 1124, 9, NULL, NULL, NULL),
(3310, 1125, 9, NULL, NULL, NULL),
(3311, 1126, 9, NULL, NULL, NULL),
(3312, 1127, 9, NULL, NULL, NULL),
(3313, 1128, 9, NULL, NULL, NULL),
(3314, 1129, 9, NULL, NULL, NULL),
(3315, 1130, 9, NULL, NULL, NULL),
(3316, 1131, 9, NULL, NULL, NULL),
(3317, 1132, 9, NULL, NULL, NULL),
(3318, 1133, 9, NULL, NULL, NULL),
(3319, 1134, 9, NULL, NULL, NULL),
(3320, 1135, 9, NULL, NULL, NULL),
(3321, 1136, 9, NULL, NULL, NULL),
(3322, 1137, 9, NULL, NULL, NULL),
(3323, 1138, 9, NULL, NULL, NULL),
(3324, 1139, 9, NULL, NULL, NULL),
(3325, 1140, 9, NULL, NULL, NULL),
(3326, 1141, 9, NULL, NULL, NULL),
(3327, 1142, 9, NULL, NULL, NULL),
(3328, 1143, 9, NULL, NULL, NULL),
(3329, 1144, 9, NULL, NULL, NULL),
(3330, 1145, 9, NULL, NULL, NULL),
(3331, 1146, 9, NULL, NULL, NULL),
(3332, 1147, 9, NULL, NULL, NULL),
(3333, 1148, 9, NULL, NULL, NULL),
(3334, 1149, 9, NULL, NULL, NULL),
(3335, 1150, 9, NULL, NULL, NULL),
(3336, 1151, 9, NULL, NULL, NULL),
(3337, 1152, 9, NULL, NULL, NULL),
(3338, 1153, 9, NULL, NULL, NULL),
(3339, 1154, 9, NULL, NULL, NULL),
(3340, 1155, 9, NULL, NULL, NULL),
(3341, 1156, 9, NULL, NULL, NULL),
(3342, 1157, 9, NULL, NULL, NULL),
(3343, 1158, 9, NULL, NULL, NULL),
(3344, 1159, 9, NULL, NULL, NULL),
(3345, 1160, 9, NULL, NULL, NULL),
(3346, 1161, 9, NULL, NULL, NULL),
(3347, 1162, 9, NULL, NULL, NULL),
(3348, 1163, 9, NULL, NULL, NULL),
(3349, 1164, 9, NULL, NULL, NULL),
(3350, 1165, 9, NULL, NULL, NULL),
(3351, 1166, 9, NULL, NULL, NULL),
(3352, 1167, 9, NULL, NULL, NULL),
(3353, 1168, 9, NULL, NULL, NULL),
(3354, 1169, 9, NULL, NULL, NULL),
(3355, 1170, 9, NULL, NULL, NULL),
(3356, 1171, 9, NULL, NULL, NULL),
(3357, 1172, 9, NULL, NULL, NULL),
(3358, 1173, 9, NULL, NULL, NULL),
(3359, 1174, 9, NULL, NULL, NULL),
(3360, 1175, 9, NULL, NULL, NULL),
(3361, 1176, 9, NULL, NULL, NULL),
(3362, 1177, 9, NULL, NULL, NULL),
(3363, 1178, 9, NULL, NULL, NULL),
(3364, 1179, 9, NULL, NULL, NULL),
(3365, 1180, 9, NULL, NULL, NULL),
(3366, 1181, 9, NULL, NULL, NULL),
(3367, 1182, 9, NULL, NULL, NULL),
(3368, 1183, 9, NULL, NULL, NULL),
(3369, 1184, 9, NULL, NULL, NULL),
(3370, 1185, 9, NULL, NULL, NULL),
(3371, 1186, 9, NULL, NULL, NULL),
(3372, 1187, 9, NULL, NULL, NULL),
(3373, 1188, 9, NULL, NULL, NULL),
(3374, 1189, 9, NULL, NULL, NULL),
(3375, 1190, 9, NULL, NULL, NULL),
(3376, 1191, 9, NULL, NULL, NULL),
(3377, 1192, 9, NULL, NULL, NULL),
(3378, 1193, 9, NULL, NULL, NULL),
(3379, 1194, 9, NULL, NULL, NULL),
(3380, 1195, 9, NULL, NULL, NULL),
(3381, 1196, 9, NULL, NULL, NULL),
(3382, 1197, 9, NULL, NULL, NULL),
(3383, 1198, 9, NULL, NULL, NULL),
(3384, 1199, 9, NULL, NULL, NULL),
(3385, 1200, 9, NULL, NULL, NULL),
(3386, 1201, 9, NULL, NULL, NULL),
(3387, 1202, 9, NULL, NULL, NULL),
(3388, 1203, 9, NULL, NULL, NULL),
(3389, 1204, 9, NULL, NULL, NULL),
(3390, 1205, 9, NULL, NULL, NULL),
(3391, 1206, 9, NULL, NULL, NULL),
(3392, 1207, 9, NULL, NULL, NULL),
(3393, 1208, 9, NULL, NULL, NULL),
(3394, 1209, 9, NULL, NULL, NULL),
(3395, 1210, 9, NULL, NULL, NULL),
(3396, 1211, 9, NULL, NULL, NULL),
(3397, 1212, 9, NULL, NULL, NULL),
(3398, 1213, 9, NULL, NULL, NULL),
(3399, 1214, 9, NULL, NULL, NULL),
(3400, 1215, 9, NULL, NULL, NULL),
(3401, 1216, 9, NULL, NULL, NULL),
(3402, 1217, 9, NULL, NULL, NULL),
(3403, 1218, 9, NULL, NULL, NULL),
(3404, 1219, 9, NULL, NULL, NULL),
(3405, 1220, 9, NULL, NULL, NULL),
(3406, 1221, 9, NULL, NULL, NULL),
(3407, 1222, 9, NULL, NULL, NULL),
(3408, 1223, 9, NULL, NULL, NULL),
(3409, 1224, 9, NULL, NULL, NULL),
(3410, 1225, 9, NULL, NULL, NULL),
(3411, 1226, 9, NULL, NULL, NULL),
(3412, 1227, 9, NULL, NULL, NULL),
(3413, 1228, 9, NULL, NULL, NULL),
(3414, 1229, 9, NULL, NULL, NULL),
(3415, 1230, 9, NULL, NULL, NULL),
(3416, 1231, 9, NULL, NULL, NULL),
(3417, 1232, 9, NULL, NULL, NULL),
(3418, 1233, 9, NULL, NULL, NULL),
(3419, 1234, 9, NULL, NULL, NULL),
(3420, 1235, 9, NULL, NULL, NULL),
(3421, 1236, 9, NULL, NULL, NULL),
(3422, 1237, 9, NULL, NULL, NULL),
(3423, 1238, 9, NULL, NULL, NULL),
(3424, 1239, 9, NULL, NULL, NULL),
(3425, 1240, 9, NULL, NULL, NULL),
(3426, 1241, 9, NULL, NULL, NULL),
(3427, 1242, 9, NULL, NULL, NULL),
(3428, 1243, 9, NULL, NULL, NULL),
(3429, 1244, 9, NULL, NULL, NULL),
(3430, 1245, 9, NULL, NULL, NULL),
(3431, 1246, 9, NULL, NULL, NULL),
(3432, 1247, 9, NULL, NULL, NULL),
(3433, 1248, 9, NULL, NULL, NULL),
(3434, 1249, 9, NULL, NULL, NULL),
(3435, 1250, 9, NULL, NULL, NULL),
(3436, 1251, 9, NULL, NULL, NULL),
(3437, 1252, 9, NULL, NULL, NULL),
(3438, 1253, 9, NULL, NULL, NULL),
(3439, 1254, 9, NULL, NULL, NULL),
(3440, 1255, 9, NULL, NULL, NULL),
(3441, 826, 10, NULL, NULL, NULL),
(3442, 827, 10, NULL, NULL, NULL),
(3443, 828, 10, NULL, NULL, NULL),
(3444, 829, 10, NULL, NULL, NULL),
(3445, 830, 10, NULL, NULL, NULL),
(3446, 831, 10, NULL, NULL, NULL),
(3447, 832, 10, NULL, NULL, NULL),
(3448, 833, 10, NULL, NULL, NULL),
(3449, 834, 10, NULL, NULL, NULL),
(3450, 835, 10, NULL, NULL, NULL),
(3451, 836, 10, NULL, NULL, NULL),
(3452, 837, 10, NULL, NULL, NULL),
(3453, 838, 10, NULL, NULL, NULL),
(3454, 839, 10, NULL, NULL, NULL),
(3455, 840, 10, NULL, NULL, NULL),
(3456, 841, 10, NULL, NULL, NULL),
(3457, 842, 10, NULL, NULL, NULL),
(3458, 843, 10, NULL, NULL, NULL),
(3459, 844, 10, NULL, NULL, NULL),
(3460, 845, 10, NULL, NULL, NULL),
(3461, 846, 10, NULL, NULL, NULL),
(3462, 847, 10, NULL, NULL, NULL),
(3463, 848, 10, NULL, NULL, NULL),
(3464, 849, 10, NULL, NULL, NULL),
(3465, 850, 10, NULL, NULL, NULL),
(3466, 851, 10, NULL, NULL, NULL),
(3467, 852, 10, NULL, NULL, NULL),
(3468, 853, 10, NULL, NULL, NULL),
(3469, 854, 10, NULL, NULL, NULL),
(3470, 855, 10, NULL, NULL, NULL),
(3471, 856, 10, NULL, NULL, NULL),
(3472, 857, 10, NULL, NULL, NULL),
(3473, 858, 10, NULL, NULL, NULL),
(3474, 859, 10, NULL, NULL, NULL),
(3475, 860, 10, NULL, NULL, NULL),
(3476, 861, 10, NULL, NULL, NULL),
(3477, 862, 10, NULL, NULL, NULL),
(3478, 863, 10, NULL, NULL, NULL),
(3479, 864, 10, NULL, NULL, NULL),
(3480, 865, 10, NULL, NULL, NULL),
(3481, 866, 10, NULL, NULL, NULL),
(3482, 867, 10, NULL, NULL, NULL),
(3483, 868, 10, NULL, NULL, NULL),
(3484, 869, 10, NULL, NULL, NULL),
(3485, 870, 10, NULL, NULL, NULL),
(3486, 871, 10, NULL, NULL, NULL),
(3487, 872, 10, NULL, NULL, NULL),
(3488, 873, 10, NULL, NULL, NULL),
(3489, 874, 10, NULL, NULL, NULL),
(3490, 875, 10, NULL, NULL, NULL),
(3491, 876, 10, NULL, NULL, NULL),
(3492, 877, 10, NULL, NULL, NULL),
(3493, 878, 10, NULL, NULL, NULL),
(3494, 879, 10, NULL, NULL, NULL),
(3495, 880, 10, NULL, NULL, NULL),
(3496, 881, 10, NULL, NULL, NULL),
(3497, 882, 10, NULL, NULL, NULL),
(3498, 883, 10, NULL, NULL, NULL),
(3499, 884, 10, NULL, NULL, NULL),
(3500, 885, 10, NULL, NULL, NULL),
(3501, 886, 10, NULL, NULL, NULL),
(3502, 887, 10, NULL, NULL, NULL),
(3503, 888, 10, NULL, NULL, NULL),
(3504, 889, 10, NULL, NULL, NULL),
(3505, 890, 10, NULL, NULL, NULL),
(3506, 891, 10, NULL, NULL, NULL);
INSERT INTO `branch_services` (`id`, `branch_id`, `service_id`, `deleted_at`, `created_at`, `updated_at`) VALUES
(3507, 892, 10, NULL, NULL, NULL),
(3508, 893, 10, NULL, NULL, NULL),
(3509, 894, 10, NULL, NULL, NULL),
(3510, 895, 10, NULL, NULL, NULL),
(3511, 896, 10, NULL, NULL, NULL),
(3512, 897, 10, NULL, NULL, NULL),
(3513, 898, 10, NULL, NULL, NULL),
(3514, 899, 10, NULL, NULL, NULL),
(3515, 900, 10, NULL, NULL, NULL),
(3516, 901, 10, NULL, NULL, NULL),
(3517, 902, 10, NULL, NULL, NULL),
(3518, 903, 10, NULL, NULL, NULL),
(3519, 904, 10, NULL, NULL, NULL),
(3520, 905, 10, NULL, NULL, NULL),
(3521, 906, 10, NULL, NULL, NULL),
(3522, 907, 10, NULL, NULL, NULL),
(3523, 908, 10, NULL, NULL, NULL),
(3524, 909, 10, NULL, NULL, NULL),
(3525, 910, 10, NULL, NULL, NULL),
(3526, 911, 10, NULL, NULL, NULL),
(3527, 912, 10, NULL, NULL, NULL),
(3528, 913, 10, NULL, NULL, NULL),
(3529, 914, 10, NULL, NULL, NULL),
(3530, 915, 10, NULL, NULL, NULL),
(3531, 916, 10, NULL, NULL, NULL),
(3532, 917, 10, NULL, NULL, NULL),
(3533, 918, 10, NULL, NULL, NULL),
(3534, 919, 10, NULL, NULL, NULL),
(3535, 920, 10, NULL, NULL, NULL),
(3536, 921, 10, NULL, NULL, NULL),
(3537, 922, 10, NULL, NULL, NULL),
(3538, 923, 10, NULL, NULL, NULL),
(3539, 924, 10, NULL, NULL, NULL),
(3540, 925, 10, NULL, NULL, NULL),
(3541, 926, 10, NULL, NULL, NULL),
(3542, 927, 10, NULL, NULL, NULL),
(3543, 928, 10, NULL, NULL, NULL),
(3544, 929, 10, NULL, NULL, NULL),
(3545, 930, 10, NULL, NULL, NULL),
(3546, 931, 10, NULL, NULL, NULL),
(3547, 932, 10, NULL, NULL, NULL),
(3548, 933, 10, NULL, NULL, NULL),
(3549, 934, 10, NULL, NULL, NULL),
(3550, 935, 10, NULL, NULL, NULL),
(3551, 936, 10, NULL, NULL, NULL),
(3552, 937, 10, NULL, NULL, NULL),
(3553, 938, 10, NULL, NULL, NULL),
(3554, 939, 10, NULL, NULL, NULL),
(3555, 940, 10, NULL, NULL, NULL),
(3556, 941, 10, NULL, NULL, NULL),
(3557, 942, 10, NULL, NULL, NULL),
(3558, 943, 10, NULL, NULL, NULL),
(3559, 944, 10, NULL, NULL, NULL),
(3560, 945, 10, NULL, NULL, NULL),
(3561, 946, 10, NULL, NULL, NULL),
(3562, 947, 10, NULL, NULL, NULL),
(3563, 948, 10, NULL, NULL, NULL),
(3564, 949, 10, NULL, NULL, NULL),
(3565, 950, 10, NULL, NULL, NULL),
(3566, 951, 10, NULL, NULL, NULL),
(3567, 952, 10, NULL, NULL, NULL),
(3568, 953, 10, NULL, NULL, NULL),
(3569, 954, 10, NULL, NULL, NULL),
(3570, 955, 10, NULL, NULL, NULL),
(3571, 956, 10, NULL, NULL, NULL),
(3572, 957, 10, NULL, NULL, NULL),
(3573, 958, 10, NULL, NULL, NULL),
(3574, 959, 10, NULL, NULL, NULL),
(3575, 960, 10, NULL, NULL, NULL),
(3576, 961, 10, NULL, NULL, NULL),
(3577, 962, 10, NULL, NULL, NULL),
(3578, 963, 10, NULL, NULL, NULL),
(3579, 964, 10, NULL, NULL, NULL),
(3580, 965, 10, NULL, NULL, NULL),
(3581, 966, 10, NULL, NULL, NULL),
(3582, 967, 10, NULL, NULL, NULL),
(3583, 968, 10, NULL, NULL, NULL),
(3584, 969, 10, NULL, NULL, NULL),
(3585, 970, 10, NULL, NULL, NULL),
(3586, 971, 10, NULL, NULL, NULL),
(3587, 972, 10, NULL, NULL, NULL),
(3588, 973, 10, NULL, NULL, NULL),
(3589, 974, 10, NULL, NULL, NULL),
(3590, 975, 10, NULL, NULL, NULL),
(3591, 976, 10, NULL, NULL, NULL),
(3592, 977, 10, NULL, NULL, NULL),
(3593, 978, 10, NULL, NULL, NULL),
(3594, 979, 10, NULL, NULL, NULL),
(3595, 980, 10, NULL, NULL, NULL),
(3596, 981, 10, NULL, NULL, NULL),
(3597, 982, 10, NULL, NULL, NULL),
(3598, 983, 10, NULL, NULL, NULL),
(3599, 984, 10, NULL, NULL, NULL),
(3600, 985, 10, NULL, NULL, NULL),
(3601, 986, 10, NULL, NULL, NULL),
(3602, 987, 10, NULL, NULL, NULL),
(3603, 988, 10, NULL, NULL, NULL),
(3604, 989, 10, NULL, NULL, NULL),
(3605, 990, 10, NULL, NULL, NULL),
(3606, 991, 10, NULL, NULL, NULL),
(3607, 992, 10, NULL, NULL, NULL),
(3608, 993, 10, NULL, NULL, NULL),
(3609, 994, 10, NULL, NULL, NULL),
(3610, 995, 10, NULL, NULL, NULL),
(3611, 996, 10, NULL, NULL, NULL),
(3612, 997, 10, NULL, NULL, NULL),
(3613, 998, 10, NULL, NULL, NULL),
(3614, 999, 10, NULL, NULL, NULL),
(3615, 1000, 10, NULL, NULL, NULL),
(3616, 1001, 10, NULL, NULL, NULL),
(3617, 1002, 10, NULL, NULL, NULL),
(3618, 1003, 10, NULL, NULL, NULL),
(3619, 1004, 10, NULL, NULL, NULL),
(3620, 1005, 10, NULL, NULL, NULL),
(3621, 1006, 10, NULL, NULL, NULL),
(3622, 1007, 10, NULL, NULL, NULL),
(3623, 1008, 10, NULL, NULL, NULL),
(3624, 1009, 10, NULL, NULL, NULL),
(3625, 1010, 10, NULL, NULL, NULL),
(3626, 1011, 10, NULL, NULL, NULL),
(3627, 1012, 10, NULL, NULL, NULL),
(3628, 1013, 10, NULL, NULL, NULL),
(3629, 1014, 10, NULL, NULL, NULL),
(3630, 1015, 10, NULL, NULL, NULL),
(3631, 1016, 10, NULL, NULL, NULL),
(3632, 1017, 10, NULL, NULL, NULL),
(3633, 1018, 10, NULL, NULL, NULL),
(3634, 1019, 10, NULL, NULL, NULL),
(3635, 1020, 10, NULL, NULL, NULL),
(3636, 1021, 10, NULL, NULL, NULL),
(3637, 1022, 10, NULL, NULL, NULL),
(3638, 1023, 10, NULL, NULL, NULL),
(3639, 1024, 10, NULL, NULL, NULL),
(3640, 1025, 10, NULL, NULL, NULL),
(3641, 1026, 10, NULL, NULL, NULL),
(3642, 1027, 10, NULL, NULL, NULL),
(3643, 1028, 10, NULL, NULL, NULL),
(3644, 1029, 10, NULL, NULL, NULL),
(3645, 1030, 10, NULL, NULL, NULL),
(3646, 1031, 10, NULL, NULL, NULL),
(3647, 1032, 10, NULL, NULL, NULL),
(3648, 1033, 10, NULL, NULL, NULL),
(3649, 1034, 10, NULL, NULL, NULL),
(3650, 1035, 10, NULL, NULL, NULL),
(3651, 1036, 10, NULL, NULL, NULL),
(3652, 1037, 10, NULL, NULL, NULL),
(3653, 1038, 10, NULL, NULL, NULL),
(3654, 1039, 10, NULL, NULL, NULL),
(3655, 1040, 10, NULL, NULL, NULL),
(3656, 1041, 10, NULL, NULL, NULL),
(3657, 1042, 10, NULL, NULL, NULL),
(3658, 1043, 10, NULL, NULL, NULL),
(3659, 1044, 10, NULL, NULL, NULL),
(3660, 1045, 10, NULL, NULL, NULL),
(3661, 1046, 10, NULL, NULL, NULL),
(3662, 1047, 10, NULL, NULL, NULL),
(3663, 1048, 10, NULL, NULL, NULL),
(3664, 1049, 10, NULL, NULL, NULL),
(3665, 1050, 10, NULL, NULL, NULL),
(3666, 1051, 10, NULL, NULL, NULL),
(3667, 1052, 10, NULL, NULL, NULL),
(3668, 1053, 10, NULL, NULL, NULL),
(3669, 1054, 10, NULL, NULL, NULL),
(3670, 1055, 10, NULL, NULL, NULL),
(3671, 1056, 10, NULL, NULL, NULL),
(3672, 1057, 10, NULL, NULL, NULL),
(3673, 1058, 10, NULL, NULL, NULL),
(3674, 1059, 10, NULL, NULL, NULL),
(3675, 1060, 10, NULL, NULL, NULL),
(3676, 1061, 10, NULL, NULL, NULL),
(3677, 1062, 10, NULL, NULL, NULL),
(3678, 1063, 10, NULL, NULL, NULL),
(3679, 1064, 10, NULL, NULL, NULL),
(3680, 1065, 10, NULL, NULL, NULL),
(3681, 1066, 10, NULL, NULL, NULL),
(3682, 1067, 10, NULL, NULL, NULL),
(3683, 1068, 10, NULL, NULL, NULL),
(3684, 1069, 10, NULL, NULL, NULL),
(3685, 1070, 10, NULL, NULL, NULL),
(3686, 1071, 10, NULL, NULL, NULL),
(3687, 1072, 10, NULL, NULL, NULL),
(3688, 1073, 10, NULL, NULL, NULL),
(3689, 1074, 10, NULL, NULL, NULL),
(3690, 1075, 10, NULL, NULL, NULL),
(3691, 1076, 10, NULL, NULL, NULL),
(3692, 1077, 10, NULL, NULL, NULL),
(3693, 1078, 10, NULL, NULL, NULL),
(3694, 1079, 10, NULL, NULL, NULL),
(3695, 1080, 10, NULL, NULL, NULL),
(3696, 1081, 10, NULL, NULL, NULL),
(3697, 1082, 10, NULL, NULL, NULL),
(3698, 1083, 10, NULL, NULL, NULL),
(3699, 1084, 10, NULL, NULL, NULL),
(3700, 1085, 10, NULL, NULL, NULL),
(3701, 1086, 10, NULL, NULL, NULL),
(3702, 1087, 10, NULL, NULL, NULL),
(3703, 1088, 10, NULL, NULL, NULL),
(3704, 1089, 10, NULL, NULL, NULL),
(3705, 1090, 10, NULL, NULL, NULL),
(3706, 1091, 10, NULL, NULL, NULL),
(3707, 1092, 10, NULL, NULL, NULL),
(3708, 1093, 10, NULL, NULL, NULL),
(3709, 1094, 10, NULL, NULL, NULL),
(3710, 1095, 10, NULL, NULL, NULL),
(3711, 1096, 10, NULL, NULL, NULL),
(3712, 1097, 10, NULL, NULL, NULL),
(3713, 1098, 10, NULL, NULL, NULL),
(3714, 1099, 10, NULL, NULL, NULL),
(3715, 1100, 10, NULL, NULL, NULL),
(3716, 1101, 10, NULL, NULL, NULL),
(3717, 1102, 10, NULL, NULL, NULL),
(3718, 1103, 10, NULL, NULL, NULL),
(3719, 1104, 10, NULL, NULL, NULL),
(3720, 1105, 10, NULL, NULL, NULL),
(3721, 1106, 10, NULL, NULL, NULL),
(3722, 1107, 10, NULL, NULL, NULL),
(3723, 1108, 10, NULL, NULL, NULL),
(3724, 1109, 10, NULL, NULL, NULL),
(3725, 1110, 10, NULL, NULL, NULL),
(3726, 1111, 10, NULL, NULL, NULL),
(3727, 1112, 10, NULL, NULL, NULL),
(3728, 1113, 10, NULL, NULL, NULL),
(3729, 1114, 10, NULL, NULL, NULL),
(3730, 1115, 10, NULL, NULL, NULL),
(3731, 1116, 10, NULL, NULL, NULL),
(3732, 1117, 10, NULL, NULL, NULL),
(3733, 1118, 10, NULL, NULL, NULL),
(3734, 1119, 10, NULL, NULL, NULL),
(3735, 1120, 10, NULL, NULL, NULL),
(3736, 1121, 10, NULL, NULL, NULL),
(3737, 1122, 10, NULL, NULL, NULL),
(3738, 1123, 10, NULL, NULL, NULL),
(3739, 1124, 10, NULL, NULL, NULL),
(3740, 1125, 10, NULL, NULL, NULL),
(3741, 1126, 10, NULL, NULL, NULL),
(3742, 1127, 10, NULL, NULL, NULL),
(3743, 1128, 10, NULL, NULL, NULL),
(3744, 1129, 10, NULL, NULL, NULL),
(3745, 1130, 10, NULL, NULL, NULL),
(3746, 1131, 10, NULL, NULL, NULL),
(3747, 1132, 10, NULL, NULL, NULL),
(3748, 1133, 10, NULL, NULL, NULL),
(3749, 1134, 10, NULL, NULL, NULL),
(3750, 1135, 10, NULL, NULL, NULL),
(3751, 1136, 10, NULL, NULL, NULL),
(3752, 1137, 10, NULL, NULL, NULL),
(3753, 1138, 10, NULL, NULL, NULL),
(3754, 1139, 10, NULL, NULL, NULL),
(3755, 1140, 10, NULL, NULL, NULL),
(3756, 1141, 10, NULL, NULL, NULL),
(3757, 1142, 10, NULL, NULL, NULL),
(3758, 1143, 10, NULL, NULL, NULL),
(3759, 1144, 10, NULL, NULL, NULL),
(3760, 1145, 10, NULL, NULL, NULL),
(3761, 1146, 10, NULL, NULL, NULL),
(3762, 1147, 10, NULL, NULL, NULL),
(3763, 1148, 10, NULL, NULL, NULL),
(3764, 1149, 10, NULL, NULL, NULL),
(3765, 1150, 10, NULL, NULL, NULL),
(3766, 1151, 10, NULL, NULL, NULL),
(3767, 1152, 10, NULL, NULL, NULL),
(3768, 1153, 10, NULL, NULL, NULL),
(3769, 1154, 10, NULL, NULL, NULL),
(3770, 1155, 10, NULL, NULL, NULL),
(3771, 1156, 10, NULL, NULL, NULL),
(3772, 1157, 10, NULL, NULL, NULL),
(3773, 1158, 10, NULL, NULL, NULL),
(3774, 1159, 10, NULL, NULL, NULL),
(3775, 1160, 10, NULL, NULL, NULL),
(3776, 1161, 10, NULL, NULL, NULL),
(3777, 1162, 10, NULL, NULL, NULL),
(3778, 1163, 10, NULL, NULL, NULL),
(3779, 1164, 10, NULL, NULL, NULL),
(3780, 1165, 10, NULL, NULL, NULL),
(3781, 1166, 10, NULL, NULL, NULL),
(3782, 1167, 10, NULL, NULL, NULL),
(3783, 1168, 10, NULL, NULL, NULL),
(3784, 1169, 10, NULL, NULL, NULL),
(3785, 1170, 10, NULL, NULL, NULL),
(3786, 1171, 10, NULL, NULL, NULL),
(3787, 1172, 10, NULL, NULL, NULL),
(3788, 1173, 10, NULL, NULL, NULL),
(3789, 1174, 10, NULL, NULL, NULL),
(3790, 1175, 10, NULL, NULL, NULL),
(3791, 1176, 10, NULL, NULL, NULL),
(3792, 1177, 10, NULL, NULL, NULL),
(3793, 1178, 10, NULL, NULL, NULL),
(3794, 1179, 10, NULL, NULL, NULL),
(3795, 1180, 10, NULL, NULL, NULL),
(3796, 1181, 10, NULL, NULL, NULL),
(3797, 1182, 10, NULL, NULL, NULL),
(3798, 1183, 10, NULL, NULL, NULL),
(3799, 1184, 10, NULL, NULL, NULL),
(3800, 1185, 10, NULL, NULL, NULL),
(3801, 1186, 10, NULL, NULL, NULL),
(3802, 1187, 10, NULL, NULL, NULL),
(3803, 1188, 10, NULL, NULL, NULL),
(3804, 1189, 10, NULL, NULL, NULL),
(3805, 1190, 10, NULL, NULL, NULL),
(3806, 1191, 10, NULL, NULL, NULL),
(3807, 1192, 10, NULL, NULL, NULL),
(3808, 1193, 10, NULL, NULL, NULL),
(3809, 1194, 10, NULL, NULL, NULL),
(3810, 1195, 10, NULL, NULL, NULL),
(3811, 1196, 10, NULL, NULL, NULL),
(3812, 1197, 10, NULL, NULL, NULL),
(3813, 1198, 10, NULL, NULL, NULL),
(3814, 1199, 10, NULL, NULL, NULL),
(3815, 1200, 10, NULL, NULL, NULL),
(3816, 1201, 10, NULL, NULL, NULL),
(3817, 1202, 10, NULL, NULL, NULL),
(3818, 1203, 10, NULL, NULL, NULL),
(3819, 1204, 10, NULL, NULL, NULL),
(3820, 1205, 10, NULL, NULL, NULL),
(3821, 1206, 10, NULL, NULL, NULL),
(3822, 1207, 10, NULL, NULL, NULL),
(3823, 1208, 10, NULL, NULL, NULL),
(3824, 1209, 10, NULL, NULL, NULL),
(3825, 1210, 10, NULL, NULL, NULL),
(3826, 1211, 10, NULL, NULL, NULL),
(3827, 1212, 10, NULL, NULL, NULL),
(3828, 1213, 10, NULL, NULL, NULL),
(3829, 1214, 10, NULL, NULL, NULL),
(3830, 1215, 10, NULL, NULL, NULL),
(3831, 1216, 10, NULL, NULL, NULL),
(3832, 1217, 10, NULL, NULL, NULL),
(3833, 1218, 10, NULL, NULL, NULL),
(3834, 1219, 10, NULL, NULL, NULL),
(3835, 1220, 10, NULL, NULL, NULL),
(3836, 1221, 10, NULL, NULL, NULL),
(3837, 1222, 10, NULL, NULL, NULL),
(3838, 1223, 10, NULL, NULL, NULL),
(3839, 1224, 10, NULL, NULL, NULL),
(3840, 1225, 10, NULL, NULL, NULL),
(3841, 1226, 10, NULL, NULL, NULL),
(3842, 1227, 10, NULL, NULL, NULL),
(3843, 1228, 10, NULL, NULL, NULL),
(3844, 1229, 10, NULL, NULL, NULL),
(3845, 1230, 10, NULL, NULL, NULL),
(3846, 1231, 10, NULL, NULL, NULL),
(3847, 1232, 10, NULL, NULL, NULL),
(3848, 1233, 10, NULL, NULL, NULL),
(3849, 1234, 10, NULL, NULL, NULL),
(3850, 1235, 10, NULL, NULL, NULL),
(3851, 1236, 10, NULL, NULL, NULL),
(3852, 1237, 10, NULL, NULL, NULL),
(3853, 1238, 10, NULL, NULL, NULL),
(3854, 1239, 10, NULL, NULL, NULL),
(3855, 1240, 10, NULL, NULL, NULL),
(3856, 1241, 10, NULL, NULL, NULL),
(3857, 1242, 10, NULL, NULL, NULL),
(3858, 1243, 10, NULL, NULL, NULL),
(3859, 1244, 10, NULL, NULL, NULL),
(3860, 1245, 10, NULL, NULL, NULL),
(3861, 1246, 10, NULL, NULL, NULL),
(3862, 1247, 10, NULL, NULL, NULL),
(3863, 1248, 10, NULL, NULL, NULL),
(3864, 1249, 10, NULL, NULL, NULL),
(3865, 1250, 10, NULL, NULL, NULL),
(3866, 1251, 10, NULL, NULL, NULL),
(3867, 1252, 10, NULL, NULL, NULL),
(3868, 1253, 10, NULL, NULL, NULL),
(3869, 1254, 10, NULL, NULL, NULL),
(3870, 1255, 10, NULL, NULL, NULL),
(3871, 826, 11, NULL, NULL, NULL),
(3872, 827, 11, NULL, NULL, NULL),
(3873, 828, 11, NULL, NULL, NULL),
(3874, 829, 11, NULL, NULL, NULL),
(3875, 830, 11, NULL, NULL, NULL),
(3876, 831, 11, NULL, NULL, NULL),
(3877, 832, 11, NULL, NULL, NULL),
(3878, 833, 11, NULL, NULL, NULL),
(3879, 834, 11, NULL, NULL, NULL),
(3880, 835, 11, NULL, NULL, NULL),
(3881, 836, 11, NULL, NULL, NULL),
(3882, 837, 11, NULL, NULL, NULL),
(3883, 838, 11, NULL, NULL, NULL),
(3884, 839, 11, NULL, NULL, NULL),
(3885, 840, 11, NULL, NULL, NULL),
(3886, 841, 11, NULL, NULL, NULL),
(3887, 842, 11, NULL, NULL, NULL),
(3888, 843, 11, NULL, NULL, NULL),
(3889, 844, 11, NULL, NULL, NULL),
(3890, 845, 11, NULL, NULL, NULL),
(3891, 846, 11, NULL, NULL, NULL),
(3892, 847, 11, NULL, NULL, NULL),
(3893, 848, 11, NULL, NULL, NULL),
(3894, 849, 11, NULL, NULL, NULL),
(3895, 850, 11, NULL, NULL, NULL),
(3896, 851, 11, NULL, NULL, NULL),
(3897, 852, 11, NULL, NULL, NULL),
(3898, 853, 11, NULL, NULL, NULL),
(3899, 854, 11, NULL, NULL, NULL),
(3900, 855, 11, NULL, NULL, NULL),
(3901, 856, 11, NULL, NULL, NULL),
(3902, 857, 11, NULL, NULL, NULL),
(3903, 858, 11, NULL, NULL, NULL),
(3904, 859, 11, NULL, NULL, NULL),
(3905, 860, 11, NULL, NULL, NULL),
(3906, 861, 11, NULL, NULL, NULL),
(3907, 862, 11, NULL, NULL, NULL),
(3908, 863, 11, NULL, NULL, NULL),
(3909, 864, 11, NULL, NULL, NULL),
(3910, 865, 11, NULL, NULL, NULL),
(3911, 866, 11, NULL, NULL, NULL),
(3912, 867, 11, NULL, NULL, NULL),
(3913, 868, 11, NULL, NULL, NULL),
(3914, 869, 11, NULL, NULL, NULL),
(3915, 870, 11, NULL, NULL, NULL),
(3916, 871, 11, NULL, NULL, NULL),
(3917, 872, 11, NULL, NULL, NULL),
(3918, 873, 11, NULL, NULL, NULL),
(3919, 874, 11, NULL, NULL, NULL),
(3920, 875, 11, NULL, NULL, NULL),
(3921, 876, 11, NULL, NULL, NULL),
(3922, 877, 11, NULL, NULL, NULL),
(3923, 878, 11, NULL, NULL, NULL),
(3924, 879, 11, NULL, NULL, NULL),
(3925, 880, 11, NULL, NULL, NULL),
(3926, 881, 11, NULL, NULL, NULL),
(3927, 882, 11, NULL, NULL, NULL),
(3928, 883, 11, NULL, NULL, NULL),
(3929, 884, 11, NULL, NULL, NULL),
(3930, 885, 11, NULL, NULL, NULL),
(3931, 886, 11, NULL, NULL, NULL),
(3932, 887, 11, NULL, NULL, NULL),
(3933, 888, 11, NULL, NULL, NULL),
(3934, 889, 11, NULL, NULL, NULL),
(3935, 890, 11, NULL, NULL, NULL),
(3936, 891, 11, NULL, NULL, NULL),
(3937, 892, 11, NULL, NULL, NULL),
(3938, 893, 11, NULL, NULL, NULL),
(3939, 894, 11, NULL, NULL, NULL),
(3940, 895, 11, NULL, NULL, NULL),
(3941, 896, 11, NULL, NULL, NULL),
(3942, 897, 11, NULL, NULL, NULL),
(3943, 898, 11, NULL, NULL, NULL),
(3944, 899, 11, NULL, NULL, NULL),
(3945, 900, 11, NULL, NULL, NULL),
(3946, 901, 11, NULL, NULL, NULL),
(3947, 902, 11, NULL, NULL, NULL),
(3948, 903, 11, NULL, NULL, NULL),
(3949, 904, 11, NULL, NULL, NULL),
(3950, 905, 11, NULL, NULL, NULL),
(3951, 906, 11, NULL, NULL, NULL),
(3952, 907, 11, NULL, NULL, NULL),
(3953, 908, 11, NULL, NULL, NULL),
(3954, 909, 11, NULL, NULL, NULL),
(3955, 910, 11, NULL, NULL, NULL),
(3956, 911, 11, NULL, NULL, NULL),
(3957, 912, 11, NULL, NULL, NULL),
(3958, 913, 11, NULL, NULL, NULL),
(3959, 914, 11, NULL, NULL, NULL),
(3960, 915, 11, NULL, NULL, NULL),
(3961, 916, 11, NULL, NULL, NULL),
(3962, 917, 11, NULL, NULL, NULL),
(3963, 918, 11, NULL, NULL, NULL),
(3964, 919, 11, NULL, NULL, NULL),
(3965, 920, 11, NULL, NULL, NULL),
(3966, 921, 11, NULL, NULL, NULL),
(3967, 922, 11, NULL, NULL, NULL),
(3968, 923, 11, NULL, NULL, NULL),
(3969, 924, 11, NULL, NULL, NULL),
(3970, 925, 11, NULL, NULL, NULL),
(3971, 926, 11, NULL, NULL, NULL),
(3972, 927, 11, NULL, NULL, NULL),
(3973, 928, 11, NULL, NULL, NULL),
(3974, 929, 11, NULL, NULL, NULL),
(3975, 930, 11, NULL, NULL, NULL),
(3976, 931, 11, NULL, NULL, NULL),
(3977, 932, 11, NULL, NULL, NULL),
(3978, 933, 11, NULL, NULL, NULL),
(3979, 934, 11, NULL, NULL, NULL),
(3980, 935, 11, NULL, NULL, NULL),
(3981, 936, 11, NULL, NULL, NULL),
(3982, 937, 11, NULL, NULL, NULL),
(3983, 938, 11, NULL, NULL, NULL),
(3984, 939, 11, NULL, NULL, NULL),
(3985, 940, 11, NULL, NULL, NULL),
(3986, 941, 11, NULL, NULL, NULL),
(3987, 942, 11, NULL, NULL, NULL),
(3988, 943, 11, NULL, NULL, NULL),
(3989, 944, 11, NULL, NULL, NULL),
(3990, 945, 11, NULL, NULL, NULL),
(3991, 946, 11, NULL, NULL, NULL),
(3992, 947, 11, NULL, NULL, NULL),
(3993, 948, 11, NULL, NULL, NULL),
(3994, 949, 11, NULL, NULL, NULL),
(3995, 950, 11, NULL, NULL, NULL),
(3996, 951, 11, NULL, NULL, NULL),
(3997, 952, 11, NULL, NULL, NULL),
(3998, 953, 11, NULL, NULL, NULL),
(3999, 954, 11, NULL, NULL, NULL),
(4000, 955, 11, NULL, NULL, NULL),
(4001, 956, 11, NULL, NULL, NULL),
(4002, 957, 11, NULL, NULL, NULL),
(4003, 958, 11, NULL, NULL, NULL),
(4004, 959, 11, NULL, NULL, NULL),
(4005, 960, 11, NULL, NULL, NULL),
(4006, 961, 11, NULL, NULL, NULL),
(4007, 962, 11, NULL, NULL, NULL),
(4008, 963, 11, NULL, NULL, NULL),
(4009, 964, 11, NULL, NULL, NULL),
(4010, 965, 11, NULL, NULL, NULL),
(4011, 966, 11, NULL, NULL, NULL),
(4012, 967, 11, NULL, NULL, NULL),
(4013, 968, 11, NULL, NULL, NULL),
(4014, 969, 11, NULL, NULL, NULL),
(4015, 970, 11, NULL, NULL, NULL),
(4016, 971, 11, NULL, NULL, NULL),
(4017, 972, 11, NULL, NULL, NULL),
(4018, 973, 11, NULL, NULL, NULL),
(4019, 974, 11, NULL, NULL, NULL),
(4020, 975, 11, NULL, NULL, NULL),
(4021, 976, 11, NULL, NULL, NULL),
(4022, 977, 11, NULL, NULL, NULL),
(4023, 978, 11, NULL, NULL, NULL),
(4024, 979, 11, NULL, NULL, NULL),
(4025, 980, 11, NULL, NULL, NULL),
(4026, 981, 11, NULL, NULL, NULL),
(4027, 982, 11, NULL, NULL, NULL),
(4028, 983, 11, NULL, NULL, NULL),
(4029, 984, 11, NULL, NULL, NULL),
(4030, 985, 11, NULL, NULL, NULL),
(4031, 986, 11, NULL, NULL, NULL),
(4032, 987, 11, NULL, NULL, NULL),
(4033, 988, 11, NULL, NULL, NULL),
(4034, 989, 11, NULL, NULL, NULL),
(4035, 990, 11, NULL, NULL, NULL),
(4036, 991, 11, NULL, NULL, NULL),
(4037, 992, 11, NULL, NULL, NULL),
(4038, 993, 11, NULL, NULL, NULL),
(4039, 994, 11, NULL, NULL, NULL),
(4040, 995, 11, NULL, NULL, NULL),
(4041, 996, 11, NULL, NULL, NULL),
(4042, 997, 11, NULL, NULL, NULL),
(4043, 998, 11, NULL, NULL, NULL),
(4044, 999, 11, NULL, NULL, NULL),
(4045, 1000, 11, NULL, NULL, NULL),
(4046, 1001, 11, NULL, NULL, NULL),
(4047, 1002, 11, NULL, NULL, NULL),
(4048, 1003, 11, NULL, NULL, NULL),
(4049, 1004, 11, NULL, NULL, NULL),
(4050, 1005, 11, NULL, NULL, NULL),
(4051, 1006, 11, NULL, NULL, NULL),
(4052, 1007, 11, NULL, NULL, NULL),
(4053, 1008, 11, NULL, NULL, NULL),
(4054, 1009, 11, NULL, NULL, NULL),
(4055, 1010, 11, NULL, NULL, NULL),
(4056, 1011, 11, NULL, NULL, NULL),
(4057, 1012, 11, NULL, NULL, NULL),
(4058, 1013, 11, NULL, NULL, NULL),
(4059, 1014, 11, NULL, NULL, NULL),
(4060, 1015, 11, NULL, NULL, NULL),
(4061, 1016, 11, NULL, NULL, NULL),
(4062, 1017, 11, NULL, NULL, NULL),
(4063, 1018, 11, NULL, NULL, NULL),
(4064, 1019, 11, NULL, NULL, NULL),
(4065, 1020, 11, NULL, NULL, NULL),
(4066, 1021, 11, NULL, NULL, NULL),
(4067, 1022, 11, NULL, NULL, NULL),
(4068, 1023, 11, NULL, NULL, NULL),
(4069, 1024, 11, NULL, NULL, NULL),
(4070, 1025, 11, NULL, NULL, NULL),
(4071, 1026, 11, NULL, NULL, NULL),
(4072, 1027, 11, NULL, NULL, NULL),
(4073, 1028, 11, NULL, NULL, NULL),
(4074, 1029, 11, NULL, NULL, NULL),
(4075, 1030, 11, NULL, NULL, NULL),
(4076, 1031, 11, NULL, NULL, NULL),
(4077, 1032, 11, NULL, NULL, NULL),
(4078, 1033, 11, NULL, NULL, NULL),
(4079, 1034, 11, NULL, NULL, NULL),
(4080, 1035, 11, NULL, NULL, NULL),
(4081, 1036, 11, NULL, NULL, NULL),
(4082, 1037, 11, NULL, NULL, NULL),
(4083, 1038, 11, NULL, NULL, NULL),
(4084, 1039, 11, NULL, NULL, NULL),
(4085, 1040, 11, NULL, NULL, NULL),
(4086, 1041, 11, NULL, NULL, NULL),
(4087, 1042, 11, NULL, NULL, NULL),
(4088, 1043, 11, NULL, NULL, NULL),
(4089, 1044, 11, NULL, NULL, NULL),
(4090, 1045, 11, NULL, NULL, NULL),
(4091, 1046, 11, NULL, NULL, NULL),
(4092, 1047, 11, NULL, NULL, NULL),
(4093, 1048, 11, NULL, NULL, NULL),
(4094, 1049, 11, NULL, NULL, NULL),
(4095, 1050, 11, NULL, NULL, NULL),
(4096, 1051, 11, NULL, NULL, NULL),
(4097, 1052, 11, NULL, NULL, NULL),
(4098, 1053, 11, NULL, NULL, NULL),
(4099, 1054, 11, NULL, NULL, NULL),
(4100, 1055, 11, NULL, NULL, NULL),
(4101, 1056, 11, NULL, NULL, NULL),
(4102, 1057, 11, NULL, NULL, NULL),
(4103, 1058, 11, NULL, NULL, NULL),
(4104, 1059, 11, NULL, NULL, NULL),
(4105, 1060, 11, NULL, NULL, NULL),
(4106, 1061, 11, NULL, NULL, NULL),
(4107, 1062, 11, NULL, NULL, NULL),
(4108, 1063, 11, NULL, NULL, NULL),
(4109, 1064, 11, NULL, NULL, NULL),
(4110, 1065, 11, NULL, NULL, NULL),
(4111, 1066, 11, NULL, NULL, NULL),
(4112, 1067, 11, NULL, NULL, NULL),
(4113, 1068, 11, NULL, NULL, NULL),
(4114, 1069, 11, NULL, NULL, NULL),
(4115, 1070, 11, NULL, NULL, NULL),
(4116, 1071, 11, NULL, NULL, NULL),
(4117, 1072, 11, NULL, NULL, NULL),
(4118, 1073, 11, NULL, NULL, NULL),
(4119, 1074, 11, NULL, NULL, NULL),
(4120, 1075, 11, NULL, NULL, NULL),
(4121, 1076, 11, NULL, NULL, NULL),
(4122, 1077, 11, NULL, NULL, NULL),
(4123, 1078, 11, NULL, NULL, NULL),
(4124, 1079, 11, NULL, NULL, NULL),
(4125, 1080, 11, NULL, NULL, NULL),
(4126, 1081, 11, NULL, NULL, NULL),
(4127, 1082, 11, NULL, NULL, NULL),
(4128, 1083, 11, NULL, NULL, NULL),
(4129, 1084, 11, NULL, NULL, NULL),
(4130, 1085, 11, NULL, NULL, NULL),
(4131, 1086, 11, NULL, NULL, NULL),
(4132, 1087, 11, NULL, NULL, NULL),
(4133, 1088, 11, NULL, NULL, NULL),
(4134, 1089, 11, NULL, NULL, NULL),
(4135, 1090, 11, NULL, NULL, NULL),
(4136, 1091, 11, NULL, NULL, NULL),
(4137, 1092, 11, NULL, NULL, NULL),
(4138, 1093, 11, NULL, NULL, NULL),
(4139, 1094, 11, NULL, NULL, NULL),
(4140, 1095, 11, NULL, NULL, NULL),
(4141, 1096, 11, NULL, NULL, NULL),
(4142, 1097, 11, NULL, NULL, NULL),
(4143, 1098, 11, NULL, NULL, NULL),
(4144, 1099, 11, NULL, NULL, NULL),
(4145, 1100, 11, NULL, NULL, NULL),
(4146, 1101, 11, NULL, NULL, NULL),
(4147, 1102, 11, NULL, NULL, NULL),
(4148, 1103, 11, NULL, NULL, NULL),
(4149, 1104, 11, NULL, NULL, NULL),
(4150, 1105, 11, NULL, NULL, NULL),
(4151, 1106, 11, NULL, NULL, NULL),
(4152, 1107, 11, NULL, NULL, NULL),
(4153, 1108, 11, NULL, NULL, NULL),
(4154, 1109, 11, NULL, NULL, NULL),
(4155, 1110, 11, NULL, NULL, NULL),
(4156, 1111, 11, NULL, NULL, NULL),
(4157, 1112, 11, NULL, NULL, NULL),
(4158, 1113, 11, NULL, NULL, NULL),
(4159, 1114, 11, NULL, NULL, NULL),
(4160, 1115, 11, NULL, NULL, NULL),
(4161, 1116, 11, NULL, NULL, NULL),
(4162, 1117, 11, NULL, NULL, NULL),
(4163, 1118, 11, NULL, NULL, NULL),
(4164, 1119, 11, NULL, NULL, NULL),
(4165, 1120, 11, NULL, NULL, NULL),
(4166, 1121, 11, NULL, NULL, NULL),
(4167, 1122, 11, NULL, NULL, NULL),
(4168, 1123, 11, NULL, NULL, NULL),
(4169, 1124, 11, NULL, NULL, NULL),
(4170, 1125, 11, NULL, NULL, NULL),
(4171, 1126, 11, NULL, NULL, NULL),
(4172, 1127, 11, NULL, NULL, NULL),
(4173, 1128, 11, NULL, NULL, NULL),
(4174, 1129, 11, NULL, NULL, NULL),
(4175, 1130, 11, NULL, NULL, NULL),
(4176, 1131, 11, NULL, NULL, NULL),
(4177, 1132, 11, NULL, NULL, NULL),
(4178, 1133, 11, NULL, NULL, NULL),
(4179, 1134, 11, NULL, NULL, NULL),
(4180, 1135, 11, NULL, NULL, NULL),
(4181, 1136, 11, NULL, NULL, NULL),
(4182, 1137, 11, NULL, NULL, NULL),
(4183, 1138, 11, NULL, NULL, NULL),
(4184, 1139, 11, NULL, NULL, NULL),
(4185, 1140, 11, NULL, NULL, NULL),
(4186, 1141, 11, NULL, NULL, NULL),
(4187, 1142, 11, NULL, NULL, NULL),
(4188, 1143, 11, NULL, NULL, NULL),
(4189, 1144, 11, NULL, NULL, NULL),
(4190, 1145, 11, NULL, NULL, NULL),
(4191, 1146, 11, NULL, NULL, NULL),
(4192, 1147, 11, NULL, NULL, NULL),
(4193, 1148, 11, NULL, NULL, NULL),
(4194, 1149, 11, NULL, NULL, NULL),
(4195, 1150, 11, NULL, NULL, NULL),
(4196, 1151, 11, NULL, NULL, NULL),
(4197, 1152, 11, NULL, NULL, NULL),
(4198, 1153, 11, NULL, NULL, NULL),
(4199, 1154, 11, NULL, NULL, NULL),
(4200, 1155, 11, NULL, NULL, NULL),
(4201, 1156, 11, NULL, NULL, NULL),
(4202, 1157, 11, NULL, NULL, NULL),
(4203, 1158, 11, NULL, NULL, NULL),
(4204, 1159, 11, NULL, NULL, NULL),
(4205, 1160, 11, NULL, NULL, NULL),
(4206, 1161, 11, NULL, NULL, NULL),
(4207, 1162, 11, NULL, NULL, NULL),
(4208, 1163, 11, NULL, NULL, NULL),
(4209, 1164, 11, NULL, NULL, NULL),
(4210, 1165, 11, NULL, NULL, NULL),
(4211, 1166, 11, NULL, NULL, NULL),
(4212, 1167, 11, NULL, NULL, NULL),
(4213, 1168, 11, NULL, NULL, NULL),
(4214, 1169, 11, NULL, NULL, NULL),
(4215, 1170, 11, NULL, NULL, NULL),
(4216, 1171, 11, NULL, NULL, NULL),
(4217, 1172, 11, NULL, NULL, NULL),
(4218, 1173, 11, NULL, NULL, NULL),
(4219, 1174, 11, NULL, NULL, NULL),
(4220, 1175, 11, NULL, NULL, NULL),
(4221, 1176, 11, NULL, NULL, NULL),
(4222, 1177, 11, NULL, NULL, NULL),
(4223, 1178, 11, NULL, NULL, NULL),
(4224, 1179, 11, NULL, NULL, NULL),
(4225, 1180, 11, NULL, NULL, NULL),
(4226, 1181, 11, NULL, NULL, NULL),
(4227, 1182, 11, NULL, NULL, NULL),
(4228, 1183, 11, NULL, NULL, NULL),
(4229, 1184, 11, NULL, NULL, NULL),
(4230, 1185, 11, NULL, NULL, NULL),
(4231, 1186, 11, NULL, NULL, NULL),
(4232, 1187, 11, NULL, NULL, NULL),
(4233, 1188, 11, NULL, NULL, NULL),
(4234, 1189, 11, NULL, NULL, NULL),
(4235, 1190, 11, NULL, NULL, NULL),
(4236, 1191, 11, NULL, NULL, NULL),
(4237, 1192, 11, NULL, NULL, NULL),
(4238, 1193, 11, NULL, NULL, NULL),
(4239, 1194, 11, NULL, NULL, NULL),
(4240, 1195, 11, NULL, NULL, NULL),
(4241, 1196, 11, NULL, NULL, NULL),
(4242, 1197, 11, NULL, NULL, NULL),
(4243, 1198, 11, NULL, NULL, NULL),
(4244, 1199, 11, NULL, NULL, NULL),
(4245, 1200, 11, NULL, NULL, NULL),
(4246, 1201, 11, NULL, NULL, NULL),
(4247, 1202, 11, NULL, NULL, NULL),
(4248, 1203, 11, NULL, NULL, NULL),
(4249, 1204, 11, NULL, NULL, NULL),
(4250, 1205, 11, NULL, NULL, NULL),
(4251, 1206, 11, NULL, NULL, NULL),
(4252, 1207, 11, NULL, NULL, NULL),
(4253, 1208, 11, NULL, NULL, NULL),
(4254, 1209, 11, NULL, NULL, NULL),
(4255, 1210, 11, NULL, NULL, NULL),
(4256, 1211, 11, NULL, NULL, NULL),
(4257, 1212, 11, NULL, NULL, NULL),
(4258, 1213, 11, NULL, NULL, NULL),
(4259, 1214, 11, NULL, NULL, NULL),
(4260, 1215, 11, NULL, NULL, NULL),
(4261, 1216, 11, NULL, NULL, NULL),
(4262, 1217, 11, NULL, NULL, NULL),
(4263, 1218, 11, NULL, NULL, NULL),
(4264, 1219, 11, NULL, NULL, NULL),
(4265, 1220, 11, NULL, NULL, NULL),
(4266, 1221, 11, NULL, NULL, NULL),
(4267, 1222, 11, NULL, NULL, NULL),
(4268, 1223, 11, NULL, NULL, NULL),
(4269, 1224, 11, NULL, NULL, NULL),
(4270, 1225, 11, NULL, NULL, NULL),
(4271, 1226, 11, NULL, NULL, NULL),
(4272, 1227, 11, NULL, NULL, NULL),
(4273, 1228, 11, NULL, NULL, NULL),
(4274, 1229, 11, NULL, NULL, NULL),
(4275, 1230, 11, NULL, NULL, NULL),
(4276, 1231, 11, NULL, NULL, NULL),
(4277, 1232, 11, NULL, NULL, NULL),
(4278, 1233, 11, NULL, NULL, NULL),
(4279, 1234, 11, NULL, NULL, NULL),
(4280, 1235, 11, NULL, NULL, NULL),
(4281, 1236, 11, NULL, NULL, NULL),
(4282, 1237, 11, NULL, NULL, NULL),
(4283, 1238, 11, NULL, NULL, NULL),
(4284, 1239, 11, NULL, NULL, NULL),
(4285, 1240, 11, NULL, NULL, NULL),
(4286, 1241, 11, NULL, NULL, NULL),
(4287, 1242, 11, NULL, NULL, NULL),
(4288, 1243, 11, NULL, NULL, NULL),
(4289, 1244, 11, NULL, NULL, NULL),
(4290, 1245, 11, NULL, NULL, NULL),
(4291, 1246, 11, NULL, NULL, NULL),
(4292, 1247, 11, NULL, NULL, NULL),
(4293, 1248, 11, NULL, NULL, NULL),
(4294, 1249, 11, NULL, NULL, NULL),
(4295, 1250, 11, NULL, NULL, NULL),
(4296, 1251, 11, NULL, NULL, NULL),
(4297, 1252, 11, NULL, NULL, NULL),
(4298, 1253, 11, NULL, NULL, NULL),
(4299, 1254, 11, NULL, NULL, NULL),
(4300, 1255, 11, NULL, NULL, NULL),
(4301, 826, 12, NULL, NULL, NULL),
(4302, 827, 12, NULL, NULL, NULL),
(4303, 828, 12, NULL, NULL, NULL),
(4304, 829, 12, NULL, NULL, NULL),
(4305, 830, 12, NULL, NULL, NULL),
(4306, 831, 12, NULL, NULL, NULL),
(4307, 832, 12, NULL, NULL, NULL),
(4308, 833, 12, NULL, NULL, NULL),
(4309, 834, 12, NULL, NULL, NULL),
(4310, 835, 12, NULL, NULL, NULL),
(4311, 836, 12, NULL, NULL, NULL),
(4312, 837, 12, NULL, NULL, NULL),
(4313, 838, 12, NULL, NULL, NULL),
(4314, 839, 12, NULL, NULL, NULL),
(4315, 840, 12, NULL, NULL, NULL),
(4316, 841, 12, NULL, NULL, NULL),
(4317, 842, 12, NULL, NULL, NULL),
(4318, 843, 12, NULL, NULL, NULL),
(4319, 844, 12, NULL, NULL, NULL),
(4320, 845, 12, NULL, NULL, NULL),
(4321, 846, 12, NULL, NULL, NULL),
(4322, 847, 12, NULL, NULL, NULL),
(4323, 848, 12, NULL, NULL, NULL),
(4324, 849, 12, NULL, NULL, NULL),
(4325, 850, 12, NULL, NULL, NULL),
(4326, 851, 12, NULL, NULL, NULL),
(4327, 852, 12, NULL, NULL, NULL),
(4328, 853, 12, NULL, NULL, NULL),
(4329, 854, 12, NULL, NULL, NULL),
(4330, 855, 12, NULL, NULL, NULL),
(4331, 856, 12, NULL, NULL, NULL),
(4332, 857, 12, NULL, NULL, NULL),
(4333, 858, 12, NULL, NULL, NULL),
(4334, 859, 12, NULL, NULL, NULL),
(4335, 860, 12, NULL, NULL, NULL),
(4336, 861, 12, NULL, NULL, NULL),
(4337, 862, 12, NULL, NULL, NULL),
(4338, 863, 12, NULL, NULL, NULL),
(4339, 864, 12, NULL, NULL, NULL),
(4340, 865, 12, NULL, NULL, NULL),
(4341, 866, 12, NULL, NULL, NULL),
(4342, 867, 12, NULL, NULL, NULL),
(4343, 868, 12, NULL, NULL, NULL),
(4344, 869, 12, NULL, NULL, NULL),
(4345, 870, 12, NULL, NULL, NULL),
(4346, 871, 12, NULL, NULL, NULL),
(4347, 872, 12, NULL, NULL, NULL),
(4348, 873, 12, NULL, NULL, NULL),
(4349, 874, 12, NULL, NULL, NULL),
(4350, 875, 12, NULL, NULL, NULL),
(4351, 876, 12, NULL, NULL, NULL),
(4352, 877, 12, NULL, NULL, NULL),
(4353, 878, 12, NULL, NULL, NULL),
(4354, 879, 12, NULL, NULL, NULL),
(4355, 880, 12, NULL, NULL, NULL),
(4356, 881, 12, NULL, NULL, NULL),
(4357, 882, 12, NULL, NULL, NULL),
(4358, 883, 12, NULL, NULL, NULL),
(4359, 884, 12, NULL, NULL, NULL),
(4360, 885, 12, NULL, NULL, NULL),
(4361, 886, 12, NULL, NULL, NULL),
(4362, 887, 12, NULL, NULL, NULL),
(4363, 888, 12, NULL, NULL, NULL),
(4364, 889, 12, NULL, NULL, NULL),
(4365, 890, 12, NULL, NULL, NULL),
(4366, 891, 12, NULL, NULL, NULL),
(4367, 892, 12, NULL, NULL, NULL),
(4368, 893, 12, NULL, NULL, NULL),
(4369, 894, 12, NULL, NULL, NULL),
(4370, 895, 12, NULL, NULL, NULL),
(4371, 896, 12, NULL, NULL, NULL),
(4372, 897, 12, NULL, NULL, NULL),
(4373, 898, 12, NULL, NULL, NULL),
(4374, 899, 12, NULL, NULL, NULL),
(4375, 900, 12, NULL, NULL, NULL),
(4376, 901, 12, NULL, NULL, NULL),
(4377, 902, 12, NULL, NULL, NULL),
(4378, 903, 12, NULL, NULL, NULL),
(4379, 904, 12, NULL, NULL, NULL),
(4380, 905, 12, NULL, NULL, NULL),
(4381, 906, 12, NULL, NULL, NULL),
(4382, 907, 12, NULL, NULL, NULL),
(4383, 908, 12, NULL, NULL, NULL),
(4384, 909, 12, NULL, NULL, NULL),
(4385, 910, 12, NULL, NULL, NULL),
(4386, 911, 12, NULL, NULL, NULL),
(4387, 912, 12, NULL, NULL, NULL),
(4388, 913, 12, NULL, NULL, NULL),
(4389, 914, 12, NULL, NULL, NULL),
(4390, 915, 12, NULL, NULL, NULL),
(4391, 916, 12, NULL, NULL, NULL),
(4392, 917, 12, NULL, NULL, NULL),
(4393, 918, 12, NULL, NULL, NULL),
(4394, 919, 12, NULL, NULL, NULL),
(4395, 920, 12, NULL, NULL, NULL),
(4396, 921, 12, NULL, NULL, NULL),
(4397, 922, 12, NULL, NULL, NULL),
(4398, 923, 12, NULL, NULL, NULL),
(4399, 924, 12, NULL, NULL, NULL),
(4400, 925, 12, NULL, NULL, NULL),
(4401, 926, 12, NULL, NULL, NULL),
(4402, 927, 12, NULL, NULL, NULL),
(4403, 928, 12, NULL, NULL, NULL),
(4404, 929, 12, NULL, NULL, NULL),
(4405, 930, 12, NULL, NULL, NULL),
(4406, 931, 12, NULL, NULL, NULL),
(4407, 932, 12, NULL, NULL, NULL),
(4408, 933, 12, NULL, NULL, NULL),
(4409, 934, 12, NULL, NULL, NULL),
(4410, 935, 12, NULL, NULL, NULL),
(4411, 936, 12, NULL, NULL, NULL),
(4412, 937, 12, NULL, NULL, NULL),
(4413, 938, 12, NULL, NULL, NULL),
(4414, 939, 12, NULL, NULL, NULL),
(4415, 940, 12, NULL, NULL, NULL),
(4416, 941, 12, NULL, NULL, NULL),
(4417, 942, 12, NULL, NULL, NULL),
(4418, 943, 12, NULL, NULL, NULL),
(4419, 944, 12, NULL, NULL, NULL),
(4420, 945, 12, NULL, NULL, NULL),
(4421, 946, 12, NULL, NULL, NULL),
(4422, 947, 12, NULL, NULL, NULL),
(4423, 948, 12, NULL, NULL, NULL),
(4424, 949, 12, NULL, NULL, NULL),
(4425, 950, 12, NULL, NULL, NULL),
(4426, 951, 12, NULL, NULL, NULL),
(4427, 952, 12, NULL, NULL, NULL),
(4428, 953, 12, NULL, NULL, NULL),
(4429, 954, 12, NULL, NULL, NULL),
(4430, 955, 12, NULL, NULL, NULL),
(4431, 956, 12, NULL, NULL, NULL),
(4432, 957, 12, NULL, NULL, NULL),
(4433, 958, 12, NULL, NULL, NULL),
(4434, 959, 12, NULL, NULL, NULL),
(4435, 960, 12, NULL, NULL, NULL),
(4436, 961, 12, NULL, NULL, NULL),
(4437, 962, 12, NULL, NULL, NULL),
(4438, 963, 12, NULL, NULL, NULL),
(4439, 964, 12, NULL, NULL, NULL),
(4440, 965, 12, NULL, NULL, NULL),
(4441, 966, 12, NULL, NULL, NULL),
(4442, 967, 12, NULL, NULL, NULL),
(4443, 968, 12, NULL, NULL, NULL),
(4444, 969, 12, NULL, NULL, NULL),
(4445, 970, 12, NULL, NULL, NULL),
(4446, 971, 12, NULL, NULL, NULL),
(4447, 972, 12, NULL, NULL, NULL),
(4448, 973, 12, NULL, NULL, NULL),
(4449, 974, 12, NULL, NULL, NULL),
(4450, 975, 12, NULL, NULL, NULL),
(4451, 976, 12, NULL, NULL, NULL),
(4452, 977, 12, NULL, NULL, NULL),
(4453, 978, 12, NULL, NULL, NULL),
(4454, 979, 12, NULL, NULL, NULL),
(4455, 980, 12, NULL, NULL, NULL),
(4456, 981, 12, NULL, NULL, NULL),
(4457, 982, 12, NULL, NULL, NULL),
(4458, 983, 12, NULL, NULL, NULL),
(4459, 984, 12, NULL, NULL, NULL),
(4460, 985, 12, NULL, NULL, NULL),
(4461, 986, 12, NULL, NULL, NULL),
(4462, 987, 12, NULL, NULL, NULL),
(4463, 988, 12, NULL, NULL, NULL),
(4464, 989, 12, NULL, NULL, NULL),
(4465, 990, 12, NULL, NULL, NULL),
(4466, 991, 12, NULL, NULL, NULL),
(4467, 992, 12, NULL, NULL, NULL),
(4468, 993, 12, NULL, NULL, NULL),
(4469, 994, 12, NULL, NULL, NULL),
(4470, 995, 12, NULL, NULL, NULL),
(4471, 996, 12, NULL, NULL, NULL),
(4472, 997, 12, NULL, NULL, NULL),
(4473, 998, 12, NULL, NULL, NULL),
(4474, 999, 12, NULL, NULL, NULL),
(4475, 1000, 12, NULL, NULL, NULL),
(4476, 1001, 12, NULL, NULL, NULL),
(4477, 1002, 12, NULL, NULL, NULL),
(4478, 1003, 12, NULL, NULL, NULL),
(4479, 1004, 12, NULL, NULL, NULL),
(4480, 1005, 12, NULL, NULL, NULL),
(4481, 1006, 12, NULL, NULL, NULL),
(4482, 1007, 12, NULL, NULL, NULL),
(4483, 1008, 12, NULL, NULL, NULL),
(4484, 1009, 12, NULL, NULL, NULL),
(4485, 1010, 12, NULL, NULL, NULL),
(4486, 1011, 12, NULL, NULL, NULL),
(4487, 1012, 12, NULL, NULL, NULL),
(4488, 1013, 12, NULL, NULL, NULL),
(4489, 1014, 12, NULL, NULL, NULL),
(4490, 1015, 12, NULL, NULL, NULL),
(4491, 1016, 12, NULL, NULL, NULL),
(4492, 1017, 12, NULL, NULL, NULL),
(4493, 1018, 12, NULL, NULL, NULL),
(4494, 1019, 12, NULL, NULL, NULL),
(4495, 1020, 12, NULL, NULL, NULL),
(4496, 1021, 12, NULL, NULL, NULL),
(4497, 1022, 12, NULL, NULL, NULL),
(4498, 1023, 12, NULL, NULL, NULL),
(4499, 1024, 12, NULL, NULL, NULL),
(4500, 1025, 12, NULL, NULL, NULL),
(4501, 1026, 12, NULL, NULL, NULL),
(4502, 1027, 12, NULL, NULL, NULL),
(4503, 1028, 12, NULL, NULL, NULL),
(4504, 1029, 12, NULL, NULL, NULL),
(4505, 1030, 12, NULL, NULL, NULL),
(4506, 1031, 12, NULL, NULL, NULL),
(4507, 1032, 12, NULL, NULL, NULL),
(4508, 1033, 12, NULL, NULL, NULL),
(4509, 1034, 12, NULL, NULL, NULL),
(4510, 1035, 12, NULL, NULL, NULL),
(4511, 1036, 12, NULL, NULL, NULL),
(4512, 1037, 12, NULL, NULL, NULL),
(4513, 1038, 12, NULL, NULL, NULL),
(4514, 1039, 12, NULL, NULL, NULL),
(4515, 1040, 12, NULL, NULL, NULL),
(4516, 1041, 12, NULL, NULL, NULL),
(4517, 1042, 12, NULL, NULL, NULL),
(4518, 1043, 12, NULL, NULL, NULL),
(4519, 1044, 12, NULL, NULL, NULL),
(4520, 1045, 12, NULL, NULL, NULL),
(4521, 1046, 12, NULL, NULL, NULL),
(4522, 1047, 12, NULL, NULL, NULL),
(4523, 1048, 12, NULL, NULL, NULL),
(4524, 1049, 12, NULL, NULL, NULL),
(4525, 1050, 12, NULL, NULL, NULL),
(4526, 1051, 12, NULL, NULL, NULL),
(4527, 1052, 12, NULL, NULL, NULL),
(4528, 1053, 12, NULL, NULL, NULL),
(4529, 1054, 12, NULL, NULL, NULL),
(4530, 1055, 12, NULL, NULL, NULL),
(4531, 1056, 12, NULL, NULL, NULL),
(4532, 1057, 12, NULL, NULL, NULL),
(4533, 1058, 12, NULL, NULL, NULL),
(4534, 1059, 12, NULL, NULL, NULL),
(4535, 1060, 12, NULL, NULL, NULL),
(4536, 1061, 12, NULL, NULL, NULL),
(4537, 1062, 12, NULL, NULL, NULL),
(4538, 1063, 12, NULL, NULL, NULL),
(4539, 1064, 12, NULL, NULL, NULL),
(4540, 1065, 12, NULL, NULL, NULL),
(4541, 1066, 12, NULL, NULL, NULL),
(4542, 1067, 12, NULL, NULL, NULL),
(4543, 1068, 12, NULL, NULL, NULL),
(4544, 1069, 12, NULL, NULL, NULL),
(4545, 1070, 12, NULL, NULL, NULL),
(4546, 1071, 12, NULL, NULL, NULL),
(4547, 1072, 12, NULL, NULL, NULL),
(4548, 1073, 12, NULL, NULL, NULL),
(4549, 1074, 12, NULL, NULL, NULL),
(4550, 1075, 12, NULL, NULL, NULL),
(4551, 1076, 12, NULL, NULL, NULL),
(4552, 1077, 12, NULL, NULL, NULL),
(4553, 1078, 12, NULL, NULL, NULL),
(4554, 1079, 12, NULL, NULL, NULL),
(4555, 1080, 12, NULL, NULL, NULL),
(4556, 1081, 12, NULL, NULL, NULL),
(4557, 1082, 12, NULL, NULL, NULL),
(4558, 1083, 12, NULL, NULL, NULL),
(4559, 1084, 12, NULL, NULL, NULL),
(4560, 1085, 12, NULL, NULL, NULL),
(4561, 1086, 12, NULL, NULL, NULL),
(4562, 1087, 12, NULL, NULL, NULL),
(4563, 1088, 12, NULL, NULL, NULL),
(4564, 1089, 12, NULL, NULL, NULL),
(4565, 1090, 12, NULL, NULL, NULL),
(4566, 1091, 12, NULL, NULL, NULL),
(4567, 1092, 12, NULL, NULL, NULL),
(4568, 1093, 12, NULL, NULL, NULL),
(4569, 1094, 12, NULL, NULL, NULL),
(4570, 1095, 12, NULL, NULL, NULL),
(4571, 1096, 12, NULL, NULL, NULL),
(4572, 1097, 12, NULL, NULL, NULL),
(4573, 1098, 12, NULL, NULL, NULL),
(4574, 1099, 12, NULL, NULL, NULL),
(4575, 1100, 12, NULL, NULL, NULL),
(4576, 1101, 12, NULL, NULL, NULL),
(4577, 1102, 12, NULL, NULL, NULL),
(4578, 1103, 12, NULL, NULL, NULL),
(4579, 1104, 12, NULL, NULL, NULL),
(4580, 1105, 12, NULL, NULL, NULL),
(4581, 1106, 12, NULL, NULL, NULL),
(4582, 1107, 12, NULL, NULL, NULL),
(4583, 1108, 12, NULL, NULL, NULL),
(4584, 1109, 12, NULL, NULL, NULL),
(4585, 1110, 12, NULL, NULL, NULL),
(4586, 1111, 12, NULL, NULL, NULL),
(4587, 1112, 12, NULL, NULL, NULL),
(4588, 1113, 12, NULL, NULL, NULL),
(4589, 1114, 12, NULL, NULL, NULL),
(4590, 1115, 12, NULL, NULL, NULL),
(4591, 1116, 12, NULL, NULL, NULL),
(4592, 1117, 12, NULL, NULL, NULL),
(4593, 1118, 12, NULL, NULL, NULL),
(4594, 1119, 12, NULL, NULL, NULL),
(4595, 1120, 12, NULL, NULL, NULL),
(4596, 1121, 12, NULL, NULL, NULL),
(4597, 1122, 12, NULL, NULL, NULL),
(4598, 1123, 12, NULL, NULL, NULL),
(4599, 1124, 12, NULL, NULL, NULL),
(4600, 1125, 12, NULL, NULL, NULL),
(4601, 1126, 12, NULL, NULL, NULL),
(4602, 1127, 12, NULL, NULL, NULL),
(4603, 1128, 12, NULL, NULL, NULL),
(4604, 1129, 12, NULL, NULL, NULL),
(4605, 1130, 12, NULL, NULL, NULL),
(4606, 1131, 12, NULL, NULL, NULL),
(4607, 1132, 12, NULL, NULL, NULL),
(4608, 1133, 12, NULL, NULL, NULL),
(4609, 1134, 12, NULL, NULL, NULL),
(4610, 1135, 12, NULL, NULL, NULL),
(4611, 1136, 12, NULL, NULL, NULL),
(4612, 1137, 12, NULL, NULL, NULL),
(4613, 1138, 12, NULL, NULL, NULL),
(4614, 1139, 12, NULL, NULL, NULL),
(4615, 1140, 12, NULL, NULL, NULL),
(4616, 1141, 12, NULL, NULL, NULL),
(4617, 1142, 12, NULL, NULL, NULL),
(4618, 1143, 12, NULL, NULL, NULL),
(4619, 1144, 12, NULL, NULL, NULL),
(4620, 1145, 12, NULL, NULL, NULL),
(4621, 1146, 12, NULL, NULL, NULL),
(4622, 1147, 12, NULL, NULL, NULL),
(4623, 1148, 12, NULL, NULL, NULL),
(4624, 1149, 12, NULL, NULL, NULL),
(4625, 1150, 12, NULL, NULL, NULL),
(4626, 1151, 12, NULL, NULL, NULL),
(4627, 1152, 12, NULL, NULL, NULL),
(4628, 1153, 12, NULL, NULL, NULL),
(4629, 1154, 12, NULL, NULL, NULL),
(4630, 1155, 12, NULL, NULL, NULL),
(4631, 1156, 12, NULL, NULL, NULL),
(4632, 1157, 12, NULL, NULL, NULL),
(4633, 1158, 12, NULL, NULL, NULL),
(4634, 1159, 12, NULL, NULL, NULL),
(4635, 1160, 12, NULL, NULL, NULL),
(4636, 1161, 12, NULL, NULL, NULL),
(4637, 1162, 12, NULL, NULL, NULL),
(4638, 1163, 12, NULL, NULL, NULL),
(4639, 1164, 12, NULL, NULL, NULL),
(4640, 1165, 12, NULL, NULL, NULL),
(4641, 1166, 12, NULL, NULL, NULL),
(4642, 1167, 12, NULL, NULL, NULL),
(4643, 1168, 12, NULL, NULL, NULL),
(4644, 1169, 12, NULL, NULL, NULL),
(4645, 1170, 12, NULL, NULL, NULL),
(4646, 1171, 12, NULL, NULL, NULL),
(4647, 1172, 12, NULL, NULL, NULL),
(4648, 1173, 12, NULL, NULL, NULL),
(4649, 1174, 12, NULL, NULL, NULL),
(4650, 1175, 12, NULL, NULL, NULL),
(4651, 1176, 12, NULL, NULL, NULL),
(4652, 1177, 12, NULL, NULL, NULL),
(4653, 1178, 12, NULL, NULL, NULL),
(4654, 1179, 12, NULL, NULL, NULL),
(4655, 1180, 12, NULL, NULL, NULL),
(4656, 1181, 12, NULL, NULL, NULL),
(4657, 1182, 12, NULL, NULL, NULL),
(4658, 1183, 12, NULL, NULL, NULL),
(4659, 1184, 12, NULL, NULL, NULL),
(4660, 1185, 12, NULL, NULL, NULL),
(4661, 1186, 12, NULL, NULL, NULL),
(4662, 1187, 12, NULL, NULL, NULL),
(4663, 1188, 12, NULL, NULL, NULL),
(4664, 1189, 12, NULL, NULL, NULL),
(4665, 1190, 12, NULL, NULL, NULL),
(4666, 1191, 12, NULL, NULL, NULL),
(4667, 1192, 12, NULL, NULL, NULL),
(4668, 1193, 12, NULL, NULL, NULL),
(4669, 1194, 12, NULL, NULL, NULL),
(4670, 1195, 12, NULL, NULL, NULL),
(4671, 1196, 12, NULL, NULL, NULL),
(4672, 1197, 12, NULL, NULL, NULL),
(4673, 1198, 12, NULL, NULL, NULL),
(4674, 1199, 12, NULL, NULL, NULL),
(4675, 1200, 12, NULL, NULL, NULL),
(4676, 1201, 12, NULL, NULL, NULL),
(4677, 1202, 12, NULL, NULL, NULL),
(4678, 1203, 12, NULL, NULL, NULL),
(4679, 1204, 12, NULL, NULL, NULL),
(4680, 1205, 12, NULL, NULL, NULL),
(4681, 1206, 12, NULL, NULL, NULL),
(4682, 1207, 12, NULL, NULL, NULL),
(4683, 1208, 12, NULL, NULL, NULL),
(4684, 1209, 12, NULL, NULL, NULL),
(4685, 1210, 12, NULL, NULL, NULL),
(4686, 1211, 12, NULL, NULL, NULL),
(4687, 1212, 12, NULL, NULL, NULL),
(4688, 1213, 12, NULL, NULL, NULL),
(4689, 1214, 12, NULL, NULL, NULL),
(4690, 1215, 12, NULL, NULL, NULL),
(4691, 1216, 12, NULL, NULL, NULL),
(4692, 1217, 12, NULL, NULL, NULL),
(4693, 1218, 12, NULL, NULL, NULL),
(4694, 1219, 12, NULL, NULL, NULL),
(4695, 1220, 12, NULL, NULL, NULL),
(4696, 1221, 12, NULL, NULL, NULL),
(4697, 1222, 12, NULL, NULL, NULL),
(4698, 1223, 12, NULL, NULL, NULL),
(4699, 1224, 12, NULL, NULL, NULL),
(4700, 1225, 12, NULL, NULL, NULL),
(4701, 1226, 12, NULL, NULL, NULL),
(4702, 1227, 12, NULL, NULL, NULL),
(4703, 1228, 12, NULL, NULL, NULL),
(4704, 1229, 12, NULL, NULL, NULL),
(4705, 1230, 12, NULL, NULL, NULL),
(4706, 1231, 12, NULL, NULL, NULL),
(4707, 1232, 12, NULL, NULL, NULL),
(4708, 1233, 12, NULL, NULL, NULL),
(4709, 1234, 12, NULL, NULL, NULL),
(4710, 1235, 12, NULL, NULL, NULL),
(4711, 1236, 12, NULL, NULL, NULL),
(4712, 1237, 12, NULL, NULL, NULL),
(4713, 1238, 12, NULL, NULL, NULL),
(4714, 1239, 12, NULL, NULL, NULL),
(4715, 1240, 12, NULL, NULL, NULL),
(4716, 1241, 12, NULL, NULL, NULL),
(4717, 1242, 12, NULL, NULL, NULL),
(4718, 1243, 12, NULL, NULL, NULL),
(4719, 1244, 12, NULL, NULL, NULL),
(4720, 1245, 12, NULL, NULL, NULL),
(4721, 1246, 12, NULL, NULL, NULL),
(4722, 1247, 12, NULL, NULL, NULL),
(4723, 1248, 12, NULL, NULL, NULL),
(4724, 1249, 12, NULL, NULL, NULL),
(4725, 1250, 12, NULL, NULL, NULL),
(4726, 1251, 12, NULL, NULL, NULL),
(4727, 1252, 12, NULL, NULL, NULL),
(4728, 1253, 12, NULL, NULL, NULL),
(4729, 1254, 12, NULL, NULL, NULL),
(4730, 1255, 12, NULL, NULL, NULL),
(4731, 826, 13, NULL, NULL, NULL),
(4732, 827, 13, NULL, NULL, NULL),
(4733, 828, 13, NULL, NULL, NULL),
(4734, 829, 13, NULL, NULL, NULL),
(4735, 830, 13, NULL, NULL, NULL),
(4736, 831, 13, NULL, NULL, NULL),
(4737, 832, 13, NULL, NULL, NULL),
(4738, 833, 13, NULL, NULL, NULL),
(4739, 834, 13, NULL, NULL, NULL),
(4740, 835, 13, NULL, NULL, NULL),
(4741, 836, 13, NULL, NULL, NULL),
(4742, 837, 13, NULL, NULL, NULL),
(4743, 838, 13, NULL, NULL, NULL),
(4744, 839, 13, NULL, NULL, NULL),
(4745, 840, 13, NULL, NULL, NULL),
(4746, 841, 13, NULL, NULL, NULL),
(4747, 842, 13, NULL, NULL, NULL),
(4748, 843, 13, NULL, NULL, NULL),
(4749, 844, 13, NULL, NULL, NULL),
(4750, 845, 13, NULL, NULL, NULL),
(4751, 846, 13, NULL, NULL, NULL),
(4752, 847, 13, NULL, NULL, NULL),
(4753, 848, 13, NULL, NULL, NULL),
(4754, 849, 13, NULL, NULL, NULL),
(4755, 850, 13, NULL, NULL, NULL),
(4756, 851, 13, NULL, NULL, NULL),
(4757, 852, 13, NULL, NULL, NULL),
(4758, 853, 13, NULL, NULL, NULL),
(4759, 854, 13, NULL, NULL, NULL),
(4760, 855, 13, NULL, NULL, NULL),
(4761, 856, 13, NULL, NULL, NULL),
(4762, 857, 13, NULL, NULL, NULL),
(4763, 858, 13, NULL, NULL, NULL),
(4764, 859, 13, NULL, NULL, NULL),
(4765, 860, 13, NULL, NULL, NULL),
(4766, 861, 13, NULL, NULL, NULL),
(4767, 862, 13, NULL, NULL, NULL),
(4768, 863, 13, NULL, NULL, NULL),
(4769, 864, 13, NULL, NULL, NULL),
(4770, 865, 13, NULL, NULL, NULL),
(4771, 866, 13, NULL, NULL, NULL),
(4772, 867, 13, NULL, NULL, NULL),
(4773, 868, 13, NULL, NULL, NULL),
(4774, 869, 13, NULL, NULL, NULL),
(4775, 870, 13, NULL, NULL, NULL),
(4776, 871, 13, NULL, NULL, NULL),
(4777, 872, 13, NULL, NULL, NULL),
(4778, 873, 13, NULL, NULL, NULL),
(4779, 874, 13, NULL, NULL, NULL),
(4780, 875, 13, NULL, NULL, NULL),
(4781, 876, 13, NULL, NULL, NULL),
(4782, 877, 13, NULL, NULL, NULL),
(4783, 878, 13, NULL, NULL, NULL),
(4784, 879, 13, NULL, NULL, NULL),
(4785, 880, 13, NULL, NULL, NULL),
(4786, 881, 13, NULL, NULL, NULL),
(4787, 882, 13, NULL, NULL, NULL),
(4788, 883, 13, NULL, NULL, NULL),
(4789, 884, 13, NULL, NULL, NULL),
(4790, 885, 13, NULL, NULL, NULL),
(4791, 886, 13, NULL, NULL, NULL),
(4792, 887, 13, NULL, NULL, NULL),
(4793, 888, 13, NULL, NULL, NULL),
(4794, 889, 13, NULL, NULL, NULL),
(4795, 890, 13, NULL, NULL, NULL),
(4796, 891, 13, NULL, NULL, NULL),
(4797, 892, 13, NULL, NULL, NULL),
(4798, 893, 13, NULL, NULL, NULL),
(4799, 894, 13, NULL, NULL, NULL),
(4800, 895, 13, NULL, NULL, NULL),
(4801, 896, 13, NULL, NULL, NULL),
(4802, 897, 13, NULL, NULL, NULL),
(4803, 898, 13, NULL, NULL, NULL),
(4804, 899, 13, NULL, NULL, NULL),
(4805, 900, 13, NULL, NULL, NULL),
(4806, 901, 13, NULL, NULL, NULL),
(4807, 902, 13, NULL, NULL, NULL),
(4808, 903, 13, NULL, NULL, NULL),
(4809, 904, 13, NULL, NULL, NULL),
(4810, 905, 13, NULL, NULL, NULL),
(4811, 906, 13, NULL, NULL, NULL),
(4812, 907, 13, NULL, NULL, NULL),
(4813, 908, 13, NULL, NULL, NULL),
(4814, 909, 13, NULL, NULL, NULL),
(4815, 910, 13, NULL, NULL, NULL),
(4816, 911, 13, NULL, NULL, NULL),
(4817, 912, 13, NULL, NULL, NULL),
(4818, 913, 13, NULL, NULL, NULL),
(4819, 914, 13, NULL, NULL, NULL),
(4820, 915, 13, NULL, NULL, NULL),
(4821, 916, 13, NULL, NULL, NULL),
(4822, 917, 13, NULL, NULL, NULL),
(4823, 918, 13, NULL, NULL, NULL),
(4824, 919, 13, NULL, NULL, NULL),
(4825, 920, 13, NULL, NULL, NULL),
(4826, 921, 13, NULL, NULL, NULL),
(4827, 922, 13, NULL, NULL, NULL),
(4828, 923, 13, NULL, NULL, NULL),
(4829, 924, 13, NULL, NULL, NULL),
(4830, 925, 13, NULL, NULL, NULL),
(4831, 926, 13, NULL, NULL, NULL),
(4832, 927, 13, NULL, NULL, NULL),
(4833, 928, 13, NULL, NULL, NULL),
(4834, 929, 13, NULL, NULL, NULL),
(4835, 930, 13, NULL, NULL, NULL),
(4836, 931, 13, NULL, NULL, NULL),
(4837, 932, 13, NULL, NULL, NULL),
(4838, 933, 13, NULL, NULL, NULL),
(4839, 934, 13, NULL, NULL, NULL),
(4840, 935, 13, NULL, NULL, NULL),
(4841, 936, 13, NULL, NULL, NULL),
(4842, 937, 13, NULL, NULL, NULL),
(4843, 938, 13, NULL, NULL, NULL),
(4844, 939, 13, NULL, NULL, NULL),
(4845, 940, 13, NULL, NULL, NULL),
(4846, 941, 13, NULL, NULL, NULL),
(4847, 942, 13, NULL, NULL, NULL),
(4848, 943, 13, NULL, NULL, NULL),
(4849, 944, 13, NULL, NULL, NULL),
(4850, 945, 13, NULL, NULL, NULL),
(4851, 946, 13, NULL, NULL, NULL),
(4852, 947, 13, NULL, NULL, NULL),
(4853, 948, 13, NULL, NULL, NULL),
(4854, 949, 13, NULL, NULL, NULL),
(4855, 950, 13, NULL, NULL, NULL),
(4856, 951, 13, NULL, NULL, NULL),
(4857, 952, 13, NULL, NULL, NULL),
(4858, 953, 13, NULL, NULL, NULL),
(4859, 954, 13, NULL, NULL, NULL),
(4860, 955, 13, NULL, NULL, NULL),
(4861, 956, 13, NULL, NULL, NULL),
(4862, 957, 13, NULL, NULL, NULL),
(4863, 958, 13, NULL, NULL, NULL),
(4864, 959, 13, NULL, NULL, NULL),
(4865, 960, 13, NULL, NULL, NULL),
(4866, 961, 13, NULL, NULL, NULL),
(4867, 962, 13, NULL, NULL, NULL),
(4868, 963, 13, NULL, NULL, NULL),
(4869, 964, 13, NULL, NULL, NULL),
(4870, 965, 13, NULL, NULL, NULL),
(4871, 966, 13, NULL, NULL, NULL),
(4872, 967, 13, NULL, NULL, NULL),
(4873, 968, 13, NULL, NULL, NULL),
(4874, 969, 13, NULL, NULL, NULL),
(4875, 970, 13, NULL, NULL, NULL),
(4876, 971, 13, NULL, NULL, NULL),
(4877, 972, 13, NULL, NULL, NULL),
(4878, 973, 13, NULL, NULL, NULL),
(4879, 974, 13, NULL, NULL, NULL),
(4880, 975, 13, NULL, NULL, NULL),
(4881, 976, 13, NULL, NULL, NULL),
(4882, 977, 13, NULL, NULL, NULL),
(4883, 978, 13, NULL, NULL, NULL),
(4884, 979, 13, NULL, NULL, NULL),
(4885, 980, 13, NULL, NULL, NULL),
(4886, 981, 13, NULL, NULL, NULL),
(4887, 982, 13, NULL, NULL, NULL),
(4888, 983, 13, NULL, NULL, NULL),
(4889, 984, 13, NULL, NULL, NULL),
(4890, 985, 13, NULL, NULL, NULL),
(4891, 986, 13, NULL, NULL, NULL),
(4892, 987, 13, NULL, NULL, NULL),
(4893, 988, 13, NULL, NULL, NULL),
(4894, 989, 13, NULL, NULL, NULL),
(4895, 990, 13, NULL, NULL, NULL),
(4896, 991, 13, NULL, NULL, NULL),
(4897, 992, 13, NULL, NULL, NULL),
(4898, 993, 13, NULL, NULL, NULL),
(4899, 994, 13, NULL, NULL, NULL),
(4900, 995, 13, NULL, NULL, NULL),
(4901, 996, 13, NULL, NULL, NULL),
(4902, 997, 13, NULL, NULL, NULL),
(4903, 998, 13, NULL, NULL, NULL),
(4904, 999, 13, NULL, NULL, NULL),
(4905, 1000, 13, NULL, NULL, NULL),
(4906, 1001, 13, NULL, NULL, NULL),
(4907, 1002, 13, NULL, NULL, NULL),
(4908, 1003, 13, NULL, NULL, NULL),
(4909, 1004, 13, NULL, NULL, NULL),
(4910, 1005, 13, NULL, NULL, NULL),
(4911, 1006, 13, NULL, NULL, NULL),
(4912, 1007, 13, NULL, NULL, NULL),
(4913, 1008, 13, NULL, NULL, NULL),
(4914, 1009, 13, NULL, NULL, NULL),
(4915, 1010, 13, NULL, NULL, NULL),
(4916, 1011, 13, NULL, NULL, NULL),
(4917, 1012, 13, NULL, NULL, NULL),
(4918, 1013, 13, NULL, NULL, NULL),
(4919, 1014, 13, NULL, NULL, NULL),
(4920, 1015, 13, NULL, NULL, NULL),
(4921, 1016, 13, NULL, NULL, NULL),
(4922, 1017, 13, NULL, NULL, NULL),
(4923, 1018, 13, NULL, NULL, NULL),
(4924, 1019, 13, NULL, NULL, NULL),
(4925, 1020, 13, NULL, NULL, NULL),
(4926, 1021, 13, NULL, NULL, NULL),
(4927, 1022, 13, NULL, NULL, NULL),
(4928, 1023, 13, NULL, NULL, NULL),
(4929, 1024, 13, NULL, NULL, NULL),
(4930, 1025, 13, NULL, NULL, NULL),
(4931, 1026, 13, NULL, NULL, NULL),
(4932, 1027, 13, NULL, NULL, NULL),
(4933, 1028, 13, NULL, NULL, NULL),
(4934, 1029, 13, NULL, NULL, NULL),
(4935, 1030, 13, NULL, NULL, NULL),
(4936, 1031, 13, NULL, NULL, NULL),
(4937, 1032, 13, NULL, NULL, NULL),
(4938, 1033, 13, NULL, NULL, NULL),
(4939, 1034, 13, NULL, NULL, NULL),
(4940, 1035, 13, NULL, NULL, NULL),
(4941, 1036, 13, NULL, NULL, NULL),
(4942, 1037, 13, NULL, NULL, NULL),
(4943, 1038, 13, NULL, NULL, NULL),
(4944, 1039, 13, NULL, NULL, NULL),
(4945, 1040, 13, NULL, NULL, NULL),
(4946, 1041, 13, NULL, NULL, NULL),
(4947, 1042, 13, NULL, NULL, NULL),
(4948, 1043, 13, NULL, NULL, NULL),
(4949, 1044, 13, NULL, NULL, NULL),
(4950, 1045, 13, NULL, NULL, NULL),
(4951, 1046, 13, NULL, NULL, NULL),
(4952, 1047, 13, NULL, NULL, NULL),
(4953, 1048, 13, NULL, NULL, NULL),
(4954, 1049, 13, NULL, NULL, NULL),
(4955, 1050, 13, NULL, NULL, NULL),
(4956, 1051, 13, NULL, NULL, NULL),
(4957, 1052, 13, NULL, NULL, NULL),
(4958, 1053, 13, NULL, NULL, NULL),
(4959, 1054, 13, NULL, NULL, NULL),
(4960, 1055, 13, NULL, NULL, NULL),
(4961, 1056, 13, NULL, NULL, NULL),
(4962, 1057, 13, NULL, NULL, NULL),
(4963, 1058, 13, NULL, NULL, NULL),
(4964, 1059, 13, NULL, NULL, NULL),
(4965, 1060, 13, NULL, NULL, NULL),
(4966, 1061, 13, NULL, NULL, NULL),
(4967, 1062, 13, NULL, NULL, NULL),
(4968, 1063, 13, NULL, NULL, NULL),
(4969, 1064, 13, NULL, NULL, NULL),
(4970, 1065, 13, NULL, NULL, NULL),
(4971, 1066, 13, NULL, NULL, NULL),
(4972, 1067, 13, NULL, NULL, NULL),
(4973, 1068, 13, NULL, NULL, NULL),
(4974, 1069, 13, NULL, NULL, NULL),
(4975, 1070, 13, NULL, NULL, NULL),
(4976, 1071, 13, NULL, NULL, NULL),
(4977, 1072, 13, NULL, NULL, NULL),
(4978, 1073, 13, NULL, NULL, NULL),
(4979, 1074, 13, NULL, NULL, NULL),
(4980, 1075, 13, NULL, NULL, NULL),
(4981, 1076, 13, NULL, NULL, NULL),
(4982, 1077, 13, NULL, NULL, NULL),
(4983, 1078, 13, NULL, NULL, NULL),
(4984, 1079, 13, NULL, NULL, NULL),
(4985, 1080, 13, NULL, NULL, NULL),
(4986, 1081, 13, NULL, NULL, NULL),
(4987, 1082, 13, NULL, NULL, NULL),
(4988, 1083, 13, NULL, NULL, NULL),
(4989, 1084, 13, NULL, NULL, NULL),
(4990, 1085, 13, NULL, NULL, NULL),
(4991, 1086, 13, NULL, NULL, NULL);
INSERT INTO `branch_services` (`id`, `branch_id`, `service_id`, `deleted_at`, `created_at`, `updated_at`) VALUES
(4992, 1087, 13, NULL, NULL, NULL),
(4993, 1088, 13, NULL, NULL, NULL),
(4994, 1089, 13, NULL, NULL, NULL),
(4995, 1090, 13, NULL, NULL, NULL),
(4996, 1091, 13, NULL, NULL, NULL),
(4997, 1092, 13, NULL, NULL, NULL),
(4998, 1093, 13, NULL, NULL, NULL),
(4999, 1094, 13, NULL, NULL, NULL),
(5000, 1095, 13, NULL, NULL, NULL),
(5001, 1096, 13, NULL, NULL, NULL),
(5002, 1097, 13, NULL, NULL, NULL),
(5003, 1098, 13, NULL, NULL, NULL),
(5004, 1099, 13, NULL, NULL, NULL),
(5005, 1100, 13, NULL, NULL, NULL),
(5006, 1101, 13, NULL, NULL, NULL),
(5007, 1102, 13, NULL, NULL, NULL),
(5008, 1103, 13, NULL, NULL, NULL),
(5009, 1104, 13, NULL, NULL, NULL),
(5010, 1105, 13, NULL, NULL, NULL),
(5011, 1106, 13, NULL, NULL, NULL),
(5012, 1107, 13, NULL, NULL, NULL),
(5013, 1108, 13, NULL, NULL, NULL),
(5014, 1109, 13, NULL, NULL, NULL),
(5015, 1110, 13, NULL, NULL, NULL),
(5016, 1111, 13, NULL, NULL, NULL),
(5017, 1112, 13, NULL, NULL, NULL),
(5018, 1113, 13, NULL, NULL, NULL),
(5019, 1114, 13, NULL, NULL, NULL),
(5020, 1115, 13, NULL, NULL, NULL),
(5021, 1116, 13, NULL, NULL, NULL),
(5022, 1117, 13, NULL, NULL, NULL),
(5023, 1118, 13, NULL, NULL, NULL),
(5024, 1119, 13, NULL, NULL, NULL),
(5025, 1120, 13, NULL, NULL, NULL),
(5026, 1121, 13, NULL, NULL, NULL),
(5027, 1122, 13, NULL, NULL, NULL),
(5028, 1123, 13, NULL, NULL, NULL),
(5029, 1124, 13, NULL, NULL, NULL),
(5030, 1125, 13, NULL, NULL, NULL),
(5031, 1126, 13, NULL, NULL, NULL),
(5032, 1127, 13, NULL, NULL, NULL),
(5033, 1128, 13, NULL, NULL, NULL),
(5034, 1129, 13, NULL, NULL, NULL),
(5035, 1130, 13, NULL, NULL, NULL),
(5036, 1131, 13, NULL, NULL, NULL),
(5037, 1132, 13, NULL, NULL, NULL),
(5038, 1133, 13, NULL, NULL, NULL),
(5039, 1134, 13, NULL, NULL, NULL),
(5040, 1135, 13, NULL, NULL, NULL),
(5041, 1136, 13, NULL, NULL, NULL),
(5042, 1137, 13, NULL, NULL, NULL),
(5043, 1138, 13, NULL, NULL, NULL),
(5044, 1139, 13, NULL, NULL, NULL),
(5045, 1140, 13, NULL, NULL, NULL),
(5046, 1141, 13, NULL, NULL, NULL),
(5047, 1142, 13, NULL, NULL, NULL),
(5048, 1143, 13, NULL, NULL, NULL),
(5049, 1144, 13, NULL, NULL, NULL),
(5050, 1145, 13, NULL, NULL, NULL),
(5051, 1146, 13, NULL, NULL, NULL),
(5052, 1147, 13, NULL, NULL, NULL),
(5053, 1148, 13, NULL, NULL, NULL),
(5054, 1149, 13, NULL, NULL, NULL),
(5055, 1150, 13, NULL, NULL, NULL),
(5056, 1151, 13, NULL, NULL, NULL),
(5057, 1152, 13, NULL, NULL, NULL),
(5058, 1153, 13, NULL, NULL, NULL),
(5059, 1154, 13, NULL, NULL, NULL),
(5060, 1155, 13, NULL, NULL, NULL),
(5061, 1156, 13, NULL, NULL, NULL),
(5062, 1157, 13, NULL, NULL, NULL),
(5063, 1158, 13, NULL, NULL, NULL),
(5064, 1159, 13, NULL, NULL, NULL),
(5065, 1160, 13, NULL, NULL, NULL),
(5066, 1161, 13, NULL, NULL, NULL),
(5067, 1162, 13, NULL, NULL, NULL),
(5068, 1163, 13, NULL, NULL, NULL),
(5069, 1164, 13, NULL, NULL, NULL),
(5070, 1165, 13, NULL, NULL, NULL),
(5071, 1166, 13, NULL, NULL, NULL),
(5072, 1167, 13, NULL, NULL, NULL),
(5073, 1168, 13, NULL, NULL, NULL),
(5074, 1169, 13, NULL, NULL, NULL),
(5075, 1170, 13, NULL, NULL, NULL),
(5076, 1171, 13, NULL, NULL, NULL),
(5077, 1172, 13, NULL, NULL, NULL),
(5078, 1173, 13, NULL, NULL, NULL),
(5079, 1174, 13, NULL, NULL, NULL),
(5080, 1175, 13, NULL, NULL, NULL),
(5081, 1176, 13, NULL, NULL, NULL),
(5082, 1177, 13, NULL, NULL, NULL),
(5083, 1178, 13, NULL, NULL, NULL),
(5084, 1179, 13, NULL, NULL, NULL),
(5085, 1180, 13, NULL, NULL, NULL),
(5086, 1181, 13, NULL, NULL, NULL),
(5087, 1182, 13, NULL, NULL, NULL),
(5088, 1183, 13, NULL, NULL, NULL),
(5089, 1184, 13, NULL, NULL, NULL),
(5090, 1185, 13, NULL, NULL, NULL),
(5091, 1186, 13, NULL, NULL, NULL),
(5092, 1187, 13, NULL, NULL, NULL),
(5093, 1188, 13, NULL, NULL, NULL),
(5094, 1189, 13, NULL, NULL, NULL),
(5095, 1190, 13, NULL, NULL, NULL),
(5096, 1191, 13, NULL, NULL, NULL),
(5097, 1192, 13, NULL, NULL, NULL),
(5098, 1193, 13, NULL, NULL, NULL),
(5099, 1194, 13, NULL, NULL, NULL),
(5100, 1195, 13, NULL, NULL, NULL),
(5101, 1196, 13, NULL, NULL, NULL),
(5102, 1197, 13, NULL, NULL, NULL),
(5103, 1198, 13, NULL, NULL, NULL),
(5104, 1199, 13, NULL, NULL, NULL),
(5105, 1200, 13, NULL, NULL, NULL),
(5106, 1201, 13, NULL, NULL, NULL),
(5107, 1202, 13, NULL, NULL, NULL),
(5108, 1203, 13, NULL, NULL, NULL),
(5109, 1204, 13, NULL, NULL, NULL),
(5110, 1205, 13, NULL, NULL, NULL),
(5111, 1206, 13, NULL, NULL, NULL),
(5112, 1207, 13, NULL, NULL, NULL),
(5113, 1208, 13, NULL, NULL, NULL),
(5114, 1209, 13, NULL, NULL, NULL),
(5115, 1210, 13, NULL, NULL, NULL),
(5116, 1211, 13, NULL, NULL, NULL),
(5117, 1212, 13, NULL, NULL, NULL),
(5118, 1213, 13, NULL, NULL, NULL),
(5119, 1214, 13, NULL, NULL, NULL),
(5120, 1215, 13, NULL, NULL, NULL),
(5121, 1216, 13, NULL, NULL, NULL),
(5122, 1217, 13, NULL, NULL, NULL),
(5123, 1218, 13, NULL, NULL, NULL),
(5124, 1219, 13, NULL, NULL, NULL),
(5125, 1220, 13, NULL, NULL, NULL),
(5126, 1221, 13, NULL, NULL, NULL),
(5127, 1222, 13, NULL, NULL, NULL),
(5128, 1223, 13, NULL, NULL, NULL),
(5129, 1224, 13, NULL, NULL, NULL),
(5130, 1225, 13, NULL, NULL, NULL),
(5131, 1226, 13, NULL, NULL, NULL),
(5132, 1227, 13, NULL, NULL, NULL),
(5133, 1228, 13, NULL, NULL, NULL),
(5134, 1229, 13, NULL, NULL, NULL),
(5135, 1230, 13, NULL, NULL, NULL),
(5136, 1231, 13, NULL, NULL, NULL),
(5137, 1232, 13, NULL, NULL, NULL),
(5138, 1233, 13, NULL, NULL, NULL),
(5139, 1234, 13, NULL, NULL, NULL),
(5140, 1235, 13, NULL, NULL, NULL),
(5141, 1236, 13, NULL, NULL, NULL),
(5142, 1237, 13, NULL, NULL, NULL),
(5143, 1238, 13, NULL, NULL, NULL),
(5144, 1239, 13, NULL, NULL, NULL),
(5145, 1240, 13, NULL, NULL, NULL),
(5146, 1241, 13, NULL, NULL, NULL),
(5147, 1242, 13, NULL, NULL, NULL),
(5148, 1243, 13, NULL, NULL, NULL),
(5149, 1244, 13, NULL, NULL, NULL),
(5150, 1245, 13, NULL, NULL, NULL),
(5151, 1246, 13, NULL, NULL, NULL),
(5152, 1247, 13, NULL, NULL, NULL),
(5153, 1248, 13, NULL, NULL, NULL),
(5154, 1249, 13, NULL, NULL, NULL),
(5155, 1250, 13, NULL, NULL, NULL),
(5156, 1251, 13, NULL, NULL, NULL),
(5157, 1252, 13, NULL, NULL, NULL),
(5158, 1253, 13, NULL, NULL, NULL),
(5159, 1254, 13, NULL, NULL, NULL),
(5160, 1255, 13, NULL, NULL, NULL),
(5161, 826, 14, NULL, NULL, NULL),
(5162, 827, 14, NULL, NULL, NULL),
(5163, 828, 14, NULL, NULL, NULL),
(5164, 829, 14, NULL, NULL, NULL),
(5165, 830, 14, NULL, NULL, NULL),
(5166, 831, 14, NULL, NULL, NULL),
(5167, 832, 14, NULL, NULL, NULL),
(5168, 833, 14, NULL, NULL, NULL),
(5169, 834, 14, NULL, NULL, NULL),
(5170, 835, 14, NULL, NULL, NULL),
(5171, 836, 14, NULL, NULL, NULL),
(5172, 837, 14, NULL, NULL, NULL),
(5173, 838, 14, NULL, NULL, NULL),
(5174, 839, 14, NULL, NULL, NULL),
(5175, 840, 14, NULL, NULL, NULL),
(5176, 841, 14, NULL, NULL, NULL),
(5177, 842, 14, NULL, NULL, NULL),
(5178, 843, 14, NULL, NULL, NULL),
(5179, 844, 14, NULL, NULL, NULL),
(5180, 845, 14, NULL, NULL, NULL),
(5181, 846, 14, NULL, NULL, NULL),
(5182, 847, 14, NULL, NULL, NULL),
(5183, 848, 14, NULL, NULL, NULL),
(5184, 849, 14, NULL, NULL, NULL),
(5185, 850, 14, NULL, NULL, NULL),
(5186, 851, 14, NULL, NULL, NULL),
(5187, 852, 14, NULL, NULL, NULL),
(5188, 853, 14, NULL, NULL, NULL),
(5189, 854, 14, NULL, NULL, NULL),
(5190, 855, 14, NULL, NULL, NULL),
(5191, 856, 14, NULL, NULL, NULL),
(5192, 857, 14, NULL, NULL, NULL),
(5193, 858, 14, NULL, NULL, NULL),
(5194, 859, 14, NULL, NULL, NULL),
(5195, 860, 14, NULL, NULL, NULL),
(5196, 861, 14, NULL, NULL, NULL),
(5197, 862, 14, NULL, NULL, NULL),
(5198, 863, 14, NULL, NULL, NULL),
(5199, 864, 14, NULL, NULL, NULL),
(5200, 865, 14, NULL, NULL, NULL),
(5201, 866, 14, NULL, NULL, NULL),
(5202, 867, 14, NULL, NULL, NULL),
(5203, 868, 14, NULL, NULL, NULL),
(5204, 869, 14, NULL, NULL, NULL),
(5205, 870, 14, NULL, NULL, NULL),
(5206, 871, 14, NULL, NULL, NULL),
(5207, 872, 14, NULL, NULL, NULL),
(5208, 873, 14, NULL, NULL, NULL),
(5209, 874, 14, NULL, NULL, NULL),
(5210, 875, 14, NULL, NULL, NULL),
(5211, 876, 14, NULL, NULL, NULL),
(5212, 877, 14, NULL, NULL, NULL),
(5213, 878, 14, NULL, NULL, NULL),
(5214, 879, 14, NULL, NULL, NULL),
(5215, 880, 14, NULL, NULL, NULL),
(5216, 881, 14, NULL, NULL, NULL),
(5217, 882, 14, NULL, NULL, NULL),
(5218, 883, 14, NULL, NULL, NULL),
(5219, 884, 14, NULL, NULL, NULL),
(5220, 885, 14, NULL, NULL, NULL),
(5221, 886, 14, NULL, NULL, NULL),
(5222, 887, 14, NULL, NULL, NULL),
(5223, 888, 14, NULL, NULL, NULL),
(5224, 889, 14, NULL, NULL, NULL),
(5225, 890, 14, NULL, NULL, NULL),
(5226, 891, 14, NULL, NULL, NULL),
(5227, 892, 14, NULL, NULL, NULL),
(5228, 893, 14, NULL, NULL, NULL),
(5229, 894, 14, NULL, NULL, NULL),
(5230, 895, 14, NULL, NULL, NULL),
(5231, 896, 14, NULL, NULL, NULL),
(5232, 897, 14, NULL, NULL, NULL),
(5233, 898, 14, NULL, NULL, NULL),
(5234, 899, 14, NULL, NULL, NULL),
(5235, 900, 14, NULL, NULL, NULL),
(5236, 901, 14, NULL, NULL, NULL),
(5237, 902, 14, NULL, NULL, NULL),
(5238, 903, 14, NULL, NULL, NULL),
(5239, 904, 14, NULL, NULL, NULL),
(5240, 905, 14, NULL, NULL, NULL),
(5241, 906, 14, NULL, NULL, NULL),
(5242, 907, 14, NULL, NULL, NULL),
(5243, 908, 14, NULL, NULL, NULL),
(5244, 909, 14, NULL, NULL, NULL),
(5245, 910, 14, NULL, NULL, NULL),
(5246, 911, 14, NULL, NULL, NULL),
(5247, 912, 14, NULL, NULL, NULL),
(5248, 913, 14, NULL, NULL, NULL),
(5249, 914, 14, NULL, NULL, NULL),
(5250, 915, 14, NULL, NULL, NULL),
(5251, 916, 14, NULL, NULL, NULL),
(5252, 917, 14, NULL, NULL, NULL),
(5253, 918, 14, NULL, NULL, NULL),
(5254, 919, 14, NULL, NULL, NULL),
(5255, 920, 14, NULL, NULL, NULL),
(5256, 921, 14, NULL, NULL, NULL),
(5257, 922, 14, NULL, NULL, NULL),
(5258, 923, 14, NULL, NULL, NULL),
(5259, 924, 14, NULL, NULL, NULL),
(5260, 925, 14, NULL, NULL, NULL),
(5261, 926, 14, NULL, NULL, NULL),
(5262, 927, 14, NULL, NULL, NULL),
(5263, 928, 14, NULL, NULL, NULL),
(5264, 929, 14, NULL, NULL, NULL),
(5265, 930, 14, NULL, NULL, NULL),
(5266, 931, 14, NULL, NULL, NULL),
(5267, 932, 14, NULL, NULL, NULL),
(5268, 933, 14, NULL, NULL, NULL),
(5269, 934, 14, NULL, NULL, NULL),
(5270, 935, 14, NULL, NULL, NULL),
(5271, 936, 14, NULL, NULL, NULL),
(5272, 937, 14, NULL, NULL, NULL),
(5273, 938, 14, NULL, NULL, NULL),
(5274, 939, 14, NULL, NULL, NULL),
(5275, 940, 14, NULL, NULL, NULL),
(5276, 941, 14, NULL, NULL, NULL),
(5277, 942, 14, NULL, NULL, NULL),
(5278, 943, 14, NULL, NULL, NULL),
(5279, 944, 14, NULL, NULL, NULL),
(5280, 945, 14, NULL, NULL, NULL),
(5281, 946, 14, NULL, NULL, NULL),
(5282, 947, 14, NULL, NULL, NULL),
(5283, 948, 14, NULL, NULL, NULL),
(5284, 949, 14, NULL, NULL, NULL),
(5285, 950, 14, NULL, NULL, NULL),
(5286, 951, 14, NULL, NULL, NULL),
(5287, 952, 14, NULL, NULL, NULL),
(5288, 953, 14, NULL, NULL, NULL),
(5289, 954, 14, NULL, NULL, NULL),
(5290, 955, 14, NULL, NULL, NULL),
(5291, 956, 14, NULL, NULL, NULL),
(5292, 957, 14, NULL, NULL, NULL),
(5293, 958, 14, NULL, NULL, NULL),
(5294, 959, 14, NULL, NULL, NULL),
(5295, 960, 14, NULL, NULL, NULL),
(5296, 961, 14, NULL, NULL, NULL),
(5297, 962, 14, NULL, NULL, NULL),
(5298, 963, 14, NULL, NULL, NULL),
(5299, 964, 14, NULL, NULL, NULL),
(5300, 965, 14, NULL, NULL, NULL),
(5301, 966, 14, NULL, NULL, NULL),
(5302, 967, 14, NULL, NULL, NULL),
(5303, 968, 14, NULL, NULL, NULL),
(5304, 969, 14, NULL, NULL, NULL),
(5305, 970, 14, NULL, NULL, NULL),
(5306, 971, 14, NULL, NULL, NULL),
(5307, 972, 14, NULL, NULL, NULL),
(5308, 973, 14, NULL, NULL, NULL),
(5309, 974, 14, NULL, NULL, NULL),
(5310, 975, 14, NULL, NULL, NULL),
(5311, 976, 14, NULL, NULL, NULL),
(5312, 977, 14, NULL, NULL, NULL),
(5313, 978, 14, NULL, NULL, NULL),
(5314, 979, 14, NULL, NULL, NULL),
(5315, 980, 14, NULL, NULL, NULL),
(5316, 981, 14, NULL, NULL, NULL),
(5317, 982, 14, NULL, NULL, NULL),
(5318, 983, 14, NULL, NULL, NULL),
(5319, 984, 14, NULL, NULL, NULL),
(5320, 985, 14, NULL, NULL, NULL),
(5321, 986, 14, NULL, NULL, NULL),
(5322, 987, 14, NULL, NULL, NULL),
(5323, 988, 14, NULL, NULL, NULL),
(5324, 989, 14, NULL, NULL, NULL),
(5325, 990, 14, NULL, NULL, NULL),
(5326, 991, 14, NULL, NULL, NULL),
(5327, 992, 14, NULL, NULL, NULL),
(5328, 993, 14, NULL, NULL, NULL),
(5329, 994, 14, NULL, NULL, NULL),
(5330, 995, 14, NULL, NULL, NULL),
(5331, 996, 14, NULL, NULL, NULL),
(5332, 997, 14, NULL, NULL, NULL),
(5333, 998, 14, NULL, NULL, NULL),
(5334, 999, 14, NULL, NULL, NULL),
(5335, 1000, 14, NULL, NULL, NULL),
(5336, 1001, 14, NULL, NULL, NULL),
(5337, 1002, 14, NULL, NULL, NULL),
(5338, 1003, 14, NULL, NULL, NULL),
(5339, 1004, 14, NULL, NULL, NULL),
(5340, 1005, 14, NULL, NULL, NULL),
(5341, 1006, 14, NULL, NULL, NULL),
(5342, 1007, 14, NULL, NULL, NULL),
(5343, 1008, 14, NULL, NULL, NULL),
(5344, 1009, 14, NULL, NULL, NULL),
(5345, 1010, 14, NULL, NULL, NULL),
(5346, 1011, 14, NULL, NULL, NULL),
(5347, 1012, 14, NULL, NULL, NULL),
(5348, 1013, 14, NULL, NULL, NULL),
(5349, 1014, 14, NULL, NULL, NULL),
(5350, 1015, 14, NULL, NULL, NULL),
(5351, 1016, 14, NULL, NULL, NULL),
(5352, 1017, 14, NULL, NULL, NULL),
(5353, 1018, 14, NULL, NULL, NULL),
(5354, 1019, 14, NULL, NULL, NULL),
(5355, 1020, 14, NULL, NULL, NULL),
(5356, 1021, 14, NULL, NULL, NULL),
(5357, 1022, 14, NULL, NULL, NULL),
(5358, 1023, 14, NULL, NULL, NULL),
(5359, 1024, 14, NULL, NULL, NULL),
(5360, 1025, 14, NULL, NULL, NULL),
(5361, 1026, 14, NULL, NULL, NULL),
(5362, 1027, 14, NULL, NULL, NULL),
(5363, 1028, 14, NULL, NULL, NULL),
(5364, 1029, 14, NULL, NULL, NULL),
(5365, 1030, 14, NULL, NULL, NULL),
(5366, 1031, 14, NULL, NULL, NULL),
(5367, 1032, 14, NULL, NULL, NULL),
(5368, 1033, 14, NULL, NULL, NULL),
(5369, 1034, 14, NULL, NULL, NULL),
(5370, 1035, 14, NULL, NULL, NULL),
(5371, 1036, 14, NULL, NULL, NULL),
(5372, 1037, 14, NULL, NULL, NULL),
(5373, 1038, 14, NULL, NULL, NULL),
(5374, 1039, 14, NULL, NULL, NULL),
(5375, 1040, 14, NULL, NULL, NULL),
(5376, 1041, 14, NULL, NULL, NULL),
(5377, 1042, 14, NULL, NULL, NULL),
(5378, 1043, 14, NULL, NULL, NULL),
(5379, 1044, 14, NULL, NULL, NULL),
(5380, 1045, 14, NULL, NULL, NULL),
(5381, 1046, 14, NULL, NULL, NULL),
(5382, 1047, 14, NULL, NULL, NULL),
(5383, 1048, 14, NULL, NULL, NULL),
(5384, 1049, 14, NULL, NULL, NULL),
(5385, 1050, 14, NULL, NULL, NULL),
(5386, 1051, 14, NULL, NULL, NULL),
(5387, 1052, 14, NULL, NULL, NULL),
(5388, 1053, 14, NULL, NULL, NULL),
(5389, 1054, 14, NULL, NULL, NULL),
(5390, 1055, 14, NULL, NULL, NULL),
(5391, 1056, 14, NULL, NULL, NULL),
(5392, 1057, 14, NULL, NULL, NULL),
(5393, 1058, 14, NULL, NULL, NULL),
(5394, 1059, 14, NULL, NULL, NULL),
(5395, 1060, 14, NULL, NULL, NULL),
(5396, 1061, 14, NULL, NULL, NULL),
(5397, 1062, 14, NULL, NULL, NULL),
(5398, 1063, 14, NULL, NULL, NULL),
(5399, 1064, 14, NULL, NULL, NULL),
(5400, 1065, 14, NULL, NULL, NULL),
(5401, 1066, 14, NULL, NULL, NULL),
(5402, 1067, 14, NULL, NULL, NULL),
(5403, 1068, 14, NULL, NULL, NULL),
(5404, 1069, 14, NULL, NULL, NULL),
(5405, 1070, 14, NULL, NULL, NULL),
(5406, 1071, 14, NULL, NULL, NULL),
(5407, 1072, 14, NULL, NULL, NULL),
(5408, 1073, 14, NULL, NULL, NULL),
(5409, 1074, 14, NULL, NULL, NULL),
(5410, 1075, 14, NULL, NULL, NULL),
(5411, 1076, 14, NULL, NULL, NULL),
(5412, 1077, 14, NULL, NULL, NULL),
(5413, 1078, 14, NULL, NULL, NULL),
(5414, 1079, 14, NULL, NULL, NULL),
(5415, 1080, 14, NULL, NULL, NULL),
(5416, 1081, 14, NULL, NULL, NULL),
(5417, 1082, 14, NULL, NULL, NULL),
(5418, 1083, 14, NULL, NULL, NULL),
(5419, 1084, 14, NULL, NULL, NULL),
(5420, 1085, 14, NULL, NULL, NULL),
(5421, 1086, 14, NULL, NULL, NULL),
(5422, 1087, 14, NULL, NULL, NULL),
(5423, 1088, 14, NULL, NULL, NULL),
(5424, 1089, 14, NULL, NULL, NULL),
(5425, 1090, 14, NULL, NULL, NULL),
(5426, 1091, 14, NULL, NULL, NULL),
(5427, 1092, 14, NULL, NULL, NULL),
(5428, 1093, 14, NULL, NULL, NULL),
(5429, 1094, 14, NULL, NULL, NULL),
(5430, 1095, 14, NULL, NULL, NULL),
(5431, 1096, 14, NULL, NULL, NULL),
(5432, 1097, 14, NULL, NULL, NULL),
(5433, 1098, 14, NULL, NULL, NULL),
(5434, 1099, 14, NULL, NULL, NULL),
(5435, 1100, 14, NULL, NULL, NULL),
(5436, 1101, 14, NULL, NULL, NULL),
(5437, 1102, 14, NULL, NULL, NULL),
(5438, 1103, 14, NULL, NULL, NULL),
(5439, 1104, 14, NULL, NULL, NULL),
(5440, 1105, 14, NULL, NULL, NULL),
(5441, 1106, 14, NULL, NULL, NULL),
(5442, 1107, 14, NULL, NULL, NULL),
(5443, 1108, 14, NULL, NULL, NULL),
(5444, 1109, 14, NULL, NULL, NULL),
(5445, 1110, 14, NULL, NULL, NULL),
(5446, 1111, 14, NULL, NULL, NULL),
(5447, 1112, 14, NULL, NULL, NULL),
(5448, 1113, 14, NULL, NULL, NULL),
(5449, 1114, 14, NULL, NULL, NULL),
(5450, 1115, 14, NULL, NULL, NULL),
(5451, 1116, 14, NULL, NULL, NULL),
(5452, 1117, 14, NULL, NULL, NULL),
(5453, 1118, 14, NULL, NULL, NULL),
(5454, 1119, 14, NULL, NULL, NULL),
(5455, 1120, 14, NULL, NULL, NULL),
(5456, 1121, 14, NULL, NULL, NULL),
(5457, 1122, 14, NULL, NULL, NULL),
(5458, 1123, 14, NULL, NULL, NULL),
(5459, 1124, 14, NULL, NULL, NULL),
(5460, 1125, 14, NULL, NULL, NULL),
(5461, 1126, 14, NULL, NULL, NULL),
(5462, 1127, 14, NULL, NULL, NULL),
(5463, 1128, 14, NULL, NULL, NULL),
(5464, 1129, 14, NULL, NULL, NULL),
(5465, 1130, 14, NULL, NULL, NULL),
(5466, 1131, 14, NULL, NULL, NULL),
(5467, 1132, 14, NULL, NULL, NULL),
(5468, 1133, 14, NULL, NULL, NULL),
(5469, 1134, 14, NULL, NULL, NULL),
(5470, 1135, 14, NULL, NULL, NULL),
(5471, 1136, 14, NULL, NULL, NULL),
(5472, 1137, 14, NULL, NULL, NULL),
(5473, 1138, 14, NULL, NULL, NULL),
(5474, 1139, 14, NULL, NULL, NULL),
(5475, 1140, 14, NULL, NULL, NULL),
(5476, 1141, 14, NULL, NULL, NULL),
(5477, 1142, 14, NULL, NULL, NULL),
(5478, 1143, 14, NULL, NULL, NULL),
(5479, 1144, 14, NULL, NULL, NULL),
(5480, 1145, 14, NULL, NULL, NULL),
(5481, 1146, 14, NULL, NULL, NULL),
(5482, 1147, 14, NULL, NULL, NULL),
(5483, 1148, 14, NULL, NULL, NULL),
(5484, 1149, 14, NULL, NULL, NULL),
(5485, 1150, 14, NULL, NULL, NULL),
(5486, 1151, 14, NULL, NULL, NULL),
(5487, 1152, 14, NULL, NULL, NULL),
(5488, 1153, 14, NULL, NULL, NULL),
(5489, 1154, 14, NULL, NULL, NULL),
(5490, 1155, 14, NULL, NULL, NULL),
(5491, 1156, 14, NULL, NULL, NULL),
(5492, 1157, 14, NULL, NULL, NULL),
(5493, 1158, 14, NULL, NULL, NULL),
(5494, 1159, 14, NULL, NULL, NULL),
(5495, 1160, 14, NULL, NULL, NULL),
(5496, 1161, 14, NULL, NULL, NULL),
(5497, 1162, 14, NULL, NULL, NULL),
(5498, 1163, 14, NULL, NULL, NULL),
(5499, 1164, 14, NULL, NULL, NULL),
(5500, 1165, 14, NULL, NULL, NULL),
(5501, 1166, 14, NULL, NULL, NULL),
(5502, 1167, 14, NULL, NULL, NULL),
(5503, 1168, 14, NULL, NULL, NULL),
(5504, 1169, 14, NULL, NULL, NULL),
(5505, 1170, 14, NULL, NULL, NULL),
(5506, 1171, 14, NULL, NULL, NULL),
(5507, 1172, 14, NULL, NULL, NULL),
(5508, 1173, 14, NULL, NULL, NULL),
(5509, 1174, 14, NULL, NULL, NULL),
(5510, 1175, 14, NULL, NULL, NULL),
(5511, 1176, 14, NULL, NULL, NULL),
(5512, 1177, 14, NULL, NULL, NULL),
(5513, 1178, 14, NULL, NULL, NULL),
(5514, 1179, 14, NULL, NULL, NULL),
(5515, 1180, 14, NULL, NULL, NULL),
(5516, 1181, 14, NULL, NULL, NULL),
(5517, 1182, 14, NULL, NULL, NULL),
(5518, 1183, 14, NULL, NULL, NULL),
(5519, 1184, 14, NULL, NULL, NULL),
(5520, 1185, 14, NULL, NULL, NULL),
(5521, 1186, 14, NULL, NULL, NULL),
(5522, 1187, 14, NULL, NULL, NULL),
(5523, 1188, 14, NULL, NULL, NULL),
(5524, 1189, 14, NULL, NULL, NULL),
(5525, 1190, 14, NULL, NULL, NULL),
(5526, 1191, 14, NULL, NULL, NULL),
(5527, 1192, 14, NULL, NULL, NULL),
(5528, 1193, 14, NULL, NULL, NULL),
(5529, 1194, 14, NULL, NULL, NULL),
(5530, 1195, 14, NULL, NULL, NULL),
(5531, 1196, 14, NULL, NULL, NULL),
(5532, 1197, 14, NULL, NULL, NULL),
(5533, 1198, 14, NULL, NULL, NULL),
(5534, 1199, 14, NULL, NULL, NULL),
(5535, 1200, 14, NULL, NULL, NULL),
(5536, 1201, 14, NULL, NULL, NULL),
(5537, 1202, 14, NULL, NULL, NULL),
(5538, 1203, 14, NULL, NULL, NULL),
(5539, 1204, 14, NULL, NULL, NULL),
(5540, 1205, 14, NULL, NULL, NULL),
(5541, 1206, 14, NULL, NULL, NULL),
(5542, 1207, 14, NULL, NULL, NULL),
(5543, 1208, 14, NULL, NULL, NULL),
(5544, 1209, 14, NULL, NULL, NULL),
(5545, 1210, 14, NULL, NULL, NULL),
(5546, 1211, 14, NULL, NULL, NULL),
(5547, 1212, 14, NULL, NULL, NULL),
(5548, 1213, 14, NULL, NULL, NULL),
(5549, 1214, 14, NULL, NULL, NULL),
(5550, 1215, 14, NULL, NULL, NULL),
(5551, 1216, 14, NULL, NULL, NULL),
(5552, 1217, 14, NULL, NULL, NULL),
(5553, 1218, 14, NULL, NULL, NULL),
(5554, 1219, 14, NULL, NULL, NULL),
(5555, 1220, 14, NULL, NULL, NULL),
(5556, 1221, 14, NULL, NULL, NULL),
(5557, 1222, 14, NULL, NULL, NULL),
(5558, 1223, 14, NULL, NULL, NULL),
(5559, 1224, 14, NULL, NULL, NULL),
(5560, 1225, 14, NULL, NULL, NULL),
(5561, 1226, 14, NULL, NULL, NULL),
(5562, 1227, 14, NULL, NULL, NULL),
(5563, 1228, 14, NULL, NULL, NULL),
(5564, 1229, 14, NULL, NULL, NULL),
(5565, 1230, 14, NULL, NULL, NULL),
(5566, 1231, 14, NULL, NULL, NULL),
(5567, 1232, 14, NULL, NULL, NULL),
(5568, 1233, 14, NULL, NULL, NULL),
(5569, 1234, 14, NULL, NULL, NULL),
(5570, 1235, 14, NULL, NULL, NULL),
(5571, 1236, 14, NULL, NULL, NULL),
(5572, 1237, 14, NULL, NULL, NULL),
(5573, 1238, 14, NULL, NULL, NULL),
(5574, 1239, 14, NULL, NULL, NULL),
(5575, 1240, 14, NULL, NULL, NULL),
(5576, 1241, 14, NULL, NULL, NULL),
(5577, 1242, 14, NULL, NULL, NULL),
(5578, 1243, 14, NULL, NULL, NULL),
(5579, 1244, 14, NULL, NULL, NULL),
(5580, 1245, 14, NULL, NULL, NULL),
(5581, 1246, 14, NULL, NULL, NULL),
(5582, 1247, 14, NULL, NULL, NULL),
(5583, 1248, 14, NULL, NULL, NULL),
(5584, 1249, 14, NULL, NULL, NULL),
(5585, 1250, 14, NULL, NULL, NULL),
(5586, 1251, 14, NULL, NULL, NULL),
(5587, 1252, 14, NULL, NULL, NULL),
(5588, 1253, 14, NULL, NULL, NULL),
(5589, 1254, 14, NULL, NULL, NULL),
(5590, 1255, 14, NULL, NULL, NULL),
(5591, 826, 15, NULL, NULL, NULL),
(5592, 827, 15, NULL, NULL, NULL),
(5593, 828, 15, NULL, NULL, NULL),
(5594, 829, 15, NULL, NULL, NULL),
(5595, 830, 15, NULL, NULL, NULL),
(5596, 831, 15, NULL, NULL, NULL),
(5597, 832, 15, NULL, NULL, NULL),
(5598, 833, 15, NULL, NULL, NULL),
(5599, 834, 15, NULL, NULL, NULL),
(5600, 835, 15, NULL, NULL, NULL),
(5601, 836, 15, NULL, NULL, NULL),
(5602, 837, 15, NULL, NULL, NULL),
(5603, 838, 15, NULL, NULL, NULL),
(5604, 839, 15, NULL, NULL, NULL),
(5605, 840, 15, NULL, NULL, NULL),
(5606, 841, 15, NULL, NULL, NULL),
(5607, 842, 15, NULL, NULL, NULL),
(5608, 843, 15, NULL, NULL, NULL),
(5609, 844, 15, NULL, NULL, NULL),
(5610, 845, 15, NULL, NULL, NULL),
(5611, 846, 15, NULL, NULL, NULL),
(5612, 847, 15, NULL, NULL, NULL),
(5613, 848, 15, NULL, NULL, NULL),
(5614, 849, 15, NULL, NULL, NULL),
(5615, 850, 15, NULL, NULL, NULL),
(5616, 851, 15, NULL, NULL, NULL),
(5617, 852, 15, NULL, NULL, NULL),
(5618, 853, 15, NULL, NULL, NULL),
(5619, 854, 15, NULL, NULL, NULL),
(5620, 855, 15, NULL, NULL, NULL),
(5621, 856, 15, NULL, NULL, NULL),
(5622, 857, 15, NULL, NULL, NULL),
(5623, 858, 15, NULL, NULL, NULL),
(5624, 859, 15, NULL, NULL, NULL),
(5625, 860, 15, NULL, NULL, NULL),
(5626, 861, 15, NULL, NULL, NULL),
(5627, 862, 15, NULL, NULL, NULL),
(5628, 863, 15, NULL, NULL, NULL),
(5629, 864, 15, NULL, NULL, NULL),
(5630, 865, 15, NULL, NULL, NULL),
(5631, 866, 15, NULL, NULL, NULL),
(5632, 867, 15, NULL, NULL, NULL),
(5633, 868, 15, NULL, NULL, NULL),
(5634, 869, 15, NULL, NULL, NULL),
(5635, 870, 15, NULL, NULL, NULL),
(5636, 871, 15, NULL, NULL, NULL),
(5637, 872, 15, NULL, NULL, NULL),
(5638, 873, 15, NULL, NULL, NULL),
(5639, 874, 15, NULL, NULL, NULL),
(5640, 875, 15, NULL, NULL, NULL),
(5641, 876, 15, NULL, NULL, NULL),
(5642, 877, 15, NULL, NULL, NULL),
(5643, 878, 15, NULL, NULL, NULL),
(5644, 879, 15, NULL, NULL, NULL),
(5645, 880, 15, NULL, NULL, NULL),
(5646, 881, 15, NULL, NULL, NULL),
(5647, 882, 15, NULL, NULL, NULL),
(5648, 883, 15, NULL, NULL, NULL),
(5649, 884, 15, NULL, NULL, NULL),
(5650, 885, 15, NULL, NULL, NULL),
(5651, 886, 15, NULL, NULL, NULL),
(5652, 887, 15, NULL, NULL, NULL),
(5653, 888, 15, NULL, NULL, NULL),
(5654, 889, 15, NULL, NULL, NULL),
(5655, 890, 15, NULL, NULL, NULL),
(5656, 891, 15, NULL, NULL, NULL),
(5657, 892, 15, NULL, NULL, NULL),
(5658, 893, 15, NULL, NULL, NULL),
(5659, 894, 15, NULL, NULL, NULL),
(5660, 895, 15, NULL, NULL, NULL),
(5661, 896, 15, NULL, NULL, NULL),
(5662, 897, 15, NULL, NULL, NULL),
(5663, 898, 15, NULL, NULL, NULL),
(5664, 899, 15, NULL, NULL, NULL),
(5665, 900, 15, NULL, NULL, NULL),
(5666, 901, 15, NULL, NULL, NULL),
(5667, 902, 15, NULL, NULL, NULL),
(5668, 903, 15, NULL, NULL, NULL),
(5669, 904, 15, NULL, NULL, NULL),
(5670, 905, 15, NULL, NULL, NULL),
(5671, 906, 15, NULL, NULL, NULL),
(5672, 907, 15, NULL, NULL, NULL),
(5673, 908, 15, NULL, NULL, NULL),
(5674, 909, 15, NULL, NULL, NULL),
(5675, 910, 15, NULL, NULL, NULL),
(5676, 911, 15, NULL, NULL, NULL),
(5677, 912, 15, NULL, NULL, NULL),
(5678, 913, 15, NULL, NULL, NULL),
(5679, 914, 15, NULL, NULL, NULL),
(5680, 915, 15, NULL, NULL, NULL),
(5681, 916, 15, NULL, NULL, NULL),
(5682, 917, 15, NULL, NULL, NULL),
(5683, 918, 15, NULL, NULL, NULL),
(5684, 919, 15, NULL, NULL, NULL),
(5685, 920, 15, NULL, NULL, NULL),
(5686, 921, 15, NULL, NULL, NULL),
(5687, 922, 15, NULL, NULL, NULL),
(5688, 923, 15, NULL, NULL, NULL),
(5689, 924, 15, NULL, NULL, NULL),
(5690, 925, 15, NULL, NULL, NULL),
(5691, 926, 15, NULL, NULL, NULL),
(5692, 927, 15, NULL, NULL, NULL),
(5693, 928, 15, NULL, NULL, NULL),
(5694, 929, 15, NULL, NULL, NULL),
(5695, 930, 15, NULL, NULL, NULL),
(5696, 931, 15, NULL, NULL, NULL),
(5697, 932, 15, NULL, NULL, NULL),
(5698, 933, 15, NULL, NULL, NULL),
(5699, 934, 15, NULL, NULL, NULL),
(5700, 935, 15, NULL, NULL, NULL),
(5701, 936, 15, NULL, NULL, NULL),
(5702, 937, 15, NULL, NULL, NULL),
(5703, 938, 15, NULL, NULL, NULL),
(5704, 939, 15, NULL, NULL, NULL),
(5705, 940, 15, NULL, NULL, NULL),
(5706, 941, 15, NULL, NULL, NULL),
(5707, 942, 15, NULL, NULL, NULL),
(5708, 943, 15, NULL, NULL, NULL),
(5709, 944, 15, NULL, NULL, NULL),
(5710, 945, 15, NULL, NULL, NULL),
(5711, 946, 15, NULL, NULL, NULL),
(5712, 947, 15, NULL, NULL, NULL),
(5713, 948, 15, NULL, NULL, NULL),
(5714, 949, 15, NULL, NULL, NULL),
(5715, 950, 15, NULL, NULL, NULL),
(5716, 951, 15, NULL, NULL, NULL),
(5717, 952, 15, NULL, NULL, NULL),
(5718, 953, 15, NULL, NULL, NULL),
(5719, 954, 15, NULL, NULL, NULL),
(5720, 955, 15, NULL, NULL, NULL),
(5721, 956, 15, NULL, NULL, NULL),
(5722, 957, 15, NULL, NULL, NULL),
(5723, 958, 15, NULL, NULL, NULL),
(5724, 959, 15, NULL, NULL, NULL),
(5725, 960, 15, NULL, NULL, NULL),
(5726, 961, 15, NULL, NULL, NULL),
(5727, 962, 15, NULL, NULL, NULL),
(5728, 963, 15, NULL, NULL, NULL),
(5729, 964, 15, NULL, NULL, NULL),
(5730, 965, 15, NULL, NULL, NULL),
(5731, 966, 15, NULL, NULL, NULL),
(5732, 967, 15, NULL, NULL, NULL),
(5733, 968, 15, NULL, NULL, NULL),
(5734, 969, 15, NULL, NULL, NULL),
(5735, 970, 15, NULL, NULL, NULL),
(5736, 971, 15, NULL, NULL, NULL),
(5737, 972, 15, NULL, NULL, NULL),
(5738, 973, 15, NULL, NULL, NULL),
(5739, 974, 15, NULL, NULL, NULL),
(5740, 975, 15, NULL, NULL, NULL),
(5741, 976, 15, NULL, NULL, NULL),
(5742, 977, 15, NULL, NULL, NULL),
(5743, 978, 15, NULL, NULL, NULL),
(5744, 979, 15, NULL, NULL, NULL),
(5745, 980, 15, NULL, NULL, NULL),
(5746, 981, 15, NULL, NULL, NULL),
(5747, 982, 15, NULL, NULL, NULL),
(5748, 983, 15, NULL, NULL, NULL),
(5749, 984, 15, NULL, NULL, NULL),
(5750, 985, 15, NULL, NULL, NULL),
(5751, 986, 15, NULL, NULL, NULL),
(5752, 987, 15, NULL, NULL, NULL),
(5753, 988, 15, NULL, NULL, NULL),
(5754, 989, 15, NULL, NULL, NULL),
(5755, 990, 15, NULL, NULL, NULL),
(5756, 991, 15, NULL, NULL, NULL),
(5757, 992, 15, NULL, NULL, NULL),
(5758, 993, 15, NULL, NULL, NULL),
(5759, 994, 15, NULL, NULL, NULL),
(5760, 995, 15, NULL, NULL, NULL),
(5761, 996, 15, NULL, NULL, NULL),
(5762, 997, 15, NULL, NULL, NULL),
(5763, 998, 15, NULL, NULL, NULL),
(5764, 999, 15, NULL, NULL, NULL),
(5765, 1000, 15, NULL, NULL, NULL),
(5766, 1001, 15, NULL, NULL, NULL),
(5767, 1002, 15, NULL, NULL, NULL),
(5768, 1003, 15, NULL, NULL, NULL),
(5769, 1004, 15, NULL, NULL, NULL),
(5770, 1005, 15, NULL, NULL, NULL),
(5771, 1006, 15, NULL, NULL, NULL),
(5772, 1007, 15, NULL, NULL, NULL),
(5773, 1008, 15, NULL, NULL, NULL),
(5774, 1009, 15, NULL, NULL, NULL),
(5775, 1010, 15, NULL, NULL, NULL),
(5776, 1011, 15, NULL, NULL, NULL),
(5777, 1012, 15, NULL, NULL, NULL),
(5778, 1013, 15, NULL, NULL, NULL),
(5779, 1014, 15, NULL, NULL, NULL),
(5780, 1015, 15, NULL, NULL, NULL),
(5781, 1016, 15, NULL, NULL, NULL),
(5782, 1017, 15, NULL, NULL, NULL),
(5783, 1018, 15, NULL, NULL, NULL),
(5784, 1019, 15, NULL, NULL, NULL),
(5785, 1020, 15, NULL, NULL, NULL),
(5786, 1021, 15, NULL, NULL, NULL),
(5787, 1022, 15, NULL, NULL, NULL),
(5788, 1023, 15, NULL, NULL, NULL),
(5789, 1024, 15, NULL, NULL, NULL),
(5790, 1025, 15, NULL, NULL, NULL),
(5791, 1026, 15, NULL, NULL, NULL),
(5792, 1027, 15, NULL, NULL, NULL),
(5793, 1028, 15, NULL, NULL, NULL),
(5794, 1029, 15, NULL, NULL, NULL),
(5795, 1030, 15, NULL, NULL, NULL),
(5796, 1031, 15, NULL, NULL, NULL),
(5797, 1032, 15, NULL, NULL, NULL),
(5798, 1033, 15, NULL, NULL, NULL),
(5799, 1034, 15, NULL, NULL, NULL),
(5800, 1035, 15, NULL, NULL, NULL),
(5801, 1036, 15, NULL, NULL, NULL),
(5802, 1037, 15, NULL, NULL, NULL),
(5803, 1038, 15, NULL, NULL, NULL),
(5804, 1039, 15, NULL, NULL, NULL),
(5805, 1040, 15, NULL, NULL, NULL),
(5806, 1041, 15, NULL, NULL, NULL),
(5807, 1042, 15, NULL, NULL, NULL),
(5808, 1043, 15, NULL, NULL, NULL),
(5809, 1044, 15, NULL, NULL, NULL),
(5810, 1045, 15, NULL, NULL, NULL),
(5811, 1046, 15, NULL, NULL, NULL),
(5812, 1047, 15, NULL, NULL, NULL),
(5813, 1048, 15, NULL, NULL, NULL),
(5814, 1049, 15, NULL, NULL, NULL),
(5815, 1050, 15, NULL, NULL, NULL),
(5816, 1051, 15, NULL, NULL, NULL),
(5817, 1052, 15, NULL, NULL, NULL),
(5818, 1053, 15, NULL, NULL, NULL),
(5819, 1054, 15, NULL, NULL, NULL),
(5820, 1055, 15, NULL, NULL, NULL),
(5821, 1056, 15, NULL, NULL, NULL),
(5822, 1057, 15, NULL, NULL, NULL),
(5823, 1058, 15, NULL, NULL, NULL),
(5824, 1059, 15, NULL, NULL, NULL),
(5825, 1060, 15, NULL, NULL, NULL),
(5826, 1061, 15, NULL, NULL, NULL),
(5827, 1062, 15, NULL, NULL, NULL),
(5828, 1063, 15, NULL, NULL, NULL),
(5829, 1064, 15, NULL, NULL, NULL),
(5830, 1065, 15, NULL, NULL, NULL),
(5831, 1066, 15, NULL, NULL, NULL),
(5832, 1067, 15, NULL, NULL, NULL),
(5833, 1068, 15, NULL, NULL, NULL),
(5834, 1069, 15, NULL, NULL, NULL),
(5835, 1070, 15, NULL, NULL, NULL),
(5836, 1071, 15, NULL, NULL, NULL),
(5837, 1072, 15, NULL, NULL, NULL),
(5838, 1073, 15, NULL, NULL, NULL),
(5839, 1074, 15, NULL, NULL, NULL),
(5840, 1075, 15, NULL, NULL, NULL),
(5841, 1076, 15, NULL, NULL, NULL),
(5842, 1077, 15, NULL, NULL, NULL),
(5843, 1078, 15, NULL, NULL, NULL),
(5844, 1079, 15, NULL, NULL, NULL),
(5845, 1080, 15, NULL, NULL, NULL),
(5846, 1081, 15, NULL, NULL, NULL),
(5847, 1082, 15, NULL, NULL, NULL),
(5848, 1083, 15, NULL, NULL, NULL),
(5849, 1084, 15, NULL, NULL, NULL),
(5850, 1085, 15, NULL, NULL, NULL),
(5851, 1086, 15, NULL, NULL, NULL),
(5852, 1087, 15, NULL, NULL, NULL),
(5853, 1088, 15, NULL, NULL, NULL),
(5854, 1089, 15, NULL, NULL, NULL),
(5855, 1090, 15, NULL, NULL, NULL),
(5856, 1091, 15, NULL, NULL, NULL),
(5857, 1092, 15, NULL, NULL, NULL),
(5858, 1093, 15, NULL, NULL, NULL),
(5859, 1094, 15, NULL, NULL, NULL),
(5860, 1095, 15, NULL, NULL, NULL),
(5861, 1096, 15, NULL, NULL, NULL),
(5862, 1097, 15, NULL, NULL, NULL),
(5863, 1098, 15, NULL, NULL, NULL),
(5864, 1099, 15, NULL, NULL, NULL),
(5865, 1100, 15, NULL, NULL, NULL),
(5866, 1101, 15, NULL, NULL, NULL),
(5867, 1102, 15, NULL, NULL, NULL),
(5868, 1103, 15, NULL, NULL, NULL),
(5869, 1104, 15, NULL, NULL, NULL),
(5870, 1105, 15, NULL, NULL, NULL),
(5871, 1106, 15, NULL, NULL, NULL),
(5872, 1107, 15, NULL, NULL, NULL),
(5873, 1108, 15, NULL, NULL, NULL),
(5874, 1109, 15, NULL, NULL, NULL),
(5875, 1110, 15, NULL, NULL, NULL),
(5876, 1111, 15, NULL, NULL, NULL),
(5877, 1112, 15, NULL, NULL, NULL),
(5878, 1113, 15, NULL, NULL, NULL),
(5879, 1114, 15, NULL, NULL, NULL),
(5880, 1115, 15, NULL, NULL, NULL),
(5881, 1116, 15, NULL, NULL, NULL),
(5882, 1117, 15, NULL, NULL, NULL),
(5883, 1118, 15, NULL, NULL, NULL),
(5884, 1119, 15, NULL, NULL, NULL),
(5885, 1120, 15, NULL, NULL, NULL),
(5886, 1121, 15, NULL, NULL, NULL),
(5887, 1122, 15, NULL, NULL, NULL),
(5888, 1123, 15, NULL, NULL, NULL),
(5889, 1124, 15, NULL, NULL, NULL),
(5890, 1125, 15, NULL, NULL, NULL),
(5891, 1126, 15, NULL, NULL, NULL),
(5892, 1127, 15, NULL, NULL, NULL),
(5893, 1128, 15, NULL, NULL, NULL),
(5894, 1129, 15, NULL, NULL, NULL),
(5895, 1130, 15, NULL, NULL, NULL),
(5896, 1131, 15, NULL, NULL, NULL),
(5897, 1132, 15, NULL, NULL, NULL),
(5898, 1133, 15, NULL, NULL, NULL),
(5899, 1134, 15, NULL, NULL, NULL),
(5900, 1135, 15, NULL, NULL, NULL),
(5901, 1136, 15, NULL, NULL, NULL),
(5902, 1137, 15, NULL, NULL, NULL),
(5903, 1138, 15, NULL, NULL, NULL),
(5904, 1139, 15, NULL, NULL, NULL),
(5905, 1140, 15, NULL, NULL, NULL),
(5906, 1141, 15, NULL, NULL, NULL),
(5907, 1142, 15, NULL, NULL, NULL),
(5908, 1143, 15, NULL, NULL, NULL),
(5909, 1144, 15, NULL, NULL, NULL),
(5910, 1145, 15, NULL, NULL, NULL),
(5911, 1146, 15, NULL, NULL, NULL),
(5912, 1147, 15, NULL, NULL, NULL),
(5913, 1148, 15, NULL, NULL, NULL),
(5914, 1149, 15, NULL, NULL, NULL),
(5915, 1150, 15, NULL, NULL, NULL),
(5916, 1151, 15, NULL, NULL, NULL),
(5917, 1152, 15, NULL, NULL, NULL),
(5918, 1153, 15, NULL, NULL, NULL),
(5919, 1154, 15, NULL, NULL, NULL),
(5920, 1155, 15, NULL, NULL, NULL),
(5921, 1156, 15, NULL, NULL, NULL),
(5922, 1157, 15, NULL, NULL, NULL),
(5923, 1158, 15, NULL, NULL, NULL),
(5924, 1159, 15, NULL, NULL, NULL),
(5925, 1160, 15, NULL, NULL, NULL),
(5926, 1161, 15, NULL, NULL, NULL),
(5927, 1162, 15, NULL, NULL, NULL),
(5928, 1163, 15, NULL, NULL, NULL),
(5929, 1164, 15, NULL, NULL, NULL),
(5930, 1165, 15, NULL, NULL, NULL),
(5931, 1166, 15, NULL, NULL, NULL),
(5932, 1167, 15, NULL, NULL, NULL),
(5933, 1168, 15, NULL, NULL, NULL),
(5934, 1169, 15, NULL, NULL, NULL),
(5935, 1170, 15, NULL, NULL, NULL),
(5936, 1171, 15, NULL, NULL, NULL),
(5937, 1172, 15, NULL, NULL, NULL),
(5938, 1173, 15, NULL, NULL, NULL),
(5939, 1174, 15, NULL, NULL, NULL),
(5940, 1175, 15, NULL, NULL, NULL),
(5941, 1176, 15, NULL, NULL, NULL),
(5942, 1177, 15, NULL, NULL, NULL),
(5943, 1178, 15, NULL, NULL, NULL),
(5944, 1179, 15, NULL, NULL, NULL),
(5945, 1180, 15, NULL, NULL, NULL),
(5946, 1181, 15, NULL, NULL, NULL),
(5947, 1182, 15, NULL, NULL, NULL),
(5948, 1183, 15, NULL, NULL, NULL),
(5949, 1184, 15, NULL, NULL, NULL),
(5950, 1185, 15, NULL, NULL, NULL),
(5951, 1186, 15, NULL, NULL, NULL),
(5952, 1187, 15, NULL, NULL, NULL),
(5953, 1188, 15, NULL, NULL, NULL),
(5954, 1189, 15, NULL, NULL, NULL),
(5955, 1190, 15, NULL, NULL, NULL),
(5956, 1191, 15, NULL, NULL, NULL),
(5957, 1192, 15, NULL, NULL, NULL),
(5958, 1193, 15, NULL, NULL, NULL),
(5959, 1194, 15, NULL, NULL, NULL),
(5960, 1195, 15, NULL, NULL, NULL),
(5961, 1196, 15, NULL, NULL, NULL),
(5962, 1197, 15, NULL, NULL, NULL),
(5963, 1198, 15, NULL, NULL, NULL),
(5964, 1199, 15, NULL, NULL, NULL),
(5965, 1200, 15, NULL, NULL, NULL),
(5966, 1201, 15, NULL, NULL, NULL),
(5967, 1202, 15, NULL, NULL, NULL),
(5968, 1203, 15, NULL, NULL, NULL),
(5969, 1204, 15, NULL, NULL, NULL),
(5970, 1205, 15, NULL, NULL, NULL),
(5971, 1206, 15, NULL, NULL, NULL),
(5972, 1207, 15, NULL, NULL, NULL),
(5973, 1208, 15, NULL, NULL, NULL),
(5974, 1209, 15, NULL, NULL, NULL),
(5975, 1210, 15, NULL, NULL, NULL),
(5976, 1211, 15, NULL, NULL, NULL),
(5977, 1212, 15, NULL, NULL, NULL),
(5978, 1213, 15, NULL, NULL, NULL),
(5979, 1214, 15, NULL, NULL, NULL),
(5980, 1215, 15, NULL, NULL, NULL),
(5981, 1216, 15, NULL, NULL, NULL),
(5982, 1217, 15, NULL, NULL, NULL),
(5983, 1218, 15, NULL, NULL, NULL),
(5984, 1219, 15, NULL, NULL, NULL),
(5985, 1220, 15, NULL, NULL, NULL),
(5986, 1221, 15, NULL, NULL, NULL),
(5987, 1222, 15, NULL, NULL, NULL),
(5988, 1223, 15, NULL, NULL, NULL),
(5989, 1224, 15, NULL, NULL, NULL),
(5990, 1225, 15, NULL, NULL, NULL),
(5991, 1226, 15, NULL, NULL, NULL),
(5992, 1227, 15, NULL, NULL, NULL),
(5993, 1228, 15, NULL, NULL, NULL),
(5994, 1229, 15, NULL, NULL, NULL),
(5995, 1230, 15, NULL, NULL, NULL),
(5996, 1231, 15, NULL, NULL, NULL),
(5997, 1232, 15, NULL, NULL, NULL),
(5998, 1233, 15, NULL, NULL, NULL),
(5999, 1234, 15, NULL, NULL, NULL),
(6000, 1235, 15, NULL, NULL, NULL),
(6001, 1236, 15, NULL, NULL, NULL),
(6002, 1237, 15, NULL, NULL, NULL),
(6003, 1238, 15, NULL, NULL, NULL),
(6004, 1239, 15, NULL, NULL, NULL),
(6005, 1240, 15, NULL, NULL, NULL),
(6006, 1241, 15, NULL, NULL, NULL),
(6007, 1242, 15, NULL, NULL, NULL),
(6008, 1243, 15, NULL, NULL, NULL),
(6009, 1244, 15, NULL, NULL, NULL),
(6010, 1245, 15, NULL, NULL, NULL),
(6011, 1246, 15, NULL, NULL, NULL),
(6012, 1247, 15, NULL, NULL, NULL),
(6013, 1248, 15, NULL, NULL, NULL),
(6014, 1249, 15, NULL, NULL, NULL),
(6015, 1250, 15, NULL, NULL, NULL),
(6016, 1251, 15, NULL, NULL, NULL),
(6017, 1252, 15, NULL, NULL, NULL),
(6018, 1253, 15, NULL, NULL, NULL),
(6019, 1254, 15, NULL, NULL, NULL),
(6020, 1255, 15, NULL, NULL, NULL),
(6021, 826, 16, NULL, NULL, NULL),
(6022, 827, 16, NULL, NULL, NULL),
(6023, 828, 16, NULL, NULL, NULL),
(6024, 829, 16, NULL, NULL, NULL),
(6025, 830, 16, NULL, NULL, NULL),
(6026, 831, 16, NULL, NULL, NULL),
(6027, 832, 16, NULL, NULL, NULL),
(6028, 833, 16, NULL, NULL, NULL),
(6029, 834, 16, NULL, NULL, NULL),
(6030, 835, 16, NULL, NULL, NULL),
(6031, 836, 16, NULL, NULL, NULL),
(6032, 837, 16, NULL, NULL, NULL),
(6033, 838, 16, NULL, NULL, NULL),
(6034, 839, 16, NULL, NULL, NULL),
(6035, 840, 16, NULL, NULL, NULL),
(6036, 841, 16, NULL, NULL, NULL),
(6037, 842, 16, NULL, NULL, NULL),
(6038, 843, 16, NULL, NULL, NULL),
(6039, 844, 16, NULL, NULL, NULL),
(6040, 845, 16, NULL, NULL, NULL),
(6041, 846, 16, NULL, NULL, NULL),
(6042, 847, 16, NULL, NULL, NULL),
(6043, 848, 16, NULL, NULL, NULL),
(6044, 849, 16, NULL, NULL, NULL),
(6045, 850, 16, NULL, NULL, NULL),
(6046, 851, 16, NULL, NULL, NULL),
(6047, 852, 16, NULL, NULL, NULL),
(6048, 853, 16, NULL, NULL, NULL),
(6049, 854, 16, NULL, NULL, NULL),
(6050, 855, 16, NULL, NULL, NULL),
(6051, 856, 16, NULL, NULL, NULL),
(6052, 857, 16, NULL, NULL, NULL),
(6053, 858, 16, NULL, NULL, NULL),
(6054, 859, 16, NULL, NULL, NULL),
(6055, 860, 16, NULL, NULL, NULL),
(6056, 861, 16, NULL, NULL, NULL),
(6057, 862, 16, NULL, NULL, NULL),
(6058, 863, 16, NULL, NULL, NULL),
(6059, 864, 16, NULL, NULL, NULL),
(6060, 865, 16, NULL, NULL, NULL),
(6061, 866, 16, NULL, NULL, NULL),
(6062, 867, 16, NULL, NULL, NULL),
(6063, 868, 16, NULL, NULL, NULL),
(6064, 869, 16, NULL, NULL, NULL),
(6065, 870, 16, NULL, NULL, NULL),
(6066, 871, 16, NULL, NULL, NULL),
(6067, 872, 16, NULL, NULL, NULL),
(6068, 873, 16, NULL, NULL, NULL),
(6069, 874, 16, NULL, NULL, NULL),
(6070, 875, 16, NULL, NULL, NULL),
(6071, 876, 16, NULL, NULL, NULL),
(6072, 877, 16, NULL, NULL, NULL),
(6073, 878, 16, NULL, NULL, NULL),
(6074, 879, 16, NULL, NULL, NULL),
(6075, 880, 16, NULL, NULL, NULL),
(6076, 881, 16, NULL, NULL, NULL),
(6077, 882, 16, NULL, NULL, NULL),
(6078, 883, 16, NULL, NULL, NULL),
(6079, 884, 16, NULL, NULL, NULL),
(6080, 885, 16, NULL, NULL, NULL),
(6081, 886, 16, NULL, NULL, NULL),
(6082, 887, 16, NULL, NULL, NULL),
(6083, 888, 16, NULL, NULL, NULL),
(6084, 889, 16, NULL, NULL, NULL),
(6085, 890, 16, NULL, NULL, NULL),
(6086, 891, 16, NULL, NULL, NULL),
(6087, 892, 16, NULL, NULL, NULL),
(6088, 893, 16, NULL, NULL, NULL),
(6089, 894, 16, NULL, NULL, NULL),
(6090, 895, 16, NULL, NULL, NULL),
(6091, 896, 16, NULL, NULL, NULL),
(6092, 897, 16, NULL, NULL, NULL),
(6093, 898, 16, NULL, NULL, NULL),
(6094, 899, 16, NULL, NULL, NULL),
(6095, 900, 16, NULL, NULL, NULL),
(6096, 901, 16, NULL, NULL, NULL),
(6097, 902, 16, NULL, NULL, NULL),
(6098, 903, 16, NULL, NULL, NULL),
(6099, 904, 16, NULL, NULL, NULL),
(6100, 905, 16, NULL, NULL, NULL),
(6101, 906, 16, NULL, NULL, NULL),
(6102, 907, 16, NULL, NULL, NULL),
(6103, 908, 16, NULL, NULL, NULL),
(6104, 909, 16, NULL, NULL, NULL),
(6105, 910, 16, NULL, NULL, NULL),
(6106, 911, 16, NULL, NULL, NULL),
(6107, 912, 16, NULL, NULL, NULL),
(6108, 913, 16, NULL, NULL, NULL),
(6109, 914, 16, NULL, NULL, NULL),
(6110, 915, 16, NULL, NULL, NULL),
(6111, 916, 16, NULL, NULL, NULL),
(6112, 917, 16, NULL, NULL, NULL),
(6113, 918, 16, NULL, NULL, NULL),
(6114, 919, 16, NULL, NULL, NULL),
(6115, 920, 16, NULL, NULL, NULL),
(6116, 921, 16, NULL, NULL, NULL),
(6117, 922, 16, NULL, NULL, NULL),
(6118, 923, 16, NULL, NULL, NULL),
(6119, 924, 16, NULL, NULL, NULL),
(6120, 925, 16, NULL, NULL, NULL),
(6121, 926, 16, NULL, NULL, NULL),
(6122, 927, 16, NULL, NULL, NULL),
(6123, 928, 16, NULL, NULL, NULL),
(6124, 929, 16, NULL, NULL, NULL),
(6125, 930, 16, NULL, NULL, NULL),
(6126, 931, 16, NULL, NULL, NULL),
(6127, 932, 16, NULL, NULL, NULL),
(6128, 933, 16, NULL, NULL, NULL),
(6129, 934, 16, NULL, NULL, NULL),
(6130, 935, 16, NULL, NULL, NULL),
(6131, 936, 16, NULL, NULL, NULL),
(6132, 937, 16, NULL, NULL, NULL),
(6133, 938, 16, NULL, NULL, NULL),
(6134, 939, 16, NULL, NULL, NULL),
(6135, 940, 16, NULL, NULL, NULL),
(6136, 941, 16, NULL, NULL, NULL),
(6137, 942, 16, NULL, NULL, NULL),
(6138, 943, 16, NULL, NULL, NULL),
(6139, 944, 16, NULL, NULL, NULL),
(6140, 945, 16, NULL, NULL, NULL),
(6141, 946, 16, NULL, NULL, NULL),
(6142, 947, 16, NULL, NULL, NULL),
(6143, 948, 16, NULL, NULL, NULL),
(6144, 949, 16, NULL, NULL, NULL),
(6145, 950, 16, NULL, NULL, NULL),
(6146, 951, 16, NULL, NULL, NULL),
(6147, 952, 16, NULL, NULL, NULL),
(6148, 953, 16, NULL, NULL, NULL),
(6149, 954, 16, NULL, NULL, NULL),
(6150, 955, 16, NULL, NULL, NULL),
(6151, 956, 16, NULL, NULL, NULL),
(6152, 957, 16, NULL, NULL, NULL),
(6153, 958, 16, NULL, NULL, NULL),
(6154, 959, 16, NULL, NULL, NULL),
(6155, 960, 16, NULL, NULL, NULL),
(6156, 961, 16, NULL, NULL, NULL),
(6157, 962, 16, NULL, NULL, NULL),
(6158, 963, 16, NULL, NULL, NULL),
(6159, 964, 16, NULL, NULL, NULL),
(6160, 965, 16, NULL, NULL, NULL),
(6161, 966, 16, NULL, NULL, NULL),
(6162, 967, 16, NULL, NULL, NULL),
(6163, 968, 16, NULL, NULL, NULL),
(6164, 969, 16, NULL, NULL, NULL),
(6165, 970, 16, NULL, NULL, NULL),
(6166, 971, 16, NULL, NULL, NULL),
(6167, 972, 16, NULL, NULL, NULL),
(6168, 973, 16, NULL, NULL, NULL),
(6169, 974, 16, NULL, NULL, NULL),
(6170, 975, 16, NULL, NULL, NULL),
(6171, 976, 16, NULL, NULL, NULL),
(6172, 977, 16, NULL, NULL, NULL),
(6173, 978, 16, NULL, NULL, NULL),
(6174, 979, 16, NULL, NULL, NULL),
(6175, 980, 16, NULL, NULL, NULL),
(6176, 981, 16, NULL, NULL, NULL),
(6177, 982, 16, NULL, NULL, NULL),
(6178, 983, 16, NULL, NULL, NULL),
(6179, 984, 16, NULL, NULL, NULL),
(6180, 985, 16, NULL, NULL, NULL),
(6181, 986, 16, NULL, NULL, NULL),
(6182, 987, 16, NULL, NULL, NULL),
(6183, 988, 16, NULL, NULL, NULL),
(6184, 989, 16, NULL, NULL, NULL),
(6185, 990, 16, NULL, NULL, NULL),
(6186, 991, 16, NULL, NULL, NULL),
(6187, 992, 16, NULL, NULL, NULL),
(6188, 993, 16, NULL, NULL, NULL),
(6189, 994, 16, NULL, NULL, NULL),
(6190, 995, 16, NULL, NULL, NULL),
(6191, 996, 16, NULL, NULL, NULL),
(6192, 997, 16, NULL, NULL, NULL),
(6193, 998, 16, NULL, NULL, NULL),
(6194, 999, 16, NULL, NULL, NULL),
(6195, 1000, 16, NULL, NULL, NULL),
(6196, 1001, 16, NULL, NULL, NULL),
(6197, 1002, 16, NULL, NULL, NULL),
(6198, 1003, 16, NULL, NULL, NULL),
(6199, 1004, 16, NULL, NULL, NULL),
(6200, 1005, 16, NULL, NULL, NULL),
(6201, 1006, 16, NULL, NULL, NULL),
(6202, 1007, 16, NULL, NULL, NULL),
(6203, 1008, 16, NULL, NULL, NULL),
(6204, 1009, 16, NULL, NULL, NULL),
(6205, 1010, 16, NULL, NULL, NULL),
(6206, 1011, 16, NULL, NULL, NULL),
(6207, 1012, 16, NULL, NULL, NULL),
(6208, 1013, 16, NULL, NULL, NULL),
(6209, 1014, 16, NULL, NULL, NULL),
(6210, 1015, 16, NULL, NULL, NULL),
(6211, 1016, 16, NULL, NULL, NULL),
(6212, 1017, 16, NULL, NULL, NULL),
(6213, 1018, 16, NULL, NULL, NULL),
(6214, 1019, 16, NULL, NULL, NULL),
(6215, 1020, 16, NULL, NULL, NULL),
(6216, 1021, 16, NULL, NULL, NULL),
(6217, 1022, 16, NULL, NULL, NULL),
(6218, 1023, 16, NULL, NULL, NULL),
(6219, 1024, 16, NULL, NULL, NULL),
(6220, 1025, 16, NULL, NULL, NULL),
(6221, 1026, 16, NULL, NULL, NULL),
(6222, 1027, 16, NULL, NULL, NULL),
(6223, 1028, 16, NULL, NULL, NULL),
(6224, 1029, 16, NULL, NULL, NULL),
(6225, 1030, 16, NULL, NULL, NULL),
(6226, 1031, 16, NULL, NULL, NULL),
(6227, 1032, 16, NULL, NULL, NULL),
(6228, 1033, 16, NULL, NULL, NULL),
(6229, 1034, 16, NULL, NULL, NULL),
(6230, 1035, 16, NULL, NULL, NULL),
(6231, 1036, 16, NULL, NULL, NULL),
(6232, 1037, 16, NULL, NULL, NULL),
(6233, 1038, 16, NULL, NULL, NULL),
(6234, 1039, 16, NULL, NULL, NULL),
(6235, 1040, 16, NULL, NULL, NULL),
(6236, 1041, 16, NULL, NULL, NULL),
(6237, 1042, 16, NULL, NULL, NULL),
(6238, 1043, 16, NULL, NULL, NULL),
(6239, 1044, 16, NULL, NULL, NULL),
(6240, 1045, 16, NULL, NULL, NULL),
(6241, 1046, 16, NULL, NULL, NULL),
(6242, 1047, 16, NULL, NULL, NULL),
(6243, 1048, 16, NULL, NULL, NULL),
(6244, 1049, 16, NULL, NULL, NULL),
(6245, 1050, 16, NULL, NULL, NULL),
(6246, 1051, 16, NULL, NULL, NULL),
(6247, 1052, 16, NULL, NULL, NULL),
(6248, 1053, 16, NULL, NULL, NULL),
(6249, 1054, 16, NULL, NULL, NULL),
(6250, 1055, 16, NULL, NULL, NULL),
(6251, 1056, 16, NULL, NULL, NULL),
(6252, 1057, 16, NULL, NULL, NULL),
(6253, 1058, 16, NULL, NULL, NULL),
(6254, 1059, 16, NULL, NULL, NULL),
(6255, 1060, 16, NULL, NULL, NULL),
(6256, 1061, 16, NULL, NULL, NULL),
(6257, 1062, 16, NULL, NULL, NULL),
(6258, 1063, 16, NULL, NULL, NULL),
(6259, 1064, 16, NULL, NULL, NULL),
(6260, 1065, 16, NULL, NULL, NULL),
(6261, 1066, 16, NULL, NULL, NULL),
(6262, 1067, 16, NULL, NULL, NULL),
(6263, 1068, 16, NULL, NULL, NULL),
(6264, 1069, 16, NULL, NULL, NULL),
(6265, 1070, 16, NULL, NULL, NULL),
(6266, 1071, 16, NULL, NULL, NULL),
(6267, 1072, 16, NULL, NULL, NULL),
(6268, 1073, 16, NULL, NULL, NULL),
(6269, 1074, 16, NULL, NULL, NULL),
(6270, 1075, 16, NULL, NULL, NULL),
(6271, 1076, 16, NULL, NULL, NULL),
(6272, 1077, 16, NULL, NULL, NULL),
(6273, 1078, 16, NULL, NULL, NULL),
(6274, 1079, 16, NULL, NULL, NULL),
(6275, 1080, 16, NULL, NULL, NULL),
(6276, 1081, 16, NULL, NULL, NULL),
(6277, 1082, 16, NULL, NULL, NULL),
(6278, 1083, 16, NULL, NULL, NULL),
(6279, 1084, 16, NULL, NULL, NULL),
(6280, 1085, 16, NULL, NULL, NULL),
(6281, 1086, 16, NULL, NULL, NULL),
(6282, 1087, 16, NULL, NULL, NULL),
(6283, 1088, 16, NULL, NULL, NULL),
(6284, 1089, 16, NULL, NULL, NULL),
(6285, 1090, 16, NULL, NULL, NULL),
(6286, 1091, 16, NULL, NULL, NULL),
(6287, 1092, 16, NULL, NULL, NULL),
(6288, 1093, 16, NULL, NULL, NULL),
(6289, 1094, 16, NULL, NULL, NULL),
(6290, 1095, 16, NULL, NULL, NULL),
(6291, 1096, 16, NULL, NULL, NULL),
(6292, 1097, 16, NULL, NULL, NULL),
(6293, 1098, 16, NULL, NULL, NULL),
(6294, 1099, 16, NULL, NULL, NULL),
(6295, 1100, 16, NULL, NULL, NULL),
(6296, 1101, 16, NULL, NULL, NULL),
(6297, 1102, 16, NULL, NULL, NULL),
(6298, 1103, 16, NULL, NULL, NULL),
(6299, 1104, 16, NULL, NULL, NULL),
(6300, 1105, 16, NULL, NULL, NULL),
(6301, 1106, 16, NULL, NULL, NULL),
(6302, 1107, 16, NULL, NULL, NULL),
(6303, 1108, 16, NULL, NULL, NULL),
(6304, 1109, 16, NULL, NULL, NULL),
(6305, 1110, 16, NULL, NULL, NULL),
(6306, 1111, 16, NULL, NULL, NULL),
(6307, 1112, 16, NULL, NULL, NULL),
(6308, 1113, 16, NULL, NULL, NULL),
(6309, 1114, 16, NULL, NULL, NULL),
(6310, 1115, 16, NULL, NULL, NULL),
(6311, 1116, 16, NULL, NULL, NULL),
(6312, 1117, 16, NULL, NULL, NULL),
(6313, 1118, 16, NULL, NULL, NULL),
(6314, 1119, 16, NULL, NULL, NULL),
(6315, 1120, 16, NULL, NULL, NULL),
(6316, 1121, 16, NULL, NULL, NULL),
(6317, 1122, 16, NULL, NULL, NULL),
(6318, 1123, 16, NULL, NULL, NULL),
(6319, 1124, 16, NULL, NULL, NULL),
(6320, 1125, 16, NULL, NULL, NULL),
(6321, 1126, 16, NULL, NULL, NULL),
(6322, 1127, 16, NULL, NULL, NULL),
(6323, 1128, 16, NULL, NULL, NULL),
(6324, 1129, 16, NULL, NULL, NULL),
(6325, 1130, 16, NULL, NULL, NULL),
(6326, 1131, 16, NULL, NULL, NULL),
(6327, 1132, 16, NULL, NULL, NULL),
(6328, 1133, 16, NULL, NULL, NULL),
(6329, 1134, 16, NULL, NULL, NULL),
(6330, 1135, 16, NULL, NULL, NULL),
(6331, 1136, 16, NULL, NULL, NULL),
(6332, 1137, 16, NULL, NULL, NULL),
(6333, 1138, 16, NULL, NULL, NULL),
(6334, 1139, 16, NULL, NULL, NULL),
(6335, 1140, 16, NULL, NULL, NULL),
(6336, 1141, 16, NULL, NULL, NULL),
(6337, 1142, 16, NULL, NULL, NULL),
(6338, 1143, 16, NULL, NULL, NULL),
(6339, 1144, 16, NULL, NULL, NULL),
(6340, 1145, 16, NULL, NULL, NULL),
(6341, 1146, 16, NULL, NULL, NULL),
(6342, 1147, 16, NULL, NULL, NULL),
(6343, 1148, 16, NULL, NULL, NULL),
(6344, 1149, 16, NULL, NULL, NULL),
(6345, 1150, 16, NULL, NULL, NULL),
(6346, 1151, 16, NULL, NULL, NULL),
(6347, 1152, 16, NULL, NULL, NULL),
(6348, 1153, 16, NULL, NULL, NULL),
(6349, 1154, 16, NULL, NULL, NULL),
(6350, 1155, 16, NULL, NULL, NULL),
(6351, 1156, 16, NULL, NULL, NULL),
(6352, 1157, 16, NULL, NULL, NULL),
(6353, 1158, 16, NULL, NULL, NULL),
(6354, 1159, 16, NULL, NULL, NULL),
(6355, 1160, 16, NULL, NULL, NULL),
(6356, 1161, 16, NULL, NULL, NULL),
(6357, 1162, 16, NULL, NULL, NULL),
(6358, 1163, 16, NULL, NULL, NULL),
(6359, 1164, 16, NULL, NULL, NULL),
(6360, 1165, 16, NULL, NULL, NULL),
(6361, 1166, 16, NULL, NULL, NULL),
(6362, 1167, 16, NULL, NULL, NULL),
(6363, 1168, 16, NULL, NULL, NULL),
(6364, 1169, 16, NULL, NULL, NULL),
(6365, 1170, 16, NULL, NULL, NULL),
(6366, 1171, 16, NULL, NULL, NULL),
(6367, 1172, 16, NULL, NULL, NULL),
(6368, 1173, 16, NULL, NULL, NULL),
(6369, 1174, 16, NULL, NULL, NULL),
(6370, 1175, 16, NULL, NULL, NULL),
(6371, 1176, 16, NULL, NULL, NULL),
(6372, 1177, 16, NULL, NULL, NULL),
(6373, 1178, 16, NULL, NULL, NULL),
(6374, 1179, 16, NULL, NULL, NULL),
(6375, 1180, 16, NULL, NULL, NULL),
(6376, 1181, 16, NULL, NULL, NULL),
(6377, 1182, 16, NULL, NULL, NULL),
(6378, 1183, 16, NULL, NULL, NULL),
(6379, 1184, 16, NULL, NULL, NULL),
(6380, 1185, 16, NULL, NULL, NULL),
(6381, 1186, 16, NULL, NULL, NULL),
(6382, 1187, 16, NULL, NULL, NULL),
(6383, 1188, 16, NULL, NULL, NULL),
(6384, 1189, 16, NULL, NULL, NULL),
(6385, 1190, 16, NULL, NULL, NULL),
(6386, 1191, 16, NULL, NULL, NULL),
(6387, 1192, 16, NULL, NULL, NULL),
(6388, 1193, 16, NULL, NULL, NULL),
(6389, 1194, 16, NULL, NULL, NULL),
(6390, 1195, 16, NULL, NULL, NULL),
(6391, 1196, 16, NULL, NULL, NULL),
(6392, 1197, 16, NULL, NULL, NULL),
(6393, 1198, 16, NULL, NULL, NULL),
(6394, 1199, 16, NULL, NULL, NULL),
(6395, 1200, 16, NULL, NULL, NULL),
(6396, 1201, 16, NULL, NULL, NULL),
(6397, 1202, 16, NULL, NULL, NULL),
(6398, 1203, 16, NULL, NULL, NULL),
(6399, 1204, 16, NULL, NULL, NULL),
(6400, 1205, 16, NULL, NULL, NULL),
(6401, 1206, 16, NULL, NULL, NULL),
(6402, 1207, 16, NULL, NULL, NULL),
(6403, 1208, 16, NULL, NULL, NULL),
(6404, 1209, 16, NULL, NULL, NULL),
(6405, 1210, 16, NULL, NULL, NULL),
(6406, 1211, 16, NULL, NULL, NULL),
(6407, 1212, 16, NULL, NULL, NULL),
(6408, 1213, 16, NULL, NULL, NULL),
(6409, 1214, 16, NULL, NULL, NULL),
(6410, 1215, 16, NULL, NULL, NULL),
(6411, 1216, 16, NULL, NULL, NULL),
(6412, 1217, 16, NULL, NULL, NULL),
(6413, 1218, 16, NULL, NULL, NULL),
(6414, 1219, 16, NULL, NULL, NULL),
(6415, 1220, 16, NULL, NULL, NULL),
(6416, 1221, 16, NULL, NULL, NULL),
(6417, 1222, 16, NULL, NULL, NULL),
(6418, 1223, 16, NULL, NULL, NULL),
(6419, 1224, 16, NULL, NULL, NULL),
(6420, 1225, 16, NULL, NULL, NULL),
(6421, 1226, 16, NULL, NULL, NULL),
(6422, 1227, 16, NULL, NULL, NULL),
(6423, 1228, 16, NULL, NULL, NULL),
(6424, 1229, 16, NULL, NULL, NULL),
(6425, 1230, 16, NULL, NULL, NULL),
(6426, 1231, 16, NULL, NULL, NULL),
(6427, 1232, 16, NULL, NULL, NULL),
(6428, 1233, 16, NULL, NULL, NULL),
(6429, 1234, 16, NULL, NULL, NULL),
(6430, 1235, 16, NULL, NULL, NULL),
(6431, 1236, 16, NULL, NULL, NULL),
(6432, 1237, 16, NULL, NULL, NULL),
(6433, 1238, 16, NULL, NULL, NULL),
(6434, 1239, 16, NULL, NULL, NULL),
(6435, 1240, 16, NULL, NULL, NULL),
(6436, 1241, 16, NULL, NULL, NULL),
(6437, 1242, 16, NULL, NULL, NULL),
(6438, 1243, 16, NULL, NULL, NULL),
(6439, 1244, 16, NULL, NULL, NULL),
(6440, 1245, 16, NULL, NULL, NULL),
(6441, 1246, 16, NULL, NULL, NULL),
(6442, 1247, 16, NULL, NULL, NULL),
(6443, 1248, 16, NULL, NULL, NULL),
(6444, 1249, 16, NULL, NULL, NULL),
(6445, 1250, 16, NULL, NULL, NULL),
(6446, 1251, 16, NULL, NULL, NULL),
(6447, 1252, 16, NULL, NULL, NULL),
(6448, 1253, 16, NULL, NULL, NULL),
(6449, 1254, 16, NULL, NULL, NULL),
(6450, 1255, 16, NULL, NULL, NULL),
(6451, 826, 17, NULL, NULL, NULL),
(6452, 827, 17, NULL, NULL, NULL),
(6453, 828, 17, NULL, NULL, NULL),
(6454, 829, 17, NULL, NULL, NULL),
(6455, 830, 17, NULL, NULL, NULL),
(6456, 831, 17, NULL, NULL, NULL),
(6457, 832, 17, NULL, NULL, NULL),
(6458, 833, 17, NULL, NULL, NULL),
(6459, 834, 17, NULL, NULL, NULL),
(6460, 835, 17, NULL, NULL, NULL),
(6461, 836, 17, NULL, NULL, NULL),
(6462, 837, 17, NULL, NULL, NULL),
(6463, 838, 17, NULL, NULL, NULL),
(6464, 839, 17, NULL, NULL, NULL),
(6465, 840, 17, NULL, NULL, NULL),
(6466, 841, 17, NULL, NULL, NULL),
(6467, 842, 17, NULL, NULL, NULL),
(6468, 843, 17, NULL, NULL, NULL),
(6469, 844, 17, NULL, NULL, NULL),
(6470, 845, 17, NULL, NULL, NULL),
(6471, 846, 17, NULL, NULL, NULL),
(6472, 847, 17, NULL, NULL, NULL),
(6473, 848, 17, NULL, NULL, NULL),
(6474, 849, 17, NULL, NULL, NULL);
INSERT INTO `branch_services` (`id`, `branch_id`, `service_id`, `deleted_at`, `created_at`, `updated_at`) VALUES
(6475, 850, 17, NULL, NULL, NULL),
(6476, 851, 17, NULL, NULL, NULL),
(6477, 852, 17, NULL, NULL, NULL),
(6478, 853, 17, NULL, NULL, NULL),
(6479, 854, 17, NULL, NULL, NULL),
(6480, 855, 17, NULL, NULL, NULL),
(6481, 856, 17, NULL, NULL, NULL),
(6482, 857, 17, NULL, NULL, NULL),
(6483, 858, 17, NULL, NULL, NULL),
(6484, 859, 17, NULL, NULL, NULL),
(6485, 860, 17, NULL, NULL, NULL),
(6486, 861, 17, NULL, NULL, NULL),
(6487, 862, 17, NULL, NULL, NULL),
(6488, 863, 17, NULL, NULL, NULL),
(6489, 864, 17, NULL, NULL, NULL),
(6490, 865, 17, NULL, NULL, NULL),
(6491, 866, 17, NULL, NULL, NULL),
(6492, 867, 17, NULL, NULL, NULL),
(6493, 868, 17, NULL, NULL, NULL),
(6494, 869, 17, NULL, NULL, NULL),
(6495, 870, 17, NULL, NULL, NULL),
(6496, 871, 17, NULL, NULL, NULL),
(6497, 872, 17, NULL, NULL, NULL),
(6498, 873, 17, NULL, NULL, NULL),
(6499, 874, 17, NULL, NULL, NULL),
(6500, 875, 17, NULL, NULL, NULL),
(6501, 876, 17, NULL, NULL, NULL),
(6502, 877, 17, NULL, NULL, NULL),
(6503, 878, 17, NULL, NULL, NULL),
(6504, 879, 17, NULL, NULL, NULL),
(6505, 880, 17, NULL, NULL, NULL),
(6506, 881, 17, NULL, NULL, NULL),
(6507, 882, 17, NULL, NULL, NULL),
(6508, 883, 17, NULL, NULL, NULL),
(6509, 884, 17, NULL, NULL, NULL),
(6510, 885, 17, NULL, NULL, NULL),
(6511, 886, 17, NULL, NULL, NULL),
(6512, 887, 17, NULL, NULL, NULL),
(6513, 888, 17, NULL, NULL, NULL),
(6514, 889, 17, NULL, NULL, NULL),
(6515, 890, 17, NULL, NULL, NULL),
(6516, 891, 17, NULL, NULL, NULL),
(6517, 892, 17, NULL, NULL, NULL),
(6518, 893, 17, NULL, NULL, NULL),
(6519, 894, 17, NULL, NULL, NULL),
(6520, 895, 17, NULL, NULL, NULL),
(6521, 896, 17, NULL, NULL, NULL),
(6522, 897, 17, NULL, NULL, NULL),
(6523, 898, 17, NULL, NULL, NULL),
(6524, 899, 17, NULL, NULL, NULL),
(6525, 900, 17, NULL, NULL, NULL),
(6526, 901, 17, NULL, NULL, NULL),
(6527, 902, 17, NULL, NULL, NULL),
(6528, 903, 17, NULL, NULL, NULL),
(6529, 904, 17, NULL, NULL, NULL),
(6530, 905, 17, NULL, NULL, NULL),
(6531, 906, 17, NULL, NULL, NULL),
(6532, 907, 17, NULL, NULL, NULL),
(6533, 908, 17, NULL, NULL, NULL),
(6534, 909, 17, NULL, NULL, NULL),
(6535, 910, 17, NULL, NULL, NULL),
(6536, 911, 17, NULL, NULL, NULL),
(6537, 912, 17, NULL, NULL, NULL),
(6538, 913, 17, NULL, NULL, NULL),
(6539, 914, 17, NULL, NULL, NULL),
(6540, 915, 17, NULL, NULL, NULL),
(6541, 916, 17, NULL, NULL, NULL),
(6542, 917, 17, NULL, NULL, NULL),
(6543, 918, 17, NULL, NULL, NULL),
(6544, 919, 17, NULL, NULL, NULL),
(6545, 920, 17, NULL, NULL, NULL),
(6546, 921, 17, NULL, NULL, NULL),
(6547, 922, 17, NULL, NULL, NULL),
(6548, 923, 17, NULL, NULL, NULL),
(6549, 924, 17, NULL, NULL, NULL),
(6550, 925, 17, NULL, NULL, NULL),
(6551, 926, 17, NULL, NULL, NULL),
(6552, 927, 17, NULL, NULL, NULL),
(6553, 928, 17, NULL, NULL, NULL),
(6554, 929, 17, NULL, NULL, NULL),
(6555, 930, 17, NULL, NULL, NULL),
(6556, 931, 17, NULL, NULL, NULL),
(6557, 932, 17, NULL, NULL, NULL),
(6558, 933, 17, NULL, NULL, NULL),
(6559, 934, 17, NULL, NULL, NULL),
(6560, 935, 17, NULL, NULL, NULL),
(6561, 936, 17, NULL, NULL, NULL),
(6562, 937, 17, NULL, NULL, NULL),
(6563, 938, 17, NULL, NULL, NULL),
(6564, 939, 17, NULL, NULL, NULL),
(6565, 940, 17, NULL, NULL, NULL),
(6566, 941, 17, NULL, NULL, NULL),
(6567, 942, 17, NULL, NULL, NULL),
(6568, 943, 17, NULL, NULL, NULL),
(6569, 944, 17, NULL, NULL, NULL),
(6570, 945, 17, NULL, NULL, NULL),
(6571, 946, 17, NULL, NULL, NULL),
(6572, 947, 17, NULL, NULL, NULL),
(6573, 948, 17, NULL, NULL, NULL),
(6574, 949, 17, NULL, NULL, NULL),
(6575, 950, 17, NULL, NULL, NULL),
(6576, 951, 17, NULL, NULL, NULL),
(6577, 952, 17, NULL, NULL, NULL),
(6578, 953, 17, NULL, NULL, NULL),
(6579, 954, 17, NULL, NULL, NULL),
(6580, 955, 17, NULL, NULL, NULL),
(6581, 956, 17, NULL, NULL, NULL),
(6582, 957, 17, NULL, NULL, NULL),
(6583, 958, 17, NULL, NULL, NULL),
(6584, 959, 17, NULL, NULL, NULL),
(6585, 960, 17, NULL, NULL, NULL),
(6586, 961, 17, NULL, NULL, NULL),
(6587, 962, 17, NULL, NULL, NULL),
(6588, 963, 17, NULL, NULL, NULL),
(6589, 964, 17, NULL, NULL, NULL),
(6590, 965, 17, NULL, NULL, NULL),
(6591, 966, 17, NULL, NULL, NULL),
(6592, 967, 17, NULL, NULL, NULL),
(6593, 968, 17, NULL, NULL, NULL),
(6594, 969, 17, NULL, NULL, NULL),
(6595, 970, 17, NULL, NULL, NULL),
(6596, 971, 17, NULL, NULL, NULL),
(6597, 972, 17, NULL, NULL, NULL),
(6598, 973, 17, NULL, NULL, NULL),
(6599, 974, 17, NULL, NULL, NULL),
(6600, 975, 17, NULL, NULL, NULL),
(6601, 976, 17, NULL, NULL, NULL),
(6602, 977, 17, NULL, NULL, NULL),
(6603, 978, 17, NULL, NULL, NULL),
(6604, 979, 17, NULL, NULL, NULL),
(6605, 980, 17, NULL, NULL, NULL),
(6606, 981, 17, NULL, NULL, NULL),
(6607, 982, 17, NULL, NULL, NULL),
(6608, 983, 17, NULL, NULL, NULL),
(6609, 984, 17, NULL, NULL, NULL),
(6610, 985, 17, NULL, NULL, NULL),
(6611, 986, 17, NULL, NULL, NULL),
(6612, 987, 17, NULL, NULL, NULL),
(6613, 988, 17, NULL, NULL, NULL),
(6614, 989, 17, NULL, NULL, NULL),
(6615, 990, 17, NULL, NULL, NULL),
(6616, 991, 17, NULL, NULL, NULL),
(6617, 992, 17, NULL, NULL, NULL),
(6618, 993, 17, NULL, NULL, NULL),
(6619, 994, 17, NULL, NULL, NULL),
(6620, 995, 17, NULL, NULL, NULL),
(6621, 996, 17, NULL, NULL, NULL),
(6622, 997, 17, NULL, NULL, NULL),
(6623, 998, 17, NULL, NULL, NULL),
(6624, 999, 17, NULL, NULL, NULL),
(6625, 1000, 17, NULL, NULL, NULL),
(6626, 1001, 17, NULL, NULL, NULL),
(6627, 1002, 17, NULL, NULL, NULL),
(6628, 1003, 17, NULL, NULL, NULL),
(6629, 1004, 17, NULL, NULL, NULL),
(6630, 1005, 17, NULL, NULL, NULL),
(6631, 1006, 17, NULL, NULL, NULL),
(6632, 1007, 17, NULL, NULL, NULL),
(6633, 1008, 17, NULL, NULL, NULL),
(6634, 1009, 17, NULL, NULL, NULL),
(6635, 1010, 17, NULL, NULL, NULL),
(6636, 1011, 17, NULL, NULL, NULL),
(6637, 1012, 17, NULL, NULL, NULL),
(6638, 1013, 17, NULL, NULL, NULL),
(6639, 1014, 17, NULL, NULL, NULL),
(6640, 1015, 17, NULL, NULL, NULL),
(6641, 1016, 17, NULL, NULL, NULL),
(6642, 1017, 17, NULL, NULL, NULL),
(6643, 1018, 17, NULL, NULL, NULL),
(6644, 1019, 17, NULL, NULL, NULL),
(6645, 1020, 17, NULL, NULL, NULL),
(6646, 1021, 17, NULL, NULL, NULL),
(6647, 1022, 17, NULL, NULL, NULL),
(6648, 1023, 17, NULL, NULL, NULL),
(6649, 1024, 17, NULL, NULL, NULL),
(6650, 1025, 17, NULL, NULL, NULL),
(6651, 1026, 17, NULL, NULL, NULL),
(6652, 1027, 17, NULL, NULL, NULL),
(6653, 1028, 17, NULL, NULL, NULL),
(6654, 1029, 17, NULL, NULL, NULL),
(6655, 1030, 17, NULL, NULL, NULL),
(6656, 1031, 17, NULL, NULL, NULL),
(6657, 1032, 17, NULL, NULL, NULL),
(6658, 1033, 17, NULL, NULL, NULL),
(6659, 1034, 17, NULL, NULL, NULL),
(6660, 1035, 17, NULL, NULL, NULL),
(6661, 1036, 17, NULL, NULL, NULL),
(6662, 1037, 17, NULL, NULL, NULL),
(6663, 1038, 17, NULL, NULL, NULL),
(6664, 1039, 17, NULL, NULL, NULL),
(6665, 1040, 17, NULL, NULL, NULL),
(6666, 1041, 17, NULL, NULL, NULL),
(6667, 1042, 17, NULL, NULL, NULL),
(6668, 1043, 17, NULL, NULL, NULL),
(6669, 1044, 17, NULL, NULL, NULL),
(6670, 1045, 17, NULL, NULL, NULL),
(6671, 1046, 17, NULL, NULL, NULL),
(6672, 1047, 17, NULL, NULL, NULL),
(6673, 1048, 17, NULL, NULL, NULL),
(6674, 1049, 17, NULL, NULL, NULL),
(6675, 1050, 17, NULL, NULL, NULL),
(6676, 1051, 17, NULL, NULL, NULL),
(6677, 1052, 17, NULL, NULL, NULL),
(6678, 1053, 17, NULL, NULL, NULL),
(6679, 1054, 17, NULL, NULL, NULL),
(6680, 1055, 17, NULL, NULL, NULL),
(6681, 1056, 17, NULL, NULL, NULL),
(6682, 1057, 17, NULL, NULL, NULL),
(6683, 1058, 17, NULL, NULL, NULL),
(6684, 1059, 17, NULL, NULL, NULL),
(6685, 1060, 17, NULL, NULL, NULL),
(6686, 1061, 17, NULL, NULL, NULL),
(6687, 1062, 17, NULL, NULL, NULL),
(6688, 1063, 17, NULL, NULL, NULL),
(6689, 1064, 17, NULL, NULL, NULL),
(6690, 1065, 17, NULL, NULL, NULL),
(6691, 1066, 17, NULL, NULL, NULL),
(6692, 1067, 17, NULL, NULL, NULL),
(6693, 1068, 17, NULL, NULL, NULL),
(6694, 1069, 17, NULL, NULL, NULL),
(6695, 1070, 17, NULL, NULL, NULL),
(6696, 1071, 17, NULL, NULL, NULL),
(6697, 1072, 17, NULL, NULL, NULL),
(6698, 1073, 17, NULL, NULL, NULL),
(6699, 1074, 17, NULL, NULL, NULL),
(6700, 1075, 17, NULL, NULL, NULL),
(6701, 1076, 17, NULL, NULL, NULL),
(6702, 1077, 17, NULL, NULL, NULL),
(6703, 1078, 17, NULL, NULL, NULL),
(6704, 1079, 17, NULL, NULL, NULL),
(6705, 1080, 17, NULL, NULL, NULL),
(6706, 1081, 17, NULL, NULL, NULL),
(6707, 1082, 17, NULL, NULL, NULL),
(6708, 1083, 17, NULL, NULL, NULL),
(6709, 1084, 17, NULL, NULL, NULL),
(6710, 1085, 17, NULL, NULL, NULL),
(6711, 1086, 17, NULL, NULL, NULL),
(6712, 1087, 17, NULL, NULL, NULL),
(6713, 1088, 17, NULL, NULL, NULL),
(6714, 1089, 17, NULL, NULL, NULL),
(6715, 1090, 17, NULL, NULL, NULL),
(6716, 1091, 17, NULL, NULL, NULL),
(6717, 1092, 17, NULL, NULL, NULL),
(6718, 1093, 17, NULL, NULL, NULL),
(6719, 1094, 17, NULL, NULL, NULL),
(6720, 1095, 17, NULL, NULL, NULL),
(6721, 1096, 17, NULL, NULL, NULL),
(6722, 1097, 17, NULL, NULL, NULL),
(6723, 1098, 17, NULL, NULL, NULL),
(6724, 1099, 17, NULL, NULL, NULL),
(6725, 1100, 17, NULL, NULL, NULL),
(6726, 1101, 17, NULL, NULL, NULL),
(6727, 1102, 17, NULL, NULL, NULL),
(6728, 1103, 17, NULL, NULL, NULL),
(6729, 1104, 17, NULL, NULL, NULL),
(6730, 1105, 17, NULL, NULL, NULL),
(6731, 1106, 17, NULL, NULL, NULL),
(6732, 1107, 17, NULL, NULL, NULL),
(6733, 1108, 17, NULL, NULL, NULL),
(6734, 1109, 17, NULL, NULL, NULL),
(6735, 1110, 17, NULL, NULL, NULL),
(6736, 1111, 17, NULL, NULL, NULL),
(6737, 1112, 17, NULL, NULL, NULL),
(6738, 1113, 17, NULL, NULL, NULL),
(6739, 1114, 17, NULL, NULL, NULL),
(6740, 1115, 17, NULL, NULL, NULL),
(6741, 1116, 17, NULL, NULL, NULL),
(6742, 1117, 17, NULL, NULL, NULL),
(6743, 1118, 17, NULL, NULL, NULL),
(6744, 1119, 17, NULL, NULL, NULL),
(6745, 1120, 17, NULL, NULL, NULL),
(6746, 1121, 17, NULL, NULL, NULL),
(6747, 1122, 17, NULL, NULL, NULL),
(6748, 1123, 17, NULL, NULL, NULL),
(6749, 1124, 17, NULL, NULL, NULL),
(6750, 1125, 17, NULL, NULL, NULL),
(6751, 1126, 17, NULL, NULL, NULL),
(6752, 1127, 17, NULL, NULL, NULL),
(6753, 1128, 17, NULL, NULL, NULL),
(6754, 1129, 17, NULL, NULL, NULL),
(6755, 1130, 17, NULL, NULL, NULL),
(6756, 1131, 17, NULL, NULL, NULL),
(6757, 1132, 17, NULL, NULL, NULL),
(6758, 1133, 17, NULL, NULL, NULL),
(6759, 1134, 17, NULL, NULL, NULL),
(6760, 1135, 17, NULL, NULL, NULL),
(6761, 1136, 17, NULL, NULL, NULL),
(6762, 1137, 17, NULL, NULL, NULL),
(6763, 1138, 17, NULL, NULL, NULL),
(6764, 1139, 17, NULL, NULL, NULL),
(6765, 1140, 17, NULL, NULL, NULL),
(6766, 1141, 17, NULL, NULL, NULL),
(6767, 1142, 17, NULL, NULL, NULL),
(6768, 1143, 17, NULL, NULL, NULL),
(6769, 1144, 17, NULL, NULL, NULL),
(6770, 1145, 17, NULL, NULL, NULL),
(6771, 1146, 17, NULL, NULL, NULL),
(6772, 1147, 17, NULL, NULL, NULL),
(6773, 1148, 17, NULL, NULL, NULL),
(6774, 1149, 17, NULL, NULL, NULL),
(6775, 1150, 17, NULL, NULL, NULL),
(6776, 1151, 17, NULL, NULL, NULL),
(6777, 1152, 17, NULL, NULL, NULL),
(6778, 1153, 17, NULL, NULL, NULL),
(6779, 1154, 17, NULL, NULL, NULL),
(6780, 1155, 17, NULL, NULL, NULL),
(6781, 1156, 17, NULL, NULL, NULL),
(6782, 1157, 17, NULL, NULL, NULL),
(6783, 1158, 17, NULL, NULL, NULL),
(6784, 1159, 17, NULL, NULL, NULL),
(6785, 1160, 17, NULL, NULL, NULL),
(6786, 1161, 17, NULL, NULL, NULL),
(6787, 1162, 17, NULL, NULL, NULL),
(6788, 1163, 17, NULL, NULL, NULL),
(6789, 1164, 17, NULL, NULL, NULL),
(6790, 1165, 17, NULL, NULL, NULL),
(6791, 1166, 17, NULL, NULL, NULL),
(6792, 1167, 17, NULL, NULL, NULL),
(6793, 1168, 17, NULL, NULL, NULL),
(6794, 1169, 17, NULL, NULL, NULL),
(6795, 1170, 17, NULL, NULL, NULL),
(6796, 1171, 17, NULL, NULL, NULL),
(6797, 1172, 17, NULL, NULL, NULL),
(6798, 1173, 17, NULL, NULL, NULL),
(6799, 1174, 17, NULL, NULL, NULL),
(6800, 1175, 17, NULL, NULL, NULL),
(6801, 1176, 17, NULL, NULL, NULL),
(6802, 1177, 17, NULL, NULL, NULL),
(6803, 1178, 17, NULL, NULL, NULL),
(6804, 1179, 17, NULL, NULL, NULL),
(6805, 1180, 17, NULL, NULL, NULL),
(6806, 1181, 17, NULL, NULL, NULL),
(6807, 1182, 17, NULL, NULL, NULL),
(6808, 1183, 17, NULL, NULL, NULL),
(6809, 1184, 17, NULL, NULL, NULL),
(6810, 1185, 17, NULL, NULL, NULL),
(6811, 1186, 17, NULL, NULL, NULL),
(6812, 1187, 17, NULL, NULL, NULL),
(6813, 1188, 17, NULL, NULL, NULL),
(6814, 1189, 17, NULL, NULL, NULL),
(6815, 1190, 17, NULL, NULL, NULL),
(6816, 1191, 17, NULL, NULL, NULL),
(6817, 1192, 17, NULL, NULL, NULL),
(6818, 1193, 17, NULL, NULL, NULL),
(6819, 1194, 17, NULL, NULL, NULL),
(6820, 1195, 17, NULL, NULL, NULL),
(6821, 1196, 17, NULL, NULL, NULL),
(6822, 1197, 17, NULL, NULL, NULL),
(6823, 1198, 17, NULL, NULL, NULL),
(6824, 1199, 17, NULL, NULL, NULL),
(6825, 1200, 17, NULL, NULL, NULL),
(6826, 1201, 17, NULL, NULL, NULL),
(6827, 1202, 17, NULL, NULL, NULL),
(6828, 1203, 17, NULL, NULL, NULL),
(6829, 1204, 17, NULL, NULL, NULL),
(6830, 1205, 17, NULL, NULL, NULL),
(6831, 1206, 17, NULL, NULL, NULL),
(6832, 1207, 17, NULL, NULL, NULL),
(6833, 1208, 17, NULL, NULL, NULL),
(6834, 1209, 17, NULL, NULL, NULL),
(6835, 1210, 17, NULL, NULL, NULL),
(6836, 1211, 17, NULL, NULL, NULL),
(6837, 1212, 17, NULL, NULL, NULL),
(6838, 1213, 17, NULL, NULL, NULL),
(6839, 1214, 17, NULL, NULL, NULL),
(6840, 1215, 17, NULL, NULL, NULL),
(6841, 1216, 17, NULL, NULL, NULL),
(6842, 1217, 17, NULL, NULL, NULL),
(6843, 1218, 17, NULL, NULL, NULL),
(6844, 1219, 17, NULL, NULL, NULL),
(6845, 1220, 17, NULL, NULL, NULL),
(6846, 1221, 17, NULL, NULL, NULL),
(6847, 1222, 17, NULL, NULL, NULL),
(6848, 1223, 17, NULL, NULL, NULL),
(6849, 1224, 17, NULL, NULL, NULL),
(6850, 1225, 17, NULL, NULL, NULL),
(6851, 1226, 17, NULL, NULL, NULL),
(6852, 1227, 17, NULL, NULL, NULL),
(6853, 1228, 17, NULL, NULL, NULL),
(6854, 1229, 17, NULL, NULL, NULL),
(6855, 1230, 17, NULL, NULL, NULL),
(6856, 1231, 17, NULL, NULL, NULL),
(6857, 1232, 17, NULL, NULL, NULL),
(6858, 1233, 17, NULL, NULL, NULL),
(6859, 1234, 17, NULL, NULL, NULL),
(6860, 1235, 17, NULL, NULL, NULL),
(6861, 1236, 17, NULL, NULL, NULL),
(6862, 1237, 17, NULL, NULL, NULL),
(6863, 1238, 17, NULL, NULL, NULL),
(6864, 1239, 17, NULL, NULL, NULL),
(6865, 1240, 17, NULL, NULL, NULL),
(6866, 1241, 17, NULL, NULL, NULL),
(6867, 1242, 17, NULL, NULL, NULL),
(6868, 1243, 17, NULL, NULL, NULL),
(6869, 1244, 17, NULL, NULL, NULL),
(6870, 1245, 17, NULL, NULL, NULL),
(6871, 1246, 17, NULL, NULL, NULL),
(6872, 1247, 17, NULL, NULL, NULL),
(6873, 1248, 17, NULL, NULL, NULL),
(6874, 1249, 17, NULL, NULL, NULL),
(6875, 1250, 17, NULL, NULL, NULL),
(6876, 1251, 17, NULL, NULL, NULL),
(6877, 1252, 17, NULL, NULL, NULL),
(6878, 1253, 17, NULL, NULL, NULL),
(6879, 1254, 17, NULL, NULL, NULL),
(6880, 1255, 17, NULL, NULL, NULL),
(6881, 826, 18, NULL, NULL, NULL),
(6882, 827, 18, NULL, NULL, NULL),
(6883, 828, 18, NULL, NULL, NULL),
(6884, 829, 18, NULL, NULL, NULL),
(6885, 830, 18, NULL, NULL, NULL),
(6886, 831, 18, NULL, NULL, NULL),
(6887, 832, 18, NULL, NULL, NULL),
(6888, 833, 18, NULL, NULL, NULL),
(6889, 834, 18, NULL, NULL, NULL),
(6890, 835, 18, NULL, NULL, NULL),
(6891, 836, 18, NULL, NULL, NULL),
(6892, 837, 18, NULL, NULL, NULL),
(6893, 838, 18, NULL, NULL, NULL),
(6894, 839, 18, NULL, NULL, NULL),
(6895, 840, 18, NULL, NULL, NULL),
(6896, 841, 18, NULL, NULL, NULL),
(6897, 842, 18, NULL, NULL, NULL),
(6898, 843, 18, NULL, NULL, NULL),
(6899, 844, 18, NULL, NULL, NULL),
(6900, 845, 18, NULL, NULL, NULL),
(6901, 846, 18, NULL, NULL, NULL),
(6902, 847, 18, NULL, NULL, NULL),
(6903, 848, 18, NULL, NULL, NULL),
(6904, 849, 18, NULL, NULL, NULL),
(6905, 850, 18, NULL, NULL, NULL),
(6906, 851, 18, NULL, NULL, NULL),
(6907, 852, 18, NULL, NULL, NULL),
(6908, 853, 18, NULL, NULL, NULL),
(6909, 854, 18, NULL, NULL, NULL),
(6910, 855, 18, NULL, NULL, NULL),
(6911, 856, 18, NULL, NULL, NULL),
(6912, 857, 18, NULL, NULL, NULL),
(6913, 858, 18, NULL, NULL, NULL),
(6914, 859, 18, NULL, NULL, NULL),
(6915, 860, 18, NULL, NULL, NULL),
(6916, 861, 18, NULL, NULL, NULL),
(6917, 862, 18, NULL, NULL, NULL),
(6918, 863, 18, NULL, NULL, NULL),
(6919, 864, 18, NULL, NULL, NULL),
(6920, 865, 18, NULL, NULL, NULL),
(6921, 866, 18, NULL, NULL, NULL),
(6922, 867, 18, NULL, NULL, NULL),
(6923, 868, 18, NULL, NULL, NULL),
(6924, 869, 18, NULL, NULL, NULL),
(6925, 870, 18, NULL, NULL, NULL),
(6926, 871, 18, NULL, NULL, NULL),
(6927, 872, 18, NULL, NULL, NULL),
(6928, 873, 18, NULL, NULL, NULL),
(6929, 874, 18, NULL, NULL, NULL),
(6930, 875, 18, NULL, NULL, NULL),
(6931, 876, 18, NULL, NULL, NULL),
(6932, 877, 18, NULL, NULL, NULL),
(6933, 878, 18, NULL, NULL, NULL),
(6934, 879, 18, NULL, NULL, NULL),
(6935, 880, 18, NULL, NULL, NULL),
(6936, 881, 18, NULL, NULL, NULL),
(6937, 882, 18, NULL, NULL, NULL),
(6938, 883, 18, NULL, NULL, NULL),
(6939, 884, 18, NULL, NULL, NULL),
(6940, 885, 18, NULL, NULL, NULL),
(6941, 886, 18, NULL, NULL, NULL),
(6942, 887, 18, NULL, NULL, NULL),
(6943, 888, 18, NULL, NULL, NULL),
(6944, 889, 18, NULL, NULL, NULL),
(6945, 890, 18, NULL, NULL, NULL),
(6946, 891, 18, NULL, NULL, NULL),
(6947, 892, 18, NULL, NULL, NULL),
(6948, 893, 18, NULL, NULL, NULL),
(6949, 894, 18, NULL, NULL, NULL),
(6950, 895, 18, NULL, NULL, NULL),
(6951, 896, 18, NULL, NULL, NULL),
(6952, 897, 18, NULL, NULL, NULL),
(6953, 898, 18, NULL, NULL, NULL),
(6954, 899, 18, NULL, NULL, NULL),
(6955, 900, 18, NULL, NULL, NULL),
(6956, 901, 18, NULL, NULL, NULL),
(6957, 902, 18, NULL, NULL, NULL),
(6958, 903, 18, NULL, NULL, NULL),
(6959, 904, 18, NULL, NULL, NULL),
(6960, 905, 18, NULL, NULL, NULL),
(6961, 906, 18, NULL, NULL, NULL),
(6962, 907, 18, NULL, NULL, NULL),
(6963, 908, 18, NULL, NULL, NULL),
(6964, 909, 18, NULL, NULL, NULL),
(6965, 910, 18, NULL, NULL, NULL),
(6966, 911, 18, NULL, NULL, NULL),
(6967, 912, 18, NULL, NULL, NULL),
(6968, 913, 18, NULL, NULL, NULL),
(6969, 914, 18, NULL, NULL, NULL),
(6970, 915, 18, NULL, NULL, NULL),
(6971, 916, 18, NULL, NULL, NULL),
(6972, 917, 18, NULL, NULL, NULL),
(6973, 918, 18, NULL, NULL, NULL),
(6974, 919, 18, NULL, NULL, NULL),
(6975, 920, 18, NULL, NULL, NULL),
(6976, 921, 18, NULL, NULL, NULL),
(6977, 922, 18, NULL, NULL, NULL),
(6978, 923, 18, NULL, NULL, NULL),
(6979, 924, 18, NULL, NULL, NULL),
(6980, 925, 18, NULL, NULL, NULL),
(6981, 926, 18, NULL, NULL, NULL),
(6982, 927, 18, NULL, NULL, NULL),
(6983, 928, 18, NULL, NULL, NULL),
(6984, 929, 18, NULL, NULL, NULL),
(6985, 930, 18, NULL, NULL, NULL),
(6986, 931, 18, NULL, NULL, NULL),
(6987, 932, 18, NULL, NULL, NULL),
(6988, 933, 18, NULL, NULL, NULL),
(6989, 934, 18, NULL, NULL, NULL),
(6990, 935, 18, NULL, NULL, NULL),
(6991, 936, 18, NULL, NULL, NULL),
(6992, 937, 18, NULL, NULL, NULL),
(6993, 938, 18, NULL, NULL, NULL),
(6994, 939, 18, NULL, NULL, NULL),
(6995, 940, 18, NULL, NULL, NULL),
(6996, 941, 18, NULL, NULL, NULL),
(6997, 942, 18, NULL, NULL, NULL),
(6998, 943, 18, NULL, NULL, NULL),
(6999, 944, 18, NULL, NULL, NULL),
(7000, 945, 18, NULL, NULL, NULL),
(7001, 946, 18, NULL, NULL, NULL),
(7002, 947, 18, NULL, NULL, NULL),
(7003, 948, 18, NULL, NULL, NULL),
(7004, 949, 18, NULL, NULL, NULL),
(7005, 950, 18, NULL, NULL, NULL),
(7006, 951, 18, NULL, NULL, NULL),
(7007, 952, 18, NULL, NULL, NULL),
(7008, 953, 18, NULL, NULL, NULL),
(7009, 954, 18, NULL, NULL, NULL),
(7010, 955, 18, NULL, NULL, NULL),
(7011, 956, 18, NULL, NULL, NULL),
(7012, 957, 18, NULL, NULL, NULL),
(7013, 958, 18, NULL, NULL, NULL),
(7014, 959, 18, NULL, NULL, NULL),
(7015, 960, 18, NULL, NULL, NULL),
(7016, 961, 18, NULL, NULL, NULL),
(7017, 962, 18, NULL, NULL, NULL),
(7018, 963, 18, NULL, NULL, NULL),
(7019, 964, 18, NULL, NULL, NULL),
(7020, 965, 18, NULL, NULL, NULL),
(7021, 966, 18, NULL, NULL, NULL),
(7022, 967, 18, NULL, NULL, NULL),
(7023, 968, 18, NULL, NULL, NULL),
(7024, 969, 18, NULL, NULL, NULL),
(7025, 970, 18, NULL, NULL, NULL),
(7026, 971, 18, NULL, NULL, NULL),
(7027, 972, 18, NULL, NULL, NULL),
(7028, 973, 18, NULL, NULL, NULL),
(7029, 974, 18, NULL, NULL, NULL),
(7030, 975, 18, NULL, NULL, NULL),
(7031, 976, 18, NULL, NULL, NULL),
(7032, 977, 18, NULL, NULL, NULL),
(7033, 978, 18, NULL, NULL, NULL),
(7034, 979, 18, NULL, NULL, NULL),
(7035, 980, 18, NULL, NULL, NULL),
(7036, 981, 18, NULL, NULL, NULL),
(7037, 982, 18, NULL, NULL, NULL),
(7038, 983, 18, NULL, NULL, NULL),
(7039, 984, 18, NULL, NULL, NULL),
(7040, 985, 18, NULL, NULL, NULL),
(7041, 986, 18, NULL, NULL, NULL),
(7042, 987, 18, NULL, NULL, NULL),
(7043, 988, 18, NULL, NULL, NULL),
(7044, 989, 18, NULL, NULL, NULL),
(7045, 990, 18, NULL, NULL, NULL),
(7046, 991, 18, NULL, NULL, NULL),
(7047, 992, 18, NULL, NULL, NULL),
(7048, 993, 18, NULL, NULL, NULL),
(7049, 994, 18, NULL, NULL, NULL),
(7050, 995, 18, NULL, NULL, NULL),
(7051, 996, 18, NULL, NULL, NULL),
(7052, 997, 18, NULL, NULL, NULL),
(7053, 998, 18, NULL, NULL, NULL),
(7054, 999, 18, NULL, NULL, NULL),
(7055, 1000, 18, NULL, NULL, NULL),
(7056, 1001, 18, NULL, NULL, NULL),
(7057, 1002, 18, NULL, NULL, NULL),
(7058, 1003, 18, NULL, NULL, NULL),
(7059, 1004, 18, NULL, NULL, NULL),
(7060, 1005, 18, NULL, NULL, NULL),
(7061, 1006, 18, NULL, NULL, NULL),
(7062, 1007, 18, NULL, NULL, NULL),
(7063, 1008, 18, NULL, NULL, NULL),
(7064, 1009, 18, NULL, NULL, NULL),
(7065, 1010, 18, NULL, NULL, NULL),
(7066, 1011, 18, NULL, NULL, NULL),
(7067, 1012, 18, NULL, NULL, NULL),
(7068, 1013, 18, NULL, NULL, NULL),
(7069, 1014, 18, NULL, NULL, NULL),
(7070, 1015, 18, NULL, NULL, NULL),
(7071, 1016, 18, NULL, NULL, NULL),
(7072, 1017, 18, NULL, NULL, NULL),
(7073, 1018, 18, NULL, NULL, NULL),
(7074, 1019, 18, NULL, NULL, NULL),
(7075, 1020, 18, NULL, NULL, NULL),
(7076, 1021, 18, NULL, NULL, NULL),
(7077, 1022, 18, NULL, NULL, NULL),
(7078, 1023, 18, NULL, NULL, NULL),
(7079, 1024, 18, NULL, NULL, NULL),
(7080, 1025, 18, NULL, NULL, NULL),
(7081, 1026, 18, NULL, NULL, NULL),
(7082, 1027, 18, NULL, NULL, NULL),
(7083, 1028, 18, NULL, NULL, NULL),
(7084, 1029, 18, NULL, NULL, NULL),
(7085, 1030, 18, NULL, NULL, NULL),
(7086, 1031, 18, NULL, NULL, NULL),
(7087, 1032, 18, NULL, NULL, NULL),
(7088, 1033, 18, NULL, NULL, NULL),
(7089, 1034, 18, NULL, NULL, NULL),
(7090, 1035, 18, NULL, NULL, NULL),
(7091, 1036, 18, NULL, NULL, NULL),
(7092, 1037, 18, NULL, NULL, NULL),
(7093, 1038, 18, NULL, NULL, NULL),
(7094, 1039, 18, NULL, NULL, NULL),
(7095, 1040, 18, NULL, NULL, NULL),
(7096, 1041, 18, NULL, NULL, NULL),
(7097, 1042, 18, NULL, NULL, NULL),
(7098, 1043, 18, NULL, NULL, NULL),
(7099, 1044, 18, NULL, NULL, NULL),
(7100, 1045, 18, NULL, NULL, NULL),
(7101, 1046, 18, NULL, NULL, NULL),
(7102, 1047, 18, NULL, NULL, NULL),
(7103, 1048, 18, NULL, NULL, NULL),
(7104, 1049, 18, NULL, NULL, NULL),
(7105, 1050, 18, NULL, NULL, NULL),
(7106, 1051, 18, NULL, NULL, NULL),
(7107, 1052, 18, NULL, NULL, NULL),
(7108, 1053, 18, NULL, NULL, NULL),
(7109, 1054, 18, NULL, NULL, NULL),
(7110, 1055, 18, NULL, NULL, NULL),
(7111, 1056, 18, NULL, NULL, NULL),
(7112, 1057, 18, NULL, NULL, NULL),
(7113, 1058, 18, NULL, NULL, NULL),
(7114, 1059, 18, NULL, NULL, NULL),
(7115, 1060, 18, NULL, NULL, NULL),
(7116, 1061, 18, NULL, NULL, NULL),
(7117, 1062, 18, NULL, NULL, NULL),
(7118, 1063, 18, NULL, NULL, NULL),
(7119, 1064, 18, NULL, NULL, NULL),
(7120, 1065, 18, NULL, NULL, NULL),
(7121, 1066, 18, NULL, NULL, NULL),
(7122, 1067, 18, NULL, NULL, NULL),
(7123, 1068, 18, NULL, NULL, NULL),
(7124, 1069, 18, NULL, NULL, NULL),
(7125, 1070, 18, NULL, NULL, NULL),
(7126, 1071, 18, NULL, NULL, NULL),
(7127, 1072, 18, NULL, NULL, NULL),
(7128, 1073, 18, NULL, NULL, NULL),
(7129, 1074, 18, NULL, NULL, NULL),
(7130, 1075, 18, NULL, NULL, NULL),
(7131, 1076, 18, NULL, NULL, NULL),
(7132, 1077, 18, NULL, NULL, NULL),
(7133, 1078, 18, NULL, NULL, NULL),
(7134, 1079, 18, NULL, NULL, NULL),
(7135, 1080, 18, NULL, NULL, NULL),
(7136, 1081, 18, NULL, NULL, NULL),
(7137, 1082, 18, NULL, NULL, NULL),
(7138, 1083, 18, NULL, NULL, NULL),
(7139, 1084, 18, NULL, NULL, NULL),
(7140, 1085, 18, NULL, NULL, NULL),
(7141, 1086, 18, NULL, NULL, NULL),
(7142, 1087, 18, NULL, NULL, NULL),
(7143, 1088, 18, NULL, NULL, NULL),
(7144, 1089, 18, NULL, NULL, NULL),
(7145, 1090, 18, NULL, NULL, NULL),
(7146, 1091, 18, NULL, NULL, NULL),
(7147, 1092, 18, NULL, NULL, NULL),
(7148, 1093, 18, NULL, NULL, NULL),
(7149, 1094, 18, NULL, NULL, NULL),
(7150, 1095, 18, NULL, NULL, NULL),
(7151, 1096, 18, NULL, NULL, NULL),
(7152, 1097, 18, NULL, NULL, NULL),
(7153, 1098, 18, NULL, NULL, NULL),
(7154, 1099, 18, NULL, NULL, NULL),
(7155, 1100, 18, NULL, NULL, NULL),
(7156, 1101, 18, NULL, NULL, NULL),
(7157, 1102, 18, NULL, NULL, NULL),
(7158, 1103, 18, NULL, NULL, NULL),
(7159, 1104, 18, NULL, NULL, NULL),
(7160, 1105, 18, NULL, NULL, NULL),
(7161, 1106, 18, NULL, NULL, NULL),
(7162, 1107, 18, NULL, NULL, NULL),
(7163, 1108, 18, NULL, NULL, NULL),
(7164, 1109, 18, NULL, NULL, NULL),
(7165, 1110, 18, NULL, NULL, NULL),
(7166, 1111, 18, NULL, NULL, NULL),
(7167, 1112, 18, NULL, NULL, NULL),
(7168, 1113, 18, NULL, NULL, NULL),
(7169, 1114, 18, NULL, NULL, NULL),
(7170, 1115, 18, NULL, NULL, NULL),
(7171, 1116, 18, NULL, NULL, NULL),
(7172, 1117, 18, NULL, NULL, NULL),
(7173, 1118, 18, NULL, NULL, NULL),
(7174, 1119, 18, NULL, NULL, NULL),
(7175, 1120, 18, NULL, NULL, NULL),
(7176, 1121, 18, NULL, NULL, NULL),
(7177, 1122, 18, NULL, NULL, NULL),
(7178, 1123, 18, NULL, NULL, NULL),
(7179, 1124, 18, NULL, NULL, NULL),
(7180, 1125, 18, NULL, NULL, NULL),
(7181, 1126, 18, NULL, NULL, NULL),
(7182, 1127, 18, NULL, NULL, NULL),
(7183, 1128, 18, NULL, NULL, NULL),
(7184, 1129, 18, NULL, NULL, NULL),
(7185, 1130, 18, NULL, NULL, NULL),
(7186, 1131, 18, NULL, NULL, NULL),
(7187, 1132, 18, NULL, NULL, NULL),
(7188, 1133, 18, NULL, NULL, NULL),
(7189, 1134, 18, NULL, NULL, NULL),
(7190, 1135, 18, NULL, NULL, NULL),
(7191, 1136, 18, NULL, NULL, NULL),
(7192, 1137, 18, NULL, NULL, NULL),
(7193, 1138, 18, NULL, NULL, NULL),
(7194, 1139, 18, NULL, NULL, NULL),
(7195, 1140, 18, NULL, NULL, NULL),
(7196, 1141, 18, NULL, NULL, NULL),
(7197, 1142, 18, NULL, NULL, NULL),
(7198, 1143, 18, NULL, NULL, NULL),
(7199, 1144, 18, NULL, NULL, NULL),
(7200, 1145, 18, NULL, NULL, NULL),
(7201, 1146, 18, NULL, NULL, NULL),
(7202, 1147, 18, NULL, NULL, NULL),
(7203, 1148, 18, NULL, NULL, NULL),
(7204, 1149, 18, NULL, NULL, NULL),
(7205, 1150, 18, NULL, NULL, NULL),
(7206, 1151, 18, NULL, NULL, NULL),
(7207, 1152, 18, NULL, NULL, NULL),
(7208, 1153, 18, NULL, NULL, NULL),
(7209, 1154, 18, NULL, NULL, NULL),
(7210, 1155, 18, NULL, NULL, NULL),
(7211, 1156, 18, NULL, NULL, NULL),
(7212, 1157, 18, NULL, NULL, NULL),
(7213, 1158, 18, NULL, NULL, NULL),
(7214, 1159, 18, NULL, NULL, NULL),
(7215, 1160, 18, NULL, NULL, NULL),
(7216, 1161, 18, NULL, NULL, NULL),
(7217, 1162, 18, NULL, NULL, NULL),
(7218, 1163, 18, NULL, NULL, NULL),
(7219, 1164, 18, NULL, NULL, NULL),
(7220, 1165, 18, NULL, NULL, NULL),
(7221, 1166, 18, NULL, NULL, NULL),
(7222, 1167, 18, NULL, NULL, NULL),
(7223, 1168, 18, NULL, NULL, NULL),
(7224, 1169, 18, NULL, NULL, NULL),
(7225, 1170, 18, NULL, NULL, NULL),
(7226, 1171, 18, NULL, NULL, NULL),
(7227, 1172, 18, NULL, NULL, NULL),
(7228, 1173, 18, NULL, NULL, NULL),
(7229, 1174, 18, NULL, NULL, NULL),
(7230, 1175, 18, NULL, NULL, NULL),
(7231, 1176, 18, NULL, NULL, NULL),
(7232, 1177, 18, NULL, NULL, NULL),
(7233, 1178, 18, NULL, NULL, NULL),
(7234, 1179, 18, NULL, NULL, NULL),
(7235, 1180, 18, NULL, NULL, NULL),
(7236, 1181, 18, NULL, NULL, NULL),
(7237, 1182, 18, NULL, NULL, NULL),
(7238, 1183, 18, NULL, NULL, NULL),
(7239, 1184, 18, NULL, NULL, NULL),
(7240, 1185, 18, NULL, NULL, NULL),
(7241, 1186, 18, NULL, NULL, NULL),
(7242, 1187, 18, NULL, NULL, NULL),
(7243, 1188, 18, NULL, NULL, NULL),
(7244, 1189, 18, NULL, NULL, NULL),
(7245, 1190, 18, NULL, NULL, NULL),
(7246, 1191, 18, NULL, NULL, NULL),
(7247, 1192, 18, NULL, NULL, NULL),
(7248, 1193, 18, NULL, NULL, NULL),
(7249, 1194, 18, NULL, NULL, NULL),
(7250, 1195, 18, NULL, NULL, NULL),
(7251, 1196, 18, NULL, NULL, NULL),
(7252, 1197, 18, NULL, NULL, NULL),
(7253, 1198, 18, NULL, NULL, NULL),
(7254, 1199, 18, NULL, NULL, NULL),
(7255, 1200, 18, NULL, NULL, NULL),
(7256, 1201, 18, NULL, NULL, NULL),
(7257, 1202, 18, NULL, NULL, NULL),
(7258, 1203, 18, NULL, NULL, NULL),
(7259, 1204, 18, NULL, NULL, NULL),
(7260, 1205, 18, NULL, NULL, NULL),
(7261, 1206, 18, NULL, NULL, NULL),
(7262, 1207, 18, NULL, NULL, NULL),
(7263, 1208, 18, NULL, NULL, NULL),
(7264, 1209, 18, NULL, NULL, NULL),
(7265, 1210, 18, NULL, NULL, NULL),
(7266, 1211, 18, NULL, NULL, NULL),
(7267, 1212, 18, NULL, NULL, NULL),
(7268, 1213, 18, NULL, NULL, NULL),
(7269, 1214, 18, NULL, NULL, NULL),
(7270, 1215, 18, NULL, NULL, NULL),
(7271, 1216, 18, NULL, NULL, NULL),
(7272, 1217, 18, NULL, NULL, NULL),
(7273, 1218, 18, NULL, NULL, NULL),
(7274, 1219, 18, NULL, NULL, NULL),
(7275, 1220, 18, NULL, NULL, NULL),
(7276, 1221, 18, NULL, NULL, NULL),
(7277, 1222, 18, NULL, NULL, NULL),
(7278, 1223, 18, NULL, NULL, NULL),
(7279, 1224, 18, NULL, NULL, NULL),
(7280, 1225, 18, NULL, NULL, NULL),
(7281, 1226, 18, NULL, NULL, NULL),
(7282, 1227, 18, NULL, NULL, NULL),
(7283, 1228, 18, NULL, NULL, NULL),
(7284, 1229, 18, NULL, NULL, NULL),
(7285, 1230, 18, NULL, NULL, NULL),
(7286, 1231, 18, NULL, NULL, NULL),
(7287, 1232, 18, NULL, NULL, NULL),
(7288, 1233, 18, NULL, NULL, NULL),
(7289, 1234, 18, NULL, NULL, NULL),
(7290, 1235, 18, NULL, NULL, NULL),
(7291, 1236, 18, NULL, NULL, NULL),
(7292, 1237, 18, NULL, NULL, NULL),
(7293, 1238, 18, NULL, NULL, NULL),
(7294, 1239, 18, NULL, NULL, NULL),
(7295, 1240, 18, NULL, NULL, NULL),
(7296, 1241, 18, NULL, NULL, NULL),
(7297, 1242, 18, NULL, NULL, NULL),
(7298, 1243, 18, NULL, NULL, NULL),
(7299, 1244, 18, NULL, NULL, NULL),
(7300, 1245, 18, NULL, NULL, NULL),
(7301, 1246, 18, NULL, NULL, NULL),
(7302, 1247, 18, NULL, NULL, NULL),
(7303, 1248, 18, NULL, NULL, NULL),
(7304, 1249, 18, NULL, NULL, NULL),
(7305, 1250, 18, NULL, NULL, NULL),
(7306, 1251, 18, NULL, NULL, NULL),
(7307, 1252, 18, NULL, NULL, NULL),
(7308, 1253, 18, NULL, NULL, NULL),
(7309, 1254, 18, NULL, NULL, NULL),
(7310, 1255, 18, NULL, NULL, NULL),
(7311, 826, 19, NULL, NULL, NULL),
(7312, 827, 19, NULL, NULL, NULL),
(7313, 828, 19, NULL, NULL, NULL),
(7314, 829, 19, NULL, NULL, NULL),
(7315, 830, 19, NULL, NULL, NULL),
(7316, 831, 19, NULL, NULL, NULL),
(7317, 832, 19, NULL, NULL, NULL),
(7318, 833, 19, NULL, NULL, NULL),
(7319, 834, 19, NULL, NULL, NULL),
(7320, 835, 19, NULL, NULL, NULL),
(7321, 836, 19, NULL, NULL, NULL),
(7322, 837, 19, NULL, NULL, NULL),
(7323, 838, 19, NULL, NULL, NULL),
(7324, 839, 19, NULL, NULL, NULL),
(7325, 840, 19, NULL, NULL, NULL),
(7326, 841, 19, NULL, NULL, NULL),
(7327, 842, 19, NULL, NULL, NULL),
(7328, 843, 19, NULL, NULL, NULL),
(7329, 844, 19, NULL, NULL, NULL),
(7330, 845, 19, NULL, NULL, NULL),
(7331, 846, 19, NULL, NULL, NULL),
(7332, 847, 19, NULL, NULL, NULL),
(7333, 848, 19, NULL, NULL, NULL),
(7334, 849, 19, NULL, NULL, NULL),
(7335, 850, 19, NULL, NULL, NULL),
(7336, 851, 19, NULL, NULL, NULL),
(7337, 852, 19, NULL, NULL, NULL),
(7338, 853, 19, NULL, NULL, NULL),
(7339, 854, 19, NULL, NULL, NULL),
(7340, 855, 19, NULL, NULL, NULL),
(7341, 856, 19, NULL, NULL, NULL),
(7342, 857, 19, NULL, NULL, NULL),
(7343, 858, 19, NULL, NULL, NULL),
(7344, 859, 19, NULL, NULL, NULL),
(7345, 860, 19, NULL, NULL, NULL),
(7346, 861, 19, NULL, NULL, NULL),
(7347, 862, 19, NULL, NULL, NULL),
(7348, 863, 19, NULL, NULL, NULL),
(7349, 864, 19, NULL, NULL, NULL),
(7350, 865, 19, NULL, NULL, NULL),
(7351, 866, 19, NULL, NULL, NULL),
(7352, 867, 19, NULL, NULL, NULL),
(7353, 868, 19, NULL, NULL, NULL),
(7354, 869, 19, NULL, NULL, NULL),
(7355, 870, 19, NULL, NULL, NULL),
(7356, 871, 19, NULL, NULL, NULL),
(7357, 872, 19, NULL, NULL, NULL),
(7358, 873, 19, NULL, NULL, NULL),
(7359, 874, 19, NULL, NULL, NULL),
(7360, 875, 19, NULL, NULL, NULL),
(7361, 876, 19, NULL, NULL, NULL),
(7362, 877, 19, NULL, NULL, NULL),
(7363, 878, 19, NULL, NULL, NULL),
(7364, 879, 19, NULL, NULL, NULL),
(7365, 880, 19, NULL, NULL, NULL),
(7366, 881, 19, NULL, NULL, NULL),
(7367, 882, 19, NULL, NULL, NULL),
(7368, 883, 19, NULL, NULL, NULL),
(7369, 884, 19, NULL, NULL, NULL),
(7370, 885, 19, NULL, NULL, NULL),
(7371, 886, 19, NULL, NULL, NULL),
(7372, 887, 19, NULL, NULL, NULL),
(7373, 888, 19, NULL, NULL, NULL),
(7374, 889, 19, NULL, NULL, NULL),
(7375, 890, 19, NULL, NULL, NULL),
(7376, 891, 19, NULL, NULL, NULL),
(7377, 892, 19, NULL, NULL, NULL),
(7378, 893, 19, NULL, NULL, NULL),
(7379, 894, 19, NULL, NULL, NULL),
(7380, 895, 19, NULL, NULL, NULL),
(7381, 896, 19, NULL, NULL, NULL),
(7382, 897, 19, NULL, NULL, NULL),
(7383, 898, 19, NULL, NULL, NULL),
(7384, 899, 19, NULL, NULL, NULL),
(7385, 900, 19, NULL, NULL, NULL),
(7386, 901, 19, NULL, NULL, NULL),
(7387, 902, 19, NULL, NULL, NULL),
(7388, 903, 19, NULL, NULL, NULL),
(7389, 904, 19, NULL, NULL, NULL),
(7390, 905, 19, NULL, NULL, NULL),
(7391, 906, 19, NULL, NULL, NULL),
(7392, 907, 19, NULL, NULL, NULL),
(7393, 908, 19, NULL, NULL, NULL),
(7394, 909, 19, NULL, NULL, NULL),
(7395, 910, 19, NULL, NULL, NULL),
(7396, 911, 19, NULL, NULL, NULL),
(7397, 912, 19, NULL, NULL, NULL),
(7398, 913, 19, NULL, NULL, NULL),
(7399, 914, 19, NULL, NULL, NULL),
(7400, 915, 19, NULL, NULL, NULL),
(7401, 916, 19, NULL, NULL, NULL),
(7402, 917, 19, NULL, NULL, NULL),
(7403, 918, 19, NULL, NULL, NULL),
(7404, 919, 19, NULL, NULL, NULL),
(7405, 920, 19, NULL, NULL, NULL),
(7406, 921, 19, NULL, NULL, NULL),
(7407, 922, 19, NULL, NULL, NULL),
(7408, 923, 19, NULL, NULL, NULL),
(7409, 924, 19, NULL, NULL, NULL),
(7410, 925, 19, NULL, NULL, NULL),
(7411, 926, 19, NULL, NULL, NULL),
(7412, 927, 19, NULL, NULL, NULL),
(7413, 928, 19, NULL, NULL, NULL),
(7414, 929, 19, NULL, NULL, NULL),
(7415, 930, 19, NULL, NULL, NULL),
(7416, 931, 19, NULL, NULL, NULL),
(7417, 932, 19, NULL, NULL, NULL),
(7418, 933, 19, NULL, NULL, NULL),
(7419, 934, 19, NULL, NULL, NULL),
(7420, 935, 19, NULL, NULL, NULL),
(7421, 936, 19, NULL, NULL, NULL),
(7422, 937, 19, NULL, NULL, NULL),
(7423, 938, 19, NULL, NULL, NULL),
(7424, 939, 19, NULL, NULL, NULL),
(7425, 940, 19, NULL, NULL, NULL),
(7426, 941, 19, NULL, NULL, NULL),
(7427, 942, 19, NULL, NULL, NULL),
(7428, 943, 19, NULL, NULL, NULL),
(7429, 944, 19, NULL, NULL, NULL),
(7430, 945, 19, NULL, NULL, NULL),
(7431, 946, 19, NULL, NULL, NULL),
(7432, 947, 19, NULL, NULL, NULL),
(7433, 948, 19, NULL, NULL, NULL),
(7434, 949, 19, NULL, NULL, NULL),
(7435, 950, 19, NULL, NULL, NULL),
(7436, 951, 19, NULL, NULL, NULL),
(7437, 952, 19, NULL, NULL, NULL),
(7438, 953, 19, NULL, NULL, NULL),
(7439, 954, 19, NULL, NULL, NULL),
(7440, 955, 19, NULL, NULL, NULL),
(7441, 956, 19, NULL, NULL, NULL),
(7442, 957, 19, NULL, NULL, NULL),
(7443, 958, 19, NULL, NULL, NULL),
(7444, 959, 19, NULL, NULL, NULL),
(7445, 960, 19, NULL, NULL, NULL),
(7446, 961, 19, NULL, NULL, NULL),
(7447, 962, 19, NULL, NULL, NULL),
(7448, 963, 19, NULL, NULL, NULL),
(7449, 964, 19, NULL, NULL, NULL),
(7450, 965, 19, NULL, NULL, NULL),
(7451, 966, 19, NULL, NULL, NULL),
(7452, 967, 19, NULL, NULL, NULL),
(7453, 968, 19, NULL, NULL, NULL),
(7454, 969, 19, NULL, NULL, NULL),
(7455, 970, 19, NULL, NULL, NULL),
(7456, 971, 19, NULL, NULL, NULL),
(7457, 972, 19, NULL, NULL, NULL),
(7458, 973, 19, NULL, NULL, NULL),
(7459, 974, 19, NULL, NULL, NULL),
(7460, 975, 19, NULL, NULL, NULL),
(7461, 976, 19, NULL, NULL, NULL),
(7462, 977, 19, NULL, NULL, NULL),
(7463, 978, 19, NULL, NULL, NULL),
(7464, 979, 19, NULL, NULL, NULL),
(7465, 980, 19, NULL, NULL, NULL),
(7466, 981, 19, NULL, NULL, NULL),
(7467, 982, 19, NULL, NULL, NULL),
(7468, 983, 19, NULL, NULL, NULL),
(7469, 984, 19, NULL, NULL, NULL),
(7470, 985, 19, NULL, NULL, NULL),
(7471, 986, 19, NULL, NULL, NULL),
(7472, 987, 19, NULL, NULL, NULL),
(7473, 988, 19, NULL, NULL, NULL),
(7474, 989, 19, NULL, NULL, NULL),
(7475, 990, 19, NULL, NULL, NULL),
(7476, 991, 19, NULL, NULL, NULL),
(7477, 992, 19, NULL, NULL, NULL),
(7478, 993, 19, NULL, NULL, NULL),
(7479, 994, 19, NULL, NULL, NULL),
(7480, 995, 19, NULL, NULL, NULL),
(7481, 996, 19, NULL, NULL, NULL),
(7482, 997, 19, NULL, NULL, NULL),
(7483, 998, 19, NULL, NULL, NULL),
(7484, 999, 19, NULL, NULL, NULL),
(7485, 1000, 19, NULL, NULL, NULL),
(7486, 1001, 19, NULL, NULL, NULL),
(7487, 1002, 19, NULL, NULL, NULL),
(7488, 1003, 19, NULL, NULL, NULL),
(7489, 1004, 19, NULL, NULL, NULL),
(7490, 1005, 19, NULL, NULL, NULL),
(7491, 1006, 19, NULL, NULL, NULL),
(7492, 1007, 19, NULL, NULL, NULL),
(7493, 1008, 19, NULL, NULL, NULL),
(7494, 1009, 19, NULL, NULL, NULL),
(7495, 1010, 19, NULL, NULL, NULL),
(7496, 1011, 19, NULL, NULL, NULL),
(7497, 1012, 19, NULL, NULL, NULL),
(7498, 1013, 19, NULL, NULL, NULL),
(7499, 1014, 19, NULL, NULL, NULL),
(7500, 1015, 19, NULL, NULL, NULL),
(7501, 1016, 19, NULL, NULL, NULL),
(7502, 1017, 19, NULL, NULL, NULL),
(7503, 1018, 19, NULL, NULL, NULL),
(7504, 1019, 19, NULL, NULL, NULL),
(7505, 1020, 19, NULL, NULL, NULL),
(7506, 1021, 19, NULL, NULL, NULL),
(7507, 1022, 19, NULL, NULL, NULL),
(7508, 1023, 19, NULL, NULL, NULL),
(7509, 1024, 19, NULL, NULL, NULL),
(7510, 1025, 19, NULL, NULL, NULL),
(7511, 1026, 19, NULL, NULL, NULL),
(7512, 1027, 19, NULL, NULL, NULL),
(7513, 1028, 19, NULL, NULL, NULL),
(7514, 1029, 19, NULL, NULL, NULL),
(7515, 1030, 19, NULL, NULL, NULL),
(7516, 1031, 19, NULL, NULL, NULL),
(7517, 1032, 19, NULL, NULL, NULL),
(7518, 1033, 19, NULL, NULL, NULL),
(7519, 1034, 19, NULL, NULL, NULL),
(7520, 1035, 19, NULL, NULL, NULL),
(7521, 1036, 19, NULL, NULL, NULL),
(7522, 1037, 19, NULL, NULL, NULL),
(7523, 1038, 19, NULL, NULL, NULL),
(7524, 1039, 19, NULL, NULL, NULL),
(7525, 1040, 19, NULL, NULL, NULL),
(7526, 1041, 19, NULL, NULL, NULL),
(7527, 1042, 19, NULL, NULL, NULL),
(7528, 1043, 19, NULL, NULL, NULL),
(7529, 1044, 19, NULL, NULL, NULL),
(7530, 1045, 19, NULL, NULL, NULL),
(7531, 1046, 19, NULL, NULL, NULL),
(7532, 1047, 19, NULL, NULL, NULL),
(7533, 1048, 19, NULL, NULL, NULL),
(7534, 1049, 19, NULL, NULL, NULL),
(7535, 1050, 19, NULL, NULL, NULL),
(7536, 1051, 19, NULL, NULL, NULL),
(7537, 1052, 19, NULL, NULL, NULL),
(7538, 1053, 19, NULL, NULL, NULL),
(7539, 1054, 19, NULL, NULL, NULL),
(7540, 1055, 19, NULL, NULL, NULL),
(7541, 1056, 19, NULL, NULL, NULL),
(7542, 1057, 19, NULL, NULL, NULL),
(7543, 1058, 19, NULL, NULL, NULL),
(7544, 1059, 19, NULL, NULL, NULL),
(7545, 1060, 19, NULL, NULL, NULL),
(7546, 1061, 19, NULL, NULL, NULL),
(7547, 1062, 19, NULL, NULL, NULL),
(7548, 1063, 19, NULL, NULL, NULL),
(7549, 1064, 19, NULL, NULL, NULL),
(7550, 1065, 19, NULL, NULL, NULL),
(7551, 1066, 19, NULL, NULL, NULL),
(7552, 1067, 19, NULL, NULL, NULL),
(7553, 1068, 19, NULL, NULL, NULL),
(7554, 1069, 19, NULL, NULL, NULL),
(7555, 1070, 19, NULL, NULL, NULL),
(7556, 1071, 19, NULL, NULL, NULL),
(7557, 1072, 19, NULL, NULL, NULL),
(7558, 1073, 19, NULL, NULL, NULL),
(7559, 1074, 19, NULL, NULL, NULL),
(7560, 1075, 19, NULL, NULL, NULL),
(7561, 1076, 19, NULL, NULL, NULL),
(7562, 1077, 19, NULL, NULL, NULL),
(7563, 1078, 19, NULL, NULL, NULL),
(7564, 1079, 19, NULL, NULL, NULL),
(7565, 1080, 19, NULL, NULL, NULL),
(7566, 1081, 19, NULL, NULL, NULL),
(7567, 1082, 19, NULL, NULL, NULL),
(7568, 1083, 19, NULL, NULL, NULL),
(7569, 1084, 19, NULL, NULL, NULL),
(7570, 1085, 19, NULL, NULL, NULL),
(7571, 1086, 19, NULL, NULL, NULL),
(7572, 1087, 19, NULL, NULL, NULL),
(7573, 1088, 19, NULL, NULL, NULL),
(7574, 1089, 19, NULL, NULL, NULL),
(7575, 1090, 19, NULL, NULL, NULL),
(7576, 1091, 19, NULL, NULL, NULL),
(7577, 1092, 19, NULL, NULL, NULL),
(7578, 1093, 19, NULL, NULL, NULL),
(7579, 1094, 19, NULL, NULL, NULL),
(7580, 1095, 19, NULL, NULL, NULL),
(7581, 1096, 19, NULL, NULL, NULL),
(7582, 1097, 19, NULL, NULL, NULL),
(7583, 1098, 19, NULL, NULL, NULL),
(7584, 1099, 19, NULL, NULL, NULL),
(7585, 1100, 19, NULL, NULL, NULL),
(7586, 1101, 19, NULL, NULL, NULL),
(7587, 1102, 19, NULL, NULL, NULL),
(7588, 1103, 19, NULL, NULL, NULL),
(7589, 1104, 19, NULL, NULL, NULL),
(7590, 1105, 19, NULL, NULL, NULL),
(7591, 1106, 19, NULL, NULL, NULL),
(7592, 1107, 19, NULL, NULL, NULL),
(7593, 1108, 19, NULL, NULL, NULL),
(7594, 1109, 19, NULL, NULL, NULL),
(7595, 1110, 19, NULL, NULL, NULL),
(7596, 1111, 19, NULL, NULL, NULL),
(7597, 1112, 19, NULL, NULL, NULL),
(7598, 1113, 19, NULL, NULL, NULL),
(7599, 1114, 19, NULL, NULL, NULL),
(7600, 1115, 19, NULL, NULL, NULL),
(7601, 1116, 19, NULL, NULL, NULL),
(7602, 1117, 19, NULL, NULL, NULL),
(7603, 1118, 19, NULL, NULL, NULL),
(7604, 1119, 19, NULL, NULL, NULL),
(7605, 1120, 19, NULL, NULL, NULL),
(7606, 1121, 19, NULL, NULL, NULL),
(7607, 1122, 19, NULL, NULL, NULL),
(7608, 1123, 19, NULL, NULL, NULL),
(7609, 1124, 19, NULL, NULL, NULL),
(7610, 1125, 19, NULL, NULL, NULL),
(7611, 1126, 19, NULL, NULL, NULL),
(7612, 1127, 19, NULL, NULL, NULL),
(7613, 1128, 19, NULL, NULL, NULL),
(7614, 1129, 19, NULL, NULL, NULL),
(7615, 1130, 19, NULL, NULL, NULL),
(7616, 1131, 19, NULL, NULL, NULL),
(7617, 1132, 19, NULL, NULL, NULL),
(7618, 1133, 19, NULL, NULL, NULL),
(7619, 1134, 19, NULL, NULL, NULL),
(7620, 1135, 19, NULL, NULL, NULL),
(7621, 1136, 19, NULL, NULL, NULL),
(7622, 1137, 19, NULL, NULL, NULL),
(7623, 1138, 19, NULL, NULL, NULL),
(7624, 1139, 19, NULL, NULL, NULL),
(7625, 1140, 19, NULL, NULL, NULL),
(7626, 1141, 19, NULL, NULL, NULL),
(7627, 1142, 19, NULL, NULL, NULL),
(7628, 1143, 19, NULL, NULL, NULL),
(7629, 1144, 19, NULL, NULL, NULL),
(7630, 1145, 19, NULL, NULL, NULL),
(7631, 1146, 19, NULL, NULL, NULL),
(7632, 1147, 19, NULL, NULL, NULL),
(7633, 1148, 19, NULL, NULL, NULL),
(7634, 1149, 19, NULL, NULL, NULL),
(7635, 1150, 19, NULL, NULL, NULL),
(7636, 1151, 19, NULL, NULL, NULL),
(7637, 1152, 19, NULL, NULL, NULL),
(7638, 1153, 19, NULL, NULL, NULL),
(7639, 1154, 19, NULL, NULL, NULL),
(7640, 1155, 19, NULL, NULL, NULL),
(7641, 1156, 19, NULL, NULL, NULL),
(7642, 1157, 19, NULL, NULL, NULL),
(7643, 1158, 19, NULL, NULL, NULL),
(7644, 1159, 19, NULL, NULL, NULL),
(7645, 1160, 19, NULL, NULL, NULL),
(7646, 1161, 19, NULL, NULL, NULL),
(7647, 1162, 19, NULL, NULL, NULL),
(7648, 1163, 19, NULL, NULL, NULL),
(7649, 1164, 19, NULL, NULL, NULL),
(7650, 1165, 19, NULL, NULL, NULL),
(7651, 1166, 19, NULL, NULL, NULL),
(7652, 1167, 19, NULL, NULL, NULL),
(7653, 1168, 19, NULL, NULL, NULL),
(7654, 1169, 19, NULL, NULL, NULL),
(7655, 1170, 19, NULL, NULL, NULL),
(7656, 1171, 19, NULL, NULL, NULL),
(7657, 1172, 19, NULL, NULL, NULL),
(7658, 1173, 19, NULL, NULL, NULL),
(7659, 1174, 19, NULL, NULL, NULL),
(7660, 1175, 19, NULL, NULL, NULL),
(7661, 1176, 19, NULL, NULL, NULL),
(7662, 1177, 19, NULL, NULL, NULL),
(7663, 1178, 19, NULL, NULL, NULL),
(7664, 1179, 19, NULL, NULL, NULL),
(7665, 1180, 19, NULL, NULL, NULL),
(7666, 1181, 19, NULL, NULL, NULL),
(7667, 1182, 19, NULL, NULL, NULL),
(7668, 1183, 19, NULL, NULL, NULL),
(7669, 1184, 19, NULL, NULL, NULL),
(7670, 1185, 19, NULL, NULL, NULL),
(7671, 1186, 19, NULL, NULL, NULL),
(7672, 1187, 19, NULL, NULL, NULL),
(7673, 1188, 19, NULL, NULL, NULL),
(7674, 1189, 19, NULL, NULL, NULL),
(7675, 1190, 19, NULL, NULL, NULL),
(7676, 1191, 19, NULL, NULL, NULL),
(7677, 1192, 19, NULL, NULL, NULL),
(7678, 1193, 19, NULL, NULL, NULL),
(7679, 1194, 19, NULL, NULL, NULL),
(7680, 1195, 19, NULL, NULL, NULL),
(7681, 1196, 19, NULL, NULL, NULL),
(7682, 1197, 19, NULL, NULL, NULL),
(7683, 1198, 19, NULL, NULL, NULL),
(7684, 1199, 19, NULL, NULL, NULL),
(7685, 1200, 19, NULL, NULL, NULL),
(7686, 1201, 19, NULL, NULL, NULL),
(7687, 1202, 19, NULL, NULL, NULL),
(7688, 1203, 19, NULL, NULL, NULL),
(7689, 1204, 19, NULL, NULL, NULL),
(7690, 1205, 19, NULL, NULL, NULL),
(7691, 1206, 19, NULL, NULL, NULL),
(7692, 1207, 19, NULL, NULL, NULL),
(7693, 1208, 19, NULL, NULL, NULL),
(7694, 1209, 19, NULL, NULL, NULL),
(7695, 1210, 19, NULL, NULL, NULL),
(7696, 1211, 19, NULL, NULL, NULL),
(7697, 1212, 19, NULL, NULL, NULL),
(7698, 1213, 19, NULL, NULL, NULL),
(7699, 1214, 19, NULL, NULL, NULL),
(7700, 1215, 19, NULL, NULL, NULL),
(7701, 1216, 19, NULL, NULL, NULL),
(7702, 1217, 19, NULL, NULL, NULL),
(7703, 1218, 19, NULL, NULL, NULL),
(7704, 1219, 19, NULL, NULL, NULL),
(7705, 1220, 19, NULL, NULL, NULL),
(7706, 1221, 19, NULL, NULL, NULL),
(7707, 1222, 19, NULL, NULL, NULL),
(7708, 1223, 19, NULL, NULL, NULL),
(7709, 1224, 19, NULL, NULL, NULL),
(7710, 1225, 19, NULL, NULL, NULL),
(7711, 1226, 19, NULL, NULL, NULL),
(7712, 1227, 19, NULL, NULL, NULL),
(7713, 1228, 19, NULL, NULL, NULL),
(7714, 1229, 19, NULL, NULL, NULL),
(7715, 1230, 19, NULL, NULL, NULL),
(7716, 1231, 19, NULL, NULL, NULL),
(7717, 1232, 19, NULL, NULL, NULL),
(7718, 1233, 19, NULL, NULL, NULL),
(7719, 1234, 19, NULL, NULL, NULL),
(7720, 1235, 19, NULL, NULL, NULL),
(7721, 1236, 19, NULL, NULL, NULL),
(7722, 1237, 19, NULL, NULL, NULL),
(7723, 1238, 19, NULL, NULL, NULL),
(7724, 1239, 19, NULL, NULL, NULL),
(7725, 1240, 19, NULL, NULL, NULL),
(7726, 1241, 19, NULL, NULL, NULL),
(7727, 1242, 19, NULL, NULL, NULL),
(7728, 1243, 19, NULL, NULL, NULL),
(7729, 1244, 19, NULL, NULL, NULL),
(7730, 1245, 19, NULL, NULL, NULL),
(7731, 1246, 19, NULL, NULL, NULL),
(7732, 1247, 19, NULL, NULL, NULL),
(7733, 1248, 19, NULL, NULL, NULL),
(7734, 1249, 19, NULL, NULL, NULL),
(7735, 1250, 19, NULL, NULL, NULL),
(7736, 1251, 19, NULL, NULL, NULL),
(7737, 1252, 19, NULL, NULL, NULL),
(7738, 1253, 19, NULL, NULL, NULL),
(7739, 1254, 19, NULL, NULL, NULL),
(7740, 1255, 19, NULL, NULL, NULL),
(7741, 826, 20, NULL, NULL, NULL),
(7742, 827, 20, NULL, NULL, NULL),
(7743, 828, 20, NULL, NULL, NULL),
(7744, 829, 20, NULL, NULL, NULL),
(7745, 830, 20, NULL, NULL, NULL),
(7746, 831, 20, NULL, NULL, NULL),
(7747, 832, 20, NULL, NULL, NULL),
(7748, 833, 20, NULL, NULL, NULL),
(7749, 834, 20, NULL, NULL, NULL),
(7750, 835, 20, NULL, NULL, NULL),
(7751, 836, 20, NULL, NULL, NULL),
(7752, 837, 20, NULL, NULL, NULL),
(7753, 838, 20, NULL, NULL, NULL),
(7754, 839, 20, NULL, NULL, NULL),
(7755, 840, 20, NULL, NULL, NULL),
(7756, 841, 20, NULL, NULL, NULL),
(7757, 842, 20, NULL, NULL, NULL),
(7758, 843, 20, NULL, NULL, NULL),
(7759, 844, 20, NULL, NULL, NULL),
(7760, 845, 20, NULL, NULL, NULL),
(7761, 846, 20, NULL, NULL, NULL),
(7762, 847, 20, NULL, NULL, NULL),
(7763, 848, 20, NULL, NULL, NULL),
(7764, 849, 20, NULL, NULL, NULL),
(7765, 850, 20, NULL, NULL, NULL),
(7766, 851, 20, NULL, NULL, NULL),
(7767, 852, 20, NULL, NULL, NULL),
(7768, 853, 20, NULL, NULL, NULL),
(7769, 854, 20, NULL, NULL, NULL),
(7770, 855, 20, NULL, NULL, NULL),
(7771, 856, 20, NULL, NULL, NULL),
(7772, 857, 20, NULL, NULL, NULL),
(7773, 858, 20, NULL, NULL, NULL),
(7774, 859, 20, NULL, NULL, NULL),
(7775, 860, 20, NULL, NULL, NULL),
(7776, 861, 20, NULL, NULL, NULL),
(7777, 862, 20, NULL, NULL, NULL),
(7778, 863, 20, NULL, NULL, NULL),
(7779, 864, 20, NULL, NULL, NULL),
(7780, 865, 20, NULL, NULL, NULL),
(7781, 866, 20, NULL, NULL, NULL),
(7782, 867, 20, NULL, NULL, NULL),
(7783, 868, 20, NULL, NULL, NULL),
(7784, 869, 20, NULL, NULL, NULL),
(7785, 870, 20, NULL, NULL, NULL),
(7786, 871, 20, NULL, NULL, NULL),
(7787, 872, 20, NULL, NULL, NULL),
(7788, 873, 20, NULL, NULL, NULL),
(7789, 874, 20, NULL, NULL, NULL),
(7790, 875, 20, NULL, NULL, NULL),
(7791, 876, 20, NULL, NULL, NULL),
(7792, 877, 20, NULL, NULL, NULL),
(7793, 878, 20, NULL, NULL, NULL),
(7794, 879, 20, NULL, NULL, NULL),
(7795, 880, 20, NULL, NULL, NULL),
(7796, 881, 20, NULL, NULL, NULL),
(7797, 882, 20, NULL, NULL, NULL),
(7798, 883, 20, NULL, NULL, NULL),
(7799, 884, 20, NULL, NULL, NULL),
(7800, 885, 20, NULL, NULL, NULL),
(7801, 886, 20, NULL, NULL, NULL),
(7802, 887, 20, NULL, NULL, NULL),
(7803, 888, 20, NULL, NULL, NULL),
(7804, 889, 20, NULL, NULL, NULL),
(7805, 890, 20, NULL, NULL, NULL),
(7806, 891, 20, NULL, NULL, NULL),
(7807, 892, 20, NULL, NULL, NULL),
(7808, 893, 20, NULL, NULL, NULL),
(7809, 894, 20, NULL, NULL, NULL),
(7810, 895, 20, NULL, NULL, NULL),
(7811, 896, 20, NULL, NULL, NULL),
(7812, 897, 20, NULL, NULL, NULL),
(7813, 898, 20, NULL, NULL, NULL),
(7814, 899, 20, NULL, NULL, NULL),
(7815, 900, 20, NULL, NULL, NULL),
(7816, 901, 20, NULL, NULL, NULL),
(7817, 902, 20, NULL, NULL, NULL),
(7818, 903, 20, NULL, NULL, NULL),
(7819, 904, 20, NULL, NULL, NULL),
(7820, 905, 20, NULL, NULL, NULL),
(7821, 906, 20, NULL, NULL, NULL),
(7822, 907, 20, NULL, NULL, NULL),
(7823, 908, 20, NULL, NULL, NULL),
(7824, 909, 20, NULL, NULL, NULL),
(7825, 910, 20, NULL, NULL, NULL),
(7826, 911, 20, NULL, NULL, NULL),
(7827, 912, 20, NULL, NULL, NULL),
(7828, 913, 20, NULL, NULL, NULL),
(7829, 914, 20, NULL, NULL, NULL),
(7830, 915, 20, NULL, NULL, NULL),
(7831, 916, 20, NULL, NULL, NULL),
(7832, 917, 20, NULL, NULL, NULL),
(7833, 918, 20, NULL, NULL, NULL),
(7834, 919, 20, NULL, NULL, NULL),
(7835, 920, 20, NULL, NULL, NULL),
(7836, 921, 20, NULL, NULL, NULL),
(7837, 922, 20, NULL, NULL, NULL),
(7838, 923, 20, NULL, NULL, NULL),
(7839, 924, 20, NULL, NULL, NULL),
(7840, 925, 20, NULL, NULL, NULL),
(7841, 926, 20, NULL, NULL, NULL),
(7842, 927, 20, NULL, NULL, NULL),
(7843, 928, 20, NULL, NULL, NULL),
(7844, 929, 20, NULL, NULL, NULL),
(7845, 930, 20, NULL, NULL, NULL),
(7846, 931, 20, NULL, NULL, NULL),
(7847, 932, 20, NULL, NULL, NULL),
(7848, 933, 20, NULL, NULL, NULL),
(7849, 934, 20, NULL, NULL, NULL),
(7850, 935, 20, NULL, NULL, NULL),
(7851, 936, 20, NULL, NULL, NULL),
(7852, 937, 20, NULL, NULL, NULL),
(7853, 938, 20, NULL, NULL, NULL),
(7854, 939, 20, NULL, NULL, NULL),
(7855, 940, 20, NULL, NULL, NULL),
(7856, 941, 20, NULL, NULL, NULL),
(7857, 942, 20, NULL, NULL, NULL),
(7858, 943, 20, NULL, NULL, NULL),
(7859, 944, 20, NULL, NULL, NULL),
(7860, 945, 20, NULL, NULL, NULL),
(7861, 946, 20, NULL, NULL, NULL),
(7862, 947, 20, NULL, NULL, NULL),
(7863, 948, 20, NULL, NULL, NULL),
(7864, 949, 20, NULL, NULL, NULL),
(7865, 950, 20, NULL, NULL, NULL),
(7866, 951, 20, NULL, NULL, NULL),
(7867, 952, 20, NULL, NULL, NULL),
(7868, 953, 20, NULL, NULL, NULL),
(7869, 954, 20, NULL, NULL, NULL),
(7870, 955, 20, NULL, NULL, NULL),
(7871, 956, 20, NULL, NULL, NULL),
(7872, 957, 20, NULL, NULL, NULL),
(7873, 958, 20, NULL, NULL, NULL),
(7874, 959, 20, NULL, NULL, NULL),
(7875, 960, 20, NULL, NULL, NULL),
(7876, 961, 20, NULL, NULL, NULL),
(7877, 962, 20, NULL, NULL, NULL),
(7878, 963, 20, NULL, NULL, NULL),
(7879, 964, 20, NULL, NULL, NULL),
(7880, 965, 20, NULL, NULL, NULL),
(7881, 966, 20, NULL, NULL, NULL),
(7882, 967, 20, NULL, NULL, NULL),
(7883, 968, 20, NULL, NULL, NULL),
(7884, 969, 20, NULL, NULL, NULL),
(7885, 970, 20, NULL, NULL, NULL),
(7886, 971, 20, NULL, NULL, NULL),
(7887, 972, 20, NULL, NULL, NULL),
(7888, 973, 20, NULL, NULL, NULL),
(7889, 974, 20, NULL, NULL, NULL),
(7890, 975, 20, NULL, NULL, NULL),
(7891, 976, 20, NULL, NULL, NULL),
(7892, 977, 20, NULL, NULL, NULL),
(7893, 978, 20, NULL, NULL, NULL),
(7894, 979, 20, NULL, NULL, NULL),
(7895, 980, 20, NULL, NULL, NULL),
(7896, 981, 20, NULL, NULL, NULL),
(7897, 982, 20, NULL, NULL, NULL),
(7898, 983, 20, NULL, NULL, NULL),
(7899, 984, 20, NULL, NULL, NULL),
(7900, 985, 20, NULL, NULL, NULL),
(7901, 986, 20, NULL, NULL, NULL),
(7902, 987, 20, NULL, NULL, NULL),
(7903, 988, 20, NULL, NULL, NULL),
(7904, 989, 20, NULL, NULL, NULL),
(7905, 990, 20, NULL, NULL, NULL),
(7906, 991, 20, NULL, NULL, NULL),
(7907, 992, 20, NULL, NULL, NULL),
(7908, 993, 20, NULL, NULL, NULL),
(7909, 994, 20, NULL, NULL, NULL),
(7910, 995, 20, NULL, NULL, NULL),
(7911, 996, 20, NULL, NULL, NULL),
(7912, 997, 20, NULL, NULL, NULL),
(7913, 998, 20, NULL, NULL, NULL),
(7914, 999, 20, NULL, NULL, NULL),
(7915, 1000, 20, NULL, NULL, NULL),
(7916, 1001, 20, NULL, NULL, NULL),
(7917, 1002, 20, NULL, NULL, NULL),
(7918, 1003, 20, NULL, NULL, NULL),
(7919, 1004, 20, NULL, NULL, NULL),
(7920, 1005, 20, NULL, NULL, NULL),
(7921, 1006, 20, NULL, NULL, NULL),
(7922, 1007, 20, NULL, NULL, NULL),
(7923, 1008, 20, NULL, NULL, NULL),
(7924, 1009, 20, NULL, NULL, NULL),
(7925, 1010, 20, NULL, NULL, NULL),
(7926, 1011, 20, NULL, NULL, NULL),
(7927, 1012, 20, NULL, NULL, NULL),
(7928, 1013, 20, NULL, NULL, NULL),
(7929, 1014, 20, NULL, NULL, NULL),
(7930, 1015, 20, NULL, NULL, NULL),
(7931, 1016, 20, NULL, NULL, NULL),
(7932, 1017, 20, NULL, NULL, NULL),
(7933, 1018, 20, NULL, NULL, NULL),
(7934, 1019, 20, NULL, NULL, NULL),
(7935, 1020, 20, NULL, NULL, NULL),
(7936, 1021, 20, NULL, NULL, NULL),
(7937, 1022, 20, NULL, NULL, NULL),
(7938, 1023, 20, NULL, NULL, NULL),
(7939, 1024, 20, NULL, NULL, NULL),
(7940, 1025, 20, NULL, NULL, NULL),
(7941, 1026, 20, NULL, NULL, NULL),
(7942, 1027, 20, NULL, NULL, NULL),
(7943, 1028, 20, NULL, NULL, NULL),
(7944, 1029, 20, NULL, NULL, NULL),
(7945, 1030, 20, NULL, NULL, NULL),
(7946, 1031, 20, NULL, NULL, NULL),
(7947, 1032, 20, NULL, NULL, NULL),
(7948, 1033, 20, NULL, NULL, NULL),
(7949, 1034, 20, NULL, NULL, NULL),
(7950, 1035, 20, NULL, NULL, NULL),
(7951, 1036, 20, NULL, NULL, NULL),
(7952, 1037, 20, NULL, NULL, NULL),
(7953, 1038, 20, NULL, NULL, NULL),
(7954, 1039, 20, NULL, NULL, NULL),
(7955, 1040, 20, NULL, NULL, NULL),
(7956, 1041, 20, NULL, NULL, NULL),
(7957, 1042, 20, NULL, NULL, NULL),
(7958, 1043, 20, NULL, NULL, NULL),
(7959, 1044, 20, NULL, NULL, NULL),
(7960, 1045, 20, NULL, NULL, NULL),
(7961, 1046, 20, NULL, NULL, NULL);
INSERT INTO `branch_services` (`id`, `branch_id`, `service_id`, `deleted_at`, `created_at`, `updated_at`) VALUES
(7962, 1047, 20, NULL, NULL, NULL),
(7963, 1048, 20, NULL, NULL, NULL),
(7964, 1049, 20, NULL, NULL, NULL),
(7965, 1050, 20, NULL, NULL, NULL),
(7966, 1051, 20, NULL, NULL, NULL),
(7967, 1052, 20, NULL, NULL, NULL),
(7968, 1053, 20, NULL, NULL, NULL),
(7969, 1054, 20, NULL, NULL, NULL),
(7970, 1055, 20, NULL, NULL, NULL),
(7971, 1056, 20, NULL, NULL, NULL),
(7972, 1057, 20, NULL, NULL, NULL),
(7973, 1058, 20, NULL, NULL, NULL),
(7974, 1059, 20, NULL, NULL, NULL),
(7975, 1060, 20, NULL, NULL, NULL),
(7976, 1061, 20, NULL, NULL, NULL),
(7977, 1062, 20, NULL, NULL, NULL),
(7978, 1063, 20, NULL, NULL, NULL),
(7979, 1064, 20, NULL, NULL, NULL),
(7980, 1065, 20, NULL, NULL, NULL),
(7981, 1066, 20, NULL, NULL, NULL),
(7982, 1067, 20, NULL, NULL, NULL),
(7983, 1068, 20, NULL, NULL, NULL),
(7984, 1069, 20, NULL, NULL, NULL),
(7985, 1070, 20, NULL, NULL, NULL),
(7986, 1071, 20, NULL, NULL, NULL),
(7987, 1072, 20, NULL, NULL, NULL),
(7988, 1073, 20, NULL, NULL, NULL),
(7989, 1074, 20, NULL, NULL, NULL),
(7990, 1075, 20, NULL, NULL, NULL),
(7991, 1076, 20, NULL, NULL, NULL),
(7992, 1077, 20, NULL, NULL, NULL),
(7993, 1078, 20, NULL, NULL, NULL),
(7994, 1079, 20, NULL, NULL, NULL),
(7995, 1080, 20, NULL, NULL, NULL),
(7996, 1081, 20, NULL, NULL, NULL),
(7997, 1082, 20, NULL, NULL, NULL),
(7998, 1083, 20, NULL, NULL, NULL),
(7999, 1084, 20, NULL, NULL, NULL),
(8000, 1085, 20, NULL, NULL, NULL),
(8001, 1086, 20, NULL, NULL, NULL),
(8002, 1087, 20, NULL, NULL, NULL),
(8003, 1088, 20, NULL, NULL, NULL),
(8004, 1089, 20, NULL, NULL, NULL),
(8005, 1090, 20, NULL, NULL, NULL),
(8006, 1091, 20, NULL, NULL, NULL),
(8007, 1092, 20, NULL, NULL, NULL),
(8008, 1093, 20, NULL, NULL, NULL),
(8009, 1094, 20, NULL, NULL, NULL),
(8010, 1095, 20, NULL, NULL, NULL),
(8011, 1096, 20, NULL, NULL, NULL),
(8012, 1097, 20, NULL, NULL, NULL),
(8013, 1098, 20, NULL, NULL, NULL),
(8014, 1099, 20, NULL, NULL, NULL),
(8015, 1100, 20, NULL, NULL, NULL),
(8016, 1101, 20, NULL, NULL, NULL),
(8017, 1102, 20, NULL, NULL, NULL),
(8018, 1103, 20, NULL, NULL, NULL),
(8019, 1104, 20, NULL, NULL, NULL),
(8020, 1105, 20, NULL, NULL, NULL),
(8021, 1106, 20, NULL, NULL, NULL),
(8022, 1107, 20, NULL, NULL, NULL),
(8023, 1108, 20, NULL, NULL, NULL),
(8024, 1109, 20, NULL, NULL, NULL),
(8025, 1110, 20, NULL, NULL, NULL),
(8026, 1111, 20, NULL, NULL, NULL),
(8027, 1112, 20, NULL, NULL, NULL),
(8028, 1113, 20, NULL, NULL, NULL),
(8029, 1114, 20, NULL, NULL, NULL),
(8030, 1115, 20, NULL, NULL, NULL),
(8031, 1116, 20, NULL, NULL, NULL),
(8032, 1117, 20, NULL, NULL, NULL),
(8033, 1118, 20, NULL, NULL, NULL),
(8034, 1119, 20, NULL, NULL, NULL),
(8035, 1120, 20, NULL, NULL, NULL),
(8036, 1121, 20, NULL, NULL, NULL),
(8037, 1122, 20, NULL, NULL, NULL),
(8038, 1123, 20, NULL, NULL, NULL),
(8039, 1124, 20, NULL, NULL, NULL),
(8040, 1125, 20, NULL, NULL, NULL),
(8041, 1126, 20, NULL, NULL, NULL),
(8042, 1127, 20, NULL, NULL, NULL),
(8043, 1128, 20, NULL, NULL, NULL),
(8044, 1129, 20, NULL, NULL, NULL),
(8045, 1130, 20, NULL, NULL, NULL),
(8046, 1131, 20, NULL, NULL, NULL),
(8047, 1132, 20, NULL, NULL, NULL),
(8048, 1133, 20, NULL, NULL, NULL),
(8049, 1134, 20, NULL, NULL, NULL),
(8050, 1135, 20, NULL, NULL, NULL),
(8051, 1136, 20, NULL, NULL, NULL),
(8052, 1137, 20, NULL, NULL, NULL),
(8053, 1138, 20, NULL, NULL, NULL),
(8054, 1139, 20, NULL, NULL, NULL),
(8055, 1140, 20, NULL, NULL, NULL),
(8056, 1141, 20, NULL, NULL, NULL),
(8057, 1142, 20, NULL, NULL, NULL),
(8058, 1143, 20, NULL, NULL, NULL),
(8059, 1144, 20, NULL, NULL, NULL),
(8060, 1145, 20, NULL, NULL, NULL),
(8061, 1146, 20, NULL, NULL, NULL),
(8062, 1147, 20, NULL, NULL, NULL),
(8063, 1148, 20, NULL, NULL, NULL),
(8064, 1149, 20, NULL, NULL, NULL),
(8065, 1150, 20, NULL, NULL, NULL),
(8066, 1151, 20, NULL, NULL, NULL),
(8067, 1152, 20, NULL, NULL, NULL),
(8068, 1153, 20, NULL, NULL, NULL),
(8069, 1154, 20, NULL, NULL, NULL),
(8070, 1155, 20, NULL, NULL, NULL),
(8071, 1156, 20, NULL, NULL, NULL),
(8072, 1157, 20, NULL, NULL, NULL),
(8073, 1158, 20, NULL, NULL, NULL),
(8074, 1159, 20, NULL, NULL, NULL),
(8075, 1160, 20, NULL, NULL, NULL),
(8076, 1161, 20, NULL, NULL, NULL),
(8077, 1162, 20, NULL, NULL, NULL),
(8078, 1163, 20, NULL, NULL, NULL),
(8079, 1164, 20, NULL, NULL, NULL),
(8080, 1165, 20, NULL, NULL, NULL),
(8081, 1166, 20, NULL, NULL, NULL),
(8082, 1167, 20, NULL, NULL, NULL),
(8083, 1168, 20, NULL, NULL, NULL),
(8084, 1169, 20, NULL, NULL, NULL),
(8085, 1170, 20, NULL, NULL, NULL),
(8086, 1171, 20, NULL, NULL, NULL),
(8087, 1172, 20, NULL, NULL, NULL),
(8088, 1173, 20, NULL, NULL, NULL),
(8089, 1174, 20, NULL, NULL, NULL),
(8090, 1175, 20, NULL, NULL, NULL),
(8091, 1176, 20, NULL, NULL, NULL),
(8092, 1177, 20, NULL, NULL, NULL),
(8093, 1178, 20, NULL, NULL, NULL),
(8094, 1179, 20, NULL, NULL, NULL),
(8095, 1180, 20, NULL, NULL, NULL),
(8096, 1181, 20, NULL, NULL, NULL),
(8097, 1182, 20, NULL, NULL, NULL),
(8098, 1183, 20, NULL, NULL, NULL),
(8099, 1184, 20, NULL, NULL, NULL),
(8100, 1185, 20, NULL, NULL, NULL),
(8101, 1186, 20, NULL, NULL, NULL),
(8102, 1187, 20, NULL, NULL, NULL),
(8103, 1188, 20, NULL, NULL, NULL),
(8104, 1189, 20, NULL, NULL, NULL),
(8105, 1190, 20, NULL, NULL, NULL),
(8106, 1191, 20, NULL, NULL, NULL),
(8107, 1192, 20, NULL, NULL, NULL),
(8108, 1193, 20, NULL, NULL, NULL),
(8109, 1194, 20, NULL, NULL, NULL),
(8110, 1195, 20, NULL, NULL, NULL),
(8111, 1196, 20, NULL, NULL, NULL),
(8112, 1197, 20, NULL, NULL, NULL),
(8113, 1198, 20, NULL, NULL, NULL),
(8114, 1199, 20, NULL, NULL, NULL),
(8115, 1200, 20, NULL, NULL, NULL),
(8116, 1201, 20, NULL, NULL, NULL),
(8117, 1202, 20, NULL, NULL, NULL),
(8118, 1203, 20, NULL, NULL, NULL),
(8119, 1204, 20, NULL, NULL, NULL),
(8120, 1205, 20, NULL, NULL, NULL),
(8121, 1206, 20, NULL, NULL, NULL),
(8122, 1207, 20, NULL, NULL, NULL),
(8123, 1208, 20, NULL, NULL, NULL),
(8124, 1209, 20, NULL, NULL, NULL),
(8125, 1210, 20, NULL, NULL, NULL),
(8126, 1211, 20, NULL, NULL, NULL),
(8127, 1212, 20, NULL, NULL, NULL),
(8128, 1213, 20, NULL, NULL, NULL),
(8129, 1214, 20, NULL, NULL, NULL),
(8130, 1215, 20, NULL, NULL, NULL),
(8131, 1216, 20, NULL, NULL, NULL),
(8132, 1217, 20, NULL, NULL, NULL),
(8133, 1218, 20, NULL, NULL, NULL),
(8134, 1219, 20, NULL, NULL, NULL),
(8135, 1220, 20, NULL, NULL, NULL),
(8136, 1221, 20, NULL, NULL, NULL),
(8137, 1222, 20, NULL, NULL, NULL),
(8138, 1223, 20, NULL, NULL, NULL),
(8139, 1224, 20, NULL, NULL, NULL),
(8140, 1225, 20, NULL, NULL, NULL),
(8141, 1226, 20, NULL, NULL, NULL),
(8142, 1227, 20, NULL, NULL, NULL),
(8143, 1228, 20, NULL, NULL, NULL),
(8144, 1229, 20, NULL, NULL, NULL),
(8145, 1230, 20, NULL, NULL, NULL),
(8146, 1231, 20, NULL, NULL, NULL),
(8147, 1232, 20, NULL, NULL, NULL),
(8148, 1233, 20, NULL, NULL, NULL),
(8149, 1234, 20, NULL, NULL, NULL),
(8150, 1235, 20, NULL, NULL, NULL),
(8151, 1236, 20, NULL, NULL, NULL),
(8152, 1237, 20, NULL, NULL, NULL),
(8153, 1238, 20, NULL, NULL, NULL),
(8154, 1239, 20, NULL, NULL, NULL),
(8155, 1240, 20, NULL, NULL, NULL),
(8156, 1241, 20, NULL, NULL, NULL),
(8157, 1242, 20, NULL, NULL, NULL),
(8158, 1243, 20, NULL, NULL, NULL),
(8159, 1244, 20, NULL, NULL, NULL),
(8160, 1245, 20, NULL, NULL, NULL),
(8161, 1246, 20, NULL, NULL, NULL),
(8162, 1247, 20, NULL, NULL, NULL),
(8163, 1248, 20, NULL, NULL, NULL),
(8164, 1249, 20, NULL, NULL, NULL),
(8165, 1250, 20, NULL, NULL, NULL),
(8166, 1251, 20, NULL, NULL, NULL),
(8167, 1252, 20, NULL, NULL, NULL),
(8168, 1253, 20, NULL, NULL, NULL),
(8169, 1254, 20, NULL, NULL, NULL),
(8170, 1255, 20, NULL, NULL, NULL),
(8171, 826, 21, NULL, NULL, NULL),
(8172, 827, 21, NULL, NULL, NULL),
(8173, 828, 21, NULL, NULL, NULL),
(8174, 829, 21, NULL, NULL, NULL),
(8175, 830, 21, NULL, NULL, NULL),
(8176, 831, 21, NULL, NULL, NULL),
(8177, 832, 21, NULL, NULL, NULL),
(8178, 833, 21, NULL, NULL, NULL),
(8179, 834, 21, NULL, NULL, NULL),
(8180, 835, 21, NULL, NULL, NULL),
(8181, 836, 21, NULL, NULL, NULL),
(8182, 837, 21, NULL, NULL, NULL),
(8183, 838, 21, NULL, NULL, NULL),
(8184, 839, 21, NULL, NULL, NULL),
(8185, 840, 21, NULL, NULL, NULL),
(8186, 841, 21, NULL, NULL, NULL),
(8187, 842, 21, NULL, NULL, NULL),
(8188, 843, 21, NULL, NULL, NULL),
(8189, 844, 21, NULL, NULL, NULL),
(8190, 845, 21, NULL, NULL, NULL),
(8191, 846, 21, NULL, NULL, NULL),
(8192, 847, 21, NULL, NULL, NULL),
(8193, 848, 21, NULL, NULL, NULL),
(8194, 849, 21, NULL, NULL, NULL),
(8195, 850, 21, NULL, NULL, NULL),
(8196, 851, 21, NULL, NULL, NULL),
(8197, 852, 21, NULL, NULL, NULL),
(8198, 853, 21, NULL, NULL, NULL),
(8199, 854, 21, NULL, NULL, NULL),
(8200, 855, 21, NULL, NULL, NULL),
(8201, 856, 21, NULL, NULL, NULL),
(8202, 857, 21, NULL, NULL, NULL),
(8203, 858, 21, NULL, NULL, NULL),
(8204, 859, 21, NULL, NULL, NULL),
(8205, 860, 21, NULL, NULL, NULL),
(8206, 861, 21, NULL, NULL, NULL),
(8207, 862, 21, NULL, NULL, NULL),
(8208, 863, 21, NULL, NULL, NULL),
(8209, 864, 21, NULL, NULL, NULL),
(8210, 865, 21, NULL, NULL, NULL),
(8211, 866, 21, NULL, NULL, NULL),
(8212, 867, 21, NULL, NULL, NULL),
(8213, 868, 21, NULL, NULL, NULL),
(8214, 869, 21, NULL, NULL, NULL),
(8215, 870, 21, NULL, NULL, NULL),
(8216, 871, 21, NULL, NULL, NULL),
(8217, 872, 21, NULL, NULL, NULL),
(8218, 873, 21, NULL, NULL, NULL),
(8219, 874, 21, NULL, NULL, NULL),
(8220, 875, 21, NULL, NULL, NULL),
(8221, 876, 21, NULL, NULL, NULL),
(8222, 877, 21, NULL, NULL, NULL),
(8223, 878, 21, NULL, NULL, NULL),
(8224, 879, 21, NULL, NULL, NULL),
(8225, 880, 21, NULL, NULL, NULL),
(8226, 881, 21, NULL, NULL, NULL),
(8227, 882, 21, NULL, NULL, NULL),
(8228, 883, 21, NULL, NULL, NULL),
(8229, 884, 21, NULL, NULL, NULL),
(8230, 885, 21, NULL, NULL, NULL),
(8231, 886, 21, NULL, NULL, NULL),
(8232, 887, 21, NULL, NULL, NULL),
(8233, 888, 21, NULL, NULL, NULL),
(8234, 889, 21, NULL, NULL, NULL),
(8235, 890, 21, NULL, NULL, NULL),
(8236, 891, 21, NULL, NULL, NULL),
(8237, 892, 21, NULL, NULL, NULL),
(8238, 893, 21, NULL, NULL, NULL),
(8239, 894, 21, NULL, NULL, NULL),
(8240, 895, 21, NULL, NULL, NULL),
(8241, 896, 21, NULL, NULL, NULL),
(8242, 897, 21, NULL, NULL, NULL),
(8243, 898, 21, NULL, NULL, NULL),
(8244, 899, 21, NULL, NULL, NULL),
(8245, 900, 21, NULL, NULL, NULL),
(8246, 901, 21, NULL, NULL, NULL),
(8247, 902, 21, NULL, NULL, NULL),
(8248, 903, 21, NULL, NULL, NULL),
(8249, 904, 21, NULL, NULL, NULL),
(8250, 905, 21, NULL, NULL, NULL),
(8251, 906, 21, NULL, NULL, NULL),
(8252, 907, 21, NULL, NULL, NULL),
(8253, 908, 21, NULL, NULL, NULL),
(8254, 909, 21, NULL, NULL, NULL),
(8255, 910, 21, NULL, NULL, NULL),
(8256, 911, 21, NULL, NULL, NULL),
(8257, 912, 21, NULL, NULL, NULL),
(8258, 913, 21, NULL, NULL, NULL),
(8259, 914, 21, NULL, NULL, NULL),
(8260, 915, 21, NULL, NULL, NULL),
(8261, 916, 21, NULL, NULL, NULL),
(8262, 917, 21, NULL, NULL, NULL),
(8263, 918, 21, NULL, NULL, NULL),
(8264, 919, 21, NULL, NULL, NULL),
(8265, 920, 21, NULL, NULL, NULL),
(8266, 921, 21, NULL, NULL, NULL),
(8267, 922, 21, NULL, NULL, NULL),
(8268, 923, 21, NULL, NULL, NULL),
(8269, 924, 21, NULL, NULL, NULL),
(8270, 925, 21, NULL, NULL, NULL),
(8271, 926, 21, NULL, NULL, NULL),
(8272, 927, 21, NULL, NULL, NULL),
(8273, 928, 21, NULL, NULL, NULL),
(8274, 929, 21, NULL, NULL, NULL),
(8275, 930, 21, NULL, NULL, NULL),
(8276, 931, 21, NULL, NULL, NULL),
(8277, 932, 21, NULL, NULL, NULL),
(8278, 933, 21, NULL, NULL, NULL),
(8279, 934, 21, NULL, NULL, NULL),
(8280, 935, 21, NULL, NULL, NULL),
(8281, 936, 21, NULL, NULL, NULL),
(8282, 937, 21, NULL, NULL, NULL),
(8283, 938, 21, NULL, NULL, NULL),
(8284, 939, 21, NULL, NULL, NULL),
(8285, 940, 21, NULL, NULL, NULL),
(8286, 941, 21, NULL, NULL, NULL),
(8287, 942, 21, NULL, NULL, NULL),
(8288, 943, 21, NULL, NULL, NULL),
(8289, 944, 21, NULL, NULL, NULL),
(8290, 945, 21, NULL, NULL, NULL),
(8291, 946, 21, NULL, NULL, NULL),
(8292, 947, 21, NULL, NULL, NULL),
(8293, 948, 21, NULL, NULL, NULL),
(8294, 949, 21, NULL, NULL, NULL),
(8295, 950, 21, NULL, NULL, NULL),
(8296, 951, 21, NULL, NULL, NULL),
(8297, 952, 21, NULL, NULL, NULL),
(8298, 953, 21, NULL, NULL, NULL),
(8299, 954, 21, NULL, NULL, NULL),
(8300, 955, 21, NULL, NULL, NULL),
(8301, 956, 21, NULL, NULL, NULL),
(8302, 957, 21, NULL, NULL, NULL),
(8303, 958, 21, NULL, NULL, NULL),
(8304, 959, 21, NULL, NULL, NULL),
(8305, 960, 21, NULL, NULL, NULL),
(8306, 961, 21, NULL, NULL, NULL),
(8307, 962, 21, NULL, NULL, NULL),
(8308, 963, 21, NULL, NULL, NULL),
(8309, 964, 21, NULL, NULL, NULL),
(8310, 965, 21, NULL, NULL, NULL),
(8311, 966, 21, NULL, NULL, NULL),
(8312, 967, 21, NULL, NULL, NULL),
(8313, 968, 21, NULL, NULL, NULL),
(8314, 969, 21, NULL, NULL, NULL),
(8315, 970, 21, NULL, NULL, NULL),
(8316, 971, 21, NULL, NULL, NULL),
(8317, 972, 21, NULL, NULL, NULL),
(8318, 973, 21, NULL, NULL, NULL),
(8319, 974, 21, NULL, NULL, NULL),
(8320, 975, 21, NULL, NULL, NULL),
(8321, 976, 21, NULL, NULL, NULL),
(8322, 977, 21, NULL, NULL, NULL),
(8323, 978, 21, NULL, NULL, NULL),
(8324, 979, 21, NULL, NULL, NULL),
(8325, 980, 21, NULL, NULL, NULL),
(8326, 981, 21, NULL, NULL, NULL),
(8327, 982, 21, NULL, NULL, NULL),
(8328, 983, 21, NULL, NULL, NULL),
(8329, 984, 21, NULL, NULL, NULL),
(8330, 985, 21, NULL, NULL, NULL),
(8331, 986, 21, NULL, NULL, NULL),
(8332, 987, 21, NULL, NULL, NULL),
(8333, 988, 21, NULL, NULL, NULL),
(8334, 989, 21, NULL, NULL, NULL),
(8335, 990, 21, NULL, NULL, NULL),
(8336, 991, 21, NULL, NULL, NULL),
(8337, 992, 21, NULL, NULL, NULL),
(8338, 993, 21, NULL, NULL, NULL),
(8339, 994, 21, NULL, NULL, NULL),
(8340, 995, 21, NULL, NULL, NULL),
(8341, 996, 21, NULL, NULL, NULL),
(8342, 997, 21, NULL, NULL, NULL),
(8343, 998, 21, NULL, NULL, NULL),
(8344, 999, 21, NULL, NULL, NULL),
(8345, 1000, 21, NULL, NULL, NULL),
(8346, 1001, 21, NULL, NULL, NULL),
(8347, 1002, 21, NULL, NULL, NULL),
(8348, 1003, 21, NULL, NULL, NULL),
(8349, 1004, 21, NULL, NULL, NULL),
(8350, 1005, 21, NULL, NULL, NULL),
(8351, 1006, 21, NULL, NULL, NULL),
(8352, 1007, 21, NULL, NULL, NULL),
(8353, 1008, 21, NULL, NULL, NULL),
(8354, 1009, 21, NULL, NULL, NULL),
(8355, 1010, 21, NULL, NULL, NULL),
(8356, 1011, 21, NULL, NULL, NULL),
(8357, 1012, 21, NULL, NULL, NULL),
(8358, 1013, 21, NULL, NULL, NULL),
(8359, 1014, 21, NULL, NULL, NULL),
(8360, 1015, 21, NULL, NULL, NULL),
(8361, 1016, 21, NULL, NULL, NULL),
(8362, 1017, 21, NULL, NULL, NULL),
(8363, 1018, 21, NULL, NULL, NULL),
(8364, 1019, 21, NULL, NULL, NULL),
(8365, 1020, 21, NULL, NULL, NULL),
(8366, 1021, 21, NULL, NULL, NULL),
(8367, 1022, 21, NULL, NULL, NULL),
(8368, 1023, 21, NULL, NULL, NULL),
(8369, 1024, 21, NULL, NULL, NULL),
(8370, 1025, 21, NULL, NULL, NULL),
(8371, 1026, 21, NULL, NULL, NULL),
(8372, 1027, 21, NULL, NULL, NULL),
(8373, 1028, 21, NULL, NULL, NULL),
(8374, 1029, 21, NULL, NULL, NULL),
(8375, 1030, 21, NULL, NULL, NULL),
(8376, 1031, 21, NULL, NULL, NULL),
(8377, 1032, 21, NULL, NULL, NULL),
(8378, 1033, 21, NULL, NULL, NULL),
(8379, 1034, 21, NULL, NULL, NULL),
(8380, 1035, 21, NULL, NULL, NULL),
(8381, 1036, 21, NULL, NULL, NULL),
(8382, 1037, 21, NULL, NULL, NULL),
(8383, 1038, 21, NULL, NULL, NULL),
(8384, 1039, 21, NULL, NULL, NULL),
(8385, 1040, 21, NULL, NULL, NULL),
(8386, 1041, 21, NULL, NULL, NULL),
(8387, 1042, 21, NULL, NULL, NULL),
(8388, 1043, 21, NULL, NULL, NULL),
(8389, 1044, 21, NULL, NULL, NULL),
(8390, 1045, 21, NULL, NULL, NULL),
(8391, 1046, 21, NULL, NULL, NULL),
(8392, 1047, 21, NULL, NULL, NULL),
(8393, 1048, 21, NULL, NULL, NULL),
(8394, 1049, 21, NULL, NULL, NULL),
(8395, 1050, 21, NULL, NULL, NULL),
(8396, 1051, 21, NULL, NULL, NULL),
(8397, 1052, 21, NULL, NULL, NULL),
(8398, 1053, 21, NULL, NULL, NULL),
(8399, 1054, 21, NULL, NULL, NULL),
(8400, 1055, 21, NULL, NULL, NULL),
(8401, 1056, 21, NULL, NULL, NULL),
(8402, 1057, 21, NULL, NULL, NULL),
(8403, 1058, 21, NULL, NULL, NULL),
(8404, 1059, 21, NULL, NULL, NULL),
(8405, 1060, 21, NULL, NULL, NULL),
(8406, 1061, 21, NULL, NULL, NULL),
(8407, 1062, 21, NULL, NULL, NULL),
(8408, 1063, 21, NULL, NULL, NULL),
(8409, 1064, 21, NULL, NULL, NULL),
(8410, 1065, 21, NULL, NULL, NULL),
(8411, 1066, 21, NULL, NULL, NULL),
(8412, 1067, 21, NULL, NULL, NULL),
(8413, 1068, 21, NULL, NULL, NULL),
(8414, 1069, 21, NULL, NULL, NULL),
(8415, 1070, 21, NULL, NULL, NULL),
(8416, 1071, 21, NULL, NULL, NULL),
(8417, 1072, 21, NULL, NULL, NULL),
(8418, 1073, 21, NULL, NULL, NULL),
(8419, 1074, 21, NULL, NULL, NULL),
(8420, 1075, 21, NULL, NULL, NULL),
(8421, 1076, 21, NULL, NULL, NULL),
(8422, 1077, 21, NULL, NULL, NULL),
(8423, 1078, 21, NULL, NULL, NULL),
(8424, 1079, 21, NULL, NULL, NULL),
(8425, 1080, 21, NULL, NULL, NULL),
(8426, 1081, 21, NULL, NULL, NULL),
(8427, 1082, 21, NULL, NULL, NULL),
(8428, 1083, 21, NULL, NULL, NULL),
(8429, 1084, 21, NULL, NULL, NULL),
(8430, 1085, 21, NULL, NULL, NULL),
(8431, 1086, 21, NULL, NULL, NULL),
(8432, 1087, 21, NULL, NULL, NULL),
(8433, 1088, 21, NULL, NULL, NULL),
(8434, 1089, 21, NULL, NULL, NULL),
(8435, 1090, 21, NULL, NULL, NULL),
(8436, 1091, 21, NULL, NULL, NULL),
(8437, 1092, 21, NULL, NULL, NULL),
(8438, 1093, 21, NULL, NULL, NULL),
(8439, 1094, 21, NULL, NULL, NULL),
(8440, 1095, 21, NULL, NULL, NULL),
(8441, 1096, 21, NULL, NULL, NULL),
(8442, 1097, 21, NULL, NULL, NULL),
(8443, 1098, 21, NULL, NULL, NULL),
(8444, 1099, 21, NULL, NULL, NULL),
(8445, 1100, 21, NULL, NULL, NULL),
(8446, 1101, 21, NULL, NULL, NULL),
(8447, 1102, 21, NULL, NULL, NULL),
(8448, 1103, 21, NULL, NULL, NULL),
(8449, 1104, 21, NULL, NULL, NULL),
(8450, 1105, 21, NULL, NULL, NULL),
(8451, 1106, 21, NULL, NULL, NULL),
(8452, 1107, 21, NULL, NULL, NULL),
(8453, 1108, 21, NULL, NULL, NULL),
(8454, 1109, 21, NULL, NULL, NULL),
(8455, 1110, 21, NULL, NULL, NULL),
(8456, 1111, 21, NULL, NULL, NULL),
(8457, 1112, 21, NULL, NULL, NULL),
(8458, 1113, 21, NULL, NULL, NULL),
(8459, 1114, 21, NULL, NULL, NULL),
(8460, 1115, 21, NULL, NULL, NULL),
(8461, 1116, 21, NULL, NULL, NULL),
(8462, 1117, 21, NULL, NULL, NULL),
(8463, 1118, 21, NULL, NULL, NULL),
(8464, 1119, 21, NULL, NULL, NULL),
(8465, 1120, 21, NULL, NULL, NULL),
(8466, 1121, 21, NULL, NULL, NULL),
(8467, 1122, 21, NULL, NULL, NULL),
(8468, 1123, 21, NULL, NULL, NULL),
(8469, 1124, 21, NULL, NULL, NULL),
(8470, 1125, 21, NULL, NULL, NULL),
(8471, 1126, 21, NULL, NULL, NULL),
(8472, 1127, 21, NULL, NULL, NULL),
(8473, 1128, 21, NULL, NULL, NULL),
(8474, 1129, 21, NULL, NULL, NULL),
(8475, 1130, 21, NULL, NULL, NULL),
(8476, 1131, 21, NULL, NULL, NULL),
(8477, 1132, 21, NULL, NULL, NULL),
(8478, 1133, 21, NULL, NULL, NULL),
(8479, 1134, 21, NULL, NULL, NULL),
(8480, 1135, 21, NULL, NULL, NULL),
(8481, 1136, 21, NULL, NULL, NULL),
(8482, 1137, 21, NULL, NULL, NULL),
(8483, 1138, 21, NULL, NULL, NULL),
(8484, 1139, 21, NULL, NULL, NULL),
(8485, 1140, 21, NULL, NULL, NULL),
(8486, 1141, 21, NULL, NULL, NULL),
(8487, 1142, 21, NULL, NULL, NULL),
(8488, 1143, 21, NULL, NULL, NULL),
(8489, 1144, 21, NULL, NULL, NULL),
(8490, 1145, 21, NULL, NULL, NULL),
(8491, 1146, 21, NULL, NULL, NULL),
(8492, 1147, 21, NULL, NULL, NULL),
(8493, 1148, 21, NULL, NULL, NULL),
(8494, 1149, 21, NULL, NULL, NULL),
(8495, 1150, 21, NULL, NULL, NULL),
(8496, 1151, 21, NULL, NULL, NULL),
(8497, 1152, 21, NULL, NULL, NULL),
(8498, 1153, 21, NULL, NULL, NULL),
(8499, 1154, 21, NULL, NULL, NULL),
(8500, 1155, 21, NULL, NULL, NULL),
(8501, 1156, 21, NULL, NULL, NULL),
(8502, 1157, 21, NULL, NULL, NULL),
(8503, 1158, 21, NULL, NULL, NULL),
(8504, 1159, 21, NULL, NULL, NULL),
(8505, 1160, 21, NULL, NULL, NULL),
(8506, 1161, 21, NULL, NULL, NULL),
(8507, 1162, 21, NULL, NULL, NULL),
(8508, 1163, 21, NULL, NULL, NULL),
(8509, 1164, 21, NULL, NULL, NULL),
(8510, 1165, 21, NULL, NULL, NULL),
(8511, 1166, 21, NULL, NULL, NULL),
(8512, 1167, 21, NULL, NULL, NULL),
(8513, 1168, 21, NULL, NULL, NULL),
(8514, 1169, 21, NULL, NULL, NULL),
(8515, 1170, 21, NULL, NULL, NULL),
(8516, 1171, 21, NULL, NULL, NULL),
(8517, 1172, 21, NULL, NULL, NULL),
(8518, 1173, 21, NULL, NULL, NULL),
(8519, 1174, 21, NULL, NULL, NULL),
(8520, 1175, 21, NULL, NULL, NULL),
(8521, 1176, 21, NULL, NULL, NULL),
(8522, 1177, 21, NULL, NULL, NULL),
(8523, 1178, 21, NULL, NULL, NULL),
(8524, 1179, 21, NULL, NULL, NULL),
(8525, 1180, 21, NULL, NULL, NULL),
(8526, 1181, 21, NULL, NULL, NULL),
(8527, 1182, 21, NULL, NULL, NULL),
(8528, 1183, 21, NULL, NULL, NULL),
(8529, 1184, 21, NULL, NULL, NULL),
(8530, 1185, 21, NULL, NULL, NULL),
(8531, 1186, 21, NULL, NULL, NULL),
(8532, 1187, 21, NULL, NULL, NULL),
(8533, 1188, 21, NULL, NULL, NULL),
(8534, 1189, 21, NULL, NULL, NULL),
(8535, 1190, 21, NULL, NULL, NULL),
(8536, 1191, 21, NULL, NULL, NULL),
(8537, 1192, 21, NULL, NULL, NULL),
(8538, 1193, 21, NULL, NULL, NULL),
(8539, 1194, 21, NULL, NULL, NULL),
(8540, 1195, 21, NULL, NULL, NULL),
(8541, 1196, 21, NULL, NULL, NULL),
(8542, 1197, 21, NULL, NULL, NULL),
(8543, 1198, 21, NULL, NULL, NULL),
(8544, 1199, 21, NULL, NULL, NULL),
(8545, 1200, 21, NULL, NULL, NULL),
(8546, 1201, 21, NULL, NULL, NULL),
(8547, 1202, 21, NULL, NULL, NULL),
(8548, 1203, 21, NULL, NULL, NULL),
(8549, 1204, 21, NULL, NULL, NULL),
(8550, 1205, 21, NULL, NULL, NULL),
(8551, 1206, 21, NULL, NULL, NULL),
(8552, 1207, 21, NULL, NULL, NULL),
(8553, 1208, 21, NULL, NULL, NULL),
(8554, 1209, 21, NULL, NULL, NULL),
(8555, 1210, 21, NULL, NULL, NULL),
(8556, 1211, 21, NULL, NULL, NULL),
(8557, 1212, 21, NULL, NULL, NULL),
(8558, 1213, 21, NULL, NULL, NULL),
(8559, 1214, 21, NULL, NULL, NULL),
(8560, 1215, 21, NULL, NULL, NULL),
(8561, 1216, 21, NULL, NULL, NULL),
(8562, 1217, 21, NULL, NULL, NULL),
(8563, 1218, 21, NULL, NULL, NULL),
(8564, 1219, 21, NULL, NULL, NULL),
(8565, 1220, 21, NULL, NULL, NULL),
(8566, 1221, 21, NULL, NULL, NULL),
(8567, 1222, 21, NULL, NULL, NULL),
(8568, 1223, 21, NULL, NULL, NULL),
(8569, 1224, 21, NULL, NULL, NULL),
(8570, 1225, 21, NULL, NULL, NULL),
(8571, 1226, 21, NULL, NULL, NULL),
(8572, 1227, 21, NULL, NULL, NULL),
(8573, 1228, 21, NULL, NULL, NULL),
(8574, 1229, 21, NULL, NULL, NULL),
(8575, 1230, 21, NULL, NULL, NULL),
(8576, 1231, 21, NULL, NULL, NULL),
(8577, 1232, 21, NULL, NULL, NULL),
(8578, 1233, 21, NULL, NULL, NULL),
(8579, 1234, 21, NULL, NULL, NULL),
(8580, 1235, 21, NULL, NULL, NULL),
(8581, 1236, 21, NULL, NULL, NULL),
(8582, 1237, 21, NULL, NULL, NULL),
(8583, 1238, 21, NULL, NULL, NULL),
(8584, 1239, 21, NULL, NULL, NULL),
(8585, 1240, 21, NULL, NULL, NULL),
(8586, 1241, 21, NULL, NULL, NULL),
(8587, 1242, 21, NULL, NULL, NULL),
(8588, 1243, 21, NULL, NULL, NULL),
(8589, 1244, 21, NULL, NULL, NULL),
(8590, 1245, 21, NULL, NULL, NULL),
(8591, 1246, 21, NULL, NULL, NULL),
(8592, 1247, 21, NULL, NULL, NULL),
(8593, 1248, 21, NULL, NULL, NULL),
(8594, 1249, 21, NULL, NULL, NULL),
(8595, 1250, 21, NULL, NULL, NULL),
(8596, 1251, 21, NULL, NULL, NULL),
(8597, 1252, 21, NULL, NULL, NULL),
(8598, 1253, 21, NULL, NULL, NULL),
(8599, 1254, 21, NULL, NULL, NULL),
(8600, 1255, 21, NULL, NULL, NULL),
(8601, 826, 22, NULL, NULL, NULL),
(8602, 827, 22, NULL, NULL, NULL),
(8603, 828, 22, NULL, NULL, NULL),
(8604, 829, 22, NULL, NULL, NULL),
(8605, 830, 22, NULL, NULL, NULL),
(8606, 831, 22, NULL, NULL, NULL),
(8607, 832, 22, NULL, NULL, NULL),
(8608, 833, 22, NULL, NULL, NULL),
(8609, 834, 22, NULL, NULL, NULL),
(8610, 835, 22, NULL, NULL, NULL),
(8611, 836, 22, NULL, NULL, NULL),
(8612, 837, 22, NULL, NULL, NULL),
(8613, 838, 22, NULL, NULL, NULL),
(8614, 839, 22, NULL, NULL, NULL),
(8615, 840, 22, NULL, NULL, NULL),
(8616, 841, 22, NULL, NULL, NULL),
(8617, 842, 22, NULL, NULL, NULL),
(8618, 843, 22, NULL, NULL, NULL),
(8619, 844, 22, NULL, NULL, NULL),
(8620, 845, 22, NULL, NULL, NULL),
(8621, 846, 22, NULL, NULL, NULL),
(8622, 847, 22, NULL, NULL, NULL),
(8623, 848, 22, NULL, NULL, NULL),
(8624, 849, 22, NULL, NULL, NULL),
(8625, 850, 22, NULL, NULL, NULL),
(8626, 851, 22, NULL, NULL, NULL),
(8627, 852, 22, NULL, NULL, NULL),
(8628, 853, 22, NULL, NULL, NULL),
(8629, 854, 22, NULL, NULL, NULL),
(8630, 855, 22, NULL, NULL, NULL),
(8631, 856, 22, NULL, NULL, NULL),
(8632, 857, 22, NULL, NULL, NULL),
(8633, 858, 22, NULL, NULL, NULL),
(8634, 859, 22, NULL, NULL, NULL),
(8635, 860, 22, NULL, NULL, NULL),
(8636, 861, 22, NULL, NULL, NULL),
(8637, 862, 22, NULL, NULL, NULL),
(8638, 863, 22, NULL, NULL, NULL),
(8639, 864, 22, NULL, NULL, NULL),
(8640, 865, 22, NULL, NULL, NULL),
(8641, 866, 22, NULL, NULL, NULL),
(8642, 867, 22, NULL, NULL, NULL),
(8643, 868, 22, NULL, NULL, NULL),
(8644, 869, 22, NULL, NULL, NULL),
(8645, 870, 22, NULL, NULL, NULL),
(8646, 871, 22, NULL, NULL, NULL),
(8647, 872, 22, NULL, NULL, NULL),
(8648, 873, 22, NULL, NULL, NULL),
(8649, 874, 22, NULL, NULL, NULL),
(8650, 875, 22, NULL, NULL, NULL),
(8651, 876, 22, NULL, NULL, NULL),
(8652, 877, 22, NULL, NULL, NULL),
(8653, 878, 22, NULL, NULL, NULL),
(8654, 879, 22, NULL, NULL, NULL),
(8655, 880, 22, NULL, NULL, NULL),
(8656, 881, 22, NULL, NULL, NULL),
(8657, 882, 22, NULL, NULL, NULL),
(8658, 883, 22, NULL, NULL, NULL),
(8659, 884, 22, NULL, NULL, NULL),
(8660, 885, 22, NULL, NULL, NULL),
(8661, 886, 22, NULL, NULL, NULL),
(8662, 887, 22, NULL, NULL, NULL),
(8663, 888, 22, NULL, NULL, NULL),
(8664, 889, 22, NULL, NULL, NULL),
(8665, 890, 22, NULL, NULL, NULL),
(8666, 891, 22, NULL, NULL, NULL),
(8667, 892, 22, NULL, NULL, NULL),
(8668, 893, 22, NULL, NULL, NULL),
(8669, 894, 22, NULL, NULL, NULL),
(8670, 895, 22, NULL, NULL, NULL),
(8671, 896, 22, NULL, NULL, NULL),
(8672, 897, 22, NULL, NULL, NULL),
(8673, 898, 22, NULL, NULL, NULL),
(8674, 899, 22, NULL, NULL, NULL),
(8675, 900, 22, NULL, NULL, NULL),
(8676, 901, 22, NULL, NULL, NULL),
(8677, 902, 22, NULL, NULL, NULL),
(8678, 903, 22, NULL, NULL, NULL),
(8679, 904, 22, NULL, NULL, NULL),
(8680, 905, 22, NULL, NULL, NULL),
(8681, 906, 22, NULL, NULL, NULL),
(8682, 907, 22, NULL, NULL, NULL),
(8683, 908, 22, NULL, NULL, NULL),
(8684, 909, 22, NULL, NULL, NULL),
(8685, 910, 22, NULL, NULL, NULL),
(8686, 911, 22, NULL, NULL, NULL),
(8687, 912, 22, NULL, NULL, NULL),
(8688, 913, 22, NULL, NULL, NULL),
(8689, 914, 22, NULL, NULL, NULL),
(8690, 915, 22, NULL, NULL, NULL),
(8691, 916, 22, NULL, NULL, NULL),
(8692, 917, 22, NULL, NULL, NULL),
(8693, 918, 22, NULL, NULL, NULL),
(8694, 919, 22, NULL, NULL, NULL),
(8695, 920, 22, NULL, NULL, NULL),
(8696, 921, 22, NULL, NULL, NULL),
(8697, 922, 22, NULL, NULL, NULL),
(8698, 923, 22, NULL, NULL, NULL),
(8699, 924, 22, NULL, NULL, NULL),
(8700, 925, 22, NULL, NULL, NULL),
(8701, 926, 22, NULL, NULL, NULL),
(8702, 927, 22, NULL, NULL, NULL),
(8703, 928, 22, NULL, NULL, NULL),
(8704, 929, 22, NULL, NULL, NULL),
(8705, 930, 22, NULL, NULL, NULL),
(8706, 931, 22, NULL, NULL, NULL),
(8707, 932, 22, NULL, NULL, NULL),
(8708, 933, 22, NULL, NULL, NULL),
(8709, 934, 22, NULL, NULL, NULL),
(8710, 935, 22, NULL, NULL, NULL),
(8711, 936, 22, NULL, NULL, NULL),
(8712, 937, 22, NULL, NULL, NULL),
(8713, 938, 22, NULL, NULL, NULL),
(8714, 939, 22, NULL, NULL, NULL),
(8715, 940, 22, NULL, NULL, NULL),
(8716, 941, 22, NULL, NULL, NULL),
(8717, 942, 22, NULL, NULL, NULL),
(8718, 943, 22, NULL, NULL, NULL),
(8719, 944, 22, NULL, NULL, NULL),
(8720, 945, 22, NULL, NULL, NULL),
(8721, 946, 22, NULL, NULL, NULL),
(8722, 947, 22, NULL, NULL, NULL),
(8723, 948, 22, NULL, NULL, NULL),
(8724, 949, 22, NULL, NULL, NULL),
(8725, 950, 22, NULL, NULL, NULL),
(8726, 951, 22, NULL, NULL, NULL),
(8727, 952, 22, NULL, NULL, NULL),
(8728, 953, 22, NULL, NULL, NULL),
(8729, 954, 22, NULL, NULL, NULL),
(8730, 955, 22, NULL, NULL, NULL),
(8731, 956, 22, NULL, NULL, NULL),
(8732, 957, 22, NULL, NULL, NULL),
(8733, 958, 22, NULL, NULL, NULL),
(8734, 959, 22, NULL, NULL, NULL),
(8735, 960, 22, NULL, NULL, NULL),
(8736, 961, 22, NULL, NULL, NULL),
(8737, 962, 22, NULL, NULL, NULL),
(8738, 963, 22, NULL, NULL, NULL),
(8739, 964, 22, NULL, NULL, NULL),
(8740, 965, 22, NULL, NULL, NULL),
(8741, 966, 22, NULL, NULL, NULL),
(8742, 967, 22, NULL, NULL, NULL),
(8743, 968, 22, NULL, NULL, NULL),
(8744, 969, 22, NULL, NULL, NULL),
(8745, 970, 22, NULL, NULL, NULL),
(8746, 971, 22, NULL, NULL, NULL),
(8747, 972, 22, NULL, NULL, NULL),
(8748, 973, 22, NULL, NULL, NULL),
(8749, 974, 22, NULL, NULL, NULL),
(8750, 975, 22, NULL, NULL, NULL),
(8751, 976, 22, NULL, NULL, NULL),
(8752, 977, 22, NULL, NULL, NULL),
(8753, 978, 22, NULL, NULL, NULL),
(8754, 979, 22, NULL, NULL, NULL),
(8755, 980, 22, NULL, NULL, NULL),
(8756, 981, 22, NULL, NULL, NULL),
(8757, 982, 22, NULL, NULL, NULL),
(8758, 983, 22, NULL, NULL, NULL),
(8759, 984, 22, NULL, NULL, NULL),
(8760, 985, 22, NULL, NULL, NULL),
(8761, 986, 22, NULL, NULL, NULL),
(8762, 987, 22, NULL, NULL, NULL),
(8763, 988, 22, NULL, NULL, NULL),
(8764, 989, 22, NULL, NULL, NULL),
(8765, 990, 22, NULL, NULL, NULL),
(8766, 991, 22, NULL, NULL, NULL),
(8767, 992, 22, NULL, NULL, NULL),
(8768, 993, 22, NULL, NULL, NULL),
(8769, 994, 22, NULL, NULL, NULL),
(8770, 995, 22, NULL, NULL, NULL),
(8771, 996, 22, NULL, NULL, NULL),
(8772, 997, 22, NULL, NULL, NULL),
(8773, 998, 22, NULL, NULL, NULL),
(8774, 999, 22, NULL, NULL, NULL),
(8775, 1000, 22, NULL, NULL, NULL),
(8776, 1001, 22, NULL, NULL, NULL),
(8777, 1002, 22, NULL, NULL, NULL),
(8778, 1003, 22, NULL, NULL, NULL),
(8779, 1004, 22, NULL, NULL, NULL),
(8780, 1005, 22, NULL, NULL, NULL),
(8781, 1006, 22, NULL, NULL, NULL),
(8782, 1007, 22, NULL, NULL, NULL),
(8783, 1008, 22, NULL, NULL, NULL),
(8784, 1009, 22, NULL, NULL, NULL),
(8785, 1010, 22, NULL, NULL, NULL),
(8786, 1011, 22, NULL, NULL, NULL),
(8787, 1012, 22, NULL, NULL, NULL),
(8788, 1013, 22, NULL, NULL, NULL),
(8789, 1014, 22, NULL, NULL, NULL),
(8790, 1015, 22, NULL, NULL, NULL),
(8791, 1016, 22, NULL, NULL, NULL),
(8792, 1017, 22, NULL, NULL, NULL),
(8793, 1018, 22, NULL, NULL, NULL),
(8794, 1019, 22, NULL, NULL, NULL),
(8795, 1020, 22, NULL, NULL, NULL),
(8796, 1021, 22, NULL, NULL, NULL),
(8797, 1022, 22, NULL, NULL, NULL),
(8798, 1023, 22, NULL, NULL, NULL),
(8799, 1024, 22, NULL, NULL, NULL),
(8800, 1025, 22, NULL, NULL, NULL),
(8801, 1026, 22, NULL, NULL, NULL),
(8802, 1027, 22, NULL, NULL, NULL),
(8803, 1028, 22, NULL, NULL, NULL),
(8804, 1029, 22, NULL, NULL, NULL),
(8805, 1030, 22, NULL, NULL, NULL),
(8806, 1031, 22, NULL, NULL, NULL),
(8807, 1032, 22, NULL, NULL, NULL),
(8808, 1033, 22, NULL, NULL, NULL),
(8809, 1034, 22, NULL, NULL, NULL),
(8810, 1035, 22, NULL, NULL, NULL),
(8811, 1036, 22, NULL, NULL, NULL),
(8812, 1037, 22, NULL, NULL, NULL),
(8813, 1038, 22, NULL, NULL, NULL),
(8814, 1039, 22, NULL, NULL, NULL),
(8815, 1040, 22, NULL, NULL, NULL),
(8816, 1041, 22, NULL, NULL, NULL),
(8817, 1042, 22, NULL, NULL, NULL),
(8818, 1043, 22, NULL, NULL, NULL),
(8819, 1044, 22, NULL, NULL, NULL),
(8820, 1045, 22, NULL, NULL, NULL),
(8821, 1046, 22, NULL, NULL, NULL),
(8822, 1047, 22, NULL, NULL, NULL),
(8823, 1048, 22, NULL, NULL, NULL),
(8824, 1049, 22, NULL, NULL, NULL),
(8825, 1050, 22, NULL, NULL, NULL),
(8826, 1051, 22, NULL, NULL, NULL),
(8827, 1052, 22, NULL, NULL, NULL),
(8828, 1053, 22, NULL, NULL, NULL),
(8829, 1054, 22, NULL, NULL, NULL),
(8830, 1055, 22, NULL, NULL, NULL),
(8831, 1056, 22, NULL, NULL, NULL),
(8832, 1057, 22, NULL, NULL, NULL),
(8833, 1058, 22, NULL, NULL, NULL),
(8834, 1059, 22, NULL, NULL, NULL),
(8835, 1060, 22, NULL, NULL, NULL),
(8836, 1061, 22, NULL, NULL, NULL),
(8837, 1062, 22, NULL, NULL, NULL),
(8838, 1063, 22, NULL, NULL, NULL),
(8839, 1064, 22, NULL, NULL, NULL),
(8840, 1065, 22, NULL, NULL, NULL),
(8841, 1066, 22, NULL, NULL, NULL),
(8842, 1067, 22, NULL, NULL, NULL),
(8843, 1068, 22, NULL, NULL, NULL),
(8844, 1069, 22, NULL, NULL, NULL),
(8845, 1070, 22, NULL, NULL, NULL),
(8846, 1071, 22, NULL, NULL, NULL),
(8847, 1072, 22, NULL, NULL, NULL),
(8848, 1073, 22, NULL, NULL, NULL),
(8849, 1074, 22, NULL, NULL, NULL),
(8850, 1075, 22, NULL, NULL, NULL),
(8851, 1076, 22, NULL, NULL, NULL),
(8852, 1077, 22, NULL, NULL, NULL),
(8853, 1078, 22, NULL, NULL, NULL),
(8854, 1079, 22, NULL, NULL, NULL),
(8855, 1080, 22, NULL, NULL, NULL),
(8856, 1081, 22, NULL, NULL, NULL),
(8857, 1082, 22, NULL, NULL, NULL),
(8858, 1083, 22, NULL, NULL, NULL),
(8859, 1084, 22, NULL, NULL, NULL),
(8860, 1085, 22, NULL, NULL, NULL),
(8861, 1086, 22, NULL, NULL, NULL),
(8862, 1087, 22, NULL, NULL, NULL),
(8863, 1088, 22, NULL, NULL, NULL),
(8864, 1089, 22, NULL, NULL, NULL),
(8865, 1090, 22, NULL, NULL, NULL),
(8866, 1091, 22, NULL, NULL, NULL),
(8867, 1092, 22, NULL, NULL, NULL),
(8868, 1093, 22, NULL, NULL, NULL),
(8869, 1094, 22, NULL, NULL, NULL),
(8870, 1095, 22, NULL, NULL, NULL),
(8871, 1096, 22, NULL, NULL, NULL),
(8872, 1097, 22, NULL, NULL, NULL),
(8873, 1098, 22, NULL, NULL, NULL),
(8874, 1099, 22, NULL, NULL, NULL),
(8875, 1100, 22, NULL, NULL, NULL),
(8876, 1101, 22, NULL, NULL, NULL),
(8877, 1102, 22, NULL, NULL, NULL),
(8878, 1103, 22, NULL, NULL, NULL),
(8879, 1104, 22, NULL, NULL, NULL),
(8880, 1105, 22, NULL, NULL, NULL),
(8881, 1106, 22, NULL, NULL, NULL),
(8882, 1107, 22, NULL, NULL, NULL),
(8883, 1108, 22, NULL, NULL, NULL),
(8884, 1109, 22, NULL, NULL, NULL),
(8885, 1110, 22, NULL, NULL, NULL),
(8886, 1111, 22, NULL, NULL, NULL),
(8887, 1112, 22, NULL, NULL, NULL),
(8888, 1113, 22, NULL, NULL, NULL),
(8889, 1114, 22, NULL, NULL, NULL),
(8890, 1115, 22, NULL, NULL, NULL),
(8891, 1116, 22, NULL, NULL, NULL),
(8892, 1117, 22, NULL, NULL, NULL),
(8893, 1118, 22, NULL, NULL, NULL),
(8894, 1119, 22, NULL, NULL, NULL),
(8895, 1120, 22, NULL, NULL, NULL),
(8896, 1121, 22, NULL, NULL, NULL),
(8897, 1122, 22, NULL, NULL, NULL),
(8898, 1123, 22, NULL, NULL, NULL),
(8899, 1124, 22, NULL, NULL, NULL),
(8900, 1125, 22, NULL, NULL, NULL),
(8901, 1126, 22, NULL, NULL, NULL),
(8902, 1127, 22, NULL, NULL, NULL),
(8903, 1128, 22, NULL, NULL, NULL),
(8904, 1129, 22, NULL, NULL, NULL),
(8905, 1130, 22, NULL, NULL, NULL),
(8906, 1131, 22, NULL, NULL, NULL),
(8907, 1132, 22, NULL, NULL, NULL),
(8908, 1133, 22, NULL, NULL, NULL),
(8909, 1134, 22, NULL, NULL, NULL),
(8910, 1135, 22, NULL, NULL, NULL),
(8911, 1136, 22, NULL, NULL, NULL),
(8912, 1137, 22, NULL, NULL, NULL),
(8913, 1138, 22, NULL, NULL, NULL),
(8914, 1139, 22, NULL, NULL, NULL),
(8915, 1140, 22, NULL, NULL, NULL),
(8916, 1141, 22, NULL, NULL, NULL),
(8917, 1142, 22, NULL, NULL, NULL),
(8918, 1143, 22, NULL, NULL, NULL),
(8919, 1144, 22, NULL, NULL, NULL),
(8920, 1145, 22, NULL, NULL, NULL),
(8921, 1146, 22, NULL, NULL, NULL),
(8922, 1147, 22, NULL, NULL, NULL),
(8923, 1148, 22, NULL, NULL, NULL),
(8924, 1149, 22, NULL, NULL, NULL),
(8925, 1150, 22, NULL, NULL, NULL),
(8926, 1151, 22, NULL, NULL, NULL),
(8927, 1152, 22, NULL, NULL, NULL),
(8928, 1153, 22, NULL, NULL, NULL),
(8929, 1154, 22, NULL, NULL, NULL),
(8930, 1155, 22, NULL, NULL, NULL),
(8931, 1156, 22, NULL, NULL, NULL),
(8932, 1157, 22, NULL, NULL, NULL),
(8933, 1158, 22, NULL, NULL, NULL),
(8934, 1159, 22, NULL, NULL, NULL),
(8935, 1160, 22, NULL, NULL, NULL),
(8936, 1161, 22, NULL, NULL, NULL),
(8937, 1162, 22, NULL, NULL, NULL),
(8938, 1163, 22, NULL, NULL, NULL),
(8939, 1164, 22, NULL, NULL, NULL),
(8940, 1165, 22, NULL, NULL, NULL),
(8941, 1166, 22, NULL, NULL, NULL),
(8942, 1167, 22, NULL, NULL, NULL),
(8943, 1168, 22, NULL, NULL, NULL),
(8944, 1169, 22, NULL, NULL, NULL),
(8945, 1170, 22, NULL, NULL, NULL),
(8946, 1171, 22, NULL, NULL, NULL),
(8947, 1172, 22, NULL, NULL, NULL),
(8948, 1173, 22, NULL, NULL, NULL),
(8949, 1174, 22, NULL, NULL, NULL),
(8950, 1175, 22, NULL, NULL, NULL),
(8951, 1176, 22, NULL, NULL, NULL),
(8952, 1177, 22, NULL, NULL, NULL),
(8953, 1178, 22, NULL, NULL, NULL),
(8954, 1179, 22, NULL, NULL, NULL),
(8955, 1180, 22, NULL, NULL, NULL),
(8956, 1181, 22, NULL, NULL, NULL),
(8957, 1182, 22, NULL, NULL, NULL),
(8958, 1183, 22, NULL, NULL, NULL),
(8959, 1184, 22, NULL, NULL, NULL),
(8960, 1185, 22, NULL, NULL, NULL),
(8961, 1186, 22, NULL, NULL, NULL),
(8962, 1187, 22, NULL, NULL, NULL),
(8963, 1188, 22, NULL, NULL, NULL),
(8964, 1189, 22, NULL, NULL, NULL),
(8965, 1190, 22, NULL, NULL, NULL),
(8966, 1191, 22, NULL, NULL, NULL),
(8967, 1192, 22, NULL, NULL, NULL),
(8968, 1193, 22, NULL, NULL, NULL),
(8969, 1194, 22, NULL, NULL, NULL),
(8970, 1195, 22, NULL, NULL, NULL),
(8971, 1196, 22, NULL, NULL, NULL),
(8972, 1197, 22, NULL, NULL, NULL),
(8973, 1198, 22, NULL, NULL, NULL),
(8974, 1199, 22, NULL, NULL, NULL),
(8975, 1200, 22, NULL, NULL, NULL),
(8976, 1201, 22, NULL, NULL, NULL),
(8977, 1202, 22, NULL, NULL, NULL),
(8978, 1203, 22, NULL, NULL, NULL),
(8979, 1204, 22, NULL, NULL, NULL),
(8980, 1205, 22, NULL, NULL, NULL),
(8981, 1206, 22, NULL, NULL, NULL),
(8982, 1207, 22, NULL, NULL, NULL),
(8983, 1208, 22, NULL, NULL, NULL),
(8984, 1209, 22, NULL, NULL, NULL),
(8985, 1210, 22, NULL, NULL, NULL),
(8986, 1211, 22, NULL, NULL, NULL),
(8987, 1212, 22, NULL, NULL, NULL),
(8988, 1213, 22, NULL, NULL, NULL),
(8989, 1214, 22, NULL, NULL, NULL),
(8990, 1215, 22, NULL, NULL, NULL),
(8991, 1216, 22, NULL, NULL, NULL),
(8992, 1217, 22, NULL, NULL, NULL),
(8993, 1218, 22, NULL, NULL, NULL),
(8994, 1219, 22, NULL, NULL, NULL),
(8995, 1220, 22, NULL, NULL, NULL),
(8996, 1221, 22, NULL, NULL, NULL),
(8997, 1222, 22, NULL, NULL, NULL),
(8998, 1223, 22, NULL, NULL, NULL),
(8999, 1224, 22, NULL, NULL, NULL),
(9000, 1225, 22, NULL, NULL, NULL),
(9001, 1226, 22, NULL, NULL, NULL),
(9002, 1227, 22, NULL, NULL, NULL),
(9003, 1228, 22, NULL, NULL, NULL),
(9004, 1229, 22, NULL, NULL, NULL),
(9005, 1230, 22, NULL, NULL, NULL),
(9006, 1231, 22, NULL, NULL, NULL),
(9007, 1232, 22, NULL, NULL, NULL),
(9008, 1233, 22, NULL, NULL, NULL),
(9009, 1234, 22, NULL, NULL, NULL),
(9010, 1235, 22, NULL, NULL, NULL),
(9011, 1236, 22, NULL, NULL, NULL),
(9012, 1237, 22, NULL, NULL, NULL),
(9013, 1238, 22, NULL, NULL, NULL),
(9014, 1239, 22, NULL, NULL, NULL),
(9015, 1240, 22, NULL, NULL, NULL),
(9016, 1241, 22, NULL, NULL, NULL),
(9017, 1242, 22, NULL, NULL, NULL),
(9018, 1243, 22, NULL, NULL, NULL),
(9019, 1244, 22, NULL, NULL, NULL),
(9020, 1245, 22, NULL, NULL, NULL),
(9021, 1246, 22, NULL, NULL, NULL),
(9022, 1247, 22, NULL, NULL, NULL),
(9023, 1248, 22, NULL, NULL, NULL),
(9024, 1249, 22, NULL, NULL, NULL),
(9025, 1250, 22, NULL, NULL, NULL),
(9026, 1251, 22, NULL, NULL, NULL),
(9027, 1252, 22, NULL, NULL, NULL),
(9028, 1253, 22, NULL, NULL, NULL),
(9029, 1254, 22, NULL, NULL, NULL),
(9030, 1255, 22, NULL, NULL, NULL),
(9031, 826, 23, NULL, NULL, NULL),
(9032, 827, 23, NULL, NULL, NULL),
(9033, 828, 23, NULL, NULL, NULL),
(9034, 829, 23, NULL, NULL, NULL),
(9035, 830, 23, NULL, NULL, NULL),
(9036, 831, 23, NULL, NULL, NULL),
(9037, 832, 23, NULL, NULL, NULL),
(9038, 833, 23, NULL, NULL, NULL),
(9039, 834, 23, NULL, NULL, NULL),
(9040, 835, 23, NULL, NULL, NULL),
(9041, 836, 23, NULL, NULL, NULL),
(9042, 837, 23, NULL, NULL, NULL),
(9043, 838, 23, NULL, NULL, NULL),
(9044, 839, 23, NULL, NULL, NULL),
(9045, 840, 23, NULL, NULL, NULL),
(9046, 841, 23, NULL, NULL, NULL),
(9047, 842, 23, NULL, NULL, NULL),
(9048, 843, 23, NULL, NULL, NULL),
(9049, 844, 23, NULL, NULL, NULL),
(9050, 845, 23, NULL, NULL, NULL),
(9051, 846, 23, NULL, NULL, NULL),
(9052, 847, 23, NULL, NULL, NULL),
(9053, 848, 23, NULL, NULL, NULL),
(9054, 849, 23, NULL, NULL, NULL),
(9055, 850, 23, NULL, NULL, NULL),
(9056, 851, 23, NULL, NULL, NULL),
(9057, 852, 23, NULL, NULL, NULL),
(9058, 853, 23, NULL, NULL, NULL),
(9059, 854, 23, NULL, NULL, NULL),
(9060, 855, 23, NULL, NULL, NULL),
(9061, 856, 23, NULL, NULL, NULL),
(9062, 857, 23, NULL, NULL, NULL),
(9063, 858, 23, NULL, NULL, NULL),
(9064, 859, 23, NULL, NULL, NULL),
(9065, 860, 23, NULL, NULL, NULL),
(9066, 861, 23, NULL, NULL, NULL),
(9067, 862, 23, NULL, NULL, NULL),
(9068, 863, 23, NULL, NULL, NULL),
(9069, 864, 23, NULL, NULL, NULL),
(9070, 865, 23, NULL, NULL, NULL),
(9071, 866, 23, NULL, NULL, NULL),
(9072, 867, 23, NULL, NULL, NULL),
(9073, 868, 23, NULL, NULL, NULL),
(9074, 869, 23, NULL, NULL, NULL),
(9075, 870, 23, NULL, NULL, NULL),
(9076, 871, 23, NULL, NULL, NULL),
(9077, 872, 23, NULL, NULL, NULL),
(9078, 873, 23, NULL, NULL, NULL),
(9079, 874, 23, NULL, NULL, NULL),
(9080, 875, 23, NULL, NULL, NULL),
(9081, 876, 23, NULL, NULL, NULL),
(9082, 877, 23, NULL, NULL, NULL),
(9083, 878, 23, NULL, NULL, NULL),
(9084, 879, 23, NULL, NULL, NULL),
(9085, 880, 23, NULL, NULL, NULL),
(9086, 881, 23, NULL, NULL, NULL),
(9087, 882, 23, NULL, NULL, NULL),
(9088, 883, 23, NULL, NULL, NULL),
(9089, 884, 23, NULL, NULL, NULL),
(9090, 885, 23, NULL, NULL, NULL),
(9091, 886, 23, NULL, NULL, NULL),
(9092, 887, 23, NULL, NULL, NULL),
(9093, 888, 23, NULL, NULL, NULL),
(9094, 889, 23, NULL, NULL, NULL),
(9095, 890, 23, NULL, NULL, NULL),
(9096, 891, 23, NULL, NULL, NULL),
(9097, 892, 23, NULL, NULL, NULL),
(9098, 893, 23, NULL, NULL, NULL),
(9099, 894, 23, NULL, NULL, NULL),
(9100, 895, 23, NULL, NULL, NULL),
(9101, 896, 23, NULL, NULL, NULL),
(9102, 897, 23, NULL, NULL, NULL),
(9103, 898, 23, NULL, NULL, NULL),
(9104, 899, 23, NULL, NULL, NULL),
(9105, 900, 23, NULL, NULL, NULL),
(9106, 901, 23, NULL, NULL, NULL),
(9107, 902, 23, NULL, NULL, NULL),
(9108, 903, 23, NULL, NULL, NULL),
(9109, 904, 23, NULL, NULL, NULL),
(9110, 905, 23, NULL, NULL, NULL),
(9111, 906, 23, NULL, NULL, NULL),
(9112, 907, 23, NULL, NULL, NULL),
(9113, 908, 23, NULL, NULL, NULL),
(9114, 909, 23, NULL, NULL, NULL),
(9115, 910, 23, NULL, NULL, NULL),
(9116, 911, 23, NULL, NULL, NULL),
(9117, 912, 23, NULL, NULL, NULL),
(9118, 913, 23, NULL, NULL, NULL),
(9119, 914, 23, NULL, NULL, NULL),
(9120, 915, 23, NULL, NULL, NULL),
(9121, 916, 23, NULL, NULL, NULL),
(9122, 917, 23, NULL, NULL, NULL),
(9123, 918, 23, NULL, NULL, NULL),
(9124, 919, 23, NULL, NULL, NULL),
(9125, 920, 23, NULL, NULL, NULL),
(9126, 921, 23, NULL, NULL, NULL),
(9127, 922, 23, NULL, NULL, NULL),
(9128, 923, 23, NULL, NULL, NULL),
(9129, 924, 23, NULL, NULL, NULL),
(9130, 925, 23, NULL, NULL, NULL),
(9131, 926, 23, NULL, NULL, NULL),
(9132, 927, 23, NULL, NULL, NULL),
(9133, 928, 23, NULL, NULL, NULL),
(9134, 929, 23, NULL, NULL, NULL),
(9135, 930, 23, NULL, NULL, NULL),
(9136, 931, 23, NULL, NULL, NULL),
(9137, 932, 23, NULL, NULL, NULL),
(9138, 933, 23, NULL, NULL, NULL),
(9139, 934, 23, NULL, NULL, NULL),
(9140, 935, 23, NULL, NULL, NULL),
(9141, 936, 23, NULL, NULL, NULL),
(9142, 937, 23, NULL, NULL, NULL),
(9143, 938, 23, NULL, NULL, NULL),
(9144, 939, 23, NULL, NULL, NULL),
(9145, 940, 23, NULL, NULL, NULL),
(9146, 941, 23, NULL, NULL, NULL),
(9147, 942, 23, NULL, NULL, NULL),
(9148, 943, 23, NULL, NULL, NULL),
(9149, 944, 23, NULL, NULL, NULL),
(9150, 945, 23, NULL, NULL, NULL),
(9151, 946, 23, NULL, NULL, NULL),
(9152, 947, 23, NULL, NULL, NULL),
(9153, 948, 23, NULL, NULL, NULL),
(9154, 949, 23, NULL, NULL, NULL),
(9155, 950, 23, NULL, NULL, NULL),
(9156, 951, 23, NULL, NULL, NULL),
(9157, 952, 23, NULL, NULL, NULL),
(9158, 953, 23, NULL, NULL, NULL),
(9159, 954, 23, NULL, NULL, NULL),
(9160, 955, 23, NULL, NULL, NULL),
(9161, 956, 23, NULL, NULL, NULL),
(9162, 957, 23, NULL, NULL, NULL),
(9163, 958, 23, NULL, NULL, NULL),
(9164, 959, 23, NULL, NULL, NULL),
(9165, 960, 23, NULL, NULL, NULL),
(9166, 961, 23, NULL, NULL, NULL),
(9167, 962, 23, NULL, NULL, NULL),
(9168, 963, 23, NULL, NULL, NULL),
(9169, 964, 23, NULL, NULL, NULL),
(9170, 965, 23, NULL, NULL, NULL),
(9171, 966, 23, NULL, NULL, NULL),
(9172, 967, 23, NULL, NULL, NULL),
(9173, 968, 23, NULL, NULL, NULL),
(9174, 969, 23, NULL, NULL, NULL),
(9175, 970, 23, NULL, NULL, NULL),
(9176, 971, 23, NULL, NULL, NULL),
(9177, 972, 23, NULL, NULL, NULL),
(9178, 973, 23, NULL, NULL, NULL),
(9179, 974, 23, NULL, NULL, NULL),
(9180, 975, 23, NULL, NULL, NULL),
(9181, 976, 23, NULL, NULL, NULL),
(9182, 977, 23, NULL, NULL, NULL),
(9183, 978, 23, NULL, NULL, NULL),
(9184, 979, 23, NULL, NULL, NULL),
(9185, 980, 23, NULL, NULL, NULL),
(9186, 981, 23, NULL, NULL, NULL),
(9187, 982, 23, NULL, NULL, NULL),
(9188, 983, 23, NULL, NULL, NULL),
(9189, 984, 23, NULL, NULL, NULL),
(9190, 985, 23, NULL, NULL, NULL),
(9191, 986, 23, NULL, NULL, NULL),
(9192, 987, 23, NULL, NULL, NULL),
(9193, 988, 23, NULL, NULL, NULL),
(9194, 989, 23, NULL, NULL, NULL),
(9195, 990, 23, NULL, NULL, NULL),
(9196, 991, 23, NULL, NULL, NULL),
(9197, 992, 23, NULL, NULL, NULL),
(9198, 993, 23, NULL, NULL, NULL),
(9199, 994, 23, NULL, NULL, NULL),
(9200, 995, 23, NULL, NULL, NULL),
(9201, 996, 23, NULL, NULL, NULL),
(9202, 997, 23, NULL, NULL, NULL),
(9203, 998, 23, NULL, NULL, NULL),
(9204, 999, 23, NULL, NULL, NULL),
(9205, 1000, 23, NULL, NULL, NULL),
(9206, 1001, 23, NULL, NULL, NULL),
(9207, 1002, 23, NULL, NULL, NULL),
(9208, 1003, 23, NULL, NULL, NULL),
(9209, 1004, 23, NULL, NULL, NULL),
(9210, 1005, 23, NULL, NULL, NULL),
(9211, 1006, 23, NULL, NULL, NULL),
(9212, 1007, 23, NULL, NULL, NULL),
(9213, 1008, 23, NULL, NULL, NULL),
(9214, 1009, 23, NULL, NULL, NULL),
(9215, 1010, 23, NULL, NULL, NULL),
(9216, 1011, 23, NULL, NULL, NULL),
(9217, 1012, 23, NULL, NULL, NULL),
(9218, 1013, 23, NULL, NULL, NULL),
(9219, 1014, 23, NULL, NULL, NULL),
(9220, 1015, 23, NULL, NULL, NULL),
(9221, 1016, 23, NULL, NULL, NULL),
(9222, 1017, 23, NULL, NULL, NULL),
(9223, 1018, 23, NULL, NULL, NULL),
(9224, 1019, 23, NULL, NULL, NULL),
(9225, 1020, 23, NULL, NULL, NULL),
(9226, 1021, 23, NULL, NULL, NULL),
(9227, 1022, 23, NULL, NULL, NULL),
(9228, 1023, 23, NULL, NULL, NULL),
(9229, 1024, 23, NULL, NULL, NULL),
(9230, 1025, 23, NULL, NULL, NULL),
(9231, 1026, 23, NULL, NULL, NULL),
(9232, 1027, 23, NULL, NULL, NULL),
(9233, 1028, 23, NULL, NULL, NULL),
(9234, 1029, 23, NULL, NULL, NULL),
(9235, 1030, 23, NULL, NULL, NULL),
(9236, 1031, 23, NULL, NULL, NULL),
(9237, 1032, 23, NULL, NULL, NULL),
(9238, 1033, 23, NULL, NULL, NULL),
(9239, 1034, 23, NULL, NULL, NULL),
(9240, 1035, 23, NULL, NULL, NULL),
(9241, 1036, 23, NULL, NULL, NULL),
(9242, 1037, 23, NULL, NULL, NULL),
(9243, 1038, 23, NULL, NULL, NULL),
(9244, 1039, 23, NULL, NULL, NULL),
(9245, 1040, 23, NULL, NULL, NULL),
(9246, 1041, 23, NULL, NULL, NULL),
(9247, 1042, 23, NULL, NULL, NULL),
(9248, 1043, 23, NULL, NULL, NULL),
(9249, 1044, 23, NULL, NULL, NULL),
(9250, 1045, 23, NULL, NULL, NULL),
(9251, 1046, 23, NULL, NULL, NULL),
(9252, 1047, 23, NULL, NULL, NULL),
(9253, 1048, 23, NULL, NULL, NULL),
(9254, 1049, 23, NULL, NULL, NULL),
(9255, 1050, 23, NULL, NULL, NULL),
(9256, 1051, 23, NULL, NULL, NULL),
(9257, 1052, 23, NULL, NULL, NULL),
(9258, 1053, 23, NULL, NULL, NULL),
(9259, 1054, 23, NULL, NULL, NULL),
(9260, 1055, 23, NULL, NULL, NULL),
(9261, 1056, 23, NULL, NULL, NULL),
(9262, 1057, 23, NULL, NULL, NULL),
(9263, 1058, 23, NULL, NULL, NULL),
(9264, 1059, 23, NULL, NULL, NULL),
(9265, 1060, 23, NULL, NULL, NULL),
(9266, 1061, 23, NULL, NULL, NULL),
(9267, 1062, 23, NULL, NULL, NULL),
(9268, 1063, 23, NULL, NULL, NULL),
(9269, 1064, 23, NULL, NULL, NULL),
(9270, 1065, 23, NULL, NULL, NULL),
(9271, 1066, 23, NULL, NULL, NULL),
(9272, 1067, 23, NULL, NULL, NULL),
(9273, 1068, 23, NULL, NULL, NULL),
(9274, 1069, 23, NULL, NULL, NULL),
(9275, 1070, 23, NULL, NULL, NULL),
(9276, 1071, 23, NULL, NULL, NULL),
(9277, 1072, 23, NULL, NULL, NULL),
(9278, 1073, 23, NULL, NULL, NULL),
(9279, 1074, 23, NULL, NULL, NULL),
(9280, 1075, 23, NULL, NULL, NULL),
(9281, 1076, 23, NULL, NULL, NULL),
(9282, 1077, 23, NULL, NULL, NULL),
(9283, 1078, 23, NULL, NULL, NULL),
(9284, 1079, 23, NULL, NULL, NULL),
(9285, 1080, 23, NULL, NULL, NULL),
(9286, 1081, 23, NULL, NULL, NULL),
(9287, 1082, 23, NULL, NULL, NULL),
(9288, 1083, 23, NULL, NULL, NULL),
(9289, 1084, 23, NULL, NULL, NULL),
(9290, 1085, 23, NULL, NULL, NULL),
(9291, 1086, 23, NULL, NULL, NULL),
(9292, 1087, 23, NULL, NULL, NULL),
(9293, 1088, 23, NULL, NULL, NULL),
(9294, 1089, 23, NULL, NULL, NULL),
(9295, 1090, 23, NULL, NULL, NULL),
(9296, 1091, 23, NULL, NULL, NULL),
(9297, 1092, 23, NULL, NULL, NULL),
(9298, 1093, 23, NULL, NULL, NULL),
(9299, 1094, 23, NULL, NULL, NULL),
(9300, 1095, 23, NULL, NULL, NULL),
(9301, 1096, 23, NULL, NULL, NULL),
(9302, 1097, 23, NULL, NULL, NULL),
(9303, 1098, 23, NULL, NULL, NULL),
(9304, 1099, 23, NULL, NULL, NULL),
(9305, 1100, 23, NULL, NULL, NULL),
(9306, 1101, 23, NULL, NULL, NULL),
(9307, 1102, 23, NULL, NULL, NULL),
(9308, 1103, 23, NULL, NULL, NULL),
(9309, 1104, 23, NULL, NULL, NULL),
(9310, 1105, 23, NULL, NULL, NULL),
(9311, 1106, 23, NULL, NULL, NULL),
(9312, 1107, 23, NULL, NULL, NULL),
(9313, 1108, 23, NULL, NULL, NULL),
(9314, 1109, 23, NULL, NULL, NULL),
(9315, 1110, 23, NULL, NULL, NULL),
(9316, 1111, 23, NULL, NULL, NULL),
(9317, 1112, 23, NULL, NULL, NULL),
(9318, 1113, 23, NULL, NULL, NULL),
(9319, 1114, 23, NULL, NULL, NULL),
(9320, 1115, 23, NULL, NULL, NULL),
(9321, 1116, 23, NULL, NULL, NULL),
(9322, 1117, 23, NULL, NULL, NULL),
(9323, 1118, 23, NULL, NULL, NULL),
(9324, 1119, 23, NULL, NULL, NULL),
(9325, 1120, 23, NULL, NULL, NULL),
(9326, 1121, 23, NULL, NULL, NULL),
(9327, 1122, 23, NULL, NULL, NULL),
(9328, 1123, 23, NULL, NULL, NULL),
(9329, 1124, 23, NULL, NULL, NULL),
(9330, 1125, 23, NULL, NULL, NULL),
(9331, 1126, 23, NULL, NULL, NULL),
(9332, 1127, 23, NULL, NULL, NULL),
(9333, 1128, 23, NULL, NULL, NULL),
(9334, 1129, 23, NULL, NULL, NULL),
(9335, 1130, 23, NULL, NULL, NULL),
(9336, 1131, 23, NULL, NULL, NULL),
(9337, 1132, 23, NULL, NULL, NULL),
(9338, 1133, 23, NULL, NULL, NULL),
(9339, 1134, 23, NULL, NULL, NULL),
(9340, 1135, 23, NULL, NULL, NULL),
(9341, 1136, 23, NULL, NULL, NULL),
(9342, 1137, 23, NULL, NULL, NULL),
(9343, 1138, 23, NULL, NULL, NULL),
(9344, 1139, 23, NULL, NULL, NULL),
(9345, 1140, 23, NULL, NULL, NULL),
(9346, 1141, 23, NULL, NULL, NULL),
(9347, 1142, 23, NULL, NULL, NULL),
(9348, 1143, 23, NULL, NULL, NULL),
(9349, 1144, 23, NULL, NULL, NULL),
(9350, 1145, 23, NULL, NULL, NULL),
(9351, 1146, 23, NULL, NULL, NULL),
(9352, 1147, 23, NULL, NULL, NULL),
(9353, 1148, 23, NULL, NULL, NULL),
(9354, 1149, 23, NULL, NULL, NULL),
(9355, 1150, 23, NULL, NULL, NULL),
(9356, 1151, 23, NULL, NULL, NULL),
(9357, 1152, 23, NULL, NULL, NULL),
(9358, 1153, 23, NULL, NULL, NULL),
(9359, 1154, 23, NULL, NULL, NULL),
(9360, 1155, 23, NULL, NULL, NULL),
(9361, 1156, 23, NULL, NULL, NULL),
(9362, 1157, 23, NULL, NULL, NULL),
(9363, 1158, 23, NULL, NULL, NULL),
(9364, 1159, 23, NULL, NULL, NULL),
(9365, 1160, 23, NULL, NULL, NULL),
(9366, 1161, 23, NULL, NULL, NULL),
(9367, 1162, 23, NULL, NULL, NULL),
(9368, 1163, 23, NULL, NULL, NULL),
(9369, 1164, 23, NULL, NULL, NULL),
(9370, 1165, 23, NULL, NULL, NULL),
(9371, 1166, 23, NULL, NULL, NULL),
(9372, 1167, 23, NULL, NULL, NULL),
(9373, 1168, 23, NULL, NULL, NULL),
(9374, 1169, 23, NULL, NULL, NULL),
(9375, 1170, 23, NULL, NULL, NULL),
(9376, 1171, 23, NULL, NULL, NULL),
(9377, 1172, 23, NULL, NULL, NULL),
(9378, 1173, 23, NULL, NULL, NULL),
(9379, 1174, 23, NULL, NULL, NULL),
(9380, 1175, 23, NULL, NULL, NULL),
(9381, 1176, 23, NULL, NULL, NULL),
(9382, 1177, 23, NULL, NULL, NULL),
(9383, 1178, 23, NULL, NULL, NULL),
(9384, 1179, 23, NULL, NULL, NULL),
(9385, 1180, 23, NULL, NULL, NULL),
(9386, 1181, 23, NULL, NULL, NULL),
(9387, 1182, 23, NULL, NULL, NULL),
(9388, 1183, 23, NULL, NULL, NULL),
(9389, 1184, 23, NULL, NULL, NULL),
(9390, 1185, 23, NULL, NULL, NULL),
(9391, 1186, 23, NULL, NULL, NULL),
(9392, 1187, 23, NULL, NULL, NULL),
(9393, 1188, 23, NULL, NULL, NULL),
(9394, 1189, 23, NULL, NULL, NULL),
(9395, 1190, 23, NULL, NULL, NULL),
(9396, 1191, 23, NULL, NULL, NULL),
(9397, 1192, 23, NULL, NULL, NULL),
(9398, 1193, 23, NULL, NULL, NULL),
(9399, 1194, 23, NULL, NULL, NULL),
(9400, 1195, 23, NULL, NULL, NULL),
(9401, 1196, 23, NULL, NULL, NULL),
(9402, 1197, 23, NULL, NULL, NULL),
(9403, 1198, 23, NULL, NULL, NULL),
(9404, 1199, 23, NULL, NULL, NULL),
(9405, 1200, 23, NULL, NULL, NULL),
(9406, 1201, 23, NULL, NULL, NULL),
(9407, 1202, 23, NULL, NULL, NULL),
(9408, 1203, 23, NULL, NULL, NULL),
(9409, 1204, 23, NULL, NULL, NULL),
(9410, 1205, 23, NULL, NULL, NULL),
(9411, 1206, 23, NULL, NULL, NULL),
(9412, 1207, 23, NULL, NULL, NULL),
(9413, 1208, 23, NULL, NULL, NULL),
(9414, 1209, 23, NULL, NULL, NULL),
(9415, 1210, 23, NULL, NULL, NULL),
(9416, 1211, 23, NULL, NULL, NULL),
(9417, 1212, 23, NULL, NULL, NULL),
(9418, 1213, 23, NULL, NULL, NULL),
(9419, 1214, 23, NULL, NULL, NULL),
(9420, 1215, 23, NULL, NULL, NULL),
(9421, 1216, 23, NULL, NULL, NULL),
(9422, 1217, 23, NULL, NULL, NULL),
(9423, 1218, 23, NULL, NULL, NULL),
(9424, 1219, 23, NULL, NULL, NULL),
(9425, 1220, 23, NULL, NULL, NULL),
(9426, 1221, 23, NULL, NULL, NULL),
(9427, 1222, 23, NULL, NULL, NULL),
(9428, 1223, 23, NULL, NULL, NULL),
(9429, 1224, 23, NULL, NULL, NULL),
(9430, 1225, 23, NULL, NULL, NULL),
(9431, 1226, 23, NULL, NULL, NULL),
(9432, 1227, 23, NULL, NULL, NULL),
(9433, 1228, 23, NULL, NULL, NULL),
(9434, 1229, 23, NULL, NULL, NULL),
(9435, 1230, 23, NULL, NULL, NULL),
(9436, 1231, 23, NULL, NULL, NULL),
(9437, 1232, 23, NULL, NULL, NULL),
(9438, 1233, 23, NULL, NULL, NULL),
(9439, 1234, 23, NULL, NULL, NULL),
(9440, 1235, 23, NULL, NULL, NULL),
(9441, 1236, 23, NULL, NULL, NULL),
(9442, 1237, 23, NULL, NULL, NULL),
(9443, 1238, 23, NULL, NULL, NULL);
INSERT INTO `branch_services` (`id`, `branch_id`, `service_id`, `deleted_at`, `created_at`, `updated_at`) VALUES
(9444, 1239, 23, NULL, NULL, NULL),
(9445, 1240, 23, NULL, NULL, NULL),
(9446, 1241, 23, NULL, NULL, NULL),
(9447, 1242, 23, NULL, NULL, NULL),
(9448, 1243, 23, NULL, NULL, NULL),
(9449, 1244, 23, NULL, NULL, NULL),
(9450, 1245, 23, NULL, NULL, NULL),
(9451, 1246, 23, NULL, NULL, NULL),
(9452, 1247, 23, NULL, NULL, NULL),
(9453, 1248, 23, NULL, NULL, NULL),
(9454, 1249, 23, NULL, NULL, NULL),
(9455, 1250, 23, NULL, NULL, NULL),
(9456, 1251, 23, NULL, NULL, NULL),
(9457, 1252, 23, NULL, NULL, NULL),
(9458, 1253, 23, NULL, NULL, NULL),
(9459, 1254, 23, NULL, NULL, NULL),
(9460, 1255, 23, NULL, NULL, NULL),
(9461, 826, 24, NULL, NULL, NULL),
(9462, 827, 24, NULL, NULL, NULL),
(9463, 828, 24, NULL, NULL, NULL),
(9464, 829, 24, NULL, NULL, NULL),
(9465, 830, 24, NULL, NULL, NULL),
(9466, 831, 24, NULL, NULL, NULL),
(9467, 832, 24, NULL, NULL, NULL),
(9468, 833, 24, NULL, NULL, NULL),
(9469, 834, 24, NULL, NULL, NULL),
(9470, 835, 24, NULL, NULL, NULL),
(9471, 836, 24, NULL, NULL, NULL),
(9472, 837, 24, NULL, NULL, NULL),
(9473, 838, 24, NULL, NULL, NULL),
(9474, 839, 24, NULL, NULL, NULL),
(9475, 840, 24, NULL, NULL, NULL),
(9476, 841, 24, NULL, NULL, NULL),
(9477, 842, 24, NULL, NULL, NULL),
(9478, 843, 24, NULL, NULL, NULL),
(9479, 844, 24, NULL, NULL, NULL),
(9480, 845, 24, NULL, NULL, NULL),
(9481, 846, 24, NULL, NULL, NULL),
(9482, 847, 24, NULL, NULL, NULL),
(9483, 848, 24, NULL, NULL, NULL),
(9484, 849, 24, NULL, NULL, NULL),
(9485, 850, 24, NULL, NULL, NULL),
(9486, 851, 24, NULL, NULL, NULL),
(9487, 852, 24, NULL, NULL, NULL),
(9488, 853, 24, NULL, NULL, NULL),
(9489, 854, 24, NULL, NULL, NULL),
(9490, 855, 24, NULL, NULL, NULL),
(9491, 856, 24, NULL, NULL, NULL),
(9492, 857, 24, NULL, NULL, NULL),
(9493, 858, 24, NULL, NULL, NULL),
(9494, 859, 24, NULL, NULL, NULL),
(9495, 860, 24, NULL, NULL, NULL),
(9496, 861, 24, NULL, NULL, NULL),
(9497, 862, 24, NULL, NULL, NULL),
(9498, 863, 24, NULL, NULL, NULL),
(9499, 864, 24, NULL, NULL, NULL),
(9500, 865, 24, NULL, NULL, NULL),
(9501, 866, 24, NULL, NULL, NULL),
(9502, 867, 24, NULL, NULL, NULL),
(9503, 868, 24, NULL, NULL, NULL),
(9504, 869, 24, NULL, NULL, NULL),
(9505, 870, 24, NULL, NULL, NULL),
(9506, 871, 24, NULL, NULL, NULL),
(9507, 872, 24, NULL, NULL, NULL),
(9508, 873, 24, NULL, NULL, NULL),
(9509, 874, 24, NULL, NULL, NULL),
(9510, 875, 24, NULL, NULL, NULL),
(9511, 876, 24, NULL, NULL, NULL),
(9512, 877, 24, NULL, NULL, NULL),
(9513, 878, 24, NULL, NULL, NULL),
(9514, 879, 24, NULL, NULL, NULL),
(9515, 880, 24, NULL, NULL, NULL),
(9516, 881, 24, NULL, NULL, NULL),
(9517, 882, 24, NULL, NULL, NULL),
(9518, 883, 24, NULL, NULL, NULL),
(9519, 884, 24, NULL, NULL, NULL),
(9520, 885, 24, NULL, NULL, NULL),
(9521, 886, 24, NULL, NULL, NULL),
(9522, 887, 24, NULL, NULL, NULL),
(9523, 888, 24, NULL, NULL, NULL),
(9524, 889, 24, NULL, NULL, NULL),
(9525, 890, 24, NULL, NULL, NULL),
(9526, 891, 24, NULL, NULL, NULL),
(9527, 892, 24, NULL, NULL, NULL),
(9528, 893, 24, NULL, NULL, NULL),
(9529, 894, 24, NULL, NULL, NULL),
(9530, 895, 24, NULL, NULL, NULL),
(9531, 896, 24, NULL, NULL, NULL),
(9532, 897, 24, NULL, NULL, NULL),
(9533, 898, 24, NULL, NULL, NULL),
(9534, 899, 24, NULL, NULL, NULL),
(9535, 900, 24, NULL, NULL, NULL),
(9536, 901, 24, NULL, NULL, NULL),
(9537, 902, 24, NULL, NULL, NULL),
(9538, 903, 24, NULL, NULL, NULL),
(9539, 904, 24, NULL, NULL, NULL),
(9540, 905, 24, NULL, NULL, NULL),
(9541, 906, 24, NULL, NULL, NULL),
(9542, 907, 24, NULL, NULL, NULL),
(9543, 908, 24, NULL, NULL, NULL),
(9544, 909, 24, NULL, NULL, NULL),
(9545, 910, 24, NULL, NULL, NULL),
(9546, 911, 24, NULL, NULL, NULL),
(9547, 912, 24, NULL, NULL, NULL),
(9548, 913, 24, NULL, NULL, NULL),
(9549, 914, 24, NULL, NULL, NULL),
(9550, 915, 24, NULL, NULL, NULL),
(9551, 916, 24, NULL, NULL, NULL),
(9552, 917, 24, NULL, NULL, NULL),
(9553, 918, 24, NULL, NULL, NULL),
(9554, 919, 24, NULL, NULL, NULL),
(9555, 920, 24, NULL, NULL, NULL),
(9556, 921, 24, NULL, NULL, NULL),
(9557, 922, 24, NULL, NULL, NULL),
(9558, 923, 24, NULL, NULL, NULL),
(9559, 924, 24, NULL, NULL, NULL),
(9560, 925, 24, NULL, NULL, NULL),
(9561, 926, 24, NULL, NULL, NULL),
(9562, 927, 24, NULL, NULL, NULL),
(9563, 928, 24, NULL, NULL, NULL),
(9564, 929, 24, NULL, NULL, NULL),
(9565, 930, 24, NULL, NULL, NULL),
(9566, 931, 24, NULL, NULL, NULL),
(9567, 932, 24, NULL, NULL, NULL),
(9568, 933, 24, NULL, NULL, NULL),
(9569, 934, 24, NULL, NULL, NULL),
(9570, 935, 24, NULL, NULL, NULL),
(9571, 936, 24, NULL, NULL, NULL),
(9572, 937, 24, NULL, NULL, NULL),
(9573, 938, 24, NULL, NULL, NULL),
(9574, 939, 24, NULL, NULL, NULL),
(9575, 940, 24, NULL, NULL, NULL),
(9576, 941, 24, NULL, NULL, NULL),
(9577, 942, 24, NULL, NULL, NULL),
(9578, 943, 24, NULL, NULL, NULL),
(9579, 944, 24, NULL, NULL, NULL),
(9580, 945, 24, NULL, NULL, NULL),
(9581, 946, 24, NULL, NULL, NULL),
(9582, 947, 24, NULL, NULL, NULL),
(9583, 948, 24, NULL, NULL, NULL),
(9584, 949, 24, NULL, NULL, NULL),
(9585, 950, 24, NULL, NULL, NULL),
(9586, 951, 24, NULL, NULL, NULL),
(9587, 952, 24, NULL, NULL, NULL),
(9588, 953, 24, NULL, NULL, NULL),
(9589, 954, 24, NULL, NULL, NULL),
(9590, 955, 24, NULL, NULL, NULL),
(9591, 956, 24, NULL, NULL, NULL),
(9592, 957, 24, NULL, NULL, NULL),
(9593, 958, 24, NULL, NULL, NULL),
(9594, 959, 24, NULL, NULL, NULL),
(9595, 960, 24, NULL, NULL, NULL),
(9596, 961, 24, NULL, NULL, NULL),
(9597, 962, 24, NULL, NULL, NULL),
(9598, 963, 24, NULL, NULL, NULL),
(9599, 964, 24, NULL, NULL, NULL),
(9600, 965, 24, NULL, NULL, NULL),
(9601, 966, 24, NULL, NULL, NULL),
(9602, 967, 24, NULL, NULL, NULL),
(9603, 968, 24, NULL, NULL, NULL),
(9604, 969, 24, NULL, NULL, NULL),
(9605, 970, 24, NULL, NULL, NULL),
(9606, 971, 24, NULL, NULL, NULL),
(9607, 972, 24, NULL, NULL, NULL),
(9608, 973, 24, NULL, NULL, NULL),
(9609, 974, 24, NULL, NULL, NULL),
(9610, 975, 24, NULL, NULL, NULL),
(9611, 976, 24, NULL, NULL, NULL),
(9612, 977, 24, NULL, NULL, NULL),
(9613, 978, 24, NULL, NULL, NULL),
(9614, 979, 24, NULL, NULL, NULL),
(9615, 980, 24, NULL, NULL, NULL),
(9616, 981, 24, NULL, NULL, NULL),
(9617, 982, 24, NULL, NULL, NULL),
(9618, 983, 24, NULL, NULL, NULL),
(9619, 984, 24, NULL, NULL, NULL),
(9620, 985, 24, NULL, NULL, NULL),
(9621, 986, 24, NULL, NULL, NULL),
(9622, 987, 24, NULL, NULL, NULL),
(9623, 988, 24, NULL, NULL, NULL),
(9624, 989, 24, NULL, NULL, NULL),
(9625, 990, 24, NULL, NULL, NULL),
(9626, 991, 24, NULL, NULL, NULL),
(9627, 992, 24, NULL, NULL, NULL),
(9628, 993, 24, NULL, NULL, NULL),
(9629, 994, 24, NULL, NULL, NULL),
(9630, 995, 24, NULL, NULL, NULL),
(9631, 996, 24, NULL, NULL, NULL),
(9632, 997, 24, NULL, NULL, NULL),
(9633, 998, 24, NULL, NULL, NULL),
(9634, 999, 24, NULL, NULL, NULL),
(9635, 1000, 24, NULL, NULL, NULL),
(9636, 1001, 24, NULL, NULL, NULL),
(9637, 1002, 24, NULL, NULL, NULL),
(9638, 1003, 24, NULL, NULL, NULL),
(9639, 1004, 24, NULL, NULL, NULL),
(9640, 1005, 24, NULL, NULL, NULL),
(9641, 1006, 24, NULL, NULL, NULL),
(9642, 1007, 24, NULL, NULL, NULL),
(9643, 1008, 24, NULL, NULL, NULL),
(9644, 1009, 24, NULL, NULL, NULL),
(9645, 1010, 24, NULL, NULL, NULL),
(9646, 1011, 24, NULL, NULL, NULL),
(9647, 1012, 24, NULL, NULL, NULL),
(9648, 1013, 24, NULL, NULL, NULL),
(9649, 1014, 24, NULL, NULL, NULL),
(9650, 1015, 24, NULL, NULL, NULL),
(9651, 1016, 24, NULL, NULL, NULL),
(9652, 1017, 24, NULL, NULL, NULL),
(9653, 1018, 24, NULL, NULL, NULL),
(9654, 1019, 24, NULL, NULL, NULL),
(9655, 1020, 24, NULL, NULL, NULL),
(9656, 1021, 24, NULL, NULL, NULL),
(9657, 1022, 24, NULL, NULL, NULL),
(9658, 1023, 24, NULL, NULL, NULL),
(9659, 1024, 24, NULL, NULL, NULL),
(9660, 1025, 24, NULL, NULL, NULL),
(9661, 1026, 24, NULL, NULL, NULL),
(9662, 1027, 24, NULL, NULL, NULL),
(9663, 1028, 24, NULL, NULL, NULL),
(9664, 1029, 24, NULL, NULL, NULL),
(9665, 1030, 24, NULL, NULL, NULL),
(9666, 1031, 24, NULL, NULL, NULL),
(9667, 1032, 24, NULL, NULL, NULL),
(9668, 1033, 24, NULL, NULL, NULL),
(9669, 1034, 24, NULL, NULL, NULL),
(9670, 1035, 24, NULL, NULL, NULL),
(9671, 1036, 24, NULL, NULL, NULL),
(9672, 1037, 24, NULL, NULL, NULL),
(9673, 1038, 24, NULL, NULL, NULL),
(9674, 1039, 24, NULL, NULL, NULL),
(9675, 1040, 24, NULL, NULL, NULL),
(9676, 1041, 24, NULL, NULL, NULL),
(9677, 1042, 24, NULL, NULL, NULL),
(9678, 1043, 24, NULL, NULL, NULL),
(9679, 1044, 24, NULL, NULL, NULL),
(9680, 1045, 24, NULL, NULL, NULL),
(9681, 1046, 24, NULL, NULL, NULL),
(9682, 1047, 24, NULL, NULL, NULL),
(9683, 1048, 24, NULL, NULL, NULL),
(9684, 1049, 24, NULL, NULL, NULL),
(9685, 1050, 24, NULL, NULL, NULL),
(9686, 1051, 24, NULL, NULL, NULL),
(9687, 1052, 24, NULL, NULL, NULL),
(9688, 1053, 24, NULL, NULL, NULL),
(9689, 1054, 24, NULL, NULL, NULL),
(9690, 1055, 24, NULL, NULL, NULL),
(9691, 1056, 24, NULL, NULL, NULL),
(9692, 1057, 24, NULL, NULL, NULL),
(9693, 1058, 24, NULL, NULL, NULL),
(9694, 1059, 24, NULL, NULL, NULL),
(9695, 1060, 24, NULL, NULL, NULL),
(9696, 1061, 24, NULL, NULL, NULL),
(9697, 1062, 24, NULL, NULL, NULL),
(9698, 1063, 24, NULL, NULL, NULL),
(9699, 1064, 24, NULL, NULL, NULL),
(9700, 1065, 24, NULL, NULL, NULL),
(9701, 1066, 24, NULL, NULL, NULL),
(9702, 1067, 24, NULL, NULL, NULL),
(9703, 1068, 24, NULL, NULL, NULL),
(9704, 1069, 24, NULL, NULL, NULL),
(9705, 1070, 24, NULL, NULL, NULL),
(9706, 1071, 24, NULL, NULL, NULL),
(9707, 1072, 24, NULL, NULL, NULL),
(9708, 1073, 24, NULL, NULL, NULL),
(9709, 1074, 24, NULL, NULL, NULL),
(9710, 1075, 24, NULL, NULL, NULL),
(9711, 1076, 24, NULL, NULL, NULL),
(9712, 1077, 24, NULL, NULL, NULL),
(9713, 1078, 24, NULL, NULL, NULL),
(9714, 1079, 24, NULL, NULL, NULL),
(9715, 1080, 24, NULL, NULL, NULL),
(9716, 1081, 24, NULL, NULL, NULL),
(9717, 1082, 24, NULL, NULL, NULL),
(9718, 1083, 24, NULL, NULL, NULL),
(9719, 1084, 24, NULL, NULL, NULL),
(9720, 1085, 24, NULL, NULL, NULL),
(9721, 1086, 24, NULL, NULL, NULL),
(9722, 1087, 24, NULL, NULL, NULL),
(9723, 1088, 24, NULL, NULL, NULL),
(9724, 1089, 24, NULL, NULL, NULL),
(9725, 1090, 24, NULL, NULL, NULL),
(9726, 1091, 24, NULL, NULL, NULL),
(9727, 1092, 24, NULL, NULL, NULL),
(9728, 1093, 24, NULL, NULL, NULL),
(9729, 1094, 24, NULL, NULL, NULL),
(9730, 1095, 24, NULL, NULL, NULL),
(9731, 1096, 24, NULL, NULL, NULL),
(9732, 1097, 24, NULL, NULL, NULL),
(9733, 1098, 24, NULL, NULL, NULL),
(9734, 1099, 24, NULL, NULL, NULL),
(9735, 1100, 24, NULL, NULL, NULL),
(9736, 1101, 24, NULL, NULL, NULL),
(9737, 1102, 24, NULL, NULL, NULL),
(9738, 1103, 24, NULL, NULL, NULL),
(9739, 1104, 24, NULL, NULL, NULL),
(9740, 1105, 24, NULL, NULL, NULL),
(9741, 1106, 24, NULL, NULL, NULL),
(9742, 1107, 24, NULL, NULL, NULL),
(9743, 1108, 24, NULL, NULL, NULL),
(9744, 1109, 24, NULL, NULL, NULL),
(9745, 1110, 24, NULL, NULL, NULL),
(9746, 1111, 24, NULL, NULL, NULL),
(9747, 1112, 24, NULL, NULL, NULL),
(9748, 1113, 24, NULL, NULL, NULL),
(9749, 1114, 24, NULL, NULL, NULL),
(9750, 1115, 24, NULL, NULL, NULL),
(9751, 1116, 24, NULL, NULL, NULL),
(9752, 1117, 24, NULL, NULL, NULL),
(9753, 1118, 24, NULL, NULL, NULL),
(9754, 1119, 24, NULL, NULL, NULL),
(9755, 1120, 24, NULL, NULL, NULL),
(9756, 1121, 24, NULL, NULL, NULL),
(9757, 1122, 24, NULL, NULL, NULL),
(9758, 1123, 24, NULL, NULL, NULL),
(9759, 1124, 24, NULL, NULL, NULL),
(9760, 1125, 24, NULL, NULL, NULL),
(9761, 1126, 24, NULL, NULL, NULL),
(9762, 1127, 24, NULL, NULL, NULL),
(9763, 1128, 24, NULL, NULL, NULL),
(9764, 1129, 24, NULL, NULL, NULL),
(9765, 1130, 24, NULL, NULL, NULL),
(9766, 1131, 24, NULL, NULL, NULL),
(9767, 1132, 24, NULL, NULL, NULL),
(9768, 1133, 24, NULL, NULL, NULL),
(9769, 1134, 24, NULL, NULL, NULL),
(9770, 1135, 24, NULL, NULL, NULL),
(9771, 1136, 24, NULL, NULL, NULL),
(9772, 1137, 24, NULL, NULL, NULL),
(9773, 1138, 24, NULL, NULL, NULL),
(9774, 1139, 24, NULL, NULL, NULL),
(9775, 1140, 24, NULL, NULL, NULL),
(9776, 1141, 24, NULL, NULL, NULL),
(9777, 1142, 24, NULL, NULL, NULL),
(9778, 1143, 24, NULL, NULL, NULL),
(9779, 1144, 24, NULL, NULL, NULL),
(9780, 1145, 24, NULL, NULL, NULL),
(9781, 1146, 24, NULL, NULL, NULL),
(9782, 1147, 24, NULL, NULL, NULL),
(9783, 1148, 24, NULL, NULL, NULL),
(9784, 1149, 24, NULL, NULL, NULL),
(9785, 1150, 24, NULL, NULL, NULL),
(9786, 1151, 24, NULL, NULL, NULL),
(9787, 1152, 24, NULL, NULL, NULL),
(9788, 1153, 24, NULL, NULL, NULL),
(9789, 1154, 24, NULL, NULL, NULL),
(9790, 1155, 24, NULL, NULL, NULL),
(9791, 1156, 24, NULL, NULL, NULL),
(9792, 1157, 24, NULL, NULL, NULL),
(9793, 1158, 24, NULL, NULL, NULL),
(9794, 1159, 24, NULL, NULL, NULL),
(9795, 1160, 24, NULL, NULL, NULL),
(9796, 1161, 24, NULL, NULL, NULL),
(9797, 1162, 24, NULL, NULL, NULL),
(9798, 1163, 24, NULL, NULL, NULL),
(9799, 1164, 24, NULL, NULL, NULL),
(9800, 1165, 24, NULL, NULL, NULL),
(9801, 1166, 24, NULL, NULL, NULL),
(9802, 1167, 24, NULL, NULL, NULL),
(9803, 1168, 24, NULL, NULL, NULL),
(9804, 1169, 24, NULL, NULL, NULL),
(9805, 1170, 24, NULL, NULL, NULL),
(9806, 1171, 24, NULL, NULL, NULL),
(9807, 1172, 24, NULL, NULL, NULL),
(9808, 1173, 24, NULL, NULL, NULL),
(9809, 1174, 24, NULL, NULL, NULL),
(9810, 1175, 24, NULL, NULL, NULL),
(9811, 1176, 24, NULL, NULL, NULL),
(9812, 1177, 24, NULL, NULL, NULL),
(9813, 1178, 24, NULL, NULL, NULL),
(9814, 1179, 24, NULL, NULL, NULL),
(9815, 1180, 24, NULL, NULL, NULL),
(9816, 1181, 24, NULL, NULL, NULL),
(9817, 1182, 24, NULL, NULL, NULL),
(9818, 1183, 24, NULL, NULL, NULL),
(9819, 1184, 24, NULL, NULL, NULL),
(9820, 1185, 24, NULL, NULL, NULL),
(9821, 1186, 24, NULL, NULL, NULL),
(9822, 1187, 24, NULL, NULL, NULL),
(9823, 1188, 24, NULL, NULL, NULL),
(9824, 1189, 24, NULL, NULL, NULL),
(9825, 1190, 24, NULL, NULL, NULL),
(9826, 1191, 24, NULL, NULL, NULL),
(9827, 1192, 24, NULL, NULL, NULL),
(9828, 1193, 24, NULL, NULL, NULL),
(9829, 1194, 24, NULL, NULL, NULL),
(9830, 1195, 24, NULL, NULL, NULL),
(9831, 1196, 24, NULL, NULL, NULL),
(9832, 1197, 24, NULL, NULL, NULL),
(9833, 1198, 24, NULL, NULL, NULL),
(9834, 1199, 24, NULL, NULL, NULL),
(9835, 1200, 24, NULL, NULL, NULL),
(9836, 1201, 24, NULL, NULL, NULL),
(9837, 1202, 24, NULL, NULL, NULL),
(9838, 1203, 24, NULL, NULL, NULL),
(9839, 1204, 24, NULL, NULL, NULL),
(9840, 1205, 24, NULL, NULL, NULL),
(9841, 1206, 24, NULL, NULL, NULL),
(9842, 1207, 24, NULL, NULL, NULL),
(9843, 1208, 24, NULL, NULL, NULL),
(9844, 1209, 24, NULL, NULL, NULL),
(9845, 1210, 24, NULL, NULL, NULL),
(9846, 1211, 24, NULL, NULL, NULL),
(9847, 1212, 24, NULL, NULL, NULL),
(9848, 1213, 24, NULL, NULL, NULL),
(9849, 1214, 24, NULL, NULL, NULL),
(9850, 1215, 24, NULL, NULL, NULL),
(9851, 1216, 24, NULL, NULL, NULL),
(9852, 1217, 24, NULL, NULL, NULL),
(9853, 1218, 24, NULL, NULL, NULL),
(9854, 1219, 24, NULL, NULL, NULL),
(9855, 1220, 24, NULL, NULL, NULL),
(9856, 1221, 24, NULL, NULL, NULL),
(9857, 1222, 24, NULL, NULL, NULL),
(9858, 1223, 24, NULL, NULL, NULL),
(9859, 1224, 24, NULL, NULL, NULL),
(9860, 1225, 24, NULL, NULL, NULL),
(9861, 1226, 24, NULL, NULL, NULL),
(9862, 1227, 24, NULL, NULL, NULL),
(9863, 1228, 24, NULL, NULL, NULL),
(9864, 1229, 24, NULL, NULL, NULL),
(9865, 1230, 24, NULL, NULL, NULL),
(9866, 1231, 24, NULL, NULL, NULL),
(9867, 1232, 24, NULL, NULL, NULL),
(9868, 1233, 24, NULL, NULL, NULL),
(9869, 1234, 24, NULL, NULL, NULL),
(9870, 1235, 24, NULL, NULL, NULL),
(9871, 1236, 24, NULL, NULL, NULL),
(9872, 1237, 24, NULL, NULL, NULL),
(9873, 1238, 24, NULL, NULL, NULL),
(9874, 1239, 24, NULL, NULL, NULL),
(9875, 1240, 24, NULL, NULL, NULL),
(9876, 1241, 24, NULL, NULL, NULL),
(9877, 1242, 24, NULL, NULL, NULL),
(9878, 1243, 24, NULL, NULL, NULL),
(9879, 1244, 24, NULL, NULL, NULL),
(9880, 1245, 24, NULL, NULL, NULL),
(9881, 1246, 24, NULL, NULL, NULL),
(9882, 1247, 24, NULL, NULL, NULL),
(9883, 1248, 24, NULL, NULL, NULL),
(9884, 1249, 24, NULL, NULL, NULL),
(9885, 1250, 24, NULL, NULL, NULL),
(9886, 1251, 24, NULL, NULL, NULL),
(9887, 1252, 24, NULL, NULL, NULL),
(9888, 1253, 24, NULL, NULL, NULL),
(9889, 1254, 24, NULL, NULL, NULL),
(9890, 1255, 24, NULL, NULL, NULL),
(9891, 826, 25, NULL, NULL, NULL),
(9892, 827, 25, NULL, NULL, NULL),
(9893, 828, 25, NULL, NULL, NULL),
(9894, 829, 25, NULL, NULL, NULL),
(9895, 830, 25, NULL, NULL, NULL),
(9896, 831, 25, NULL, NULL, NULL),
(9897, 832, 25, NULL, NULL, NULL),
(9898, 833, 25, NULL, NULL, NULL),
(9899, 834, 25, NULL, NULL, NULL),
(9900, 835, 25, NULL, NULL, NULL),
(9901, 836, 25, NULL, NULL, NULL),
(9902, 837, 25, NULL, NULL, NULL),
(9903, 838, 25, NULL, NULL, NULL),
(9904, 839, 25, NULL, NULL, NULL),
(9905, 840, 25, NULL, NULL, NULL),
(9906, 841, 25, NULL, NULL, NULL),
(9907, 842, 25, NULL, NULL, NULL),
(9908, 843, 25, NULL, NULL, NULL),
(9909, 844, 25, NULL, NULL, NULL),
(9910, 845, 25, NULL, NULL, NULL),
(9911, 846, 25, NULL, NULL, NULL),
(9912, 847, 25, NULL, NULL, NULL),
(9913, 848, 25, NULL, NULL, NULL),
(9914, 849, 25, NULL, NULL, NULL),
(9915, 850, 25, NULL, NULL, NULL),
(9916, 851, 25, NULL, NULL, NULL),
(9917, 852, 25, NULL, NULL, NULL),
(9918, 853, 25, NULL, NULL, NULL),
(9919, 854, 25, NULL, NULL, NULL),
(9920, 855, 25, NULL, NULL, NULL),
(9921, 856, 25, NULL, NULL, NULL),
(9922, 857, 25, NULL, NULL, NULL),
(9923, 858, 25, NULL, NULL, NULL),
(9924, 859, 25, NULL, NULL, NULL),
(9925, 860, 25, NULL, NULL, NULL),
(9926, 861, 25, NULL, NULL, NULL),
(9927, 862, 25, NULL, NULL, NULL),
(9928, 863, 25, NULL, NULL, NULL),
(9929, 864, 25, NULL, NULL, NULL),
(9930, 865, 25, NULL, NULL, NULL),
(9931, 866, 25, NULL, NULL, NULL),
(9932, 867, 25, NULL, NULL, NULL),
(9933, 868, 25, NULL, NULL, NULL),
(9934, 869, 25, NULL, NULL, NULL),
(9935, 870, 25, NULL, NULL, NULL),
(9936, 871, 25, NULL, NULL, NULL),
(9937, 872, 25, NULL, NULL, NULL),
(9938, 873, 25, NULL, NULL, NULL),
(9939, 874, 25, NULL, NULL, NULL),
(9940, 875, 25, NULL, NULL, NULL),
(9941, 876, 25, NULL, NULL, NULL),
(9942, 877, 25, NULL, NULL, NULL),
(9943, 878, 25, NULL, NULL, NULL),
(9944, 879, 25, NULL, NULL, NULL),
(9945, 880, 25, NULL, NULL, NULL),
(9946, 881, 25, NULL, NULL, NULL),
(9947, 882, 25, NULL, NULL, NULL),
(9948, 883, 25, NULL, NULL, NULL),
(9949, 884, 25, NULL, NULL, NULL),
(9950, 885, 25, NULL, NULL, NULL),
(9951, 886, 25, NULL, NULL, NULL),
(9952, 887, 25, NULL, NULL, NULL),
(9953, 888, 25, NULL, NULL, NULL),
(9954, 889, 25, NULL, NULL, NULL),
(9955, 890, 25, NULL, NULL, NULL),
(9956, 891, 25, NULL, NULL, NULL),
(9957, 892, 25, NULL, NULL, NULL),
(9958, 893, 25, NULL, NULL, NULL),
(9959, 894, 25, NULL, NULL, NULL),
(9960, 895, 25, NULL, NULL, NULL),
(9961, 896, 25, NULL, NULL, NULL),
(9962, 897, 25, NULL, NULL, NULL),
(9963, 898, 25, NULL, NULL, NULL),
(9964, 899, 25, NULL, NULL, NULL),
(9965, 900, 25, NULL, NULL, NULL),
(9966, 901, 25, NULL, NULL, NULL),
(9967, 902, 25, NULL, NULL, NULL),
(9968, 903, 25, NULL, NULL, NULL),
(9969, 904, 25, NULL, NULL, NULL),
(9970, 905, 25, NULL, NULL, NULL),
(9971, 906, 25, NULL, NULL, NULL),
(9972, 907, 25, NULL, NULL, NULL),
(9973, 908, 25, NULL, NULL, NULL),
(9974, 909, 25, NULL, NULL, NULL),
(9975, 910, 25, NULL, NULL, NULL),
(9976, 911, 25, NULL, NULL, NULL),
(9977, 912, 25, NULL, NULL, NULL),
(9978, 913, 25, NULL, NULL, NULL),
(9979, 914, 25, NULL, NULL, NULL),
(9980, 915, 25, NULL, NULL, NULL),
(9981, 916, 25, NULL, NULL, NULL),
(9982, 917, 25, NULL, NULL, NULL),
(9983, 918, 25, NULL, NULL, NULL),
(9984, 919, 25, NULL, NULL, NULL),
(9985, 920, 25, NULL, NULL, NULL),
(9986, 921, 25, NULL, NULL, NULL),
(9987, 922, 25, NULL, NULL, NULL),
(9988, 923, 25, NULL, NULL, NULL),
(9989, 924, 25, NULL, NULL, NULL),
(9990, 925, 25, NULL, NULL, NULL),
(9991, 926, 25, NULL, NULL, NULL),
(9992, 927, 25, NULL, NULL, NULL),
(9993, 928, 25, NULL, NULL, NULL),
(9994, 929, 25, NULL, NULL, NULL),
(9995, 930, 25, NULL, NULL, NULL),
(9996, 931, 25, NULL, NULL, NULL),
(9997, 932, 25, NULL, NULL, NULL),
(9998, 933, 25, NULL, NULL, NULL),
(9999, 934, 25, NULL, NULL, NULL),
(10000, 935, 25, NULL, NULL, NULL),
(10001, 936, 25, NULL, NULL, NULL),
(10002, 937, 25, NULL, NULL, NULL),
(10003, 938, 25, NULL, NULL, NULL),
(10004, 939, 25, NULL, NULL, NULL),
(10005, 940, 25, NULL, NULL, NULL),
(10006, 941, 25, NULL, NULL, NULL),
(10007, 942, 25, NULL, NULL, NULL),
(10008, 943, 25, NULL, NULL, NULL),
(10009, 944, 25, NULL, NULL, NULL),
(10010, 945, 25, NULL, NULL, NULL),
(10011, 946, 25, NULL, NULL, NULL),
(10012, 947, 25, NULL, NULL, NULL),
(10013, 948, 25, NULL, NULL, NULL),
(10014, 949, 25, NULL, NULL, NULL),
(10015, 950, 25, NULL, NULL, NULL),
(10016, 951, 25, NULL, NULL, NULL),
(10017, 952, 25, NULL, NULL, NULL),
(10018, 953, 25, NULL, NULL, NULL),
(10019, 954, 25, NULL, NULL, NULL),
(10020, 955, 25, NULL, NULL, NULL),
(10021, 956, 25, NULL, NULL, NULL),
(10022, 957, 25, NULL, NULL, NULL),
(10023, 958, 25, NULL, NULL, NULL),
(10024, 959, 25, NULL, NULL, NULL),
(10025, 960, 25, NULL, NULL, NULL),
(10026, 961, 25, NULL, NULL, NULL),
(10027, 962, 25, NULL, NULL, NULL),
(10028, 963, 25, NULL, NULL, NULL),
(10029, 964, 25, NULL, NULL, NULL),
(10030, 965, 25, NULL, NULL, NULL),
(10031, 966, 25, NULL, NULL, NULL),
(10032, 967, 25, NULL, NULL, NULL),
(10033, 968, 25, NULL, NULL, NULL),
(10034, 969, 25, NULL, NULL, NULL),
(10035, 970, 25, NULL, NULL, NULL),
(10036, 971, 25, NULL, NULL, NULL),
(10037, 972, 25, NULL, NULL, NULL),
(10038, 973, 25, NULL, NULL, NULL),
(10039, 974, 25, NULL, NULL, NULL),
(10040, 975, 25, NULL, NULL, NULL),
(10041, 976, 25, NULL, NULL, NULL),
(10042, 977, 25, NULL, NULL, NULL),
(10043, 978, 25, NULL, NULL, NULL),
(10044, 979, 25, NULL, NULL, NULL),
(10045, 980, 25, NULL, NULL, NULL),
(10046, 981, 25, NULL, NULL, NULL),
(10047, 982, 25, NULL, NULL, NULL),
(10048, 983, 25, NULL, NULL, NULL),
(10049, 984, 25, NULL, NULL, NULL),
(10050, 985, 25, NULL, NULL, NULL),
(10051, 986, 25, NULL, NULL, NULL),
(10052, 987, 25, NULL, NULL, NULL),
(10053, 988, 25, NULL, NULL, NULL),
(10054, 989, 25, NULL, NULL, NULL),
(10055, 990, 25, NULL, NULL, NULL),
(10056, 991, 25, NULL, NULL, NULL),
(10057, 992, 25, NULL, NULL, NULL),
(10058, 993, 25, NULL, NULL, NULL),
(10059, 994, 25, NULL, NULL, NULL),
(10060, 995, 25, NULL, NULL, NULL),
(10061, 996, 25, NULL, NULL, NULL),
(10062, 997, 25, NULL, NULL, NULL),
(10063, 998, 25, NULL, NULL, NULL),
(10064, 999, 25, NULL, NULL, NULL),
(10065, 1000, 25, NULL, NULL, NULL),
(10066, 1001, 25, NULL, NULL, NULL),
(10067, 1002, 25, NULL, NULL, NULL),
(10068, 1003, 25, NULL, NULL, NULL),
(10069, 1004, 25, NULL, NULL, NULL),
(10070, 1005, 25, NULL, NULL, NULL),
(10071, 1006, 25, NULL, NULL, NULL),
(10072, 1007, 25, NULL, NULL, NULL),
(10073, 1008, 25, NULL, NULL, NULL),
(10074, 1009, 25, NULL, NULL, NULL),
(10075, 1010, 25, NULL, NULL, NULL),
(10076, 1011, 25, NULL, NULL, NULL),
(10077, 1012, 25, NULL, NULL, NULL),
(10078, 1013, 25, NULL, NULL, NULL),
(10079, 1014, 25, NULL, NULL, NULL),
(10080, 1015, 25, NULL, NULL, NULL),
(10081, 1016, 25, NULL, NULL, NULL),
(10082, 1017, 25, NULL, NULL, NULL),
(10083, 1018, 25, NULL, NULL, NULL),
(10084, 1019, 25, NULL, NULL, NULL),
(10085, 1020, 25, NULL, NULL, NULL),
(10086, 1021, 25, NULL, NULL, NULL),
(10087, 1022, 25, NULL, NULL, NULL),
(10088, 1023, 25, NULL, NULL, NULL),
(10089, 1024, 25, NULL, NULL, NULL),
(10090, 1025, 25, NULL, NULL, NULL),
(10091, 1026, 25, NULL, NULL, NULL),
(10092, 1027, 25, NULL, NULL, NULL),
(10093, 1028, 25, NULL, NULL, NULL),
(10094, 1029, 25, NULL, NULL, NULL),
(10095, 1030, 25, NULL, NULL, NULL),
(10096, 1031, 25, NULL, NULL, NULL),
(10097, 1032, 25, NULL, NULL, NULL),
(10098, 1033, 25, NULL, NULL, NULL),
(10099, 1034, 25, NULL, NULL, NULL),
(10100, 1035, 25, NULL, NULL, NULL),
(10101, 1036, 25, NULL, NULL, NULL),
(10102, 1037, 25, NULL, NULL, NULL),
(10103, 1038, 25, NULL, NULL, NULL),
(10104, 1039, 25, NULL, NULL, NULL),
(10105, 1040, 25, NULL, NULL, NULL),
(10106, 1041, 25, NULL, NULL, NULL),
(10107, 1042, 25, NULL, NULL, NULL),
(10108, 1043, 25, NULL, NULL, NULL),
(10109, 1044, 25, NULL, NULL, NULL),
(10110, 1045, 25, NULL, NULL, NULL),
(10111, 1046, 25, NULL, NULL, NULL),
(10112, 1047, 25, NULL, NULL, NULL),
(10113, 1048, 25, NULL, NULL, NULL),
(10114, 1049, 25, NULL, NULL, NULL),
(10115, 1050, 25, NULL, NULL, NULL),
(10116, 1051, 25, NULL, NULL, NULL),
(10117, 1052, 25, NULL, NULL, NULL),
(10118, 1053, 25, NULL, NULL, NULL),
(10119, 1054, 25, NULL, NULL, NULL),
(10120, 1055, 25, NULL, NULL, NULL),
(10121, 1056, 25, NULL, NULL, NULL),
(10122, 1057, 25, NULL, NULL, NULL),
(10123, 1058, 25, NULL, NULL, NULL),
(10124, 1059, 25, NULL, NULL, NULL),
(10125, 1060, 25, NULL, NULL, NULL),
(10126, 1061, 25, NULL, NULL, NULL),
(10127, 1062, 25, NULL, NULL, NULL),
(10128, 1063, 25, NULL, NULL, NULL),
(10129, 1064, 25, NULL, NULL, NULL),
(10130, 1065, 25, NULL, NULL, NULL),
(10131, 1066, 25, NULL, NULL, NULL),
(10132, 1067, 25, NULL, NULL, NULL),
(10133, 1068, 25, NULL, NULL, NULL),
(10134, 1069, 25, NULL, NULL, NULL),
(10135, 1070, 25, NULL, NULL, NULL),
(10136, 1071, 25, NULL, NULL, NULL),
(10137, 1072, 25, NULL, NULL, NULL),
(10138, 1073, 25, NULL, NULL, NULL),
(10139, 1074, 25, NULL, NULL, NULL),
(10140, 1075, 25, NULL, NULL, NULL),
(10141, 1076, 25, NULL, NULL, NULL),
(10142, 1077, 25, NULL, NULL, NULL),
(10143, 1078, 25, NULL, NULL, NULL),
(10144, 1079, 25, NULL, NULL, NULL),
(10145, 1080, 25, NULL, NULL, NULL),
(10146, 1081, 25, NULL, NULL, NULL),
(10147, 1082, 25, NULL, NULL, NULL),
(10148, 1083, 25, NULL, NULL, NULL),
(10149, 1084, 25, NULL, NULL, NULL),
(10150, 1085, 25, NULL, NULL, NULL),
(10151, 1086, 25, NULL, NULL, NULL),
(10152, 1087, 25, NULL, NULL, NULL),
(10153, 1088, 25, NULL, NULL, NULL),
(10154, 1089, 25, NULL, NULL, NULL),
(10155, 1090, 25, NULL, NULL, NULL),
(10156, 1091, 25, NULL, NULL, NULL),
(10157, 1092, 25, NULL, NULL, NULL),
(10158, 1093, 25, NULL, NULL, NULL),
(10159, 1094, 25, NULL, NULL, NULL),
(10160, 1095, 25, NULL, NULL, NULL),
(10161, 1096, 25, NULL, NULL, NULL),
(10162, 1097, 25, NULL, NULL, NULL),
(10163, 1098, 25, NULL, NULL, NULL),
(10164, 1099, 25, NULL, NULL, NULL),
(10165, 1100, 25, NULL, NULL, NULL),
(10166, 1101, 25, NULL, NULL, NULL),
(10167, 1102, 25, NULL, NULL, NULL),
(10168, 1103, 25, NULL, NULL, NULL),
(10169, 1104, 25, NULL, NULL, NULL),
(10170, 1105, 25, NULL, NULL, NULL),
(10171, 1106, 25, NULL, NULL, NULL),
(10172, 1107, 25, NULL, NULL, NULL),
(10173, 1108, 25, NULL, NULL, NULL),
(10174, 1109, 25, NULL, NULL, NULL),
(10175, 1110, 25, NULL, NULL, NULL),
(10176, 1111, 25, NULL, NULL, NULL),
(10177, 1112, 25, NULL, NULL, NULL),
(10178, 1113, 25, NULL, NULL, NULL),
(10179, 1114, 25, NULL, NULL, NULL),
(10180, 1115, 25, NULL, NULL, NULL),
(10181, 1116, 25, NULL, NULL, NULL),
(10182, 1117, 25, NULL, NULL, NULL),
(10183, 1118, 25, NULL, NULL, NULL),
(10184, 1119, 25, NULL, NULL, NULL),
(10185, 1120, 25, NULL, NULL, NULL),
(10186, 1121, 25, NULL, NULL, NULL),
(10187, 1122, 25, NULL, NULL, NULL),
(10188, 1123, 25, NULL, NULL, NULL),
(10189, 1124, 25, NULL, NULL, NULL),
(10190, 1125, 25, NULL, NULL, NULL),
(10191, 1126, 25, NULL, NULL, NULL),
(10192, 1127, 25, NULL, NULL, NULL),
(10193, 1128, 25, NULL, NULL, NULL),
(10194, 1129, 25, NULL, NULL, NULL),
(10195, 1130, 25, NULL, NULL, NULL),
(10196, 1131, 25, NULL, NULL, NULL),
(10197, 1132, 25, NULL, NULL, NULL),
(10198, 1133, 25, NULL, NULL, NULL),
(10199, 1134, 25, NULL, NULL, NULL),
(10200, 1135, 25, NULL, NULL, NULL),
(10201, 1136, 25, NULL, NULL, NULL),
(10202, 1137, 25, NULL, NULL, NULL),
(10203, 1138, 25, NULL, NULL, NULL),
(10204, 1139, 25, NULL, NULL, NULL),
(10205, 1140, 25, NULL, NULL, NULL),
(10206, 1141, 25, NULL, NULL, NULL),
(10207, 1142, 25, NULL, NULL, NULL),
(10208, 1143, 25, NULL, NULL, NULL),
(10209, 1144, 25, NULL, NULL, NULL),
(10210, 1145, 25, NULL, NULL, NULL),
(10211, 1146, 25, NULL, NULL, NULL),
(10212, 1147, 25, NULL, NULL, NULL),
(10213, 1148, 25, NULL, NULL, NULL),
(10214, 1149, 25, NULL, NULL, NULL),
(10215, 1150, 25, NULL, NULL, NULL),
(10216, 1151, 25, NULL, NULL, NULL),
(10217, 1152, 25, NULL, NULL, NULL),
(10218, 1153, 25, NULL, NULL, NULL),
(10219, 1154, 25, NULL, NULL, NULL),
(10220, 1155, 25, NULL, NULL, NULL),
(10221, 1156, 25, NULL, NULL, NULL),
(10222, 1157, 25, NULL, NULL, NULL),
(10223, 1158, 25, NULL, NULL, NULL),
(10224, 1159, 25, NULL, NULL, NULL),
(10225, 1160, 25, NULL, NULL, NULL),
(10226, 1161, 25, NULL, NULL, NULL),
(10227, 1162, 25, NULL, NULL, NULL),
(10228, 1163, 25, NULL, NULL, NULL),
(10229, 1164, 25, NULL, NULL, NULL),
(10230, 1165, 25, NULL, NULL, NULL),
(10231, 1166, 25, NULL, NULL, NULL),
(10232, 1167, 25, NULL, NULL, NULL),
(10233, 1168, 25, NULL, NULL, NULL),
(10234, 1169, 25, NULL, NULL, NULL),
(10235, 1170, 25, NULL, NULL, NULL),
(10236, 1171, 25, NULL, NULL, NULL),
(10237, 1172, 25, NULL, NULL, NULL),
(10238, 1173, 25, NULL, NULL, NULL),
(10239, 1174, 25, NULL, NULL, NULL),
(10240, 1175, 25, NULL, NULL, NULL),
(10241, 1176, 25, NULL, NULL, NULL),
(10242, 1177, 25, NULL, NULL, NULL),
(10243, 1178, 25, NULL, NULL, NULL),
(10244, 1179, 25, NULL, NULL, NULL),
(10245, 1180, 25, NULL, NULL, NULL),
(10246, 1181, 25, NULL, NULL, NULL),
(10247, 1182, 25, NULL, NULL, NULL),
(10248, 1183, 25, NULL, NULL, NULL),
(10249, 1184, 25, NULL, NULL, NULL),
(10250, 1185, 25, NULL, NULL, NULL),
(10251, 1186, 25, NULL, NULL, NULL),
(10252, 1187, 25, NULL, NULL, NULL),
(10253, 1188, 25, NULL, NULL, NULL),
(10254, 1189, 25, NULL, NULL, NULL),
(10255, 1190, 25, NULL, NULL, NULL),
(10256, 1191, 25, NULL, NULL, NULL),
(10257, 1192, 25, NULL, NULL, NULL),
(10258, 1193, 25, NULL, NULL, NULL),
(10259, 1194, 25, NULL, NULL, NULL),
(10260, 1195, 25, NULL, NULL, NULL),
(10261, 1196, 25, NULL, NULL, NULL),
(10262, 1197, 25, NULL, NULL, NULL),
(10263, 1198, 25, NULL, NULL, NULL),
(10264, 1199, 25, NULL, NULL, NULL),
(10265, 1200, 25, NULL, NULL, NULL),
(10266, 1201, 25, NULL, NULL, NULL),
(10267, 1202, 25, NULL, NULL, NULL),
(10268, 1203, 25, NULL, NULL, NULL),
(10269, 1204, 25, NULL, NULL, NULL),
(10270, 1205, 25, NULL, NULL, NULL),
(10271, 1206, 25, NULL, NULL, NULL),
(10272, 1207, 25, NULL, NULL, NULL),
(10273, 1208, 25, NULL, NULL, NULL),
(10274, 1209, 25, NULL, NULL, NULL),
(10275, 1210, 25, NULL, NULL, NULL),
(10276, 1211, 25, NULL, NULL, NULL),
(10277, 1212, 25, NULL, NULL, NULL),
(10278, 1213, 25, NULL, NULL, NULL),
(10279, 1214, 25, NULL, NULL, NULL),
(10280, 1215, 25, NULL, NULL, NULL),
(10281, 1216, 25, NULL, NULL, NULL),
(10282, 1217, 25, NULL, NULL, NULL),
(10283, 1218, 25, NULL, NULL, NULL),
(10284, 1219, 25, NULL, NULL, NULL),
(10285, 1220, 25, NULL, NULL, NULL),
(10286, 1221, 25, NULL, NULL, NULL),
(10287, 1222, 25, NULL, NULL, NULL),
(10288, 1223, 25, NULL, NULL, NULL),
(10289, 1224, 25, NULL, NULL, NULL),
(10290, 1225, 25, NULL, NULL, NULL),
(10291, 1226, 25, NULL, NULL, NULL),
(10292, 1227, 25, NULL, NULL, NULL),
(10293, 1228, 25, NULL, NULL, NULL),
(10294, 1229, 25, NULL, NULL, NULL),
(10295, 1230, 25, NULL, NULL, NULL),
(10296, 1231, 25, NULL, NULL, NULL),
(10297, 1232, 25, NULL, NULL, NULL),
(10298, 1233, 25, NULL, NULL, NULL),
(10299, 1234, 25, NULL, NULL, NULL),
(10300, 1235, 25, NULL, NULL, NULL),
(10301, 1236, 25, NULL, NULL, NULL),
(10302, 1237, 25, NULL, NULL, NULL),
(10303, 1238, 25, NULL, NULL, NULL),
(10304, 1239, 25, NULL, NULL, NULL),
(10305, 1240, 25, NULL, NULL, NULL),
(10306, 1241, 25, NULL, NULL, NULL),
(10307, 1242, 25, NULL, NULL, NULL),
(10308, 1243, 25, NULL, NULL, NULL),
(10309, 1244, 25, NULL, NULL, NULL),
(10310, 1245, 25, NULL, NULL, NULL),
(10311, 1246, 25, NULL, NULL, NULL),
(10312, 1247, 25, NULL, NULL, NULL),
(10313, 1248, 25, NULL, NULL, NULL),
(10314, 1249, 25, NULL, NULL, NULL),
(10315, 1250, 25, NULL, NULL, NULL),
(10316, 1251, 25, NULL, NULL, NULL),
(10317, 1252, 25, NULL, NULL, NULL),
(10318, 1253, 25, NULL, NULL, NULL),
(10319, 1254, 25, NULL, NULL, NULL),
(10320, 1255, 25, NULL, NULL, NULL),
(10321, 826, 26, NULL, NULL, NULL),
(10322, 827, 26, NULL, NULL, NULL),
(10323, 828, 26, NULL, NULL, NULL),
(10324, 829, 26, NULL, NULL, NULL),
(10325, 830, 26, NULL, NULL, NULL),
(10326, 831, 26, NULL, NULL, NULL),
(10327, 832, 26, NULL, NULL, NULL),
(10328, 833, 26, NULL, NULL, NULL),
(10329, 834, 26, NULL, NULL, NULL),
(10330, 835, 26, NULL, NULL, NULL),
(10331, 836, 26, NULL, NULL, NULL),
(10332, 837, 26, NULL, NULL, NULL),
(10333, 838, 26, NULL, NULL, NULL),
(10334, 839, 26, NULL, NULL, NULL),
(10335, 840, 26, NULL, NULL, NULL),
(10336, 841, 26, NULL, NULL, NULL),
(10337, 842, 26, NULL, NULL, NULL),
(10338, 843, 26, NULL, NULL, NULL),
(10339, 844, 26, NULL, NULL, NULL),
(10340, 845, 26, NULL, NULL, NULL),
(10341, 846, 26, NULL, NULL, NULL),
(10342, 847, 26, NULL, NULL, NULL),
(10343, 848, 26, NULL, NULL, NULL),
(10344, 849, 26, NULL, NULL, NULL),
(10345, 850, 26, NULL, NULL, NULL),
(10346, 851, 26, NULL, NULL, NULL),
(10347, 852, 26, NULL, NULL, NULL),
(10348, 853, 26, NULL, NULL, NULL),
(10349, 854, 26, NULL, NULL, NULL),
(10350, 855, 26, NULL, NULL, NULL),
(10351, 856, 26, NULL, NULL, NULL),
(10352, 857, 26, NULL, NULL, NULL),
(10353, 858, 26, NULL, NULL, NULL),
(10354, 859, 26, NULL, NULL, NULL),
(10355, 860, 26, NULL, NULL, NULL),
(10356, 861, 26, NULL, NULL, NULL),
(10357, 862, 26, NULL, NULL, NULL),
(10358, 863, 26, NULL, NULL, NULL),
(10359, 864, 26, NULL, NULL, NULL),
(10360, 865, 26, NULL, NULL, NULL),
(10361, 866, 26, NULL, NULL, NULL),
(10362, 867, 26, NULL, NULL, NULL),
(10363, 868, 26, NULL, NULL, NULL),
(10364, 869, 26, NULL, NULL, NULL),
(10365, 870, 26, NULL, NULL, NULL),
(10366, 871, 26, NULL, NULL, NULL),
(10367, 872, 26, NULL, NULL, NULL),
(10368, 873, 26, NULL, NULL, NULL),
(10369, 874, 26, NULL, NULL, NULL),
(10370, 875, 26, NULL, NULL, NULL),
(10371, 876, 26, NULL, NULL, NULL),
(10372, 877, 26, NULL, NULL, NULL),
(10373, 878, 26, NULL, NULL, NULL),
(10374, 879, 26, NULL, NULL, NULL),
(10375, 880, 26, NULL, NULL, NULL),
(10376, 881, 26, NULL, NULL, NULL),
(10377, 882, 26, NULL, NULL, NULL),
(10378, 883, 26, NULL, NULL, NULL),
(10379, 884, 26, NULL, NULL, NULL),
(10380, 885, 26, NULL, NULL, NULL),
(10381, 886, 26, NULL, NULL, NULL),
(10382, 887, 26, NULL, NULL, NULL),
(10383, 888, 26, NULL, NULL, NULL),
(10384, 889, 26, NULL, NULL, NULL),
(10385, 890, 26, NULL, NULL, NULL),
(10386, 891, 26, NULL, NULL, NULL),
(10387, 892, 26, NULL, NULL, NULL),
(10388, 893, 26, NULL, NULL, NULL),
(10389, 894, 26, NULL, NULL, NULL),
(10390, 895, 26, NULL, NULL, NULL),
(10391, 896, 26, NULL, NULL, NULL),
(10392, 897, 26, NULL, NULL, NULL),
(10393, 898, 26, NULL, NULL, NULL),
(10394, 899, 26, NULL, NULL, NULL),
(10395, 900, 26, NULL, NULL, NULL),
(10396, 901, 26, NULL, NULL, NULL),
(10397, 902, 26, NULL, NULL, NULL),
(10398, 903, 26, NULL, NULL, NULL),
(10399, 904, 26, NULL, NULL, NULL),
(10400, 905, 26, NULL, NULL, NULL),
(10401, 906, 26, NULL, NULL, NULL),
(10402, 907, 26, NULL, NULL, NULL),
(10403, 908, 26, NULL, NULL, NULL),
(10404, 909, 26, NULL, NULL, NULL),
(10405, 910, 26, NULL, NULL, NULL),
(10406, 911, 26, NULL, NULL, NULL),
(10407, 912, 26, NULL, NULL, NULL),
(10408, 913, 26, NULL, NULL, NULL),
(10409, 914, 26, NULL, NULL, NULL),
(10410, 915, 26, NULL, NULL, NULL),
(10411, 916, 26, NULL, NULL, NULL),
(10412, 917, 26, NULL, NULL, NULL),
(10413, 918, 26, NULL, NULL, NULL),
(10414, 919, 26, NULL, NULL, NULL),
(10415, 920, 26, NULL, NULL, NULL),
(10416, 921, 26, NULL, NULL, NULL),
(10417, 922, 26, NULL, NULL, NULL),
(10418, 923, 26, NULL, NULL, NULL),
(10419, 924, 26, NULL, NULL, NULL),
(10420, 925, 26, NULL, NULL, NULL),
(10421, 926, 26, NULL, NULL, NULL),
(10422, 927, 26, NULL, NULL, NULL),
(10423, 928, 26, NULL, NULL, NULL),
(10424, 929, 26, NULL, NULL, NULL),
(10425, 930, 26, NULL, NULL, NULL),
(10426, 931, 26, NULL, NULL, NULL),
(10427, 932, 26, NULL, NULL, NULL),
(10428, 933, 26, NULL, NULL, NULL),
(10429, 934, 26, NULL, NULL, NULL),
(10430, 935, 26, NULL, NULL, NULL),
(10431, 936, 26, NULL, NULL, NULL),
(10432, 937, 26, NULL, NULL, NULL),
(10433, 938, 26, NULL, NULL, NULL),
(10434, 939, 26, NULL, NULL, NULL),
(10435, 940, 26, NULL, NULL, NULL),
(10436, 941, 26, NULL, NULL, NULL),
(10437, 942, 26, NULL, NULL, NULL),
(10438, 943, 26, NULL, NULL, NULL),
(10439, 944, 26, NULL, NULL, NULL),
(10440, 945, 26, NULL, NULL, NULL),
(10441, 946, 26, NULL, NULL, NULL),
(10442, 947, 26, NULL, NULL, NULL),
(10443, 948, 26, NULL, NULL, NULL),
(10444, 949, 26, NULL, NULL, NULL),
(10445, 950, 26, NULL, NULL, NULL),
(10446, 951, 26, NULL, NULL, NULL),
(10447, 952, 26, NULL, NULL, NULL),
(10448, 953, 26, NULL, NULL, NULL),
(10449, 954, 26, NULL, NULL, NULL),
(10450, 955, 26, NULL, NULL, NULL),
(10451, 956, 26, NULL, NULL, NULL),
(10452, 957, 26, NULL, NULL, NULL),
(10453, 958, 26, NULL, NULL, NULL),
(10454, 959, 26, NULL, NULL, NULL),
(10455, 960, 26, NULL, NULL, NULL),
(10456, 961, 26, NULL, NULL, NULL),
(10457, 962, 26, NULL, NULL, NULL),
(10458, 963, 26, NULL, NULL, NULL),
(10459, 964, 26, NULL, NULL, NULL),
(10460, 965, 26, NULL, NULL, NULL),
(10461, 966, 26, NULL, NULL, NULL),
(10462, 967, 26, NULL, NULL, NULL),
(10463, 968, 26, NULL, NULL, NULL),
(10464, 969, 26, NULL, NULL, NULL),
(10465, 970, 26, NULL, NULL, NULL),
(10466, 971, 26, NULL, NULL, NULL),
(10467, 972, 26, NULL, NULL, NULL),
(10468, 973, 26, NULL, NULL, NULL),
(10469, 974, 26, NULL, NULL, NULL),
(10470, 975, 26, NULL, NULL, NULL),
(10471, 976, 26, NULL, NULL, NULL),
(10472, 977, 26, NULL, NULL, NULL),
(10473, 978, 26, NULL, NULL, NULL),
(10474, 979, 26, NULL, NULL, NULL),
(10475, 980, 26, NULL, NULL, NULL),
(10476, 981, 26, NULL, NULL, NULL),
(10477, 982, 26, NULL, NULL, NULL),
(10478, 983, 26, NULL, NULL, NULL),
(10479, 984, 26, NULL, NULL, NULL),
(10480, 985, 26, NULL, NULL, NULL),
(10481, 986, 26, NULL, NULL, NULL),
(10482, 987, 26, NULL, NULL, NULL),
(10483, 988, 26, NULL, NULL, NULL),
(10484, 989, 26, NULL, NULL, NULL),
(10485, 990, 26, NULL, NULL, NULL),
(10486, 991, 26, NULL, NULL, NULL),
(10487, 992, 26, NULL, NULL, NULL),
(10488, 993, 26, NULL, NULL, NULL),
(10489, 994, 26, NULL, NULL, NULL),
(10490, 995, 26, NULL, NULL, NULL),
(10491, 996, 26, NULL, NULL, NULL),
(10492, 997, 26, NULL, NULL, NULL),
(10493, 998, 26, NULL, NULL, NULL),
(10494, 999, 26, NULL, NULL, NULL),
(10495, 1000, 26, NULL, NULL, NULL),
(10496, 1001, 26, NULL, NULL, NULL),
(10497, 1002, 26, NULL, NULL, NULL),
(10498, 1003, 26, NULL, NULL, NULL),
(10499, 1004, 26, NULL, NULL, NULL),
(10500, 1005, 26, NULL, NULL, NULL),
(10501, 1006, 26, NULL, NULL, NULL),
(10502, 1007, 26, NULL, NULL, NULL),
(10503, 1008, 26, NULL, NULL, NULL),
(10504, 1009, 26, NULL, NULL, NULL),
(10505, 1010, 26, NULL, NULL, NULL),
(10506, 1011, 26, NULL, NULL, NULL),
(10507, 1012, 26, NULL, NULL, NULL),
(10508, 1013, 26, NULL, NULL, NULL),
(10509, 1014, 26, NULL, NULL, NULL),
(10510, 1015, 26, NULL, NULL, NULL),
(10511, 1016, 26, NULL, NULL, NULL),
(10512, 1017, 26, NULL, NULL, NULL),
(10513, 1018, 26, NULL, NULL, NULL),
(10514, 1019, 26, NULL, NULL, NULL),
(10515, 1020, 26, NULL, NULL, NULL),
(10516, 1021, 26, NULL, NULL, NULL),
(10517, 1022, 26, NULL, NULL, NULL),
(10518, 1023, 26, NULL, NULL, NULL),
(10519, 1024, 26, NULL, NULL, NULL),
(10520, 1025, 26, NULL, NULL, NULL),
(10521, 1026, 26, NULL, NULL, NULL),
(10522, 1027, 26, NULL, NULL, NULL),
(10523, 1028, 26, NULL, NULL, NULL),
(10524, 1029, 26, NULL, NULL, NULL),
(10525, 1030, 26, NULL, NULL, NULL),
(10526, 1031, 26, NULL, NULL, NULL),
(10527, 1032, 26, NULL, NULL, NULL),
(10528, 1033, 26, NULL, NULL, NULL),
(10529, 1034, 26, NULL, NULL, NULL),
(10530, 1035, 26, NULL, NULL, NULL),
(10531, 1036, 26, NULL, NULL, NULL),
(10532, 1037, 26, NULL, NULL, NULL),
(10533, 1038, 26, NULL, NULL, NULL),
(10534, 1039, 26, NULL, NULL, NULL),
(10535, 1040, 26, NULL, NULL, NULL),
(10536, 1041, 26, NULL, NULL, NULL),
(10537, 1042, 26, NULL, NULL, NULL),
(10538, 1043, 26, NULL, NULL, NULL),
(10539, 1044, 26, NULL, NULL, NULL),
(10540, 1045, 26, NULL, NULL, NULL),
(10541, 1046, 26, NULL, NULL, NULL),
(10542, 1047, 26, NULL, NULL, NULL),
(10543, 1048, 26, NULL, NULL, NULL),
(10544, 1049, 26, NULL, NULL, NULL),
(10545, 1050, 26, NULL, NULL, NULL),
(10546, 1051, 26, NULL, NULL, NULL),
(10547, 1052, 26, NULL, NULL, NULL),
(10548, 1053, 26, NULL, NULL, NULL),
(10549, 1054, 26, NULL, NULL, NULL),
(10550, 1055, 26, NULL, NULL, NULL),
(10551, 1056, 26, NULL, NULL, NULL),
(10552, 1057, 26, NULL, NULL, NULL),
(10553, 1058, 26, NULL, NULL, NULL),
(10554, 1059, 26, NULL, NULL, NULL),
(10555, 1060, 26, NULL, NULL, NULL),
(10556, 1061, 26, NULL, NULL, NULL),
(10557, 1062, 26, NULL, NULL, NULL),
(10558, 1063, 26, NULL, NULL, NULL),
(10559, 1064, 26, NULL, NULL, NULL),
(10560, 1065, 26, NULL, NULL, NULL),
(10561, 1066, 26, NULL, NULL, NULL),
(10562, 1067, 26, NULL, NULL, NULL),
(10563, 1068, 26, NULL, NULL, NULL),
(10564, 1069, 26, NULL, NULL, NULL),
(10565, 1070, 26, NULL, NULL, NULL),
(10566, 1071, 26, NULL, NULL, NULL),
(10567, 1072, 26, NULL, NULL, NULL),
(10568, 1073, 26, NULL, NULL, NULL),
(10569, 1074, 26, NULL, NULL, NULL),
(10570, 1075, 26, NULL, NULL, NULL),
(10571, 1076, 26, NULL, NULL, NULL),
(10572, 1077, 26, NULL, NULL, NULL),
(10573, 1078, 26, NULL, NULL, NULL),
(10574, 1079, 26, NULL, NULL, NULL),
(10575, 1080, 26, NULL, NULL, NULL),
(10576, 1081, 26, NULL, NULL, NULL),
(10577, 1082, 26, NULL, NULL, NULL),
(10578, 1083, 26, NULL, NULL, NULL),
(10579, 1084, 26, NULL, NULL, NULL),
(10580, 1085, 26, NULL, NULL, NULL),
(10581, 1086, 26, NULL, NULL, NULL),
(10582, 1087, 26, NULL, NULL, NULL),
(10583, 1088, 26, NULL, NULL, NULL),
(10584, 1089, 26, NULL, NULL, NULL),
(10585, 1090, 26, NULL, NULL, NULL),
(10586, 1091, 26, NULL, NULL, NULL),
(10587, 1092, 26, NULL, NULL, NULL),
(10588, 1093, 26, NULL, NULL, NULL),
(10589, 1094, 26, NULL, NULL, NULL),
(10590, 1095, 26, NULL, NULL, NULL),
(10591, 1096, 26, NULL, NULL, NULL),
(10592, 1097, 26, NULL, NULL, NULL),
(10593, 1098, 26, NULL, NULL, NULL),
(10594, 1099, 26, NULL, NULL, NULL),
(10595, 1100, 26, NULL, NULL, NULL),
(10596, 1101, 26, NULL, NULL, NULL),
(10597, 1102, 26, NULL, NULL, NULL),
(10598, 1103, 26, NULL, NULL, NULL),
(10599, 1104, 26, NULL, NULL, NULL),
(10600, 1105, 26, NULL, NULL, NULL),
(10601, 1106, 26, NULL, NULL, NULL),
(10602, 1107, 26, NULL, NULL, NULL),
(10603, 1108, 26, NULL, NULL, NULL),
(10604, 1109, 26, NULL, NULL, NULL),
(10605, 1110, 26, NULL, NULL, NULL),
(10606, 1111, 26, NULL, NULL, NULL),
(10607, 1112, 26, NULL, NULL, NULL),
(10608, 1113, 26, NULL, NULL, NULL),
(10609, 1114, 26, NULL, NULL, NULL),
(10610, 1115, 26, NULL, NULL, NULL),
(10611, 1116, 26, NULL, NULL, NULL),
(10612, 1117, 26, NULL, NULL, NULL),
(10613, 1118, 26, NULL, NULL, NULL),
(10614, 1119, 26, NULL, NULL, NULL),
(10615, 1120, 26, NULL, NULL, NULL),
(10616, 1121, 26, NULL, NULL, NULL),
(10617, 1122, 26, NULL, NULL, NULL),
(10618, 1123, 26, NULL, NULL, NULL),
(10619, 1124, 26, NULL, NULL, NULL),
(10620, 1125, 26, NULL, NULL, NULL),
(10621, 1126, 26, NULL, NULL, NULL),
(10622, 1127, 26, NULL, NULL, NULL),
(10623, 1128, 26, NULL, NULL, NULL),
(10624, 1129, 26, NULL, NULL, NULL),
(10625, 1130, 26, NULL, NULL, NULL),
(10626, 1131, 26, NULL, NULL, NULL),
(10627, 1132, 26, NULL, NULL, NULL),
(10628, 1133, 26, NULL, NULL, NULL),
(10629, 1134, 26, NULL, NULL, NULL),
(10630, 1135, 26, NULL, NULL, NULL),
(10631, 1136, 26, NULL, NULL, NULL),
(10632, 1137, 26, NULL, NULL, NULL),
(10633, 1138, 26, NULL, NULL, NULL),
(10634, 1139, 26, NULL, NULL, NULL),
(10635, 1140, 26, NULL, NULL, NULL),
(10636, 1141, 26, NULL, NULL, NULL),
(10637, 1142, 26, NULL, NULL, NULL),
(10638, 1143, 26, NULL, NULL, NULL),
(10639, 1144, 26, NULL, NULL, NULL),
(10640, 1145, 26, NULL, NULL, NULL),
(10641, 1146, 26, NULL, NULL, NULL),
(10642, 1147, 26, NULL, NULL, NULL),
(10643, 1148, 26, NULL, NULL, NULL),
(10644, 1149, 26, NULL, NULL, NULL),
(10645, 1150, 26, NULL, NULL, NULL),
(10646, 1151, 26, NULL, NULL, NULL),
(10647, 1152, 26, NULL, NULL, NULL),
(10648, 1153, 26, NULL, NULL, NULL),
(10649, 1154, 26, NULL, NULL, NULL),
(10650, 1155, 26, NULL, NULL, NULL),
(10651, 1156, 26, NULL, NULL, NULL),
(10652, 1157, 26, NULL, NULL, NULL),
(10653, 1158, 26, NULL, NULL, NULL),
(10654, 1159, 26, NULL, NULL, NULL),
(10655, 1160, 26, NULL, NULL, NULL),
(10656, 1161, 26, NULL, NULL, NULL),
(10657, 1162, 26, NULL, NULL, NULL),
(10658, 1163, 26, NULL, NULL, NULL),
(10659, 1164, 26, NULL, NULL, NULL),
(10660, 1165, 26, NULL, NULL, NULL),
(10661, 1166, 26, NULL, NULL, NULL),
(10662, 1167, 26, NULL, NULL, NULL),
(10663, 1168, 26, NULL, NULL, NULL),
(10664, 1169, 26, NULL, NULL, NULL),
(10665, 1170, 26, NULL, NULL, NULL),
(10666, 1171, 26, NULL, NULL, NULL),
(10667, 1172, 26, NULL, NULL, NULL),
(10668, 1173, 26, NULL, NULL, NULL),
(10669, 1174, 26, NULL, NULL, NULL),
(10670, 1175, 26, NULL, NULL, NULL),
(10671, 1176, 26, NULL, NULL, NULL),
(10672, 1177, 26, NULL, NULL, NULL),
(10673, 1178, 26, NULL, NULL, NULL),
(10674, 1179, 26, NULL, NULL, NULL),
(10675, 1180, 26, NULL, NULL, NULL),
(10676, 1181, 26, NULL, NULL, NULL),
(10677, 1182, 26, NULL, NULL, NULL),
(10678, 1183, 26, NULL, NULL, NULL),
(10679, 1184, 26, NULL, NULL, NULL),
(10680, 1185, 26, NULL, NULL, NULL),
(10681, 1186, 26, NULL, NULL, NULL),
(10682, 1187, 26, NULL, NULL, NULL),
(10683, 1188, 26, NULL, NULL, NULL),
(10684, 1189, 26, NULL, NULL, NULL),
(10685, 1190, 26, NULL, NULL, NULL),
(10686, 1191, 26, NULL, NULL, NULL),
(10687, 1192, 26, NULL, NULL, NULL),
(10688, 1193, 26, NULL, NULL, NULL),
(10689, 1194, 26, NULL, NULL, NULL),
(10690, 1195, 26, NULL, NULL, NULL),
(10691, 1196, 26, NULL, NULL, NULL),
(10692, 1197, 26, NULL, NULL, NULL),
(10693, 1198, 26, NULL, NULL, NULL),
(10694, 1199, 26, NULL, NULL, NULL),
(10695, 1200, 26, NULL, NULL, NULL),
(10696, 1201, 26, NULL, NULL, NULL),
(10697, 1202, 26, NULL, NULL, NULL),
(10698, 1203, 26, NULL, NULL, NULL),
(10699, 1204, 26, NULL, NULL, NULL),
(10700, 1205, 26, NULL, NULL, NULL),
(10701, 1206, 26, NULL, NULL, NULL),
(10702, 1207, 26, NULL, NULL, NULL),
(10703, 1208, 26, NULL, NULL, NULL),
(10704, 1209, 26, NULL, NULL, NULL),
(10705, 1210, 26, NULL, NULL, NULL),
(10706, 1211, 26, NULL, NULL, NULL),
(10707, 1212, 26, NULL, NULL, NULL),
(10708, 1213, 26, NULL, NULL, NULL),
(10709, 1214, 26, NULL, NULL, NULL),
(10710, 1215, 26, NULL, NULL, NULL),
(10711, 1216, 26, NULL, NULL, NULL),
(10712, 1217, 26, NULL, NULL, NULL),
(10713, 1218, 26, NULL, NULL, NULL),
(10714, 1219, 26, NULL, NULL, NULL),
(10715, 1220, 26, NULL, NULL, NULL),
(10716, 1221, 26, NULL, NULL, NULL),
(10717, 1222, 26, NULL, NULL, NULL),
(10718, 1223, 26, NULL, NULL, NULL),
(10719, 1224, 26, NULL, NULL, NULL),
(10720, 1225, 26, NULL, NULL, NULL),
(10721, 1226, 26, NULL, NULL, NULL),
(10722, 1227, 26, NULL, NULL, NULL),
(10723, 1228, 26, NULL, NULL, NULL),
(10724, 1229, 26, NULL, NULL, NULL),
(10725, 1230, 26, NULL, NULL, NULL),
(10726, 1231, 26, NULL, NULL, NULL),
(10727, 1232, 26, NULL, NULL, NULL),
(10728, 1233, 26, NULL, NULL, NULL),
(10729, 1234, 26, NULL, NULL, NULL),
(10730, 1235, 26, NULL, NULL, NULL),
(10731, 1236, 26, NULL, NULL, NULL),
(10732, 1237, 26, NULL, NULL, NULL),
(10733, 1238, 26, NULL, NULL, NULL),
(10734, 1239, 26, NULL, NULL, NULL),
(10735, 1240, 26, NULL, NULL, NULL),
(10736, 1241, 26, NULL, NULL, NULL),
(10737, 1242, 26, NULL, NULL, NULL),
(10738, 1243, 26, NULL, NULL, NULL),
(10739, 1244, 26, NULL, NULL, NULL),
(10740, 1245, 26, NULL, NULL, NULL),
(10741, 1246, 26, NULL, NULL, NULL),
(10742, 1247, 26, NULL, NULL, NULL),
(10743, 1248, 26, NULL, NULL, NULL),
(10744, 1249, 26, NULL, NULL, NULL),
(10745, 1250, 26, NULL, NULL, NULL),
(10746, 1251, 26, NULL, NULL, NULL),
(10747, 1252, 26, NULL, NULL, NULL),
(10748, 1253, 26, NULL, NULL, NULL),
(10749, 1254, 26, NULL, NULL, NULL),
(10750, 1255, 26, NULL, NULL, NULL),
(10751, 826, 27, NULL, NULL, NULL),
(10752, 827, 27, NULL, NULL, NULL),
(10753, 828, 27, NULL, NULL, NULL),
(10754, 829, 27, NULL, NULL, NULL),
(10755, 830, 27, NULL, NULL, NULL),
(10756, 831, 27, NULL, NULL, NULL),
(10757, 832, 27, NULL, NULL, NULL),
(10758, 833, 27, NULL, NULL, NULL),
(10759, 834, 27, NULL, NULL, NULL),
(10760, 835, 27, NULL, NULL, NULL),
(10761, 836, 27, NULL, NULL, NULL),
(10762, 837, 27, NULL, NULL, NULL),
(10763, 838, 27, NULL, NULL, NULL),
(10764, 839, 27, NULL, NULL, NULL),
(10765, 840, 27, NULL, NULL, NULL),
(10766, 841, 27, NULL, NULL, NULL),
(10767, 842, 27, NULL, NULL, NULL),
(10768, 843, 27, NULL, NULL, NULL),
(10769, 844, 27, NULL, NULL, NULL),
(10770, 845, 27, NULL, NULL, NULL),
(10771, 846, 27, NULL, NULL, NULL),
(10772, 847, 27, NULL, NULL, NULL),
(10773, 848, 27, NULL, NULL, NULL),
(10774, 849, 27, NULL, NULL, NULL),
(10775, 850, 27, NULL, NULL, NULL),
(10776, 851, 27, NULL, NULL, NULL),
(10777, 852, 27, NULL, NULL, NULL),
(10778, 853, 27, NULL, NULL, NULL),
(10779, 854, 27, NULL, NULL, NULL),
(10780, 855, 27, NULL, NULL, NULL),
(10781, 856, 27, NULL, NULL, NULL),
(10782, 857, 27, NULL, NULL, NULL),
(10783, 858, 27, NULL, NULL, NULL),
(10784, 859, 27, NULL, NULL, NULL),
(10785, 860, 27, NULL, NULL, NULL),
(10786, 861, 27, NULL, NULL, NULL),
(10787, 862, 27, NULL, NULL, NULL),
(10788, 863, 27, NULL, NULL, NULL),
(10789, 864, 27, NULL, NULL, NULL),
(10790, 865, 27, NULL, NULL, NULL),
(10791, 866, 27, NULL, NULL, NULL),
(10792, 867, 27, NULL, NULL, NULL),
(10793, 868, 27, NULL, NULL, NULL),
(10794, 869, 27, NULL, NULL, NULL),
(10795, 870, 27, NULL, NULL, NULL),
(10796, 871, 27, NULL, NULL, NULL),
(10797, 872, 27, NULL, NULL, NULL),
(10798, 873, 27, NULL, NULL, NULL),
(10799, 874, 27, NULL, NULL, NULL),
(10800, 875, 27, NULL, NULL, NULL),
(10801, 876, 27, NULL, NULL, NULL),
(10802, 877, 27, NULL, NULL, NULL),
(10803, 878, 27, NULL, NULL, NULL),
(10804, 879, 27, NULL, NULL, NULL),
(10805, 880, 27, NULL, NULL, NULL),
(10806, 881, 27, NULL, NULL, NULL),
(10807, 882, 27, NULL, NULL, NULL),
(10808, 883, 27, NULL, NULL, NULL),
(10809, 884, 27, NULL, NULL, NULL),
(10810, 885, 27, NULL, NULL, NULL),
(10811, 886, 27, NULL, NULL, NULL),
(10812, 887, 27, NULL, NULL, NULL),
(10813, 888, 27, NULL, NULL, NULL),
(10814, 889, 27, NULL, NULL, NULL),
(10815, 890, 27, NULL, NULL, NULL),
(10816, 891, 27, NULL, NULL, NULL),
(10817, 892, 27, NULL, NULL, NULL),
(10818, 893, 27, NULL, NULL, NULL),
(10819, 894, 27, NULL, NULL, NULL),
(10820, 895, 27, NULL, NULL, NULL),
(10821, 896, 27, NULL, NULL, NULL),
(10822, 897, 27, NULL, NULL, NULL),
(10823, 898, 27, NULL, NULL, NULL),
(10824, 899, 27, NULL, NULL, NULL),
(10825, 900, 27, NULL, NULL, NULL),
(10826, 901, 27, NULL, NULL, NULL),
(10827, 902, 27, NULL, NULL, NULL),
(10828, 903, 27, NULL, NULL, NULL),
(10829, 904, 27, NULL, NULL, NULL),
(10830, 905, 27, NULL, NULL, NULL),
(10831, 906, 27, NULL, NULL, NULL),
(10832, 907, 27, NULL, NULL, NULL),
(10833, 908, 27, NULL, NULL, NULL),
(10834, 909, 27, NULL, NULL, NULL),
(10835, 910, 27, NULL, NULL, NULL),
(10836, 911, 27, NULL, NULL, NULL),
(10837, 912, 27, NULL, NULL, NULL),
(10838, 913, 27, NULL, NULL, NULL),
(10839, 914, 27, NULL, NULL, NULL),
(10840, 915, 27, NULL, NULL, NULL),
(10841, 916, 27, NULL, NULL, NULL),
(10842, 917, 27, NULL, NULL, NULL),
(10843, 918, 27, NULL, NULL, NULL),
(10844, 919, 27, NULL, NULL, NULL),
(10845, 920, 27, NULL, NULL, NULL),
(10846, 921, 27, NULL, NULL, NULL),
(10847, 922, 27, NULL, NULL, NULL),
(10848, 923, 27, NULL, NULL, NULL),
(10849, 924, 27, NULL, NULL, NULL),
(10850, 925, 27, NULL, NULL, NULL),
(10851, 926, 27, NULL, NULL, NULL),
(10852, 927, 27, NULL, NULL, NULL),
(10853, 928, 27, NULL, NULL, NULL),
(10854, 929, 27, NULL, NULL, NULL),
(10855, 930, 27, NULL, NULL, NULL),
(10856, 931, 27, NULL, NULL, NULL),
(10857, 932, 27, NULL, NULL, NULL),
(10858, 933, 27, NULL, NULL, NULL),
(10859, 934, 27, NULL, NULL, NULL),
(10860, 935, 27, NULL, NULL, NULL),
(10861, 936, 27, NULL, NULL, NULL),
(10862, 937, 27, NULL, NULL, NULL),
(10863, 938, 27, NULL, NULL, NULL),
(10864, 939, 27, NULL, NULL, NULL),
(10865, 940, 27, NULL, NULL, NULL),
(10866, 941, 27, NULL, NULL, NULL),
(10867, 942, 27, NULL, NULL, NULL),
(10868, 943, 27, NULL, NULL, NULL),
(10869, 944, 27, NULL, NULL, NULL),
(10870, 945, 27, NULL, NULL, NULL),
(10871, 946, 27, NULL, NULL, NULL),
(10872, 947, 27, NULL, NULL, NULL),
(10873, 948, 27, NULL, NULL, NULL),
(10874, 949, 27, NULL, NULL, NULL),
(10875, 950, 27, NULL, NULL, NULL),
(10876, 951, 27, NULL, NULL, NULL),
(10877, 952, 27, NULL, NULL, NULL),
(10878, 953, 27, NULL, NULL, NULL),
(10879, 954, 27, NULL, NULL, NULL),
(10880, 955, 27, NULL, NULL, NULL),
(10881, 956, 27, NULL, NULL, NULL),
(10882, 957, 27, NULL, NULL, NULL),
(10883, 958, 27, NULL, NULL, NULL),
(10884, 959, 27, NULL, NULL, NULL),
(10885, 960, 27, NULL, NULL, NULL),
(10886, 961, 27, NULL, NULL, NULL),
(10887, 962, 27, NULL, NULL, NULL),
(10888, 963, 27, NULL, NULL, NULL),
(10889, 964, 27, NULL, NULL, NULL),
(10890, 965, 27, NULL, NULL, NULL),
(10891, 966, 27, NULL, NULL, NULL),
(10892, 967, 27, NULL, NULL, NULL),
(10893, 968, 27, NULL, NULL, NULL),
(10894, 969, 27, NULL, NULL, NULL),
(10895, 970, 27, NULL, NULL, NULL),
(10896, 971, 27, NULL, NULL, NULL),
(10897, 972, 27, NULL, NULL, NULL),
(10898, 973, 27, NULL, NULL, NULL),
(10899, 974, 27, NULL, NULL, NULL),
(10900, 975, 27, NULL, NULL, NULL),
(10901, 976, 27, NULL, NULL, NULL),
(10902, 977, 27, NULL, NULL, NULL),
(10903, 978, 27, NULL, NULL, NULL);
INSERT INTO `branch_services` (`id`, `branch_id`, `service_id`, `deleted_at`, `created_at`, `updated_at`) VALUES
(10904, 979, 27, NULL, NULL, NULL),
(10905, 980, 27, NULL, NULL, NULL),
(10906, 981, 27, NULL, NULL, NULL),
(10907, 982, 27, NULL, NULL, NULL),
(10908, 983, 27, NULL, NULL, NULL),
(10909, 984, 27, NULL, NULL, NULL),
(10910, 985, 27, NULL, NULL, NULL),
(10911, 986, 27, NULL, NULL, NULL),
(10912, 987, 27, NULL, NULL, NULL),
(10913, 988, 27, NULL, NULL, NULL),
(10914, 989, 27, NULL, NULL, NULL),
(10915, 990, 27, NULL, NULL, NULL),
(10916, 991, 27, NULL, NULL, NULL),
(10917, 992, 27, NULL, NULL, NULL),
(10918, 993, 27, NULL, NULL, NULL),
(10919, 994, 27, NULL, NULL, NULL),
(10920, 995, 27, NULL, NULL, NULL),
(10921, 996, 27, NULL, NULL, NULL),
(10922, 997, 27, NULL, NULL, NULL),
(10923, 998, 27, NULL, NULL, NULL),
(10924, 999, 27, NULL, NULL, NULL),
(10925, 1000, 27, NULL, NULL, NULL),
(10926, 1001, 27, NULL, NULL, NULL),
(10927, 1002, 27, NULL, NULL, NULL),
(10928, 1003, 27, NULL, NULL, NULL),
(10929, 1004, 27, NULL, NULL, NULL),
(10930, 1005, 27, NULL, NULL, NULL),
(10931, 1006, 27, NULL, NULL, NULL),
(10932, 1007, 27, NULL, NULL, NULL),
(10933, 1008, 27, NULL, NULL, NULL),
(10934, 1009, 27, NULL, NULL, NULL),
(10935, 1010, 27, NULL, NULL, NULL),
(10936, 1011, 27, NULL, NULL, NULL),
(10937, 1012, 27, NULL, NULL, NULL),
(10938, 1013, 27, NULL, NULL, NULL),
(10939, 1014, 27, NULL, NULL, NULL),
(10940, 1015, 27, NULL, NULL, NULL),
(10941, 1016, 27, NULL, NULL, NULL),
(10942, 1017, 27, NULL, NULL, NULL),
(10943, 1018, 27, NULL, NULL, NULL),
(10944, 1019, 27, NULL, NULL, NULL),
(10945, 1020, 27, NULL, NULL, NULL),
(10946, 1021, 27, NULL, NULL, NULL),
(10947, 1022, 27, NULL, NULL, NULL),
(10948, 1023, 27, NULL, NULL, NULL),
(10949, 1024, 27, NULL, NULL, NULL),
(10950, 1025, 27, NULL, NULL, NULL),
(10951, 1026, 27, NULL, NULL, NULL),
(10952, 1027, 27, NULL, NULL, NULL),
(10953, 1028, 27, NULL, NULL, NULL),
(10954, 1029, 27, NULL, NULL, NULL),
(10955, 1030, 27, NULL, NULL, NULL),
(10956, 1031, 27, NULL, NULL, NULL),
(10957, 1032, 27, NULL, NULL, NULL),
(10958, 1033, 27, NULL, NULL, NULL),
(10959, 1034, 27, NULL, NULL, NULL),
(10960, 1035, 27, NULL, NULL, NULL),
(10961, 1036, 27, NULL, NULL, NULL),
(10962, 1037, 27, NULL, NULL, NULL),
(10963, 1038, 27, NULL, NULL, NULL),
(10964, 1039, 27, NULL, NULL, NULL),
(10965, 1040, 27, NULL, NULL, NULL),
(10966, 1041, 27, NULL, NULL, NULL),
(10967, 1042, 27, NULL, NULL, NULL),
(10968, 1043, 27, NULL, NULL, NULL),
(10969, 1044, 27, NULL, NULL, NULL),
(10970, 1045, 27, NULL, NULL, NULL),
(10971, 1046, 27, NULL, NULL, NULL),
(10972, 1047, 27, NULL, NULL, NULL),
(10973, 1048, 27, NULL, NULL, NULL),
(10974, 1049, 27, NULL, NULL, NULL),
(10975, 1050, 27, NULL, NULL, NULL),
(10976, 1051, 27, NULL, NULL, NULL),
(10977, 1052, 27, NULL, NULL, NULL),
(10978, 1053, 27, NULL, NULL, NULL),
(10979, 1054, 27, NULL, NULL, NULL),
(10980, 1055, 27, NULL, NULL, NULL),
(10981, 1056, 27, NULL, NULL, NULL),
(10982, 1057, 27, NULL, NULL, NULL),
(10983, 1058, 27, NULL, NULL, NULL),
(10984, 1059, 27, NULL, NULL, NULL),
(10985, 1060, 27, NULL, NULL, NULL),
(10986, 1061, 27, NULL, NULL, NULL),
(10987, 1062, 27, NULL, NULL, NULL),
(10988, 1063, 27, NULL, NULL, NULL),
(10989, 1064, 27, NULL, NULL, NULL),
(10990, 1065, 27, NULL, NULL, NULL),
(10991, 1066, 27, NULL, NULL, NULL),
(10992, 1067, 27, NULL, NULL, NULL),
(10993, 1068, 27, NULL, NULL, NULL),
(10994, 1069, 27, NULL, NULL, NULL),
(10995, 1070, 27, NULL, NULL, NULL),
(10996, 1071, 27, NULL, NULL, NULL),
(10997, 1072, 27, NULL, NULL, NULL),
(10998, 1073, 27, NULL, NULL, NULL),
(10999, 1074, 27, NULL, NULL, NULL),
(11000, 1075, 27, NULL, NULL, NULL),
(11001, 1076, 27, NULL, NULL, NULL),
(11002, 1077, 27, NULL, NULL, NULL),
(11003, 1078, 27, NULL, NULL, NULL),
(11004, 1079, 27, NULL, NULL, NULL),
(11005, 1080, 27, NULL, NULL, NULL),
(11006, 1081, 27, NULL, NULL, NULL),
(11007, 1082, 27, NULL, NULL, NULL),
(11008, 1083, 27, NULL, NULL, NULL),
(11009, 1084, 27, NULL, NULL, NULL),
(11010, 1085, 27, NULL, NULL, NULL),
(11011, 1086, 27, NULL, NULL, NULL),
(11012, 1087, 27, NULL, NULL, NULL),
(11013, 1088, 27, NULL, NULL, NULL),
(11014, 1089, 27, NULL, NULL, NULL),
(11015, 1090, 27, NULL, NULL, NULL),
(11016, 1091, 27, NULL, NULL, NULL),
(11017, 1092, 27, NULL, NULL, NULL),
(11018, 1093, 27, NULL, NULL, NULL),
(11019, 1094, 27, NULL, NULL, NULL),
(11020, 1095, 27, NULL, NULL, NULL),
(11021, 1096, 27, NULL, NULL, NULL),
(11022, 1097, 27, NULL, NULL, NULL),
(11023, 1098, 27, NULL, NULL, NULL),
(11024, 1099, 27, NULL, NULL, NULL),
(11025, 1100, 27, NULL, NULL, NULL),
(11026, 1101, 27, NULL, NULL, NULL),
(11027, 1102, 27, NULL, NULL, NULL),
(11028, 1103, 27, NULL, NULL, NULL),
(11029, 1104, 27, NULL, NULL, NULL),
(11030, 1105, 27, NULL, NULL, NULL),
(11031, 1106, 27, NULL, NULL, NULL),
(11032, 1107, 27, NULL, NULL, NULL),
(11033, 1108, 27, NULL, NULL, NULL),
(11034, 1109, 27, NULL, NULL, NULL),
(11035, 1110, 27, NULL, NULL, NULL),
(11036, 1111, 27, NULL, NULL, NULL),
(11037, 1112, 27, NULL, NULL, NULL),
(11038, 1113, 27, NULL, NULL, NULL),
(11039, 1114, 27, NULL, NULL, NULL),
(11040, 1115, 27, NULL, NULL, NULL),
(11041, 1116, 27, NULL, NULL, NULL),
(11042, 1117, 27, NULL, NULL, NULL),
(11043, 1118, 27, NULL, NULL, NULL),
(11044, 1119, 27, NULL, NULL, NULL),
(11045, 1120, 27, NULL, NULL, NULL),
(11046, 1121, 27, NULL, NULL, NULL),
(11047, 1122, 27, NULL, NULL, NULL),
(11048, 1123, 27, NULL, NULL, NULL),
(11049, 1124, 27, NULL, NULL, NULL),
(11050, 1125, 27, NULL, NULL, NULL),
(11051, 1126, 27, NULL, NULL, NULL),
(11052, 1127, 27, NULL, NULL, NULL),
(11053, 1128, 27, NULL, NULL, NULL),
(11054, 1129, 27, NULL, NULL, NULL),
(11055, 1130, 27, NULL, NULL, NULL),
(11056, 1131, 27, NULL, NULL, NULL),
(11057, 1132, 27, NULL, NULL, NULL),
(11058, 1133, 27, NULL, NULL, NULL),
(11059, 1134, 27, NULL, NULL, NULL),
(11060, 1135, 27, NULL, NULL, NULL),
(11061, 1136, 27, NULL, NULL, NULL),
(11062, 1137, 27, NULL, NULL, NULL),
(11063, 1138, 27, NULL, NULL, NULL),
(11064, 1139, 27, NULL, NULL, NULL),
(11065, 1140, 27, NULL, NULL, NULL),
(11066, 1141, 27, NULL, NULL, NULL),
(11067, 1142, 27, NULL, NULL, NULL),
(11068, 1143, 27, NULL, NULL, NULL),
(11069, 1144, 27, NULL, NULL, NULL),
(11070, 1145, 27, NULL, NULL, NULL),
(11071, 1146, 27, NULL, NULL, NULL),
(11072, 1147, 27, NULL, NULL, NULL),
(11073, 1148, 27, NULL, NULL, NULL),
(11074, 1149, 27, NULL, NULL, NULL),
(11075, 1150, 27, NULL, NULL, NULL),
(11076, 1151, 27, NULL, NULL, NULL),
(11077, 1152, 27, NULL, NULL, NULL),
(11078, 1153, 27, NULL, NULL, NULL),
(11079, 1154, 27, NULL, NULL, NULL),
(11080, 1155, 27, NULL, NULL, NULL),
(11081, 1156, 27, NULL, NULL, NULL),
(11082, 1157, 27, NULL, NULL, NULL),
(11083, 1158, 27, NULL, NULL, NULL),
(11084, 1159, 27, NULL, NULL, NULL),
(11085, 1160, 27, NULL, NULL, NULL),
(11086, 1161, 27, NULL, NULL, NULL),
(11087, 1162, 27, NULL, NULL, NULL),
(11088, 1163, 27, NULL, NULL, NULL),
(11089, 1164, 27, NULL, NULL, NULL),
(11090, 1165, 27, NULL, NULL, NULL),
(11091, 1166, 27, NULL, NULL, NULL),
(11092, 1167, 27, NULL, NULL, NULL),
(11093, 1168, 27, NULL, NULL, NULL),
(11094, 1169, 27, NULL, NULL, NULL),
(11095, 1170, 27, NULL, NULL, NULL),
(11096, 1171, 27, NULL, NULL, NULL),
(11097, 1172, 27, NULL, NULL, NULL),
(11098, 1173, 27, NULL, NULL, NULL),
(11099, 1174, 27, NULL, NULL, NULL),
(11100, 1175, 27, NULL, NULL, NULL),
(11101, 1176, 27, NULL, NULL, NULL),
(11102, 1177, 27, NULL, NULL, NULL),
(11103, 1178, 27, NULL, NULL, NULL),
(11104, 1179, 27, NULL, NULL, NULL),
(11105, 1180, 27, NULL, NULL, NULL),
(11106, 1181, 27, NULL, NULL, NULL),
(11107, 1182, 27, NULL, NULL, NULL),
(11108, 1183, 27, NULL, NULL, NULL),
(11109, 1184, 27, NULL, NULL, NULL),
(11110, 1185, 27, NULL, NULL, NULL),
(11111, 1186, 27, NULL, NULL, NULL),
(11112, 1187, 27, NULL, NULL, NULL),
(11113, 1188, 27, NULL, NULL, NULL),
(11114, 1189, 27, NULL, NULL, NULL),
(11115, 1190, 27, NULL, NULL, NULL),
(11116, 1191, 27, NULL, NULL, NULL),
(11117, 1192, 27, NULL, NULL, NULL),
(11118, 1193, 27, NULL, NULL, NULL),
(11119, 1194, 27, NULL, NULL, NULL),
(11120, 1195, 27, NULL, NULL, NULL),
(11121, 1196, 27, NULL, NULL, NULL),
(11122, 1197, 27, NULL, NULL, NULL),
(11123, 1198, 27, NULL, NULL, NULL),
(11124, 1199, 27, NULL, NULL, NULL),
(11125, 1200, 27, NULL, NULL, NULL),
(11126, 1201, 27, NULL, NULL, NULL),
(11127, 1202, 27, NULL, NULL, NULL),
(11128, 1203, 27, NULL, NULL, NULL),
(11129, 1204, 27, NULL, NULL, NULL),
(11130, 1205, 27, NULL, NULL, NULL),
(11131, 1206, 27, NULL, NULL, NULL),
(11132, 1207, 27, NULL, NULL, NULL),
(11133, 1208, 27, NULL, NULL, NULL),
(11134, 1209, 27, NULL, NULL, NULL),
(11135, 1210, 27, NULL, NULL, NULL),
(11136, 1211, 27, NULL, NULL, NULL),
(11137, 1212, 27, NULL, NULL, NULL),
(11138, 1213, 27, NULL, NULL, NULL),
(11139, 1214, 27, NULL, NULL, NULL),
(11140, 1215, 27, NULL, NULL, NULL),
(11141, 1216, 27, NULL, NULL, NULL),
(11142, 1217, 27, NULL, NULL, NULL),
(11143, 1218, 27, NULL, NULL, NULL),
(11144, 1219, 27, NULL, NULL, NULL),
(11145, 1220, 27, NULL, NULL, NULL),
(11146, 1221, 27, NULL, NULL, NULL),
(11147, 1222, 27, NULL, NULL, NULL),
(11148, 1223, 27, NULL, NULL, NULL),
(11149, 1224, 27, NULL, NULL, NULL),
(11150, 1225, 27, NULL, NULL, NULL),
(11151, 1226, 27, NULL, NULL, NULL),
(11152, 1227, 27, NULL, NULL, NULL),
(11153, 1228, 27, NULL, NULL, NULL),
(11154, 1229, 27, NULL, NULL, NULL),
(11155, 1230, 27, NULL, NULL, NULL),
(11156, 1231, 27, NULL, NULL, NULL),
(11157, 1232, 27, NULL, NULL, NULL),
(11158, 1233, 27, NULL, NULL, NULL),
(11159, 1234, 27, NULL, NULL, NULL),
(11160, 1235, 27, NULL, NULL, NULL),
(11161, 1236, 27, NULL, NULL, NULL),
(11162, 1237, 27, NULL, NULL, NULL),
(11163, 1238, 27, NULL, NULL, NULL),
(11164, 1239, 27, NULL, NULL, NULL),
(11165, 1240, 27, NULL, NULL, NULL),
(11166, 1241, 27, NULL, NULL, NULL),
(11167, 1242, 27, NULL, NULL, NULL),
(11168, 1243, 27, NULL, NULL, NULL),
(11169, 1244, 27, NULL, NULL, NULL),
(11170, 1245, 27, NULL, NULL, NULL),
(11171, 1246, 27, NULL, NULL, NULL),
(11172, 1247, 27, NULL, NULL, NULL),
(11173, 1248, 27, NULL, NULL, NULL),
(11174, 1249, 27, NULL, NULL, NULL),
(11175, 1250, 27, NULL, NULL, NULL),
(11176, 1251, 27, NULL, NULL, NULL),
(11177, 1252, 27, NULL, NULL, NULL),
(11178, 1253, 27, NULL, NULL, NULL),
(11179, 1254, 27, NULL, NULL, NULL),
(11180, 1255, 27, NULL, NULL, NULL),
(11181, 826, 28, NULL, NULL, NULL),
(11182, 827, 28, NULL, NULL, NULL),
(11183, 828, 28, NULL, NULL, NULL),
(11184, 829, 28, NULL, NULL, NULL),
(11185, 830, 28, NULL, NULL, NULL),
(11186, 831, 28, NULL, NULL, NULL),
(11187, 832, 28, NULL, NULL, NULL),
(11188, 833, 28, NULL, NULL, NULL),
(11189, 834, 28, NULL, NULL, NULL),
(11190, 835, 28, NULL, NULL, NULL),
(11191, 836, 28, NULL, NULL, NULL),
(11192, 837, 28, NULL, NULL, NULL),
(11193, 838, 28, NULL, NULL, NULL),
(11194, 839, 28, NULL, NULL, NULL),
(11195, 840, 28, NULL, NULL, NULL),
(11196, 841, 28, NULL, NULL, NULL),
(11197, 842, 28, NULL, NULL, NULL),
(11198, 843, 28, NULL, NULL, NULL),
(11199, 844, 28, NULL, NULL, NULL),
(11200, 845, 28, NULL, NULL, NULL),
(11201, 846, 28, NULL, NULL, NULL),
(11202, 847, 28, NULL, NULL, NULL),
(11203, 848, 28, NULL, NULL, NULL),
(11204, 849, 28, NULL, NULL, NULL),
(11205, 850, 28, NULL, NULL, NULL),
(11206, 851, 28, NULL, NULL, NULL),
(11207, 852, 28, NULL, NULL, NULL),
(11208, 853, 28, NULL, NULL, NULL),
(11209, 854, 28, NULL, NULL, NULL),
(11210, 855, 28, NULL, NULL, NULL),
(11211, 856, 28, NULL, NULL, NULL),
(11212, 857, 28, NULL, NULL, NULL),
(11213, 858, 28, NULL, NULL, NULL),
(11214, 859, 28, NULL, NULL, NULL),
(11215, 860, 28, NULL, NULL, NULL),
(11216, 861, 28, NULL, NULL, NULL),
(11217, 862, 28, NULL, NULL, NULL),
(11218, 863, 28, NULL, NULL, NULL),
(11219, 864, 28, NULL, NULL, NULL),
(11220, 865, 28, NULL, NULL, NULL),
(11221, 866, 28, NULL, NULL, NULL),
(11222, 867, 28, NULL, NULL, NULL),
(11223, 868, 28, NULL, NULL, NULL),
(11224, 869, 28, NULL, NULL, NULL),
(11225, 870, 28, NULL, NULL, NULL),
(11226, 871, 28, NULL, NULL, NULL),
(11227, 872, 28, NULL, NULL, NULL),
(11228, 873, 28, NULL, NULL, NULL),
(11229, 874, 28, NULL, NULL, NULL),
(11230, 875, 28, NULL, NULL, NULL),
(11231, 876, 28, NULL, NULL, NULL),
(11232, 877, 28, NULL, NULL, NULL),
(11233, 878, 28, NULL, NULL, NULL),
(11234, 879, 28, NULL, NULL, NULL),
(11235, 880, 28, NULL, NULL, NULL),
(11236, 881, 28, NULL, NULL, NULL),
(11237, 882, 28, NULL, NULL, NULL),
(11238, 883, 28, NULL, NULL, NULL),
(11239, 884, 28, NULL, NULL, NULL),
(11240, 885, 28, NULL, NULL, NULL),
(11241, 886, 28, NULL, NULL, NULL),
(11242, 887, 28, NULL, NULL, NULL),
(11243, 888, 28, NULL, NULL, NULL),
(11244, 889, 28, NULL, NULL, NULL),
(11245, 890, 28, NULL, NULL, NULL),
(11246, 891, 28, NULL, NULL, NULL),
(11247, 892, 28, NULL, NULL, NULL),
(11248, 893, 28, NULL, NULL, NULL),
(11249, 894, 28, NULL, NULL, NULL),
(11250, 895, 28, NULL, NULL, NULL),
(11251, 896, 28, NULL, NULL, NULL),
(11252, 897, 28, NULL, NULL, NULL),
(11253, 898, 28, NULL, NULL, NULL),
(11254, 899, 28, NULL, NULL, NULL),
(11255, 900, 28, NULL, NULL, NULL),
(11256, 901, 28, NULL, NULL, NULL),
(11257, 902, 28, NULL, NULL, NULL),
(11258, 903, 28, NULL, NULL, NULL),
(11259, 904, 28, NULL, NULL, NULL),
(11260, 905, 28, NULL, NULL, NULL),
(11261, 906, 28, NULL, NULL, NULL),
(11262, 907, 28, NULL, NULL, NULL),
(11263, 908, 28, NULL, NULL, NULL),
(11264, 909, 28, NULL, NULL, NULL),
(11265, 910, 28, NULL, NULL, NULL),
(11266, 911, 28, NULL, NULL, NULL),
(11267, 912, 28, NULL, NULL, NULL),
(11268, 913, 28, NULL, NULL, NULL),
(11269, 914, 28, NULL, NULL, NULL),
(11270, 915, 28, NULL, NULL, NULL),
(11271, 916, 28, NULL, NULL, NULL),
(11272, 917, 28, NULL, NULL, NULL),
(11273, 918, 28, NULL, NULL, NULL),
(11274, 919, 28, NULL, NULL, NULL),
(11275, 920, 28, NULL, NULL, NULL),
(11276, 921, 28, NULL, NULL, NULL),
(11277, 922, 28, NULL, NULL, NULL),
(11278, 923, 28, NULL, NULL, NULL),
(11279, 924, 28, NULL, NULL, NULL),
(11280, 925, 28, NULL, NULL, NULL),
(11281, 926, 28, NULL, NULL, NULL),
(11282, 927, 28, NULL, NULL, NULL),
(11283, 928, 28, NULL, NULL, NULL),
(11284, 929, 28, NULL, NULL, NULL),
(11285, 930, 28, NULL, NULL, NULL),
(11286, 931, 28, NULL, NULL, NULL),
(11287, 932, 28, NULL, NULL, NULL),
(11288, 933, 28, NULL, NULL, NULL),
(11289, 934, 28, NULL, NULL, NULL),
(11290, 935, 28, NULL, NULL, NULL),
(11291, 936, 28, NULL, NULL, NULL),
(11292, 937, 28, NULL, NULL, NULL),
(11293, 938, 28, NULL, NULL, NULL),
(11294, 939, 28, NULL, NULL, NULL),
(11295, 940, 28, NULL, NULL, NULL),
(11296, 941, 28, NULL, NULL, NULL),
(11297, 942, 28, NULL, NULL, NULL),
(11298, 943, 28, NULL, NULL, NULL),
(11299, 944, 28, NULL, NULL, NULL),
(11300, 945, 28, NULL, NULL, NULL),
(11301, 946, 28, NULL, NULL, NULL),
(11302, 947, 28, NULL, NULL, NULL),
(11303, 948, 28, NULL, NULL, NULL),
(11304, 949, 28, NULL, NULL, NULL),
(11305, 950, 28, NULL, NULL, NULL),
(11306, 951, 28, NULL, NULL, NULL),
(11307, 952, 28, NULL, NULL, NULL),
(11308, 953, 28, NULL, NULL, NULL),
(11309, 954, 28, NULL, NULL, NULL),
(11310, 955, 28, NULL, NULL, NULL),
(11311, 956, 28, NULL, NULL, NULL),
(11312, 957, 28, NULL, NULL, NULL),
(11313, 958, 28, NULL, NULL, NULL),
(11314, 959, 28, NULL, NULL, NULL),
(11315, 960, 28, NULL, NULL, NULL),
(11316, 961, 28, NULL, NULL, NULL),
(11317, 962, 28, NULL, NULL, NULL),
(11318, 963, 28, NULL, NULL, NULL),
(11319, 964, 28, NULL, NULL, NULL),
(11320, 965, 28, NULL, NULL, NULL),
(11321, 966, 28, NULL, NULL, NULL),
(11322, 967, 28, NULL, NULL, NULL),
(11323, 968, 28, NULL, NULL, NULL),
(11324, 969, 28, NULL, NULL, NULL),
(11325, 970, 28, NULL, NULL, NULL),
(11326, 971, 28, NULL, NULL, NULL),
(11327, 972, 28, NULL, NULL, NULL),
(11328, 973, 28, NULL, NULL, NULL),
(11329, 974, 28, NULL, NULL, NULL),
(11330, 975, 28, NULL, NULL, NULL),
(11331, 976, 28, NULL, NULL, NULL),
(11332, 977, 28, NULL, NULL, NULL),
(11333, 978, 28, NULL, NULL, NULL),
(11334, 979, 28, NULL, NULL, NULL),
(11335, 980, 28, NULL, NULL, NULL),
(11336, 981, 28, NULL, NULL, NULL),
(11337, 982, 28, NULL, NULL, NULL),
(11338, 983, 28, NULL, NULL, NULL),
(11339, 984, 28, NULL, NULL, NULL),
(11340, 985, 28, NULL, NULL, NULL),
(11341, 986, 28, NULL, NULL, NULL),
(11342, 987, 28, NULL, NULL, NULL),
(11343, 988, 28, NULL, NULL, NULL),
(11344, 989, 28, NULL, NULL, NULL),
(11345, 990, 28, NULL, NULL, NULL),
(11346, 991, 28, NULL, NULL, NULL),
(11347, 992, 28, NULL, NULL, NULL),
(11348, 993, 28, NULL, NULL, NULL),
(11349, 994, 28, NULL, NULL, NULL),
(11350, 995, 28, NULL, NULL, NULL),
(11351, 996, 28, NULL, NULL, NULL),
(11352, 997, 28, NULL, NULL, NULL),
(11353, 998, 28, NULL, NULL, NULL),
(11354, 999, 28, NULL, NULL, NULL),
(11355, 1000, 28, NULL, NULL, NULL),
(11356, 1001, 28, NULL, NULL, NULL),
(11357, 1002, 28, NULL, NULL, NULL),
(11358, 1003, 28, NULL, NULL, NULL),
(11359, 1004, 28, NULL, NULL, NULL),
(11360, 1005, 28, NULL, NULL, NULL),
(11361, 1006, 28, NULL, NULL, NULL),
(11362, 1007, 28, NULL, NULL, NULL),
(11363, 1008, 28, NULL, NULL, NULL),
(11364, 1009, 28, NULL, NULL, NULL),
(11365, 1010, 28, NULL, NULL, NULL),
(11366, 1011, 28, NULL, NULL, NULL),
(11367, 1012, 28, NULL, NULL, NULL),
(11368, 1013, 28, NULL, NULL, NULL),
(11369, 1014, 28, NULL, NULL, NULL),
(11370, 1015, 28, NULL, NULL, NULL),
(11371, 1016, 28, NULL, NULL, NULL),
(11372, 1017, 28, NULL, NULL, NULL),
(11373, 1018, 28, NULL, NULL, NULL),
(11374, 1019, 28, NULL, NULL, NULL),
(11375, 1020, 28, NULL, NULL, NULL),
(11376, 1021, 28, NULL, NULL, NULL),
(11377, 1022, 28, NULL, NULL, NULL),
(11378, 1023, 28, NULL, NULL, NULL),
(11379, 1024, 28, NULL, NULL, NULL),
(11380, 1025, 28, NULL, NULL, NULL),
(11381, 1026, 28, NULL, NULL, NULL),
(11382, 1027, 28, NULL, NULL, NULL),
(11383, 1028, 28, NULL, NULL, NULL),
(11384, 1029, 28, NULL, NULL, NULL),
(11385, 1030, 28, NULL, NULL, NULL),
(11386, 1031, 28, NULL, NULL, NULL),
(11387, 1032, 28, NULL, NULL, NULL),
(11388, 1033, 28, NULL, NULL, NULL),
(11389, 1034, 28, NULL, NULL, NULL),
(11390, 1035, 28, NULL, NULL, NULL),
(11391, 1036, 28, NULL, NULL, NULL),
(11392, 1037, 28, NULL, NULL, NULL),
(11393, 1038, 28, NULL, NULL, NULL),
(11394, 1039, 28, NULL, NULL, NULL),
(11395, 1040, 28, NULL, NULL, NULL),
(11396, 1041, 28, NULL, NULL, NULL),
(11397, 1042, 28, NULL, NULL, NULL),
(11398, 1043, 28, NULL, NULL, NULL),
(11399, 1044, 28, NULL, NULL, NULL),
(11400, 1045, 28, NULL, NULL, NULL),
(11401, 1046, 28, NULL, NULL, NULL),
(11402, 1047, 28, NULL, NULL, NULL),
(11403, 1048, 28, NULL, NULL, NULL),
(11404, 1049, 28, NULL, NULL, NULL),
(11405, 1050, 28, NULL, NULL, NULL),
(11406, 1051, 28, NULL, NULL, NULL),
(11407, 1052, 28, NULL, NULL, NULL),
(11408, 1053, 28, NULL, NULL, NULL),
(11409, 1054, 28, NULL, NULL, NULL),
(11410, 1055, 28, NULL, NULL, NULL),
(11411, 1056, 28, NULL, NULL, NULL),
(11412, 1057, 28, NULL, NULL, NULL),
(11413, 1058, 28, NULL, NULL, NULL),
(11414, 1059, 28, NULL, NULL, NULL),
(11415, 1060, 28, NULL, NULL, NULL),
(11416, 1061, 28, NULL, NULL, NULL),
(11417, 1062, 28, NULL, NULL, NULL),
(11418, 1063, 28, NULL, NULL, NULL),
(11419, 1064, 28, NULL, NULL, NULL),
(11420, 1065, 28, NULL, NULL, NULL),
(11421, 1066, 28, NULL, NULL, NULL),
(11422, 1067, 28, NULL, NULL, NULL),
(11423, 1068, 28, NULL, NULL, NULL),
(11424, 1069, 28, NULL, NULL, NULL),
(11425, 1070, 28, NULL, NULL, NULL),
(11426, 1071, 28, NULL, NULL, NULL),
(11427, 1072, 28, NULL, NULL, NULL),
(11428, 1073, 28, NULL, NULL, NULL),
(11429, 1074, 28, NULL, NULL, NULL),
(11430, 1075, 28, NULL, NULL, NULL),
(11431, 1076, 28, NULL, NULL, NULL),
(11432, 1077, 28, NULL, NULL, NULL),
(11433, 1078, 28, NULL, NULL, NULL),
(11434, 1079, 28, NULL, NULL, NULL),
(11435, 1080, 28, NULL, NULL, NULL),
(11436, 1081, 28, NULL, NULL, NULL),
(11437, 1082, 28, NULL, NULL, NULL),
(11438, 1083, 28, NULL, NULL, NULL),
(11439, 1084, 28, NULL, NULL, NULL),
(11440, 1085, 28, NULL, NULL, NULL),
(11441, 1086, 28, NULL, NULL, NULL),
(11442, 1087, 28, NULL, NULL, NULL),
(11443, 1088, 28, NULL, NULL, NULL),
(11444, 1089, 28, NULL, NULL, NULL),
(11445, 1090, 28, NULL, NULL, NULL),
(11446, 1091, 28, NULL, NULL, NULL),
(11447, 1092, 28, NULL, NULL, NULL),
(11448, 1093, 28, NULL, NULL, NULL),
(11449, 1094, 28, NULL, NULL, NULL),
(11450, 1095, 28, NULL, NULL, NULL),
(11451, 1096, 28, NULL, NULL, NULL),
(11452, 1097, 28, NULL, NULL, NULL),
(11453, 1098, 28, NULL, NULL, NULL),
(11454, 1099, 28, NULL, NULL, NULL),
(11455, 1100, 28, NULL, NULL, NULL),
(11456, 1101, 28, NULL, NULL, NULL),
(11457, 1102, 28, NULL, NULL, NULL),
(11458, 1103, 28, NULL, NULL, NULL),
(11459, 1104, 28, NULL, NULL, NULL),
(11460, 1105, 28, NULL, NULL, NULL),
(11461, 1106, 28, NULL, NULL, NULL),
(11462, 1107, 28, NULL, NULL, NULL),
(11463, 1108, 28, NULL, NULL, NULL),
(11464, 1109, 28, NULL, NULL, NULL),
(11465, 1110, 28, NULL, NULL, NULL),
(11466, 1111, 28, NULL, NULL, NULL),
(11467, 1112, 28, NULL, NULL, NULL),
(11468, 1113, 28, NULL, NULL, NULL),
(11469, 1114, 28, NULL, NULL, NULL),
(11470, 1115, 28, NULL, NULL, NULL),
(11471, 1116, 28, NULL, NULL, NULL),
(11472, 1117, 28, NULL, NULL, NULL),
(11473, 1118, 28, NULL, NULL, NULL),
(11474, 1119, 28, NULL, NULL, NULL),
(11475, 1120, 28, NULL, NULL, NULL),
(11476, 1121, 28, NULL, NULL, NULL),
(11477, 1122, 28, NULL, NULL, NULL),
(11478, 1123, 28, NULL, NULL, NULL),
(11479, 1124, 28, NULL, NULL, NULL),
(11480, 1125, 28, NULL, NULL, NULL),
(11481, 1126, 28, NULL, NULL, NULL),
(11482, 1127, 28, NULL, NULL, NULL),
(11483, 1128, 28, NULL, NULL, NULL),
(11484, 1129, 28, NULL, NULL, NULL),
(11485, 1130, 28, NULL, NULL, NULL),
(11486, 1131, 28, NULL, NULL, NULL),
(11487, 1132, 28, NULL, NULL, NULL),
(11488, 1133, 28, NULL, NULL, NULL),
(11489, 1134, 28, NULL, NULL, NULL),
(11490, 1135, 28, NULL, NULL, NULL),
(11491, 1136, 28, NULL, NULL, NULL),
(11492, 1137, 28, NULL, NULL, NULL),
(11493, 1138, 28, NULL, NULL, NULL),
(11494, 1139, 28, NULL, NULL, NULL),
(11495, 1140, 28, NULL, NULL, NULL),
(11496, 1141, 28, NULL, NULL, NULL),
(11497, 1142, 28, NULL, NULL, NULL),
(11498, 1143, 28, NULL, NULL, NULL),
(11499, 1144, 28, NULL, NULL, NULL),
(11500, 1145, 28, NULL, NULL, NULL),
(11501, 1146, 28, NULL, NULL, NULL),
(11502, 1147, 28, NULL, NULL, NULL),
(11503, 1148, 28, NULL, NULL, NULL),
(11504, 1149, 28, NULL, NULL, NULL),
(11505, 1150, 28, NULL, NULL, NULL),
(11506, 1151, 28, NULL, NULL, NULL),
(11507, 1152, 28, NULL, NULL, NULL),
(11508, 1153, 28, NULL, NULL, NULL),
(11509, 1154, 28, NULL, NULL, NULL),
(11510, 1155, 28, NULL, NULL, NULL),
(11511, 1156, 28, NULL, NULL, NULL),
(11512, 1157, 28, NULL, NULL, NULL),
(11513, 1158, 28, NULL, NULL, NULL),
(11514, 1159, 28, NULL, NULL, NULL),
(11515, 1160, 28, NULL, NULL, NULL),
(11516, 1161, 28, NULL, NULL, NULL),
(11517, 1162, 28, NULL, NULL, NULL),
(11518, 1163, 28, NULL, NULL, NULL),
(11519, 1164, 28, NULL, NULL, NULL),
(11520, 1165, 28, NULL, NULL, NULL),
(11521, 1166, 28, NULL, NULL, NULL),
(11522, 1167, 28, NULL, NULL, NULL),
(11523, 1168, 28, NULL, NULL, NULL),
(11524, 1169, 28, NULL, NULL, NULL),
(11525, 1170, 28, NULL, NULL, NULL),
(11526, 1171, 28, NULL, NULL, NULL),
(11527, 1172, 28, NULL, NULL, NULL),
(11528, 1173, 28, NULL, NULL, NULL),
(11529, 1174, 28, NULL, NULL, NULL),
(11530, 1175, 28, NULL, NULL, NULL),
(11531, 1176, 28, NULL, NULL, NULL),
(11532, 1177, 28, NULL, NULL, NULL),
(11533, 1178, 28, NULL, NULL, NULL),
(11534, 1179, 28, NULL, NULL, NULL),
(11535, 1180, 28, NULL, NULL, NULL),
(11536, 1181, 28, NULL, NULL, NULL),
(11537, 1182, 28, NULL, NULL, NULL),
(11538, 1183, 28, NULL, NULL, NULL),
(11539, 1184, 28, NULL, NULL, NULL),
(11540, 1185, 28, NULL, NULL, NULL),
(11541, 1186, 28, NULL, NULL, NULL),
(11542, 1187, 28, NULL, NULL, NULL),
(11543, 1188, 28, NULL, NULL, NULL),
(11544, 1189, 28, NULL, NULL, NULL),
(11545, 1190, 28, NULL, NULL, NULL),
(11546, 1191, 28, NULL, NULL, NULL),
(11547, 1192, 28, NULL, NULL, NULL),
(11548, 1193, 28, NULL, NULL, NULL),
(11549, 1194, 28, NULL, NULL, NULL),
(11550, 1195, 28, NULL, NULL, NULL),
(11551, 1196, 28, NULL, NULL, NULL),
(11552, 1197, 28, NULL, NULL, NULL),
(11553, 1198, 28, NULL, NULL, NULL),
(11554, 1199, 28, NULL, NULL, NULL),
(11555, 1200, 28, NULL, NULL, NULL),
(11556, 1201, 28, NULL, NULL, NULL),
(11557, 1202, 28, NULL, NULL, NULL),
(11558, 1203, 28, NULL, NULL, NULL),
(11559, 1204, 28, NULL, NULL, NULL),
(11560, 1205, 28, NULL, NULL, NULL),
(11561, 1206, 28, NULL, NULL, NULL),
(11562, 1207, 28, NULL, NULL, NULL),
(11563, 1208, 28, NULL, NULL, NULL),
(11564, 1209, 28, NULL, NULL, NULL),
(11565, 1210, 28, NULL, NULL, NULL),
(11566, 1211, 28, NULL, NULL, NULL),
(11567, 1212, 28, NULL, NULL, NULL),
(11568, 1213, 28, NULL, NULL, NULL),
(11569, 1214, 28, NULL, NULL, NULL),
(11570, 1215, 28, NULL, NULL, NULL),
(11571, 1216, 28, NULL, NULL, NULL),
(11572, 1217, 28, NULL, NULL, NULL),
(11573, 1218, 28, NULL, NULL, NULL),
(11574, 1219, 28, NULL, NULL, NULL),
(11575, 1220, 28, NULL, NULL, NULL),
(11576, 1221, 28, NULL, NULL, NULL),
(11577, 1222, 28, NULL, NULL, NULL),
(11578, 1223, 28, NULL, NULL, NULL),
(11579, 1224, 28, NULL, NULL, NULL),
(11580, 1225, 28, NULL, NULL, NULL),
(11581, 1226, 28, NULL, NULL, NULL),
(11582, 1227, 28, NULL, NULL, NULL),
(11583, 1228, 28, NULL, NULL, NULL),
(11584, 1229, 28, NULL, NULL, NULL),
(11585, 1230, 28, NULL, NULL, NULL),
(11586, 1231, 28, NULL, NULL, NULL),
(11587, 1232, 28, NULL, NULL, NULL),
(11588, 1233, 28, NULL, NULL, NULL),
(11589, 1234, 28, NULL, NULL, NULL),
(11590, 1235, 28, NULL, NULL, NULL),
(11591, 1236, 28, NULL, NULL, NULL),
(11592, 1237, 28, NULL, NULL, NULL),
(11593, 1238, 28, NULL, NULL, NULL),
(11594, 1239, 28, NULL, NULL, NULL),
(11595, 1240, 28, NULL, NULL, NULL),
(11596, 1241, 28, NULL, NULL, NULL),
(11597, 1242, 28, NULL, NULL, NULL),
(11598, 1243, 28, NULL, NULL, NULL),
(11599, 1244, 28, NULL, NULL, NULL),
(11600, 1245, 28, NULL, NULL, NULL),
(11601, 1246, 28, NULL, NULL, NULL),
(11602, 1247, 28, NULL, NULL, NULL),
(11603, 1248, 28, NULL, NULL, NULL),
(11604, 1249, 28, NULL, NULL, NULL),
(11605, 1250, 28, NULL, NULL, NULL),
(11606, 1251, 28, NULL, NULL, NULL),
(11607, 1252, 28, NULL, NULL, NULL),
(11608, 1253, 28, NULL, NULL, NULL),
(11609, 1254, 28, NULL, NULL, NULL),
(11610, 1255, 28, NULL, NULL, NULL),
(11611, 826, 29, NULL, NULL, NULL),
(11612, 827, 29, NULL, NULL, NULL),
(11613, 828, 29, NULL, NULL, NULL),
(11614, 829, 29, NULL, NULL, NULL),
(11615, 830, 29, NULL, NULL, NULL),
(11616, 831, 29, NULL, NULL, NULL),
(11617, 832, 29, NULL, NULL, NULL),
(11618, 833, 29, NULL, NULL, NULL),
(11619, 834, 29, NULL, NULL, NULL),
(11620, 835, 29, NULL, NULL, NULL),
(11621, 836, 29, NULL, NULL, NULL),
(11622, 837, 29, NULL, NULL, NULL),
(11623, 838, 29, NULL, NULL, NULL),
(11624, 839, 29, NULL, NULL, NULL),
(11625, 840, 29, NULL, NULL, NULL),
(11626, 841, 29, NULL, NULL, NULL),
(11627, 842, 29, NULL, NULL, NULL),
(11628, 843, 29, NULL, NULL, NULL),
(11629, 844, 29, NULL, NULL, NULL),
(11630, 845, 29, NULL, NULL, NULL),
(11631, 846, 29, NULL, NULL, NULL),
(11632, 847, 29, NULL, NULL, NULL),
(11633, 848, 29, NULL, NULL, NULL),
(11634, 849, 29, NULL, NULL, NULL),
(11635, 850, 29, NULL, NULL, NULL),
(11636, 851, 29, NULL, NULL, NULL),
(11637, 852, 29, NULL, NULL, NULL),
(11638, 853, 29, NULL, NULL, NULL),
(11639, 854, 29, NULL, NULL, NULL),
(11640, 855, 29, NULL, NULL, NULL),
(11641, 856, 29, NULL, NULL, NULL),
(11642, 857, 29, NULL, NULL, NULL),
(11643, 858, 29, NULL, NULL, NULL),
(11644, 859, 29, NULL, NULL, NULL),
(11645, 860, 29, NULL, NULL, NULL),
(11646, 861, 29, NULL, NULL, NULL),
(11647, 862, 29, NULL, NULL, NULL),
(11648, 863, 29, NULL, NULL, NULL),
(11649, 864, 29, NULL, NULL, NULL),
(11650, 865, 29, NULL, NULL, NULL),
(11651, 866, 29, NULL, NULL, NULL),
(11652, 867, 29, NULL, NULL, NULL),
(11653, 868, 29, NULL, NULL, NULL),
(11654, 869, 29, NULL, NULL, NULL),
(11655, 870, 29, NULL, NULL, NULL),
(11656, 871, 29, NULL, NULL, NULL),
(11657, 872, 29, NULL, NULL, NULL),
(11658, 873, 29, NULL, NULL, NULL),
(11659, 874, 29, NULL, NULL, NULL),
(11660, 875, 29, NULL, NULL, NULL),
(11661, 876, 29, NULL, NULL, NULL),
(11662, 877, 29, NULL, NULL, NULL),
(11663, 878, 29, NULL, NULL, NULL),
(11664, 879, 29, NULL, NULL, NULL),
(11665, 880, 29, NULL, NULL, NULL),
(11666, 881, 29, NULL, NULL, NULL),
(11667, 882, 29, NULL, NULL, NULL),
(11668, 883, 29, NULL, NULL, NULL),
(11669, 884, 29, NULL, NULL, NULL),
(11670, 885, 29, NULL, NULL, NULL),
(11671, 886, 29, NULL, NULL, NULL),
(11672, 887, 29, NULL, NULL, NULL),
(11673, 888, 29, NULL, NULL, NULL),
(11674, 889, 29, NULL, NULL, NULL),
(11675, 890, 29, NULL, NULL, NULL),
(11676, 891, 29, NULL, NULL, NULL),
(11677, 892, 29, NULL, NULL, NULL),
(11678, 893, 29, NULL, NULL, NULL),
(11679, 894, 29, NULL, NULL, NULL),
(11680, 895, 29, NULL, NULL, NULL),
(11681, 896, 29, NULL, NULL, NULL),
(11682, 897, 29, NULL, NULL, NULL),
(11683, 898, 29, NULL, NULL, NULL),
(11684, 899, 29, NULL, NULL, NULL),
(11685, 900, 29, NULL, NULL, NULL),
(11686, 901, 29, NULL, NULL, NULL),
(11687, 902, 29, NULL, NULL, NULL),
(11688, 903, 29, NULL, NULL, NULL),
(11689, 904, 29, NULL, NULL, NULL),
(11690, 905, 29, NULL, NULL, NULL),
(11691, 906, 29, NULL, NULL, NULL),
(11692, 907, 29, NULL, NULL, NULL),
(11693, 908, 29, NULL, NULL, NULL),
(11694, 909, 29, NULL, NULL, NULL),
(11695, 910, 29, NULL, NULL, NULL),
(11696, 911, 29, NULL, NULL, NULL),
(11697, 912, 29, NULL, NULL, NULL),
(11698, 913, 29, NULL, NULL, NULL),
(11699, 914, 29, NULL, NULL, NULL),
(11700, 915, 29, NULL, NULL, NULL),
(11701, 916, 29, NULL, NULL, NULL),
(11702, 917, 29, NULL, NULL, NULL),
(11703, 918, 29, NULL, NULL, NULL),
(11704, 919, 29, NULL, NULL, NULL),
(11705, 920, 29, NULL, NULL, NULL),
(11706, 921, 29, NULL, NULL, NULL),
(11707, 922, 29, NULL, NULL, NULL),
(11708, 923, 29, NULL, NULL, NULL),
(11709, 924, 29, NULL, NULL, NULL),
(11710, 925, 29, NULL, NULL, NULL),
(11711, 926, 29, NULL, NULL, NULL),
(11712, 927, 29, NULL, NULL, NULL),
(11713, 928, 29, NULL, NULL, NULL),
(11714, 929, 29, NULL, NULL, NULL),
(11715, 930, 29, NULL, NULL, NULL),
(11716, 931, 29, NULL, NULL, NULL),
(11717, 932, 29, NULL, NULL, NULL),
(11718, 933, 29, NULL, NULL, NULL),
(11719, 934, 29, NULL, NULL, NULL),
(11720, 935, 29, NULL, NULL, NULL),
(11721, 936, 29, NULL, NULL, NULL),
(11722, 937, 29, NULL, NULL, NULL),
(11723, 938, 29, NULL, NULL, NULL),
(11724, 939, 29, NULL, NULL, NULL),
(11725, 940, 29, NULL, NULL, NULL),
(11726, 941, 29, NULL, NULL, NULL),
(11727, 942, 29, NULL, NULL, NULL),
(11728, 943, 29, NULL, NULL, NULL),
(11729, 944, 29, NULL, NULL, NULL),
(11730, 945, 29, NULL, NULL, NULL),
(11731, 946, 29, NULL, NULL, NULL),
(11732, 947, 29, NULL, NULL, NULL),
(11733, 948, 29, NULL, NULL, NULL),
(11734, 949, 29, NULL, NULL, NULL),
(11735, 950, 29, NULL, NULL, NULL),
(11736, 951, 29, NULL, NULL, NULL),
(11737, 952, 29, NULL, NULL, NULL),
(11738, 953, 29, NULL, NULL, NULL),
(11739, 954, 29, NULL, NULL, NULL),
(11740, 955, 29, NULL, NULL, NULL),
(11741, 956, 29, NULL, NULL, NULL),
(11742, 957, 29, NULL, NULL, NULL),
(11743, 958, 29, NULL, NULL, NULL),
(11744, 959, 29, NULL, NULL, NULL),
(11745, 960, 29, NULL, NULL, NULL),
(11746, 961, 29, NULL, NULL, NULL),
(11747, 962, 29, NULL, NULL, NULL),
(11748, 963, 29, NULL, NULL, NULL),
(11749, 964, 29, NULL, NULL, NULL),
(11750, 965, 29, NULL, NULL, NULL),
(11751, 966, 29, NULL, NULL, NULL),
(11752, 967, 29, NULL, NULL, NULL),
(11753, 968, 29, NULL, NULL, NULL),
(11754, 969, 29, NULL, NULL, NULL),
(11755, 970, 29, NULL, NULL, NULL),
(11756, 971, 29, NULL, NULL, NULL),
(11757, 972, 29, NULL, NULL, NULL),
(11758, 973, 29, NULL, NULL, NULL),
(11759, 974, 29, NULL, NULL, NULL),
(11760, 975, 29, NULL, NULL, NULL),
(11761, 976, 29, NULL, NULL, NULL),
(11762, 977, 29, NULL, NULL, NULL),
(11763, 978, 29, NULL, NULL, NULL),
(11764, 979, 29, NULL, NULL, NULL),
(11765, 980, 29, NULL, NULL, NULL),
(11766, 981, 29, NULL, NULL, NULL),
(11767, 982, 29, NULL, NULL, NULL),
(11768, 983, 29, NULL, NULL, NULL),
(11769, 984, 29, NULL, NULL, NULL),
(11770, 985, 29, NULL, NULL, NULL),
(11771, 986, 29, NULL, NULL, NULL),
(11772, 987, 29, NULL, NULL, NULL),
(11773, 988, 29, NULL, NULL, NULL),
(11774, 989, 29, NULL, NULL, NULL),
(11775, 990, 29, NULL, NULL, NULL),
(11776, 991, 29, NULL, NULL, NULL),
(11777, 992, 29, NULL, NULL, NULL),
(11778, 993, 29, NULL, NULL, NULL),
(11779, 994, 29, NULL, NULL, NULL),
(11780, 995, 29, NULL, NULL, NULL),
(11781, 996, 29, NULL, NULL, NULL),
(11782, 997, 29, NULL, NULL, NULL),
(11783, 998, 29, NULL, NULL, NULL),
(11784, 999, 29, NULL, NULL, NULL),
(11785, 1000, 29, NULL, NULL, NULL),
(11786, 1001, 29, NULL, NULL, NULL),
(11787, 1002, 29, NULL, NULL, NULL),
(11788, 1003, 29, NULL, NULL, NULL),
(11789, 1004, 29, NULL, NULL, NULL),
(11790, 1005, 29, NULL, NULL, NULL),
(11791, 1006, 29, NULL, NULL, NULL),
(11792, 1007, 29, NULL, NULL, NULL),
(11793, 1008, 29, NULL, NULL, NULL),
(11794, 1009, 29, NULL, NULL, NULL),
(11795, 1010, 29, NULL, NULL, NULL),
(11796, 1011, 29, NULL, NULL, NULL),
(11797, 1012, 29, NULL, NULL, NULL),
(11798, 1013, 29, NULL, NULL, NULL),
(11799, 1014, 29, NULL, NULL, NULL),
(11800, 1015, 29, NULL, NULL, NULL),
(11801, 1016, 29, NULL, NULL, NULL),
(11802, 1017, 29, NULL, NULL, NULL),
(11803, 1018, 29, NULL, NULL, NULL),
(11804, 1019, 29, NULL, NULL, NULL),
(11805, 1020, 29, NULL, NULL, NULL),
(11806, 1021, 29, NULL, NULL, NULL),
(11807, 1022, 29, NULL, NULL, NULL),
(11808, 1023, 29, NULL, NULL, NULL),
(11809, 1024, 29, NULL, NULL, NULL),
(11810, 1025, 29, NULL, NULL, NULL),
(11811, 1026, 29, NULL, NULL, NULL),
(11812, 1027, 29, NULL, NULL, NULL),
(11813, 1028, 29, NULL, NULL, NULL),
(11814, 1029, 29, NULL, NULL, NULL),
(11815, 1030, 29, NULL, NULL, NULL),
(11816, 1031, 29, NULL, NULL, NULL),
(11817, 1032, 29, NULL, NULL, NULL),
(11818, 1033, 29, NULL, NULL, NULL),
(11819, 1034, 29, NULL, NULL, NULL),
(11820, 1035, 29, NULL, NULL, NULL),
(11821, 1036, 29, NULL, NULL, NULL),
(11822, 1037, 29, NULL, NULL, NULL),
(11823, 1038, 29, NULL, NULL, NULL),
(11824, 1039, 29, NULL, NULL, NULL),
(11825, 1040, 29, NULL, NULL, NULL),
(11826, 1041, 29, NULL, NULL, NULL),
(11827, 1042, 29, NULL, NULL, NULL),
(11828, 1043, 29, NULL, NULL, NULL),
(11829, 1044, 29, NULL, NULL, NULL),
(11830, 1045, 29, NULL, NULL, NULL),
(11831, 1046, 29, NULL, NULL, NULL),
(11832, 1047, 29, NULL, NULL, NULL),
(11833, 1048, 29, NULL, NULL, NULL),
(11834, 1049, 29, NULL, NULL, NULL),
(11835, 1050, 29, NULL, NULL, NULL),
(11836, 1051, 29, NULL, NULL, NULL),
(11837, 1052, 29, NULL, NULL, NULL),
(11838, 1053, 29, NULL, NULL, NULL),
(11839, 1054, 29, NULL, NULL, NULL),
(11840, 1055, 29, NULL, NULL, NULL),
(11841, 1056, 29, NULL, NULL, NULL),
(11842, 1057, 29, NULL, NULL, NULL),
(11843, 1058, 29, NULL, NULL, NULL),
(11844, 1059, 29, NULL, NULL, NULL),
(11845, 1060, 29, NULL, NULL, NULL),
(11846, 1061, 29, NULL, NULL, NULL),
(11847, 1062, 29, NULL, NULL, NULL),
(11848, 1063, 29, NULL, NULL, NULL),
(11849, 1064, 29, NULL, NULL, NULL),
(11850, 1065, 29, NULL, NULL, NULL),
(11851, 1066, 29, NULL, NULL, NULL),
(11852, 1067, 29, NULL, NULL, NULL),
(11853, 1068, 29, NULL, NULL, NULL),
(11854, 1069, 29, NULL, NULL, NULL),
(11855, 1070, 29, NULL, NULL, NULL),
(11856, 1071, 29, NULL, NULL, NULL),
(11857, 1072, 29, NULL, NULL, NULL),
(11858, 1073, 29, NULL, NULL, NULL),
(11859, 1074, 29, NULL, NULL, NULL),
(11860, 1075, 29, NULL, NULL, NULL),
(11861, 1076, 29, NULL, NULL, NULL),
(11862, 1077, 29, NULL, NULL, NULL),
(11863, 1078, 29, NULL, NULL, NULL),
(11864, 1079, 29, NULL, NULL, NULL),
(11865, 1080, 29, NULL, NULL, NULL),
(11866, 1081, 29, NULL, NULL, NULL),
(11867, 1082, 29, NULL, NULL, NULL),
(11868, 1083, 29, NULL, NULL, NULL),
(11869, 1084, 29, NULL, NULL, NULL),
(11870, 1085, 29, NULL, NULL, NULL),
(11871, 1086, 29, NULL, NULL, NULL),
(11872, 1087, 29, NULL, NULL, NULL),
(11873, 1088, 29, NULL, NULL, NULL),
(11874, 1089, 29, NULL, NULL, NULL),
(11875, 1090, 29, NULL, NULL, NULL),
(11876, 1091, 29, NULL, NULL, NULL),
(11877, 1092, 29, NULL, NULL, NULL),
(11878, 1093, 29, NULL, NULL, NULL),
(11879, 1094, 29, NULL, NULL, NULL),
(11880, 1095, 29, NULL, NULL, NULL),
(11881, 1096, 29, NULL, NULL, NULL),
(11882, 1097, 29, NULL, NULL, NULL),
(11883, 1098, 29, NULL, NULL, NULL),
(11884, 1099, 29, NULL, NULL, NULL),
(11885, 1100, 29, NULL, NULL, NULL),
(11886, 1101, 29, NULL, NULL, NULL),
(11887, 1102, 29, NULL, NULL, NULL),
(11888, 1103, 29, NULL, NULL, NULL),
(11889, 1104, 29, NULL, NULL, NULL),
(11890, 1105, 29, NULL, NULL, NULL),
(11891, 1106, 29, NULL, NULL, NULL),
(11892, 1107, 29, NULL, NULL, NULL),
(11893, 1108, 29, NULL, NULL, NULL),
(11894, 1109, 29, NULL, NULL, NULL),
(11895, 1110, 29, NULL, NULL, NULL),
(11896, 1111, 29, NULL, NULL, NULL),
(11897, 1112, 29, NULL, NULL, NULL),
(11898, 1113, 29, NULL, NULL, NULL),
(11899, 1114, 29, NULL, NULL, NULL),
(11900, 1115, 29, NULL, NULL, NULL),
(11901, 1116, 29, NULL, NULL, NULL),
(11902, 1117, 29, NULL, NULL, NULL),
(11903, 1118, 29, NULL, NULL, NULL),
(11904, 1119, 29, NULL, NULL, NULL),
(11905, 1120, 29, NULL, NULL, NULL),
(11906, 1121, 29, NULL, NULL, NULL),
(11907, 1122, 29, NULL, NULL, NULL),
(11908, 1123, 29, NULL, NULL, NULL),
(11909, 1124, 29, NULL, NULL, NULL),
(11910, 1125, 29, NULL, NULL, NULL),
(11911, 1126, 29, NULL, NULL, NULL),
(11912, 1127, 29, NULL, NULL, NULL),
(11913, 1128, 29, NULL, NULL, NULL),
(11914, 1129, 29, NULL, NULL, NULL),
(11915, 1130, 29, NULL, NULL, NULL),
(11916, 1131, 29, NULL, NULL, NULL),
(11917, 1132, 29, NULL, NULL, NULL),
(11918, 1133, 29, NULL, NULL, NULL),
(11919, 1134, 29, NULL, NULL, NULL),
(11920, 1135, 29, NULL, NULL, NULL),
(11921, 1136, 29, NULL, NULL, NULL),
(11922, 1137, 29, NULL, NULL, NULL),
(11923, 1138, 29, NULL, NULL, NULL),
(11924, 1139, 29, NULL, NULL, NULL),
(11925, 1140, 29, NULL, NULL, NULL),
(11926, 1141, 29, NULL, NULL, NULL),
(11927, 1142, 29, NULL, NULL, NULL),
(11928, 1143, 29, NULL, NULL, NULL),
(11929, 1144, 29, NULL, NULL, NULL),
(11930, 1145, 29, NULL, NULL, NULL),
(11931, 1146, 29, NULL, NULL, NULL),
(11932, 1147, 29, NULL, NULL, NULL),
(11933, 1148, 29, NULL, NULL, NULL),
(11934, 1149, 29, NULL, NULL, NULL),
(11935, 1150, 29, NULL, NULL, NULL),
(11936, 1151, 29, NULL, NULL, NULL),
(11937, 1152, 29, NULL, NULL, NULL),
(11938, 1153, 29, NULL, NULL, NULL),
(11939, 1154, 29, NULL, NULL, NULL),
(11940, 1155, 29, NULL, NULL, NULL),
(11941, 1156, 29, NULL, NULL, NULL),
(11942, 1157, 29, NULL, NULL, NULL),
(11943, 1158, 29, NULL, NULL, NULL),
(11944, 1159, 29, NULL, NULL, NULL),
(11945, 1160, 29, NULL, NULL, NULL),
(11946, 1161, 29, NULL, NULL, NULL),
(11947, 1162, 29, NULL, NULL, NULL),
(11948, 1163, 29, NULL, NULL, NULL),
(11949, 1164, 29, NULL, NULL, NULL),
(11950, 1165, 29, NULL, NULL, NULL),
(11951, 1166, 29, NULL, NULL, NULL),
(11952, 1167, 29, NULL, NULL, NULL),
(11953, 1168, 29, NULL, NULL, NULL),
(11954, 1169, 29, NULL, NULL, NULL),
(11955, 1170, 29, NULL, NULL, NULL),
(11956, 1171, 29, NULL, NULL, NULL),
(11957, 1172, 29, NULL, NULL, NULL),
(11958, 1173, 29, NULL, NULL, NULL),
(11959, 1174, 29, NULL, NULL, NULL),
(11960, 1175, 29, NULL, NULL, NULL),
(11961, 1176, 29, NULL, NULL, NULL),
(11962, 1177, 29, NULL, NULL, NULL),
(11963, 1178, 29, NULL, NULL, NULL),
(11964, 1179, 29, NULL, NULL, NULL),
(11965, 1180, 29, NULL, NULL, NULL),
(11966, 1181, 29, NULL, NULL, NULL),
(11967, 1182, 29, NULL, NULL, NULL),
(11968, 1183, 29, NULL, NULL, NULL),
(11969, 1184, 29, NULL, NULL, NULL),
(11970, 1185, 29, NULL, NULL, NULL),
(11971, 1186, 29, NULL, NULL, NULL),
(11972, 1187, 29, NULL, NULL, NULL),
(11973, 1188, 29, NULL, NULL, NULL),
(11974, 1189, 29, NULL, NULL, NULL),
(11975, 1190, 29, NULL, NULL, NULL),
(11976, 1191, 29, NULL, NULL, NULL),
(11977, 1192, 29, NULL, NULL, NULL),
(11978, 1193, 29, NULL, NULL, NULL),
(11979, 1194, 29, NULL, NULL, NULL),
(11980, 1195, 29, NULL, NULL, NULL),
(11981, 1196, 29, NULL, NULL, NULL),
(11982, 1197, 29, NULL, NULL, NULL),
(11983, 1198, 29, NULL, NULL, NULL),
(11984, 1199, 29, NULL, NULL, NULL),
(11985, 1200, 29, NULL, NULL, NULL),
(11986, 1201, 29, NULL, NULL, NULL),
(11987, 1202, 29, NULL, NULL, NULL),
(11988, 1203, 29, NULL, NULL, NULL),
(11989, 1204, 29, NULL, NULL, NULL),
(11990, 1205, 29, NULL, NULL, NULL),
(11991, 1206, 29, NULL, NULL, NULL),
(11992, 1207, 29, NULL, NULL, NULL),
(11993, 1208, 29, NULL, NULL, NULL),
(11994, 1209, 29, NULL, NULL, NULL),
(11995, 1210, 29, NULL, NULL, NULL),
(11996, 1211, 29, NULL, NULL, NULL),
(11997, 1212, 29, NULL, NULL, NULL),
(11998, 1213, 29, NULL, NULL, NULL),
(11999, 1214, 29, NULL, NULL, NULL),
(12000, 1215, 29, NULL, NULL, NULL),
(12001, 1216, 29, NULL, NULL, NULL),
(12002, 1217, 29, NULL, NULL, NULL),
(12003, 1218, 29, NULL, NULL, NULL),
(12004, 1219, 29, NULL, NULL, NULL),
(12005, 1220, 29, NULL, NULL, NULL),
(12006, 1221, 29, NULL, NULL, NULL),
(12007, 1222, 29, NULL, NULL, NULL),
(12008, 1223, 29, NULL, NULL, NULL),
(12009, 1224, 29, NULL, NULL, NULL),
(12010, 1225, 29, NULL, NULL, NULL),
(12011, 1226, 29, NULL, NULL, NULL),
(12012, 1227, 29, NULL, NULL, NULL),
(12013, 1228, 29, NULL, NULL, NULL),
(12014, 1229, 29, NULL, NULL, NULL),
(12015, 1230, 29, NULL, NULL, NULL),
(12016, 1231, 29, NULL, NULL, NULL),
(12017, 1232, 29, NULL, NULL, NULL),
(12018, 1233, 29, NULL, NULL, NULL),
(12019, 1234, 29, NULL, NULL, NULL),
(12020, 1235, 29, NULL, NULL, NULL),
(12021, 1236, 29, NULL, NULL, NULL),
(12022, 1237, 29, NULL, NULL, NULL),
(12023, 1238, 29, NULL, NULL, NULL),
(12024, 1239, 29, NULL, NULL, NULL),
(12025, 1240, 29, NULL, NULL, NULL),
(12026, 1241, 29, NULL, NULL, NULL),
(12027, 1242, 29, NULL, NULL, NULL),
(12028, 1243, 29, NULL, NULL, NULL),
(12029, 1244, 29, NULL, NULL, NULL),
(12030, 1245, 29, NULL, NULL, NULL),
(12031, 1246, 29, NULL, NULL, NULL),
(12032, 1247, 29, NULL, NULL, NULL),
(12033, 1248, 29, NULL, NULL, NULL),
(12034, 1249, 29, NULL, NULL, NULL),
(12035, 1250, 29, NULL, NULL, NULL),
(12036, 1251, 29, NULL, NULL, NULL),
(12037, 1252, 29, NULL, NULL, NULL),
(12038, 1253, 29, NULL, NULL, NULL),
(12039, 1254, 29, NULL, NULL, NULL),
(12040, 1255, 29, NULL, NULL, NULL),
(12041, 826, 30, NULL, NULL, NULL),
(12042, 827, 30, NULL, NULL, NULL),
(12043, 828, 30, NULL, NULL, NULL),
(12044, 829, 30, NULL, NULL, NULL),
(12045, 830, 30, NULL, NULL, NULL),
(12046, 831, 30, NULL, NULL, NULL),
(12047, 832, 30, NULL, NULL, NULL),
(12048, 833, 30, NULL, NULL, NULL),
(12049, 834, 30, NULL, NULL, NULL),
(12050, 835, 30, NULL, NULL, NULL),
(12051, 836, 30, NULL, NULL, NULL),
(12052, 837, 30, NULL, NULL, NULL),
(12053, 838, 30, NULL, NULL, NULL),
(12054, 839, 30, NULL, NULL, NULL),
(12055, 840, 30, NULL, NULL, NULL),
(12056, 841, 30, NULL, NULL, NULL),
(12057, 842, 30, NULL, NULL, NULL),
(12058, 843, 30, NULL, NULL, NULL),
(12059, 844, 30, NULL, NULL, NULL),
(12060, 845, 30, NULL, NULL, NULL),
(12061, 846, 30, NULL, NULL, NULL),
(12062, 847, 30, NULL, NULL, NULL),
(12063, 848, 30, NULL, NULL, NULL),
(12064, 849, 30, NULL, NULL, NULL),
(12065, 850, 30, NULL, NULL, NULL),
(12066, 851, 30, NULL, NULL, NULL),
(12067, 852, 30, NULL, NULL, NULL),
(12068, 853, 30, NULL, NULL, NULL),
(12069, 854, 30, NULL, NULL, NULL),
(12070, 855, 30, NULL, NULL, NULL),
(12071, 856, 30, NULL, NULL, NULL),
(12072, 857, 30, NULL, NULL, NULL),
(12073, 858, 30, NULL, NULL, NULL),
(12074, 859, 30, NULL, NULL, NULL),
(12075, 860, 30, NULL, NULL, NULL),
(12076, 861, 30, NULL, NULL, NULL),
(12077, 862, 30, NULL, NULL, NULL),
(12078, 863, 30, NULL, NULL, NULL),
(12079, 864, 30, NULL, NULL, NULL),
(12080, 865, 30, NULL, NULL, NULL),
(12081, 866, 30, NULL, NULL, NULL),
(12082, 867, 30, NULL, NULL, NULL),
(12083, 868, 30, NULL, NULL, NULL),
(12084, 869, 30, NULL, NULL, NULL),
(12085, 870, 30, NULL, NULL, NULL),
(12086, 871, 30, NULL, NULL, NULL),
(12087, 872, 30, NULL, NULL, NULL),
(12088, 873, 30, NULL, NULL, NULL),
(12089, 874, 30, NULL, NULL, NULL),
(12090, 875, 30, NULL, NULL, NULL),
(12091, 876, 30, NULL, NULL, NULL),
(12092, 877, 30, NULL, NULL, NULL),
(12093, 878, 30, NULL, NULL, NULL),
(12094, 879, 30, NULL, NULL, NULL),
(12095, 880, 30, NULL, NULL, NULL),
(12096, 881, 30, NULL, NULL, NULL),
(12097, 882, 30, NULL, NULL, NULL),
(12098, 883, 30, NULL, NULL, NULL),
(12099, 884, 30, NULL, NULL, NULL),
(12100, 885, 30, NULL, NULL, NULL),
(12101, 886, 30, NULL, NULL, NULL),
(12102, 887, 30, NULL, NULL, NULL),
(12103, 888, 30, NULL, NULL, NULL),
(12104, 889, 30, NULL, NULL, NULL),
(12105, 890, 30, NULL, NULL, NULL),
(12106, 891, 30, NULL, NULL, NULL),
(12107, 892, 30, NULL, NULL, NULL),
(12108, 893, 30, NULL, NULL, NULL),
(12109, 894, 30, NULL, NULL, NULL),
(12110, 895, 30, NULL, NULL, NULL),
(12111, 896, 30, NULL, NULL, NULL),
(12112, 897, 30, NULL, NULL, NULL),
(12113, 898, 30, NULL, NULL, NULL),
(12114, 899, 30, NULL, NULL, NULL),
(12115, 900, 30, NULL, NULL, NULL),
(12116, 901, 30, NULL, NULL, NULL),
(12117, 902, 30, NULL, NULL, NULL),
(12118, 903, 30, NULL, NULL, NULL),
(12119, 904, 30, NULL, NULL, NULL),
(12120, 905, 30, NULL, NULL, NULL),
(12121, 906, 30, NULL, NULL, NULL),
(12122, 907, 30, NULL, NULL, NULL),
(12123, 908, 30, NULL, NULL, NULL),
(12124, 909, 30, NULL, NULL, NULL),
(12125, 910, 30, NULL, NULL, NULL),
(12126, 911, 30, NULL, NULL, NULL),
(12127, 912, 30, NULL, NULL, NULL),
(12128, 913, 30, NULL, NULL, NULL),
(12129, 914, 30, NULL, NULL, NULL),
(12130, 915, 30, NULL, NULL, NULL),
(12131, 916, 30, NULL, NULL, NULL),
(12132, 917, 30, NULL, NULL, NULL),
(12133, 918, 30, NULL, NULL, NULL),
(12134, 919, 30, NULL, NULL, NULL),
(12135, 920, 30, NULL, NULL, NULL),
(12136, 921, 30, NULL, NULL, NULL),
(12137, 922, 30, NULL, NULL, NULL),
(12138, 923, 30, NULL, NULL, NULL),
(12139, 924, 30, NULL, NULL, NULL),
(12140, 925, 30, NULL, NULL, NULL),
(12141, 926, 30, NULL, NULL, NULL),
(12142, 927, 30, NULL, NULL, NULL),
(12143, 928, 30, NULL, NULL, NULL),
(12144, 929, 30, NULL, NULL, NULL),
(12145, 930, 30, NULL, NULL, NULL),
(12146, 931, 30, NULL, NULL, NULL),
(12147, 932, 30, NULL, NULL, NULL),
(12148, 933, 30, NULL, NULL, NULL),
(12149, 934, 30, NULL, NULL, NULL),
(12150, 935, 30, NULL, NULL, NULL),
(12151, 936, 30, NULL, NULL, NULL),
(12152, 937, 30, NULL, NULL, NULL),
(12153, 938, 30, NULL, NULL, NULL),
(12154, 939, 30, NULL, NULL, NULL),
(12155, 940, 30, NULL, NULL, NULL),
(12156, 941, 30, NULL, NULL, NULL),
(12157, 942, 30, NULL, NULL, NULL),
(12158, 943, 30, NULL, NULL, NULL),
(12159, 944, 30, NULL, NULL, NULL),
(12160, 945, 30, NULL, NULL, NULL),
(12161, 946, 30, NULL, NULL, NULL),
(12162, 947, 30, NULL, NULL, NULL),
(12163, 948, 30, NULL, NULL, NULL),
(12164, 949, 30, NULL, NULL, NULL),
(12165, 950, 30, NULL, NULL, NULL),
(12166, 951, 30, NULL, NULL, NULL),
(12167, 952, 30, NULL, NULL, NULL),
(12168, 953, 30, NULL, NULL, NULL),
(12169, 954, 30, NULL, NULL, NULL),
(12170, 955, 30, NULL, NULL, NULL),
(12171, 956, 30, NULL, NULL, NULL),
(12172, 957, 30, NULL, NULL, NULL),
(12173, 958, 30, NULL, NULL, NULL),
(12174, 959, 30, NULL, NULL, NULL),
(12175, 960, 30, NULL, NULL, NULL),
(12176, 961, 30, NULL, NULL, NULL),
(12177, 962, 30, NULL, NULL, NULL),
(12178, 963, 30, NULL, NULL, NULL),
(12179, 964, 30, NULL, NULL, NULL),
(12180, 965, 30, NULL, NULL, NULL),
(12181, 966, 30, NULL, NULL, NULL),
(12182, 967, 30, NULL, NULL, NULL),
(12183, 968, 30, NULL, NULL, NULL),
(12184, 969, 30, NULL, NULL, NULL),
(12185, 970, 30, NULL, NULL, NULL),
(12186, 971, 30, NULL, NULL, NULL),
(12187, 972, 30, NULL, NULL, NULL),
(12188, 973, 30, NULL, NULL, NULL),
(12189, 974, 30, NULL, NULL, NULL),
(12190, 975, 30, NULL, NULL, NULL),
(12191, 976, 30, NULL, NULL, NULL),
(12192, 977, 30, NULL, NULL, NULL),
(12193, 978, 30, NULL, NULL, NULL),
(12194, 979, 30, NULL, NULL, NULL),
(12195, 980, 30, NULL, NULL, NULL),
(12196, 981, 30, NULL, NULL, NULL),
(12197, 982, 30, NULL, NULL, NULL),
(12198, 983, 30, NULL, NULL, NULL),
(12199, 984, 30, NULL, NULL, NULL),
(12200, 985, 30, NULL, NULL, NULL),
(12201, 986, 30, NULL, NULL, NULL),
(12202, 987, 30, NULL, NULL, NULL),
(12203, 988, 30, NULL, NULL, NULL),
(12204, 989, 30, NULL, NULL, NULL),
(12205, 990, 30, NULL, NULL, NULL),
(12206, 991, 30, NULL, NULL, NULL),
(12207, 992, 30, NULL, NULL, NULL),
(12208, 993, 30, NULL, NULL, NULL),
(12209, 994, 30, NULL, NULL, NULL),
(12210, 995, 30, NULL, NULL, NULL),
(12211, 996, 30, NULL, NULL, NULL),
(12212, 997, 30, NULL, NULL, NULL),
(12213, 998, 30, NULL, NULL, NULL),
(12214, 999, 30, NULL, NULL, NULL),
(12215, 1000, 30, NULL, NULL, NULL),
(12216, 1001, 30, NULL, NULL, NULL),
(12217, 1002, 30, NULL, NULL, NULL),
(12218, 1003, 30, NULL, NULL, NULL),
(12219, 1004, 30, NULL, NULL, NULL),
(12220, 1005, 30, NULL, NULL, NULL),
(12221, 1006, 30, NULL, NULL, NULL),
(12222, 1007, 30, NULL, NULL, NULL),
(12223, 1008, 30, NULL, NULL, NULL),
(12224, 1009, 30, NULL, NULL, NULL),
(12225, 1010, 30, NULL, NULL, NULL),
(12226, 1011, 30, NULL, NULL, NULL),
(12227, 1012, 30, NULL, NULL, NULL),
(12228, 1013, 30, NULL, NULL, NULL),
(12229, 1014, 30, NULL, NULL, NULL),
(12230, 1015, 30, NULL, NULL, NULL),
(12231, 1016, 30, NULL, NULL, NULL),
(12232, 1017, 30, NULL, NULL, NULL),
(12233, 1018, 30, NULL, NULL, NULL),
(12234, 1019, 30, NULL, NULL, NULL),
(12235, 1020, 30, NULL, NULL, NULL),
(12236, 1021, 30, NULL, NULL, NULL),
(12237, 1022, 30, NULL, NULL, NULL),
(12238, 1023, 30, NULL, NULL, NULL),
(12239, 1024, 30, NULL, NULL, NULL),
(12240, 1025, 30, NULL, NULL, NULL),
(12241, 1026, 30, NULL, NULL, NULL),
(12242, 1027, 30, NULL, NULL, NULL),
(12243, 1028, 30, NULL, NULL, NULL),
(12244, 1029, 30, NULL, NULL, NULL),
(12245, 1030, 30, NULL, NULL, NULL),
(12246, 1031, 30, NULL, NULL, NULL),
(12247, 1032, 30, NULL, NULL, NULL),
(12248, 1033, 30, NULL, NULL, NULL),
(12249, 1034, 30, NULL, NULL, NULL),
(12250, 1035, 30, NULL, NULL, NULL),
(12251, 1036, 30, NULL, NULL, NULL),
(12252, 1037, 30, NULL, NULL, NULL),
(12253, 1038, 30, NULL, NULL, NULL),
(12254, 1039, 30, NULL, NULL, NULL),
(12255, 1040, 30, NULL, NULL, NULL),
(12256, 1041, 30, NULL, NULL, NULL),
(12257, 1042, 30, NULL, NULL, NULL),
(12258, 1043, 30, NULL, NULL, NULL),
(12259, 1044, 30, NULL, NULL, NULL),
(12260, 1045, 30, NULL, NULL, NULL),
(12261, 1046, 30, NULL, NULL, NULL),
(12262, 1047, 30, NULL, NULL, NULL),
(12263, 1048, 30, NULL, NULL, NULL),
(12264, 1049, 30, NULL, NULL, NULL),
(12265, 1050, 30, NULL, NULL, NULL),
(12266, 1051, 30, NULL, NULL, NULL),
(12267, 1052, 30, NULL, NULL, NULL),
(12268, 1053, 30, NULL, NULL, NULL),
(12269, 1054, 30, NULL, NULL, NULL),
(12270, 1055, 30, NULL, NULL, NULL),
(12271, 1056, 30, NULL, NULL, NULL),
(12272, 1057, 30, NULL, NULL, NULL),
(12273, 1058, 30, NULL, NULL, NULL),
(12274, 1059, 30, NULL, NULL, NULL),
(12275, 1060, 30, NULL, NULL, NULL),
(12276, 1061, 30, NULL, NULL, NULL),
(12277, 1062, 30, NULL, NULL, NULL),
(12278, 1063, 30, NULL, NULL, NULL),
(12279, 1064, 30, NULL, NULL, NULL),
(12280, 1065, 30, NULL, NULL, NULL),
(12281, 1066, 30, NULL, NULL, NULL),
(12282, 1067, 30, NULL, NULL, NULL),
(12283, 1068, 30, NULL, NULL, NULL),
(12284, 1069, 30, NULL, NULL, NULL),
(12285, 1070, 30, NULL, NULL, NULL),
(12286, 1071, 30, NULL, NULL, NULL),
(12287, 1072, 30, NULL, NULL, NULL),
(12288, 1073, 30, NULL, NULL, NULL),
(12289, 1074, 30, NULL, NULL, NULL),
(12290, 1075, 30, NULL, NULL, NULL),
(12291, 1076, 30, NULL, NULL, NULL),
(12292, 1077, 30, NULL, NULL, NULL),
(12293, 1078, 30, NULL, NULL, NULL),
(12294, 1079, 30, NULL, NULL, NULL),
(12295, 1080, 30, NULL, NULL, NULL),
(12296, 1081, 30, NULL, NULL, NULL),
(12297, 1082, 30, NULL, NULL, NULL),
(12298, 1083, 30, NULL, NULL, NULL),
(12299, 1084, 30, NULL, NULL, NULL),
(12300, 1085, 30, NULL, NULL, NULL),
(12301, 1086, 30, NULL, NULL, NULL),
(12302, 1087, 30, NULL, NULL, NULL),
(12303, 1088, 30, NULL, NULL, NULL),
(12304, 1089, 30, NULL, NULL, NULL),
(12305, 1090, 30, NULL, NULL, NULL),
(12306, 1091, 30, NULL, NULL, NULL),
(12307, 1092, 30, NULL, NULL, NULL),
(12308, 1093, 30, NULL, NULL, NULL),
(12309, 1094, 30, NULL, NULL, NULL),
(12310, 1095, 30, NULL, NULL, NULL),
(12311, 1096, 30, NULL, NULL, NULL),
(12312, 1097, 30, NULL, NULL, NULL),
(12313, 1098, 30, NULL, NULL, NULL),
(12314, 1099, 30, NULL, NULL, NULL),
(12315, 1100, 30, NULL, NULL, NULL),
(12316, 1101, 30, NULL, NULL, NULL),
(12317, 1102, 30, NULL, NULL, NULL),
(12318, 1103, 30, NULL, NULL, NULL),
(12319, 1104, 30, NULL, NULL, NULL),
(12320, 1105, 30, NULL, NULL, NULL),
(12321, 1106, 30, NULL, NULL, NULL),
(12322, 1107, 30, NULL, NULL, NULL),
(12323, 1108, 30, NULL, NULL, NULL),
(12324, 1109, 30, NULL, NULL, NULL),
(12325, 1110, 30, NULL, NULL, NULL),
(12326, 1111, 30, NULL, NULL, NULL),
(12327, 1112, 30, NULL, NULL, NULL),
(12328, 1113, 30, NULL, NULL, NULL),
(12329, 1114, 30, NULL, NULL, NULL),
(12330, 1115, 30, NULL, NULL, NULL),
(12331, 1116, 30, NULL, NULL, NULL),
(12332, 1117, 30, NULL, NULL, NULL),
(12333, 1118, 30, NULL, NULL, NULL),
(12334, 1119, 30, NULL, NULL, NULL),
(12335, 1120, 30, NULL, NULL, NULL),
(12336, 1121, 30, NULL, NULL, NULL),
(12337, 1122, 30, NULL, NULL, NULL),
(12338, 1123, 30, NULL, NULL, NULL),
(12339, 1124, 30, NULL, NULL, NULL),
(12340, 1125, 30, NULL, NULL, NULL),
(12341, 1126, 30, NULL, NULL, NULL),
(12342, 1127, 30, NULL, NULL, NULL),
(12343, 1128, 30, NULL, NULL, NULL);
INSERT INTO `branch_services` (`id`, `branch_id`, `service_id`, `deleted_at`, `created_at`, `updated_at`) VALUES
(12344, 1129, 30, NULL, NULL, NULL),
(12345, 1130, 30, NULL, NULL, NULL),
(12346, 1131, 30, NULL, NULL, NULL),
(12347, 1132, 30, NULL, NULL, NULL),
(12348, 1133, 30, NULL, NULL, NULL),
(12349, 1134, 30, NULL, NULL, NULL),
(12350, 1135, 30, NULL, NULL, NULL),
(12351, 1136, 30, NULL, NULL, NULL),
(12352, 1137, 30, NULL, NULL, NULL),
(12353, 1138, 30, NULL, NULL, NULL),
(12354, 1139, 30, NULL, NULL, NULL),
(12355, 1140, 30, NULL, NULL, NULL),
(12356, 1141, 30, NULL, NULL, NULL),
(12357, 1142, 30, NULL, NULL, NULL),
(12358, 1143, 30, NULL, NULL, NULL),
(12359, 1144, 30, NULL, NULL, NULL),
(12360, 1145, 30, NULL, NULL, NULL),
(12361, 1146, 30, NULL, NULL, NULL),
(12362, 1147, 30, NULL, NULL, NULL),
(12363, 1148, 30, NULL, NULL, NULL),
(12364, 1149, 30, NULL, NULL, NULL),
(12365, 1150, 30, NULL, NULL, NULL),
(12366, 1151, 30, NULL, NULL, NULL),
(12367, 1152, 30, NULL, NULL, NULL),
(12368, 1153, 30, NULL, NULL, NULL),
(12369, 1154, 30, NULL, NULL, NULL),
(12370, 1155, 30, NULL, NULL, NULL),
(12371, 1156, 30, NULL, NULL, NULL),
(12372, 1157, 30, NULL, NULL, NULL),
(12373, 1158, 30, NULL, NULL, NULL),
(12374, 1159, 30, NULL, NULL, NULL),
(12375, 1160, 30, NULL, NULL, NULL),
(12376, 1161, 30, NULL, NULL, NULL),
(12377, 1162, 30, NULL, NULL, NULL),
(12378, 1163, 30, NULL, NULL, NULL),
(12379, 1164, 30, NULL, NULL, NULL),
(12380, 1165, 30, NULL, NULL, NULL),
(12381, 1166, 30, NULL, NULL, NULL),
(12382, 1167, 30, NULL, NULL, NULL),
(12383, 1168, 30, NULL, NULL, NULL),
(12384, 1169, 30, NULL, NULL, NULL),
(12385, 1170, 30, NULL, NULL, NULL),
(12386, 1171, 30, NULL, NULL, NULL),
(12387, 1172, 30, NULL, NULL, NULL),
(12388, 1173, 30, NULL, NULL, NULL),
(12389, 1174, 30, NULL, NULL, NULL),
(12390, 1175, 30, NULL, NULL, NULL),
(12391, 1176, 30, NULL, NULL, NULL),
(12392, 1177, 30, NULL, NULL, NULL),
(12393, 1178, 30, NULL, NULL, NULL),
(12394, 1179, 30, NULL, NULL, NULL),
(12395, 1180, 30, NULL, NULL, NULL),
(12396, 1181, 30, NULL, NULL, NULL),
(12397, 1182, 30, NULL, NULL, NULL),
(12398, 1183, 30, NULL, NULL, NULL),
(12399, 1184, 30, NULL, NULL, NULL),
(12400, 1185, 30, NULL, NULL, NULL),
(12401, 1186, 30, NULL, NULL, NULL),
(12402, 1187, 30, NULL, NULL, NULL),
(12403, 1188, 30, NULL, NULL, NULL),
(12404, 1189, 30, NULL, NULL, NULL),
(12405, 1190, 30, NULL, NULL, NULL),
(12406, 1191, 30, NULL, NULL, NULL),
(12407, 1192, 30, NULL, NULL, NULL),
(12408, 1193, 30, NULL, NULL, NULL),
(12409, 1194, 30, NULL, NULL, NULL),
(12410, 1195, 30, NULL, NULL, NULL),
(12411, 1196, 30, NULL, NULL, NULL),
(12412, 1197, 30, NULL, NULL, NULL),
(12413, 1198, 30, NULL, NULL, NULL),
(12414, 1199, 30, NULL, NULL, NULL),
(12415, 1200, 30, NULL, NULL, NULL),
(12416, 1201, 30, NULL, NULL, NULL),
(12417, 1202, 30, NULL, NULL, NULL),
(12418, 1203, 30, NULL, NULL, NULL),
(12419, 1204, 30, NULL, NULL, NULL),
(12420, 1205, 30, NULL, NULL, NULL),
(12421, 1206, 30, NULL, NULL, NULL),
(12422, 1207, 30, NULL, NULL, NULL),
(12423, 1208, 30, NULL, NULL, NULL),
(12424, 1209, 30, NULL, NULL, NULL),
(12425, 1210, 30, NULL, NULL, NULL),
(12426, 1211, 30, NULL, NULL, NULL),
(12427, 1212, 30, NULL, NULL, NULL),
(12428, 1213, 30, NULL, NULL, NULL),
(12429, 1214, 30, NULL, NULL, NULL),
(12430, 1215, 30, NULL, NULL, NULL),
(12431, 1216, 30, NULL, NULL, NULL),
(12432, 1217, 30, NULL, NULL, NULL),
(12433, 1218, 30, NULL, NULL, NULL),
(12434, 1219, 30, NULL, NULL, NULL),
(12435, 1220, 30, NULL, NULL, NULL),
(12436, 1221, 30, NULL, NULL, NULL),
(12437, 1222, 30, NULL, NULL, NULL),
(12438, 1223, 30, NULL, NULL, NULL),
(12439, 1224, 30, NULL, NULL, NULL),
(12440, 1225, 30, NULL, NULL, NULL),
(12441, 1226, 30, NULL, NULL, NULL),
(12442, 1227, 30, NULL, NULL, NULL),
(12443, 1228, 30, NULL, NULL, NULL),
(12444, 1229, 30, NULL, NULL, NULL),
(12445, 1230, 30, NULL, NULL, NULL),
(12446, 1231, 30, NULL, NULL, NULL),
(12447, 1232, 30, NULL, NULL, NULL),
(12448, 1233, 30, NULL, NULL, NULL),
(12449, 1234, 30, NULL, NULL, NULL),
(12450, 1235, 30, NULL, NULL, NULL),
(12451, 1236, 30, NULL, NULL, NULL),
(12452, 1237, 30, NULL, NULL, NULL),
(12453, 1238, 30, NULL, NULL, NULL),
(12454, 1239, 30, NULL, NULL, NULL),
(12455, 1240, 30, NULL, NULL, NULL),
(12456, 1241, 30, NULL, NULL, NULL),
(12457, 1242, 30, NULL, NULL, NULL),
(12458, 1243, 30, NULL, NULL, NULL),
(12459, 1244, 30, NULL, NULL, NULL),
(12460, 1245, 30, NULL, NULL, NULL),
(12461, 1246, 30, NULL, NULL, NULL),
(12462, 1247, 30, NULL, NULL, NULL),
(12463, 1248, 30, NULL, NULL, NULL),
(12464, 1249, 30, NULL, NULL, NULL),
(12465, 1250, 30, NULL, NULL, NULL),
(12466, 1251, 30, NULL, NULL, NULL),
(12467, 1252, 30, NULL, NULL, NULL),
(12468, 1253, 30, NULL, NULL, NULL),
(12469, 1254, 30, NULL, NULL, NULL),
(12470, 1255, 30, NULL, NULL, NULL),
(12471, 826, 31, NULL, NULL, NULL),
(12472, 827, 31, NULL, NULL, NULL),
(12473, 828, 31, NULL, NULL, NULL),
(12474, 829, 31, NULL, NULL, NULL),
(12475, 830, 31, NULL, NULL, NULL),
(12476, 831, 31, NULL, NULL, NULL),
(12477, 832, 31, NULL, NULL, NULL),
(12478, 833, 31, NULL, NULL, NULL),
(12479, 834, 31, NULL, NULL, NULL),
(12480, 835, 31, NULL, NULL, NULL),
(12481, 836, 31, NULL, NULL, NULL),
(12482, 837, 31, NULL, NULL, NULL),
(12483, 838, 31, NULL, NULL, NULL),
(12484, 839, 31, NULL, NULL, NULL),
(12485, 840, 31, NULL, NULL, NULL),
(12486, 841, 31, NULL, NULL, NULL),
(12487, 842, 31, NULL, NULL, NULL),
(12488, 843, 31, NULL, NULL, NULL),
(12489, 844, 31, NULL, NULL, NULL),
(12490, 845, 31, NULL, NULL, NULL),
(12491, 846, 31, NULL, NULL, NULL),
(12492, 847, 31, NULL, NULL, NULL),
(12493, 848, 31, NULL, NULL, NULL),
(12494, 849, 31, NULL, NULL, NULL),
(12495, 850, 31, NULL, NULL, NULL),
(12496, 851, 31, NULL, NULL, NULL),
(12497, 852, 31, NULL, NULL, NULL),
(12498, 853, 31, NULL, NULL, NULL),
(12499, 854, 31, NULL, NULL, NULL),
(12500, 855, 31, NULL, NULL, NULL),
(12501, 856, 31, NULL, NULL, NULL),
(12502, 857, 31, NULL, NULL, NULL),
(12503, 858, 31, NULL, NULL, NULL),
(12504, 859, 31, NULL, NULL, NULL),
(12505, 860, 31, NULL, NULL, NULL),
(12506, 861, 31, NULL, NULL, NULL),
(12507, 862, 31, NULL, NULL, NULL),
(12508, 863, 31, NULL, NULL, NULL),
(12509, 864, 31, NULL, NULL, NULL),
(12510, 865, 31, NULL, NULL, NULL),
(12511, 866, 31, NULL, NULL, NULL),
(12512, 867, 31, NULL, NULL, NULL),
(12513, 868, 31, NULL, NULL, NULL),
(12514, 869, 31, NULL, NULL, NULL),
(12515, 870, 31, NULL, NULL, NULL),
(12516, 871, 31, NULL, NULL, NULL),
(12517, 872, 31, NULL, NULL, NULL),
(12518, 873, 31, NULL, NULL, NULL),
(12519, 874, 31, NULL, NULL, NULL),
(12520, 875, 31, NULL, NULL, NULL),
(12521, 876, 31, NULL, NULL, NULL),
(12522, 877, 31, NULL, NULL, NULL),
(12523, 878, 31, NULL, NULL, NULL),
(12524, 879, 31, NULL, NULL, NULL),
(12525, 880, 31, NULL, NULL, NULL),
(12526, 881, 31, NULL, NULL, NULL),
(12527, 882, 31, NULL, NULL, NULL),
(12528, 883, 31, NULL, NULL, NULL),
(12529, 884, 31, NULL, NULL, NULL),
(12530, 885, 31, NULL, NULL, NULL),
(12531, 886, 31, NULL, NULL, NULL),
(12532, 887, 31, NULL, NULL, NULL),
(12533, 888, 31, NULL, NULL, NULL),
(12534, 889, 31, NULL, NULL, NULL),
(12535, 890, 31, NULL, NULL, NULL),
(12536, 891, 31, NULL, NULL, NULL),
(12537, 892, 31, NULL, NULL, NULL),
(12538, 893, 31, NULL, NULL, NULL),
(12539, 894, 31, NULL, NULL, NULL),
(12540, 895, 31, NULL, NULL, NULL),
(12541, 896, 31, NULL, NULL, NULL),
(12542, 897, 31, NULL, NULL, NULL),
(12543, 898, 31, NULL, NULL, NULL),
(12544, 899, 31, NULL, NULL, NULL),
(12545, 900, 31, NULL, NULL, NULL),
(12546, 901, 31, NULL, NULL, NULL),
(12547, 902, 31, NULL, NULL, NULL),
(12548, 903, 31, NULL, NULL, NULL),
(12549, 904, 31, NULL, NULL, NULL),
(12550, 905, 31, NULL, NULL, NULL),
(12551, 906, 31, NULL, NULL, NULL),
(12552, 907, 31, NULL, NULL, NULL),
(12553, 908, 31, NULL, NULL, NULL),
(12554, 909, 31, NULL, NULL, NULL),
(12555, 910, 31, NULL, NULL, NULL),
(12556, 911, 31, NULL, NULL, NULL),
(12557, 912, 31, NULL, NULL, NULL),
(12558, 913, 31, NULL, NULL, NULL),
(12559, 914, 31, NULL, NULL, NULL),
(12560, 915, 31, NULL, NULL, NULL),
(12561, 916, 31, NULL, NULL, NULL),
(12562, 917, 31, NULL, NULL, NULL),
(12563, 918, 31, NULL, NULL, NULL),
(12564, 919, 31, NULL, NULL, NULL),
(12565, 920, 31, NULL, NULL, NULL),
(12566, 921, 31, NULL, NULL, NULL),
(12567, 922, 31, NULL, NULL, NULL),
(12568, 923, 31, NULL, NULL, NULL),
(12569, 924, 31, NULL, NULL, NULL),
(12570, 925, 31, NULL, NULL, NULL),
(12571, 926, 31, NULL, NULL, NULL),
(12572, 927, 31, NULL, NULL, NULL),
(12573, 928, 31, NULL, NULL, NULL),
(12574, 929, 31, NULL, NULL, NULL),
(12575, 930, 31, NULL, NULL, NULL),
(12576, 931, 31, NULL, NULL, NULL),
(12577, 932, 31, NULL, NULL, NULL),
(12578, 933, 31, NULL, NULL, NULL),
(12579, 934, 31, NULL, NULL, NULL),
(12580, 935, 31, NULL, NULL, NULL),
(12581, 936, 31, NULL, NULL, NULL),
(12582, 937, 31, NULL, NULL, NULL),
(12583, 938, 31, NULL, NULL, NULL),
(12584, 939, 31, NULL, NULL, NULL),
(12585, 940, 31, NULL, NULL, NULL),
(12586, 941, 31, NULL, NULL, NULL),
(12587, 942, 31, NULL, NULL, NULL),
(12588, 943, 31, NULL, NULL, NULL),
(12589, 944, 31, NULL, NULL, NULL),
(12590, 945, 31, NULL, NULL, NULL),
(12591, 946, 31, NULL, NULL, NULL),
(12592, 947, 31, NULL, NULL, NULL),
(12593, 948, 31, NULL, NULL, NULL),
(12594, 949, 31, NULL, NULL, NULL),
(12595, 950, 31, NULL, NULL, NULL),
(12596, 951, 31, NULL, NULL, NULL),
(12597, 952, 31, NULL, NULL, NULL),
(12598, 953, 31, NULL, NULL, NULL),
(12599, 954, 31, NULL, NULL, NULL),
(12600, 955, 31, NULL, NULL, NULL),
(12601, 956, 31, NULL, NULL, NULL),
(12602, 957, 31, NULL, NULL, NULL),
(12603, 958, 31, NULL, NULL, NULL),
(12604, 959, 31, NULL, NULL, NULL),
(12605, 960, 31, NULL, NULL, NULL),
(12606, 961, 31, NULL, NULL, NULL),
(12607, 962, 31, NULL, NULL, NULL),
(12608, 963, 31, NULL, NULL, NULL),
(12609, 964, 31, NULL, NULL, NULL),
(12610, 965, 31, NULL, NULL, NULL),
(12611, 966, 31, NULL, NULL, NULL),
(12612, 967, 31, NULL, NULL, NULL),
(12613, 968, 31, NULL, NULL, NULL),
(12614, 969, 31, NULL, NULL, NULL),
(12615, 970, 31, NULL, NULL, NULL),
(12616, 971, 31, NULL, NULL, NULL),
(12617, 972, 31, NULL, NULL, NULL),
(12618, 973, 31, NULL, NULL, NULL),
(12619, 974, 31, NULL, NULL, NULL),
(12620, 975, 31, NULL, NULL, NULL),
(12621, 976, 31, NULL, NULL, NULL),
(12622, 977, 31, NULL, NULL, NULL),
(12623, 978, 31, NULL, NULL, NULL),
(12624, 979, 31, NULL, NULL, NULL),
(12625, 980, 31, NULL, NULL, NULL),
(12626, 981, 31, NULL, NULL, NULL),
(12627, 982, 31, NULL, NULL, NULL),
(12628, 983, 31, NULL, NULL, NULL),
(12629, 984, 31, NULL, NULL, NULL),
(12630, 985, 31, NULL, NULL, NULL),
(12631, 986, 31, NULL, NULL, NULL),
(12632, 987, 31, NULL, NULL, NULL),
(12633, 988, 31, NULL, NULL, NULL),
(12634, 989, 31, NULL, NULL, NULL),
(12635, 990, 31, NULL, NULL, NULL),
(12636, 991, 31, NULL, NULL, NULL),
(12637, 992, 31, NULL, NULL, NULL),
(12638, 993, 31, NULL, NULL, NULL),
(12639, 994, 31, NULL, NULL, NULL),
(12640, 995, 31, NULL, NULL, NULL),
(12641, 996, 31, NULL, NULL, NULL),
(12642, 997, 31, NULL, NULL, NULL),
(12643, 998, 31, NULL, NULL, NULL),
(12644, 999, 31, NULL, NULL, NULL),
(12645, 1000, 31, NULL, NULL, NULL),
(12646, 1001, 31, NULL, NULL, NULL),
(12647, 1002, 31, NULL, NULL, NULL),
(12648, 1003, 31, NULL, NULL, NULL),
(12649, 1004, 31, NULL, NULL, NULL),
(12650, 1005, 31, NULL, NULL, NULL),
(12651, 1006, 31, NULL, NULL, NULL),
(12652, 1007, 31, NULL, NULL, NULL),
(12653, 1008, 31, NULL, NULL, NULL),
(12654, 1009, 31, NULL, NULL, NULL),
(12655, 1010, 31, NULL, NULL, NULL),
(12656, 1011, 31, NULL, NULL, NULL),
(12657, 1012, 31, NULL, NULL, NULL),
(12658, 1013, 31, NULL, NULL, NULL),
(12659, 1014, 31, NULL, NULL, NULL),
(12660, 1015, 31, NULL, NULL, NULL),
(12661, 1016, 31, NULL, NULL, NULL),
(12662, 1017, 31, NULL, NULL, NULL),
(12663, 1018, 31, NULL, NULL, NULL),
(12664, 1019, 31, NULL, NULL, NULL),
(12665, 1020, 31, NULL, NULL, NULL),
(12666, 1021, 31, NULL, NULL, NULL),
(12667, 1022, 31, NULL, NULL, NULL),
(12668, 1023, 31, NULL, NULL, NULL),
(12669, 1024, 31, NULL, NULL, NULL),
(12670, 1025, 31, NULL, NULL, NULL),
(12671, 1026, 31, NULL, NULL, NULL),
(12672, 1027, 31, NULL, NULL, NULL),
(12673, 1028, 31, NULL, NULL, NULL),
(12674, 1029, 31, NULL, NULL, NULL),
(12675, 1030, 31, NULL, NULL, NULL),
(12676, 1031, 31, NULL, NULL, NULL),
(12677, 1032, 31, NULL, NULL, NULL),
(12678, 1033, 31, NULL, NULL, NULL),
(12679, 1034, 31, NULL, NULL, NULL),
(12680, 1035, 31, NULL, NULL, NULL),
(12681, 1036, 31, NULL, NULL, NULL),
(12682, 1037, 31, NULL, NULL, NULL),
(12683, 1038, 31, NULL, NULL, NULL),
(12684, 1039, 31, NULL, NULL, NULL),
(12685, 1040, 31, NULL, NULL, NULL),
(12686, 1041, 31, NULL, NULL, NULL),
(12687, 1042, 31, NULL, NULL, NULL),
(12688, 1043, 31, NULL, NULL, NULL),
(12689, 1044, 31, NULL, NULL, NULL),
(12690, 1045, 31, NULL, NULL, NULL),
(12691, 1046, 31, NULL, NULL, NULL),
(12692, 1047, 31, NULL, NULL, NULL),
(12693, 1048, 31, NULL, NULL, NULL),
(12694, 1049, 31, NULL, NULL, NULL),
(12695, 1050, 31, NULL, NULL, NULL),
(12696, 1051, 31, NULL, NULL, NULL),
(12697, 1052, 31, NULL, NULL, NULL),
(12698, 1053, 31, NULL, NULL, NULL),
(12699, 1054, 31, NULL, NULL, NULL),
(12700, 1055, 31, NULL, NULL, NULL),
(12701, 1056, 31, NULL, NULL, NULL),
(12702, 1057, 31, NULL, NULL, NULL),
(12703, 1058, 31, NULL, NULL, NULL),
(12704, 1059, 31, NULL, NULL, NULL),
(12705, 1060, 31, NULL, NULL, NULL),
(12706, 1061, 31, NULL, NULL, NULL),
(12707, 1062, 31, NULL, NULL, NULL),
(12708, 1063, 31, NULL, NULL, NULL),
(12709, 1064, 31, NULL, NULL, NULL),
(12710, 1065, 31, NULL, NULL, NULL),
(12711, 1066, 31, NULL, NULL, NULL),
(12712, 1067, 31, NULL, NULL, NULL),
(12713, 1068, 31, NULL, NULL, NULL),
(12714, 1069, 31, NULL, NULL, NULL),
(12715, 1070, 31, NULL, NULL, NULL),
(12716, 1071, 31, NULL, NULL, NULL),
(12717, 1072, 31, NULL, NULL, NULL),
(12718, 1073, 31, NULL, NULL, NULL),
(12719, 1074, 31, NULL, NULL, NULL),
(12720, 1075, 31, NULL, NULL, NULL),
(12721, 1076, 31, NULL, NULL, NULL),
(12722, 1077, 31, NULL, NULL, NULL),
(12723, 1078, 31, NULL, NULL, NULL),
(12724, 1079, 31, NULL, NULL, NULL),
(12725, 1080, 31, NULL, NULL, NULL),
(12726, 1081, 31, NULL, NULL, NULL),
(12727, 1082, 31, NULL, NULL, NULL),
(12728, 1083, 31, NULL, NULL, NULL),
(12729, 1084, 31, NULL, NULL, NULL),
(12730, 1085, 31, NULL, NULL, NULL),
(12731, 1086, 31, NULL, NULL, NULL),
(12732, 1087, 31, NULL, NULL, NULL),
(12733, 1088, 31, NULL, NULL, NULL),
(12734, 1089, 31, NULL, NULL, NULL),
(12735, 1090, 31, NULL, NULL, NULL),
(12736, 1091, 31, NULL, NULL, NULL),
(12737, 1092, 31, NULL, NULL, NULL),
(12738, 1093, 31, NULL, NULL, NULL),
(12739, 1094, 31, NULL, NULL, NULL),
(12740, 1095, 31, NULL, NULL, NULL),
(12741, 1096, 31, NULL, NULL, NULL),
(12742, 1097, 31, NULL, NULL, NULL),
(12743, 1098, 31, NULL, NULL, NULL),
(12744, 1099, 31, NULL, NULL, NULL),
(12745, 1100, 31, NULL, NULL, NULL),
(12746, 1101, 31, NULL, NULL, NULL),
(12747, 1102, 31, NULL, NULL, NULL),
(12748, 1103, 31, NULL, NULL, NULL),
(12749, 1104, 31, NULL, NULL, NULL),
(12750, 1105, 31, NULL, NULL, NULL),
(12751, 1106, 31, NULL, NULL, NULL),
(12752, 1107, 31, NULL, NULL, NULL),
(12753, 1108, 31, NULL, NULL, NULL),
(12754, 1109, 31, NULL, NULL, NULL),
(12755, 1110, 31, NULL, NULL, NULL),
(12756, 1111, 31, NULL, NULL, NULL),
(12757, 1112, 31, NULL, NULL, NULL),
(12758, 1113, 31, NULL, NULL, NULL),
(12759, 1114, 31, NULL, NULL, NULL),
(12760, 1115, 31, NULL, NULL, NULL),
(12761, 1116, 31, NULL, NULL, NULL),
(12762, 1117, 31, NULL, NULL, NULL),
(12763, 1118, 31, NULL, NULL, NULL),
(12764, 1119, 31, NULL, NULL, NULL),
(12765, 1120, 31, NULL, NULL, NULL),
(12766, 1121, 31, NULL, NULL, NULL),
(12767, 1122, 31, NULL, NULL, NULL),
(12768, 1123, 31, NULL, NULL, NULL),
(12769, 1124, 31, NULL, NULL, NULL),
(12770, 1125, 31, NULL, NULL, NULL),
(12771, 1126, 31, NULL, NULL, NULL),
(12772, 1127, 31, NULL, NULL, NULL),
(12773, 1128, 31, NULL, NULL, NULL),
(12774, 1129, 31, NULL, NULL, NULL),
(12775, 1130, 31, NULL, NULL, NULL),
(12776, 1131, 31, NULL, NULL, NULL),
(12777, 1132, 31, NULL, NULL, NULL),
(12778, 1133, 31, NULL, NULL, NULL),
(12779, 1134, 31, NULL, NULL, NULL),
(12780, 1135, 31, NULL, NULL, NULL),
(12781, 1136, 31, NULL, NULL, NULL),
(12782, 1137, 31, NULL, NULL, NULL),
(12783, 1138, 31, NULL, NULL, NULL),
(12784, 1139, 31, NULL, NULL, NULL),
(12785, 1140, 31, NULL, NULL, NULL),
(12786, 1141, 31, NULL, NULL, NULL),
(12787, 1142, 31, NULL, NULL, NULL),
(12788, 1143, 31, NULL, NULL, NULL),
(12789, 1144, 31, NULL, NULL, NULL),
(12790, 1145, 31, NULL, NULL, NULL),
(12791, 1146, 31, NULL, NULL, NULL),
(12792, 1147, 31, NULL, NULL, NULL),
(12793, 1148, 31, NULL, NULL, NULL),
(12794, 1149, 31, NULL, NULL, NULL),
(12795, 1150, 31, NULL, NULL, NULL),
(12796, 1151, 31, NULL, NULL, NULL),
(12797, 1152, 31, NULL, NULL, NULL),
(12798, 1153, 31, NULL, NULL, NULL),
(12799, 1154, 31, NULL, NULL, NULL),
(12800, 1155, 31, NULL, NULL, NULL),
(12801, 1156, 31, NULL, NULL, NULL),
(12802, 1157, 31, NULL, NULL, NULL),
(12803, 1158, 31, NULL, NULL, NULL),
(12804, 1159, 31, NULL, NULL, NULL),
(12805, 1160, 31, NULL, NULL, NULL),
(12806, 1161, 31, NULL, NULL, NULL),
(12807, 1162, 31, NULL, NULL, NULL),
(12808, 1163, 31, NULL, NULL, NULL),
(12809, 1164, 31, NULL, NULL, NULL),
(12810, 1165, 31, NULL, NULL, NULL),
(12811, 1166, 31, NULL, NULL, NULL),
(12812, 1167, 31, NULL, NULL, NULL),
(12813, 1168, 31, NULL, NULL, NULL),
(12814, 1169, 31, NULL, NULL, NULL),
(12815, 1170, 31, NULL, NULL, NULL),
(12816, 1171, 31, NULL, NULL, NULL),
(12817, 1172, 31, NULL, NULL, NULL),
(12818, 1173, 31, NULL, NULL, NULL),
(12819, 1174, 31, NULL, NULL, NULL),
(12820, 1175, 31, NULL, NULL, NULL),
(12821, 1176, 31, NULL, NULL, NULL),
(12822, 1177, 31, NULL, NULL, NULL),
(12823, 1178, 31, NULL, NULL, NULL),
(12824, 1179, 31, NULL, NULL, NULL),
(12825, 1180, 31, NULL, NULL, NULL),
(12826, 1181, 31, NULL, NULL, NULL),
(12827, 1182, 31, NULL, NULL, NULL),
(12828, 1183, 31, NULL, NULL, NULL),
(12829, 1184, 31, NULL, NULL, NULL),
(12830, 1185, 31, NULL, NULL, NULL),
(12831, 1186, 31, NULL, NULL, NULL),
(12832, 1187, 31, NULL, NULL, NULL),
(12833, 1188, 31, NULL, NULL, NULL),
(12834, 1189, 31, NULL, NULL, NULL),
(12835, 1190, 31, NULL, NULL, NULL),
(12836, 1191, 31, NULL, NULL, NULL),
(12837, 1192, 31, NULL, NULL, NULL),
(12838, 1193, 31, NULL, NULL, NULL),
(12839, 1194, 31, NULL, NULL, NULL),
(12840, 1195, 31, NULL, NULL, NULL),
(12841, 1196, 31, NULL, NULL, NULL),
(12842, 1197, 31, NULL, NULL, NULL),
(12843, 1198, 31, NULL, NULL, NULL),
(12844, 1199, 31, NULL, NULL, NULL),
(12845, 1200, 31, NULL, NULL, NULL),
(12846, 1201, 31, NULL, NULL, NULL),
(12847, 1202, 31, NULL, NULL, NULL),
(12848, 1203, 31, NULL, NULL, NULL),
(12849, 1204, 31, NULL, NULL, NULL),
(12850, 1205, 31, NULL, NULL, NULL),
(12851, 1206, 31, NULL, NULL, NULL),
(12852, 1207, 31, NULL, NULL, NULL),
(12853, 1208, 31, NULL, NULL, NULL),
(12854, 1209, 31, NULL, NULL, NULL),
(12855, 1210, 31, NULL, NULL, NULL),
(12856, 1211, 31, NULL, NULL, NULL),
(12857, 1212, 31, NULL, NULL, NULL),
(12858, 1213, 31, NULL, NULL, NULL),
(12859, 1214, 31, NULL, NULL, NULL),
(12860, 1215, 31, NULL, NULL, NULL),
(12861, 1216, 31, NULL, NULL, NULL),
(12862, 1217, 31, NULL, NULL, NULL),
(12863, 1218, 31, NULL, NULL, NULL),
(12864, 1219, 31, NULL, NULL, NULL),
(12865, 1220, 31, NULL, NULL, NULL),
(12866, 1221, 31, NULL, NULL, NULL),
(12867, 1222, 31, NULL, NULL, NULL),
(12868, 1223, 31, NULL, NULL, NULL),
(12869, 1224, 31, NULL, NULL, NULL),
(12870, 1225, 31, NULL, NULL, NULL),
(12871, 1226, 31, NULL, NULL, NULL),
(12872, 1227, 31, NULL, NULL, NULL),
(12873, 1228, 31, NULL, NULL, NULL),
(12874, 1229, 31, NULL, NULL, NULL),
(12875, 1230, 31, NULL, NULL, NULL),
(12876, 1231, 31, NULL, NULL, NULL),
(12877, 1232, 31, NULL, NULL, NULL),
(12878, 1233, 31, NULL, NULL, NULL),
(12879, 1234, 31, NULL, NULL, NULL),
(12880, 1235, 31, NULL, NULL, NULL),
(12881, 1236, 31, NULL, NULL, NULL),
(12882, 1237, 31, NULL, NULL, NULL),
(12883, 1238, 31, NULL, NULL, NULL),
(12884, 1239, 31, NULL, NULL, NULL),
(12885, 1240, 31, NULL, NULL, NULL),
(12886, 1241, 31, NULL, NULL, NULL),
(12887, 1242, 31, NULL, NULL, NULL),
(12888, 1243, 31, NULL, NULL, NULL),
(12889, 1244, 31, NULL, NULL, NULL),
(12890, 1245, 31, NULL, NULL, NULL),
(12891, 1246, 31, NULL, NULL, NULL),
(12892, 1247, 31, NULL, NULL, NULL),
(12893, 1248, 31, NULL, NULL, NULL),
(12894, 1249, 31, NULL, NULL, NULL),
(12895, 1250, 31, NULL, NULL, NULL),
(12896, 1251, 31, NULL, NULL, NULL),
(12897, 1252, 31, NULL, NULL, NULL),
(12898, 1253, 31, NULL, NULL, NULL),
(12899, 1254, 31, NULL, NULL, NULL),
(12900, 1255, 31, NULL, NULL, NULL),
(12901, 826, 32, NULL, NULL, NULL),
(12902, 827, 32, NULL, NULL, NULL),
(12903, 828, 32, NULL, NULL, NULL),
(12904, 829, 32, NULL, NULL, NULL),
(12905, 830, 32, NULL, NULL, NULL),
(12906, 831, 32, NULL, NULL, NULL),
(12907, 832, 32, NULL, NULL, NULL),
(12908, 833, 32, NULL, NULL, NULL),
(12909, 834, 32, NULL, NULL, NULL),
(12910, 835, 32, NULL, NULL, NULL),
(12911, 836, 32, NULL, NULL, NULL),
(12912, 837, 32, NULL, NULL, NULL),
(12913, 838, 32, NULL, NULL, NULL),
(12914, 839, 32, NULL, NULL, NULL),
(12915, 840, 32, NULL, NULL, NULL),
(12916, 841, 32, NULL, NULL, NULL),
(12917, 842, 32, NULL, NULL, NULL),
(12918, 843, 32, NULL, NULL, NULL),
(12919, 844, 32, NULL, NULL, NULL),
(12920, 845, 32, NULL, NULL, NULL),
(12921, 846, 32, NULL, NULL, NULL),
(12922, 847, 32, NULL, NULL, NULL),
(12923, 848, 32, NULL, NULL, NULL),
(12924, 849, 32, NULL, NULL, NULL),
(12925, 850, 32, NULL, NULL, NULL),
(12926, 851, 32, NULL, NULL, NULL),
(12927, 852, 32, NULL, NULL, NULL),
(12928, 853, 32, NULL, NULL, NULL),
(12929, 854, 32, NULL, NULL, NULL),
(12930, 855, 32, NULL, NULL, NULL),
(12931, 856, 32, NULL, NULL, NULL),
(12932, 857, 32, NULL, NULL, NULL),
(12933, 858, 32, NULL, NULL, NULL),
(12934, 859, 32, NULL, NULL, NULL),
(12935, 860, 32, NULL, NULL, NULL),
(12936, 861, 32, NULL, NULL, NULL),
(12937, 862, 32, NULL, NULL, NULL),
(12938, 863, 32, NULL, NULL, NULL),
(12939, 864, 32, NULL, NULL, NULL),
(12940, 865, 32, NULL, NULL, NULL),
(12941, 866, 32, NULL, NULL, NULL),
(12942, 867, 32, NULL, NULL, NULL),
(12943, 868, 32, NULL, NULL, NULL),
(12944, 869, 32, NULL, NULL, NULL),
(12945, 870, 32, NULL, NULL, NULL),
(12946, 871, 32, NULL, NULL, NULL),
(12947, 872, 32, NULL, NULL, NULL),
(12948, 873, 32, NULL, NULL, NULL),
(12949, 874, 32, NULL, NULL, NULL),
(12950, 875, 32, NULL, NULL, NULL),
(12951, 876, 32, NULL, NULL, NULL),
(12952, 877, 32, NULL, NULL, NULL),
(12953, 878, 32, NULL, NULL, NULL),
(12954, 879, 32, NULL, NULL, NULL),
(12955, 880, 32, NULL, NULL, NULL),
(12956, 881, 32, NULL, NULL, NULL),
(12957, 882, 32, NULL, NULL, NULL),
(12958, 883, 32, NULL, NULL, NULL),
(12959, 884, 32, NULL, NULL, NULL),
(12960, 885, 32, NULL, NULL, NULL),
(12961, 886, 32, NULL, NULL, NULL),
(12962, 887, 32, NULL, NULL, NULL),
(12963, 888, 32, NULL, NULL, NULL),
(12964, 889, 32, NULL, NULL, NULL),
(12965, 890, 32, NULL, NULL, NULL),
(12966, 891, 32, NULL, NULL, NULL),
(12967, 892, 32, NULL, NULL, NULL),
(12968, 893, 32, NULL, NULL, NULL),
(12969, 894, 32, NULL, NULL, NULL),
(12970, 895, 32, NULL, NULL, NULL),
(12971, 896, 32, NULL, NULL, NULL),
(12972, 897, 32, NULL, NULL, NULL),
(12973, 898, 32, NULL, NULL, NULL),
(12974, 899, 32, NULL, NULL, NULL),
(12975, 900, 32, NULL, NULL, NULL),
(12976, 901, 32, NULL, NULL, NULL),
(12977, 902, 32, NULL, NULL, NULL),
(12978, 903, 32, NULL, NULL, NULL),
(12979, 904, 32, NULL, NULL, NULL),
(12980, 905, 32, NULL, NULL, NULL),
(12981, 906, 32, NULL, NULL, NULL),
(12982, 907, 32, NULL, NULL, NULL),
(12983, 908, 32, NULL, NULL, NULL),
(12984, 909, 32, NULL, NULL, NULL),
(12985, 910, 32, NULL, NULL, NULL),
(12986, 911, 32, NULL, NULL, NULL),
(12987, 912, 32, NULL, NULL, NULL),
(12988, 913, 32, NULL, NULL, NULL),
(12989, 914, 32, NULL, NULL, NULL),
(12990, 915, 32, NULL, NULL, NULL),
(12991, 916, 32, NULL, NULL, NULL),
(12992, 917, 32, NULL, NULL, NULL),
(12993, 918, 32, NULL, NULL, NULL),
(12994, 919, 32, NULL, NULL, NULL),
(12995, 920, 32, NULL, NULL, NULL),
(12996, 921, 32, NULL, NULL, NULL),
(12997, 922, 32, NULL, NULL, NULL),
(12998, 923, 32, NULL, NULL, NULL),
(12999, 924, 32, NULL, NULL, NULL),
(13000, 925, 32, NULL, NULL, NULL),
(13001, 926, 32, NULL, NULL, NULL),
(13002, 927, 32, NULL, NULL, NULL),
(13003, 928, 32, NULL, NULL, NULL),
(13004, 929, 32, NULL, NULL, NULL),
(13005, 930, 32, NULL, NULL, NULL),
(13006, 931, 32, NULL, NULL, NULL),
(13007, 932, 32, NULL, NULL, NULL),
(13008, 933, 32, NULL, NULL, NULL),
(13009, 934, 32, NULL, NULL, NULL),
(13010, 935, 32, NULL, NULL, NULL),
(13011, 936, 32, NULL, NULL, NULL),
(13012, 937, 32, NULL, NULL, NULL),
(13013, 938, 32, NULL, NULL, NULL),
(13014, 939, 32, NULL, NULL, NULL),
(13015, 940, 32, NULL, NULL, NULL),
(13016, 941, 32, NULL, NULL, NULL),
(13017, 942, 32, NULL, NULL, NULL),
(13018, 943, 32, NULL, NULL, NULL),
(13019, 944, 32, NULL, NULL, NULL),
(13020, 945, 32, NULL, NULL, NULL),
(13021, 946, 32, NULL, NULL, NULL),
(13022, 947, 32, NULL, NULL, NULL),
(13023, 948, 32, NULL, NULL, NULL),
(13024, 949, 32, NULL, NULL, NULL),
(13025, 950, 32, NULL, NULL, NULL),
(13026, 951, 32, NULL, NULL, NULL),
(13027, 952, 32, NULL, NULL, NULL),
(13028, 953, 32, NULL, NULL, NULL),
(13029, 954, 32, NULL, NULL, NULL),
(13030, 955, 32, NULL, NULL, NULL),
(13031, 956, 32, NULL, NULL, NULL),
(13032, 957, 32, NULL, NULL, NULL),
(13033, 958, 32, NULL, NULL, NULL),
(13034, 959, 32, NULL, NULL, NULL),
(13035, 960, 32, NULL, NULL, NULL),
(13036, 961, 32, NULL, NULL, NULL),
(13037, 962, 32, NULL, NULL, NULL),
(13038, 963, 32, NULL, NULL, NULL),
(13039, 964, 32, NULL, NULL, NULL),
(13040, 965, 32, NULL, NULL, NULL),
(13041, 966, 32, NULL, NULL, NULL),
(13042, 967, 32, NULL, NULL, NULL),
(13043, 968, 32, NULL, NULL, NULL),
(13044, 969, 32, NULL, NULL, NULL),
(13045, 970, 32, NULL, NULL, NULL),
(13046, 971, 32, NULL, NULL, NULL),
(13047, 972, 32, NULL, NULL, NULL),
(13048, 973, 32, NULL, NULL, NULL),
(13049, 974, 32, NULL, NULL, NULL),
(13050, 975, 32, NULL, NULL, NULL),
(13051, 976, 32, NULL, NULL, NULL),
(13052, 977, 32, NULL, NULL, NULL),
(13053, 978, 32, NULL, NULL, NULL),
(13054, 979, 32, NULL, NULL, NULL),
(13055, 980, 32, NULL, NULL, NULL),
(13056, 981, 32, NULL, NULL, NULL),
(13057, 982, 32, NULL, NULL, NULL),
(13058, 983, 32, NULL, NULL, NULL),
(13059, 984, 32, NULL, NULL, NULL),
(13060, 985, 32, NULL, NULL, NULL),
(13061, 986, 32, NULL, NULL, NULL),
(13062, 987, 32, NULL, NULL, NULL),
(13063, 988, 32, NULL, NULL, NULL),
(13064, 989, 32, NULL, NULL, NULL),
(13065, 990, 32, NULL, NULL, NULL),
(13066, 991, 32, NULL, NULL, NULL),
(13067, 992, 32, NULL, NULL, NULL),
(13068, 993, 32, NULL, NULL, NULL),
(13069, 994, 32, NULL, NULL, NULL),
(13070, 995, 32, NULL, NULL, NULL),
(13071, 996, 32, NULL, NULL, NULL),
(13072, 997, 32, NULL, NULL, NULL),
(13073, 998, 32, NULL, NULL, NULL),
(13074, 999, 32, NULL, NULL, NULL),
(13075, 1000, 32, NULL, NULL, NULL),
(13076, 1001, 32, NULL, NULL, NULL),
(13077, 1002, 32, NULL, NULL, NULL),
(13078, 1003, 32, NULL, NULL, NULL),
(13079, 1004, 32, NULL, NULL, NULL),
(13080, 1005, 32, NULL, NULL, NULL),
(13081, 1006, 32, NULL, NULL, NULL),
(13082, 1007, 32, NULL, NULL, NULL),
(13083, 1008, 32, NULL, NULL, NULL),
(13084, 1009, 32, NULL, NULL, NULL),
(13085, 1010, 32, NULL, NULL, NULL),
(13086, 1011, 32, NULL, NULL, NULL),
(13087, 1012, 32, NULL, NULL, NULL),
(13088, 1013, 32, NULL, NULL, NULL),
(13089, 1014, 32, NULL, NULL, NULL),
(13090, 1015, 32, NULL, NULL, NULL),
(13091, 1016, 32, NULL, NULL, NULL),
(13092, 1017, 32, NULL, NULL, NULL),
(13093, 1018, 32, NULL, NULL, NULL),
(13094, 1019, 32, NULL, NULL, NULL),
(13095, 1020, 32, NULL, NULL, NULL),
(13096, 1021, 32, NULL, NULL, NULL),
(13097, 1022, 32, NULL, NULL, NULL),
(13098, 1023, 32, NULL, NULL, NULL),
(13099, 1024, 32, NULL, NULL, NULL),
(13100, 1025, 32, NULL, NULL, NULL),
(13101, 1026, 32, NULL, NULL, NULL),
(13102, 1027, 32, NULL, NULL, NULL),
(13103, 1028, 32, NULL, NULL, NULL),
(13104, 1029, 32, NULL, NULL, NULL),
(13105, 1030, 32, NULL, NULL, NULL),
(13106, 1031, 32, NULL, NULL, NULL),
(13107, 1032, 32, NULL, NULL, NULL),
(13108, 1033, 32, NULL, NULL, NULL),
(13109, 1034, 32, NULL, NULL, NULL),
(13110, 1035, 32, NULL, NULL, NULL),
(13111, 1036, 32, NULL, NULL, NULL),
(13112, 1037, 32, NULL, NULL, NULL),
(13113, 1038, 32, NULL, NULL, NULL),
(13114, 1039, 32, NULL, NULL, NULL),
(13115, 1040, 32, NULL, NULL, NULL),
(13116, 1041, 32, NULL, NULL, NULL),
(13117, 1042, 32, NULL, NULL, NULL),
(13118, 1043, 32, NULL, NULL, NULL),
(13119, 1044, 32, NULL, NULL, NULL),
(13120, 1045, 32, NULL, NULL, NULL),
(13121, 1046, 32, NULL, NULL, NULL),
(13122, 1047, 32, NULL, NULL, NULL),
(13123, 1048, 32, NULL, NULL, NULL),
(13124, 1049, 32, NULL, NULL, NULL),
(13125, 1050, 32, NULL, NULL, NULL),
(13126, 1051, 32, NULL, NULL, NULL),
(13127, 1052, 32, NULL, NULL, NULL),
(13128, 1053, 32, NULL, NULL, NULL),
(13129, 1054, 32, NULL, NULL, NULL),
(13130, 1055, 32, NULL, NULL, NULL),
(13131, 1056, 32, NULL, NULL, NULL),
(13132, 1057, 32, NULL, NULL, NULL),
(13133, 1058, 32, NULL, NULL, NULL),
(13134, 1059, 32, NULL, NULL, NULL),
(13135, 1060, 32, NULL, NULL, NULL),
(13136, 1061, 32, NULL, NULL, NULL),
(13137, 1062, 32, NULL, NULL, NULL),
(13138, 1063, 32, NULL, NULL, NULL),
(13139, 1064, 32, NULL, NULL, NULL),
(13140, 1065, 32, NULL, NULL, NULL),
(13141, 1066, 32, NULL, NULL, NULL),
(13142, 1067, 32, NULL, NULL, NULL),
(13143, 1068, 32, NULL, NULL, NULL),
(13144, 1069, 32, NULL, NULL, NULL),
(13145, 1070, 32, NULL, NULL, NULL),
(13146, 1071, 32, NULL, NULL, NULL),
(13147, 1072, 32, NULL, NULL, NULL),
(13148, 1073, 32, NULL, NULL, NULL),
(13149, 1074, 32, NULL, NULL, NULL),
(13150, 1075, 32, NULL, NULL, NULL),
(13151, 1076, 32, NULL, NULL, NULL),
(13152, 1077, 32, NULL, NULL, NULL),
(13153, 1078, 32, NULL, NULL, NULL),
(13154, 1079, 32, NULL, NULL, NULL),
(13155, 1080, 32, NULL, NULL, NULL),
(13156, 1081, 32, NULL, NULL, NULL),
(13157, 1082, 32, NULL, NULL, NULL),
(13158, 1083, 32, NULL, NULL, NULL),
(13159, 1084, 32, NULL, NULL, NULL),
(13160, 1085, 32, NULL, NULL, NULL),
(13161, 1086, 32, NULL, NULL, NULL),
(13162, 1087, 32, NULL, NULL, NULL),
(13163, 1088, 32, NULL, NULL, NULL),
(13164, 1089, 32, NULL, NULL, NULL),
(13165, 1090, 32, NULL, NULL, NULL),
(13166, 1091, 32, NULL, NULL, NULL),
(13167, 1092, 32, NULL, NULL, NULL),
(13168, 1093, 32, NULL, NULL, NULL),
(13169, 1094, 32, NULL, NULL, NULL),
(13170, 1095, 32, NULL, NULL, NULL),
(13171, 1096, 32, NULL, NULL, NULL),
(13172, 1097, 32, NULL, NULL, NULL),
(13173, 1098, 32, NULL, NULL, NULL),
(13174, 1099, 32, NULL, NULL, NULL),
(13175, 1100, 32, NULL, NULL, NULL),
(13176, 1101, 32, NULL, NULL, NULL),
(13177, 1102, 32, NULL, NULL, NULL),
(13178, 1103, 32, NULL, NULL, NULL),
(13179, 1104, 32, NULL, NULL, NULL),
(13180, 1105, 32, NULL, NULL, NULL),
(13181, 1106, 32, NULL, NULL, NULL),
(13182, 1107, 32, NULL, NULL, NULL),
(13183, 1108, 32, NULL, NULL, NULL),
(13184, 1109, 32, NULL, NULL, NULL),
(13185, 1110, 32, NULL, NULL, NULL),
(13186, 1111, 32, NULL, NULL, NULL),
(13187, 1112, 32, NULL, NULL, NULL),
(13188, 1113, 32, NULL, NULL, NULL),
(13189, 1114, 32, NULL, NULL, NULL),
(13190, 1115, 32, NULL, NULL, NULL),
(13191, 1116, 32, NULL, NULL, NULL),
(13192, 1117, 32, NULL, NULL, NULL),
(13193, 1118, 32, NULL, NULL, NULL),
(13194, 1119, 32, NULL, NULL, NULL),
(13195, 1120, 32, NULL, NULL, NULL),
(13196, 1121, 32, NULL, NULL, NULL),
(13197, 1122, 32, NULL, NULL, NULL),
(13198, 1123, 32, NULL, NULL, NULL),
(13199, 1124, 32, NULL, NULL, NULL),
(13200, 1125, 32, NULL, NULL, NULL),
(13201, 1126, 32, NULL, NULL, NULL),
(13202, 1127, 32, NULL, NULL, NULL),
(13203, 1128, 32, NULL, NULL, NULL),
(13204, 1129, 32, NULL, NULL, NULL),
(13205, 1130, 32, NULL, NULL, NULL),
(13206, 1131, 32, NULL, NULL, NULL),
(13207, 1132, 32, NULL, NULL, NULL),
(13208, 1133, 32, NULL, NULL, NULL),
(13209, 1134, 32, NULL, NULL, NULL),
(13210, 1135, 32, NULL, NULL, NULL),
(13211, 1136, 32, NULL, NULL, NULL),
(13212, 1137, 32, NULL, NULL, NULL),
(13213, 1138, 32, NULL, NULL, NULL),
(13214, 1139, 32, NULL, NULL, NULL),
(13215, 1140, 32, NULL, NULL, NULL),
(13216, 1141, 32, NULL, NULL, NULL),
(13217, 1142, 32, NULL, NULL, NULL),
(13218, 1143, 32, NULL, NULL, NULL),
(13219, 1144, 32, NULL, NULL, NULL),
(13220, 1145, 32, NULL, NULL, NULL),
(13221, 1146, 32, NULL, NULL, NULL),
(13222, 1147, 32, NULL, NULL, NULL),
(13223, 1148, 32, NULL, NULL, NULL),
(13224, 1149, 32, NULL, NULL, NULL),
(13225, 1150, 32, NULL, NULL, NULL),
(13226, 1151, 32, NULL, NULL, NULL),
(13227, 1152, 32, NULL, NULL, NULL),
(13228, 1153, 32, NULL, NULL, NULL),
(13229, 1154, 32, NULL, NULL, NULL),
(13230, 1155, 32, NULL, NULL, NULL),
(13231, 1156, 32, NULL, NULL, NULL),
(13232, 1157, 32, NULL, NULL, NULL),
(13233, 1158, 32, NULL, NULL, NULL),
(13234, 1159, 32, NULL, NULL, NULL),
(13235, 1160, 32, NULL, NULL, NULL),
(13236, 1161, 32, NULL, NULL, NULL),
(13237, 1162, 32, NULL, NULL, NULL),
(13238, 1163, 32, NULL, NULL, NULL),
(13239, 1164, 32, NULL, NULL, NULL),
(13240, 1165, 32, NULL, NULL, NULL),
(13241, 1166, 32, NULL, NULL, NULL),
(13242, 1167, 32, NULL, NULL, NULL),
(13243, 1168, 32, NULL, NULL, NULL),
(13244, 1169, 32, NULL, NULL, NULL),
(13245, 1170, 32, NULL, NULL, NULL),
(13246, 1171, 32, NULL, NULL, NULL),
(13247, 1172, 32, NULL, NULL, NULL),
(13248, 1173, 32, NULL, NULL, NULL),
(13249, 1174, 32, NULL, NULL, NULL),
(13250, 1175, 32, NULL, NULL, NULL),
(13251, 1176, 32, NULL, NULL, NULL),
(13252, 1177, 32, NULL, NULL, NULL),
(13253, 1178, 32, NULL, NULL, NULL),
(13254, 1179, 32, NULL, NULL, NULL),
(13255, 1180, 32, NULL, NULL, NULL),
(13256, 1181, 32, NULL, NULL, NULL),
(13257, 1182, 32, NULL, NULL, NULL),
(13258, 1183, 32, NULL, NULL, NULL),
(13259, 1184, 32, NULL, NULL, NULL),
(13260, 1185, 32, NULL, NULL, NULL),
(13261, 1186, 32, NULL, NULL, NULL),
(13262, 1187, 32, NULL, NULL, NULL),
(13263, 1188, 32, NULL, NULL, NULL),
(13264, 1189, 32, NULL, NULL, NULL),
(13265, 1190, 32, NULL, NULL, NULL),
(13266, 1191, 32, NULL, NULL, NULL),
(13267, 1192, 32, NULL, NULL, NULL),
(13268, 1193, 32, NULL, NULL, NULL),
(13269, 1194, 32, NULL, NULL, NULL),
(13270, 1195, 32, NULL, NULL, NULL),
(13271, 1196, 32, NULL, NULL, NULL),
(13272, 1197, 32, NULL, NULL, NULL),
(13273, 1198, 32, NULL, NULL, NULL),
(13274, 1199, 32, NULL, NULL, NULL),
(13275, 1200, 32, NULL, NULL, NULL),
(13276, 1201, 32, NULL, NULL, NULL),
(13277, 1202, 32, NULL, NULL, NULL),
(13278, 1203, 32, NULL, NULL, NULL),
(13279, 1204, 32, NULL, NULL, NULL),
(13280, 1205, 32, NULL, NULL, NULL),
(13281, 1206, 32, NULL, NULL, NULL),
(13282, 1207, 32, NULL, NULL, NULL),
(13283, 1208, 32, NULL, NULL, NULL),
(13284, 1209, 32, NULL, NULL, NULL),
(13285, 1210, 32, NULL, NULL, NULL),
(13286, 1211, 32, NULL, NULL, NULL),
(13287, 1212, 32, NULL, NULL, NULL),
(13288, 1213, 32, NULL, NULL, NULL),
(13289, 1214, 32, NULL, NULL, NULL),
(13290, 1215, 32, NULL, NULL, NULL),
(13291, 1216, 32, NULL, NULL, NULL),
(13292, 1217, 32, NULL, NULL, NULL),
(13293, 1218, 32, NULL, NULL, NULL),
(13294, 1219, 32, NULL, NULL, NULL),
(13295, 1220, 32, NULL, NULL, NULL),
(13296, 1221, 32, NULL, NULL, NULL),
(13297, 1222, 32, NULL, NULL, NULL),
(13298, 1223, 32, NULL, NULL, NULL),
(13299, 1224, 32, NULL, NULL, NULL),
(13300, 1225, 32, NULL, NULL, NULL),
(13301, 1226, 32, NULL, NULL, NULL),
(13302, 1227, 32, NULL, NULL, NULL),
(13303, 1228, 32, NULL, NULL, NULL),
(13304, 1229, 32, NULL, NULL, NULL),
(13305, 1230, 32, NULL, NULL, NULL),
(13306, 1231, 32, NULL, NULL, NULL),
(13307, 1232, 32, NULL, NULL, NULL),
(13308, 1233, 32, NULL, NULL, NULL),
(13309, 1234, 32, NULL, NULL, NULL),
(13310, 1235, 32, NULL, NULL, NULL),
(13311, 1236, 32, NULL, NULL, NULL),
(13312, 1237, 32, NULL, NULL, NULL),
(13313, 1238, 32, NULL, NULL, NULL),
(13314, 1239, 32, NULL, NULL, NULL),
(13315, 1240, 32, NULL, NULL, NULL),
(13316, 1241, 32, NULL, NULL, NULL),
(13317, 1242, 32, NULL, NULL, NULL),
(13318, 1243, 32, NULL, NULL, NULL),
(13319, 1244, 32, NULL, NULL, NULL),
(13320, 1245, 32, NULL, NULL, NULL),
(13321, 1246, 32, NULL, NULL, NULL),
(13322, 1247, 32, NULL, NULL, NULL),
(13323, 1248, 32, NULL, NULL, NULL),
(13324, 1249, 32, NULL, NULL, NULL),
(13325, 1250, 32, NULL, NULL, NULL),
(13326, 1251, 32, NULL, NULL, NULL),
(13327, 1252, 32, NULL, NULL, NULL),
(13328, 1253, 32, NULL, NULL, NULL),
(13329, 1254, 32, NULL, NULL, NULL),
(13330, 1255, 32, NULL, NULL, NULL),
(13331, 827, 2, NULL, NULL, NULL),
(13332, 828, 2, NULL, NULL, NULL),
(13333, 829, 2, NULL, NULL, NULL),
(13334, 830, 2, NULL, NULL, NULL),
(13335, 831, 2, NULL, NULL, NULL),
(13336, 832, 2, NULL, NULL, NULL),
(13337, 833, 2, NULL, NULL, NULL),
(13338, 834, 2, NULL, NULL, NULL),
(13339, 835, 2, NULL, NULL, NULL),
(13340, 836, 2, NULL, NULL, NULL),
(13341, 837, 2, NULL, NULL, NULL),
(13342, 838, 2, NULL, NULL, NULL),
(13343, 839, 2, NULL, NULL, NULL),
(13344, 840, 2, NULL, NULL, NULL),
(13345, 841, 2, NULL, NULL, NULL),
(13346, 842, 2, NULL, NULL, NULL),
(13347, 843, 2, NULL, NULL, NULL),
(13348, 844, 2, NULL, NULL, NULL),
(13349, 845, 2, NULL, NULL, NULL),
(13350, 846, 2, NULL, NULL, NULL),
(13351, 847, 2, NULL, NULL, NULL),
(13352, 848, 2, NULL, NULL, NULL),
(13353, 849, 2, NULL, NULL, NULL),
(13354, 850, 2, NULL, NULL, NULL),
(13355, 851, 2, NULL, NULL, NULL),
(13356, 852, 2, NULL, NULL, NULL),
(13357, 853, 2, NULL, NULL, NULL),
(13358, 854, 2, NULL, NULL, NULL),
(13359, 855, 2, NULL, NULL, NULL),
(13360, 856, 2, NULL, NULL, NULL),
(13361, 857, 2, NULL, NULL, NULL),
(13362, 858, 2, NULL, NULL, NULL),
(13363, 859, 2, NULL, NULL, NULL),
(13364, 860, 2, NULL, NULL, NULL),
(13365, 861, 2, NULL, NULL, NULL),
(13366, 862, 2, NULL, NULL, NULL),
(13367, 863, 2, NULL, NULL, NULL),
(13368, 864, 2, NULL, NULL, NULL),
(13369, 865, 2, NULL, NULL, NULL),
(13370, 866, 2, NULL, NULL, NULL),
(13371, 867, 2, NULL, NULL, NULL),
(13372, 868, 2, NULL, NULL, NULL),
(13373, 869, 2, NULL, NULL, NULL),
(13374, 870, 2, NULL, NULL, NULL),
(13375, 871, 2, NULL, NULL, NULL),
(13376, 872, 2, NULL, NULL, NULL),
(13377, 873, 2, NULL, NULL, NULL),
(13378, 874, 2, NULL, NULL, NULL),
(13379, 875, 2, NULL, NULL, NULL),
(13380, 876, 2, NULL, NULL, NULL),
(13381, 877, 2, NULL, NULL, NULL),
(13382, 878, 2, NULL, NULL, NULL),
(13383, 879, 2, NULL, NULL, NULL),
(13384, 880, 2, NULL, NULL, NULL),
(13385, 881, 2, NULL, NULL, NULL),
(13386, 882, 2, NULL, NULL, NULL),
(13387, 883, 2, NULL, NULL, NULL),
(13388, 884, 2, NULL, NULL, NULL),
(13389, 885, 2, NULL, NULL, NULL),
(13390, 886, 2, NULL, NULL, NULL),
(13391, 887, 2, NULL, NULL, NULL),
(13392, 888, 2, NULL, NULL, NULL),
(13393, 889, 2, NULL, NULL, NULL),
(13394, 890, 2, NULL, NULL, NULL),
(13395, 891, 2, NULL, NULL, NULL),
(13396, 892, 2, NULL, NULL, NULL),
(13397, 893, 2, NULL, NULL, NULL),
(13398, 894, 2, NULL, NULL, NULL),
(13399, 895, 2, NULL, NULL, NULL),
(13400, 896, 2, NULL, NULL, NULL),
(13401, 897, 2, NULL, NULL, NULL),
(13402, 898, 2, NULL, NULL, NULL),
(13403, 899, 2, NULL, NULL, NULL),
(13404, 900, 2, NULL, NULL, NULL),
(13405, 901, 2, NULL, NULL, NULL),
(13406, 902, 2, NULL, NULL, NULL),
(13407, 903, 2, NULL, NULL, NULL),
(13408, 904, 2, NULL, NULL, NULL),
(13409, 905, 2, NULL, NULL, NULL),
(13410, 906, 2, NULL, NULL, NULL),
(13411, 907, 2, NULL, NULL, NULL),
(13412, 908, 2, NULL, NULL, NULL),
(13413, 909, 2, NULL, NULL, NULL),
(13414, 910, 2, NULL, NULL, NULL),
(13415, 911, 2, NULL, NULL, NULL),
(13416, 912, 2, NULL, NULL, NULL),
(13417, 913, 2, NULL, NULL, NULL),
(13418, 914, 2, NULL, NULL, NULL),
(13419, 915, 2, NULL, NULL, NULL),
(13420, 916, 2, NULL, NULL, NULL),
(13421, 917, 2, NULL, NULL, NULL),
(13422, 918, 2, NULL, NULL, NULL),
(13423, 919, 2, NULL, NULL, NULL),
(13424, 920, 2, NULL, NULL, NULL),
(13425, 921, 2, NULL, NULL, NULL),
(13426, 922, 2, NULL, NULL, NULL),
(13427, 923, 2, NULL, NULL, NULL),
(13428, 924, 2, NULL, NULL, NULL),
(13429, 925, 2, NULL, NULL, NULL),
(13430, 926, 2, NULL, NULL, NULL),
(13431, 927, 2, NULL, NULL, NULL),
(13432, 928, 2, NULL, NULL, NULL),
(13433, 929, 2, NULL, NULL, NULL),
(13434, 930, 2, NULL, NULL, NULL),
(13435, 931, 2, NULL, NULL, NULL),
(13436, 932, 2, NULL, NULL, NULL),
(13437, 933, 2, NULL, NULL, NULL),
(13438, 934, 2, NULL, NULL, NULL),
(13439, 935, 2, NULL, NULL, NULL),
(13440, 936, 2, NULL, NULL, NULL),
(13441, 937, 2, NULL, NULL, NULL),
(13442, 938, 2, NULL, NULL, NULL),
(13443, 939, 2, NULL, NULL, NULL),
(13444, 940, 2, NULL, NULL, NULL),
(13445, 941, 2, NULL, NULL, NULL),
(13446, 942, 2, NULL, NULL, NULL),
(13447, 943, 2, NULL, NULL, NULL),
(13448, 944, 2, NULL, NULL, NULL),
(13449, 945, 2, NULL, NULL, NULL),
(13450, 946, 2, NULL, NULL, NULL),
(13451, 947, 2, NULL, NULL, NULL),
(13452, 948, 2, NULL, NULL, NULL),
(13453, 949, 2, NULL, NULL, NULL),
(13454, 950, 2, NULL, NULL, NULL),
(13455, 951, 2, NULL, NULL, NULL),
(13456, 952, 2, NULL, NULL, NULL),
(13457, 953, 2, NULL, NULL, NULL),
(13458, 954, 2, NULL, NULL, NULL),
(13459, 955, 2, NULL, NULL, NULL),
(13460, 956, 2, NULL, NULL, NULL),
(13461, 957, 2, NULL, NULL, NULL),
(13462, 958, 2, NULL, NULL, NULL),
(13463, 959, 2, NULL, NULL, NULL),
(13464, 960, 2, NULL, NULL, NULL),
(13465, 961, 2, NULL, NULL, NULL),
(13466, 962, 2, NULL, NULL, NULL),
(13467, 963, 2, NULL, NULL, NULL),
(13468, 964, 2, NULL, NULL, NULL),
(13469, 965, 2, NULL, NULL, NULL),
(13470, 966, 2, NULL, NULL, NULL),
(13471, 967, 2, NULL, NULL, NULL),
(13472, 968, 2, NULL, NULL, NULL),
(13473, 969, 2, NULL, NULL, NULL),
(13474, 970, 2, NULL, NULL, NULL),
(13475, 971, 2, NULL, NULL, NULL),
(13476, 972, 2, NULL, NULL, NULL),
(13477, 973, 2, NULL, NULL, NULL),
(13478, 974, 2, NULL, NULL, NULL),
(13479, 975, 2, NULL, NULL, NULL),
(13480, 976, 2, NULL, NULL, NULL),
(13481, 977, 2, NULL, NULL, NULL),
(13482, 978, 2, NULL, NULL, NULL),
(13483, 979, 2, NULL, NULL, NULL),
(13484, 980, 2, NULL, NULL, NULL),
(13485, 981, 2, NULL, NULL, NULL),
(13486, 982, 2, NULL, NULL, NULL),
(13487, 983, 2, NULL, NULL, NULL),
(13488, 984, 2, NULL, NULL, NULL),
(13489, 985, 2, NULL, NULL, NULL),
(13490, 986, 2, NULL, NULL, NULL),
(13491, 987, 2, NULL, NULL, NULL),
(13492, 988, 2, NULL, NULL, NULL),
(13493, 989, 2, NULL, NULL, NULL),
(13494, 990, 2, NULL, NULL, NULL),
(13495, 991, 2, NULL, NULL, NULL),
(13496, 992, 2, NULL, NULL, NULL),
(13497, 993, 2, NULL, NULL, NULL),
(13498, 994, 2, NULL, NULL, NULL),
(13499, 995, 2, NULL, NULL, NULL),
(13500, 996, 2, NULL, NULL, NULL),
(13501, 997, 2, NULL, NULL, NULL),
(13502, 998, 2, NULL, NULL, NULL),
(13503, 999, 2, NULL, NULL, NULL),
(13504, 1000, 2, NULL, NULL, NULL),
(13505, 1001, 2, NULL, NULL, NULL),
(13506, 1002, 2, NULL, NULL, NULL),
(13507, 1003, 2, NULL, NULL, NULL),
(13508, 1004, 2, NULL, NULL, NULL),
(13509, 1005, 2, NULL, NULL, NULL),
(13510, 1006, 2, NULL, NULL, NULL),
(13511, 1007, 2, NULL, NULL, NULL),
(13512, 1008, 2, NULL, NULL, NULL),
(13513, 1009, 2, NULL, NULL, NULL),
(13514, 1010, 2, NULL, NULL, NULL),
(13515, 1011, 2, NULL, NULL, NULL),
(13516, 1012, 2, NULL, NULL, NULL),
(13517, 1013, 2, NULL, NULL, NULL),
(13518, 1014, 2, NULL, NULL, NULL),
(13519, 1015, 2, NULL, NULL, NULL),
(13520, 1016, 2, NULL, NULL, NULL),
(13521, 1017, 2, NULL, NULL, NULL),
(13522, 1018, 2, NULL, NULL, NULL),
(13523, 1019, 2, NULL, NULL, NULL),
(13524, 1020, 2, NULL, NULL, NULL),
(13525, 1021, 2, NULL, NULL, NULL),
(13526, 1022, 2, NULL, NULL, NULL),
(13527, 1023, 2, NULL, NULL, NULL),
(13528, 1024, 2, NULL, NULL, NULL),
(13529, 1025, 2, NULL, NULL, NULL),
(13530, 1026, 2, NULL, NULL, NULL),
(13531, 1027, 2, NULL, NULL, NULL),
(13532, 1028, 2, NULL, NULL, NULL),
(13533, 1029, 2, NULL, NULL, NULL),
(13534, 1030, 2, NULL, NULL, NULL),
(13535, 1031, 2, NULL, NULL, NULL),
(13536, 1032, 2, NULL, NULL, NULL),
(13537, 1033, 2, NULL, NULL, NULL),
(13538, 1034, 2, NULL, NULL, NULL),
(13539, 1035, 2, NULL, NULL, NULL),
(13540, 1036, 2, NULL, NULL, NULL),
(13541, 1037, 2, NULL, NULL, NULL),
(13542, 1038, 2, NULL, NULL, NULL),
(13543, 1039, 2, NULL, NULL, NULL),
(13544, 1040, 2, NULL, NULL, NULL),
(13545, 1041, 2, NULL, NULL, NULL),
(13546, 1042, 2, NULL, NULL, NULL),
(13547, 1043, 2, NULL, NULL, NULL),
(13548, 1044, 2, NULL, NULL, NULL),
(13549, 1045, 2, NULL, NULL, NULL),
(13550, 1046, 2, NULL, NULL, NULL),
(13551, 1047, 2, NULL, NULL, NULL),
(13552, 1048, 2, NULL, NULL, NULL),
(13553, 1049, 2, NULL, NULL, NULL),
(13554, 1050, 2, NULL, NULL, NULL),
(13555, 1051, 2, NULL, NULL, NULL),
(13556, 1052, 2, NULL, NULL, NULL),
(13557, 1053, 2, NULL, NULL, NULL),
(13558, 1054, 2, NULL, NULL, NULL),
(13559, 1055, 2, NULL, NULL, NULL),
(13560, 1056, 2, NULL, NULL, NULL),
(13561, 1057, 2, NULL, NULL, NULL),
(13562, 1058, 2, NULL, NULL, NULL),
(13563, 1059, 2, NULL, NULL, NULL),
(13564, 1060, 2, NULL, NULL, NULL),
(13565, 1061, 2, NULL, NULL, NULL),
(13566, 1062, 2, NULL, NULL, NULL),
(13567, 1063, 2, NULL, NULL, NULL),
(13568, 1064, 2, NULL, NULL, NULL),
(13569, 1065, 2, NULL, NULL, NULL),
(13570, 1066, 2, NULL, NULL, NULL),
(13571, 1067, 2, NULL, NULL, NULL),
(13572, 1068, 2, NULL, NULL, NULL),
(13573, 1069, 2, NULL, NULL, NULL),
(13574, 1070, 2, NULL, NULL, NULL),
(13575, 1071, 2, NULL, NULL, NULL),
(13576, 1072, 2, NULL, NULL, NULL),
(13577, 1073, 2, NULL, NULL, NULL),
(13578, 1074, 2, NULL, NULL, NULL),
(13579, 1075, 2, NULL, NULL, NULL),
(13580, 1076, 2, NULL, NULL, NULL),
(13581, 1077, 2, NULL, NULL, NULL),
(13582, 1078, 2, NULL, NULL, NULL),
(13583, 1079, 2, NULL, NULL, NULL),
(13584, 1080, 2, NULL, NULL, NULL),
(13585, 1081, 2, NULL, NULL, NULL),
(13586, 1082, 2, NULL, NULL, NULL),
(13587, 1083, 2, NULL, NULL, NULL),
(13588, 1084, 2, NULL, NULL, NULL),
(13589, 1085, 2, NULL, NULL, NULL),
(13590, 1086, 2, NULL, NULL, NULL),
(13591, 1087, 2, NULL, NULL, NULL),
(13592, 1088, 2, NULL, NULL, NULL),
(13593, 1089, 2, NULL, NULL, NULL),
(13594, 1090, 2, NULL, NULL, NULL),
(13595, 1091, 2, NULL, NULL, NULL),
(13596, 1092, 2, NULL, NULL, NULL),
(13597, 1093, 2, NULL, NULL, NULL),
(13598, 1094, 2, NULL, NULL, NULL),
(13599, 1095, 2, NULL, NULL, NULL),
(13600, 1096, 2, NULL, NULL, NULL),
(13601, 1097, 2, NULL, NULL, NULL),
(13602, 1098, 2, NULL, NULL, NULL),
(13603, 1099, 2, NULL, NULL, NULL),
(13604, 1100, 2, NULL, NULL, NULL),
(13605, 1101, 2, NULL, NULL, NULL),
(13606, 1102, 2, NULL, NULL, NULL),
(13607, 1103, 2, NULL, NULL, NULL),
(13608, 1104, 2, NULL, NULL, NULL),
(13609, 1105, 2, NULL, NULL, NULL),
(13610, 1106, 2, NULL, NULL, NULL),
(13611, 1107, 2, NULL, NULL, NULL),
(13612, 1108, 2, NULL, NULL, NULL),
(13613, 1109, 2, NULL, NULL, NULL),
(13614, 1110, 2, NULL, NULL, NULL),
(13615, 1111, 2, NULL, NULL, NULL),
(13616, 1112, 2, NULL, NULL, NULL),
(13617, 1113, 2, NULL, NULL, NULL),
(13618, 1114, 2, NULL, NULL, NULL),
(13619, 1115, 2, NULL, NULL, NULL),
(13620, 1116, 2, NULL, NULL, NULL),
(13621, 1117, 2, NULL, NULL, NULL),
(13622, 1118, 2, NULL, NULL, NULL),
(13623, 1119, 2, NULL, NULL, NULL),
(13624, 1120, 2, NULL, NULL, NULL),
(13625, 1121, 2, NULL, NULL, NULL),
(13626, 1122, 2, NULL, NULL, NULL),
(13627, 1123, 2, NULL, NULL, NULL),
(13628, 1124, 2, NULL, NULL, NULL),
(13629, 1125, 2, NULL, NULL, NULL),
(13630, 1126, 2, NULL, NULL, NULL),
(13631, 1127, 2, NULL, NULL, NULL),
(13632, 1128, 2, NULL, NULL, NULL),
(13633, 1129, 2, NULL, NULL, NULL),
(13634, 1130, 2, NULL, NULL, NULL),
(13635, 1131, 2, NULL, NULL, NULL),
(13636, 1132, 2, NULL, NULL, NULL),
(13637, 1133, 2, NULL, NULL, NULL),
(13638, 1134, 2, NULL, NULL, NULL),
(13639, 1135, 2, NULL, NULL, NULL),
(13640, 1136, 2, NULL, NULL, NULL),
(13641, 1137, 2, NULL, NULL, NULL),
(13642, 1138, 2, NULL, NULL, NULL),
(13643, 1139, 2, NULL, NULL, NULL),
(13644, 1140, 2, NULL, NULL, NULL),
(13645, 1141, 2, NULL, NULL, NULL),
(13646, 1142, 2, NULL, NULL, NULL),
(13647, 1143, 2, NULL, NULL, NULL),
(13648, 1144, 2, NULL, NULL, NULL),
(13649, 1145, 2, NULL, NULL, NULL),
(13650, 1146, 2, NULL, NULL, NULL),
(13651, 1147, 2, NULL, NULL, NULL),
(13652, 1148, 2, NULL, NULL, NULL),
(13653, 1149, 2, NULL, NULL, NULL),
(13654, 1150, 2, NULL, NULL, NULL),
(13655, 1151, 2, NULL, NULL, NULL),
(13656, 1152, 2, NULL, NULL, NULL),
(13657, 1153, 2, NULL, NULL, NULL),
(13658, 1154, 2, NULL, NULL, NULL),
(13659, 1155, 2, NULL, NULL, NULL),
(13660, 1156, 2, NULL, NULL, NULL),
(13661, 1157, 2, NULL, NULL, NULL),
(13662, 1158, 2, NULL, NULL, NULL),
(13663, 1159, 2, NULL, NULL, NULL),
(13664, 1160, 2, NULL, NULL, NULL),
(13665, 1161, 2, NULL, NULL, NULL),
(13666, 1162, 2, NULL, NULL, NULL),
(13667, 1163, 2, NULL, NULL, NULL),
(13668, 1164, 2, NULL, NULL, NULL),
(13669, 1165, 2, NULL, NULL, NULL),
(13670, 1166, 2, NULL, NULL, NULL),
(13671, 1167, 2, NULL, NULL, NULL),
(13672, 1168, 2, NULL, NULL, NULL),
(13673, 1169, 2, NULL, NULL, NULL),
(13674, 1170, 2, NULL, NULL, NULL),
(13675, 1171, 2, NULL, NULL, NULL),
(13676, 1172, 2, NULL, NULL, NULL),
(13677, 1173, 2, NULL, NULL, NULL),
(13678, 1174, 2, NULL, NULL, NULL),
(13679, 1175, 2, NULL, NULL, NULL),
(13680, 1176, 2, NULL, NULL, NULL),
(13681, 1177, 2, NULL, NULL, NULL),
(13682, 1178, 2, NULL, NULL, NULL),
(13683, 1179, 2, NULL, NULL, NULL),
(13684, 1180, 2, NULL, NULL, NULL),
(13685, 1181, 2, NULL, NULL, NULL),
(13686, 1182, 2, NULL, NULL, NULL),
(13687, 1183, 2, NULL, NULL, NULL),
(13688, 1184, 2, NULL, NULL, NULL),
(13689, 1185, 2, NULL, NULL, NULL),
(13690, 1186, 2, NULL, NULL, NULL),
(13691, 1187, 2, NULL, NULL, NULL),
(13692, 1188, 2, NULL, NULL, NULL),
(13693, 1189, 2, NULL, NULL, NULL),
(13694, 1190, 2, NULL, NULL, NULL),
(13695, 1191, 2, NULL, NULL, NULL),
(13696, 1192, 2, NULL, NULL, NULL),
(13697, 1193, 2, NULL, NULL, NULL),
(13698, 1194, 2, NULL, NULL, NULL),
(13699, 1195, 2, NULL, NULL, NULL),
(13700, 1196, 2, NULL, NULL, NULL),
(13701, 1197, 2, NULL, NULL, NULL),
(13702, 1198, 2, NULL, NULL, NULL),
(13703, 1199, 2, NULL, NULL, NULL),
(13704, 1200, 2, NULL, NULL, NULL),
(13705, 1201, 2, NULL, NULL, NULL),
(13706, 1202, 2, NULL, NULL, NULL),
(13707, 1203, 2, NULL, NULL, NULL),
(13708, 1204, 2, NULL, NULL, NULL),
(13709, 1205, 2, NULL, NULL, NULL),
(13710, 1206, 2, NULL, NULL, NULL),
(13711, 1207, 2, NULL, NULL, NULL),
(13712, 1208, 2, NULL, NULL, NULL),
(13713, 1209, 2, NULL, NULL, NULL),
(13714, 1210, 2, NULL, NULL, NULL),
(13715, 1211, 2, NULL, NULL, NULL),
(13716, 1212, 2, NULL, NULL, NULL),
(13717, 1213, 2, NULL, NULL, NULL),
(13718, 1214, 2, NULL, NULL, NULL),
(13719, 1215, 2, NULL, NULL, NULL),
(13720, 1216, 2, NULL, NULL, NULL),
(13721, 1217, 2, NULL, NULL, NULL),
(13722, 1218, 2, NULL, NULL, NULL),
(13723, 1219, 2, NULL, NULL, NULL),
(13724, 1220, 2, NULL, NULL, NULL),
(13725, 1221, 2, NULL, NULL, NULL),
(13726, 1222, 2, NULL, NULL, NULL),
(13727, 1223, 2, NULL, NULL, NULL),
(13728, 1224, 2, NULL, NULL, NULL),
(13729, 1225, 2, NULL, NULL, NULL),
(13730, 1226, 2, NULL, NULL, NULL),
(13731, 1227, 2, NULL, NULL, NULL),
(13732, 1228, 2, NULL, NULL, NULL),
(13733, 1229, 2, NULL, NULL, NULL),
(13734, 1230, 2, NULL, NULL, NULL),
(13735, 1231, 2, NULL, NULL, NULL),
(13736, 1232, 2, NULL, NULL, NULL),
(13737, 1233, 2, NULL, NULL, NULL),
(13738, 1234, 2, NULL, NULL, NULL),
(13739, 1235, 2, NULL, NULL, NULL),
(13740, 1236, 2, NULL, NULL, NULL),
(13741, 1237, 2, NULL, NULL, NULL),
(13742, 1238, 2, NULL, NULL, NULL),
(13743, 1239, 2, NULL, NULL, NULL),
(13744, 1240, 2, NULL, NULL, NULL),
(13745, 1241, 2, NULL, NULL, NULL),
(13746, 1242, 2, NULL, NULL, NULL),
(13747, 1243, 2, NULL, NULL, NULL),
(13748, 1244, 2, NULL, NULL, NULL),
(13749, 1245, 2, NULL, NULL, NULL),
(13750, 1246, 2, NULL, NULL, NULL),
(13751, 1247, 2, NULL, NULL, NULL),
(13752, 1248, 2, NULL, NULL, NULL),
(13753, 1249, 2, NULL, NULL, NULL),
(13754, 1250, 2, NULL, NULL, NULL),
(13755, 1251, 2, NULL, NULL, NULL),
(13756, 1252, 2, NULL, NULL, NULL),
(13757, 1253, 2, NULL, NULL, NULL),
(13758, 1254, 2, NULL, NULL, NULL),
(13759, 1255, 2, NULL, NULL, NULL),
(13760, 827, 33, NULL, NULL, NULL),
(13761, 826, 33, NULL, NULL, NULL),
(13762, 828, 33, NULL, NULL, NULL),
(13763, 829, 33, NULL, NULL, NULL),
(13764, 830, 33, NULL, NULL, NULL),
(13765, 831, 33, NULL, NULL, NULL),
(13766, 832, 33, NULL, NULL, NULL),
(13767, 833, 33, NULL, NULL, NULL),
(13768, 834, 33, NULL, NULL, NULL),
(13769, 835, 33, NULL, NULL, NULL),
(13770, 836, 33, NULL, NULL, NULL),
(13771, 837, 33, NULL, NULL, NULL),
(13772, 838, 33, NULL, NULL, NULL),
(13773, 839, 33, NULL, NULL, NULL),
(13774, 840, 33, NULL, NULL, NULL),
(13775, 841, 33, NULL, NULL, NULL),
(13776, 842, 33, NULL, NULL, NULL),
(13777, 843, 33, NULL, NULL, NULL),
(13778, 844, 33, NULL, NULL, NULL),
(13779, 845, 33, NULL, NULL, NULL),
(13780, 846, 33, NULL, NULL, NULL),
(13781, 847, 33, NULL, NULL, NULL),
(13782, 848, 33, NULL, NULL, NULL),
(13783, 849, 33, NULL, NULL, NULL),
(13784, 850, 33, NULL, NULL, NULL),
(13785, 851, 33, NULL, NULL, NULL),
(13786, 852, 33, NULL, NULL, NULL),
(13787, 853, 33, NULL, NULL, NULL),
(13788, 854, 33, NULL, NULL, NULL),
(13789, 855, 33, NULL, NULL, NULL),
(13790, 856, 33, NULL, NULL, NULL),
(13791, 857, 33, NULL, NULL, NULL),
(13792, 858, 33, NULL, NULL, NULL),
(13793, 859, 33, NULL, NULL, NULL),
(13794, 860, 33, NULL, NULL, NULL),
(13795, 861, 33, NULL, NULL, NULL),
(13796, 862, 33, NULL, NULL, NULL);
INSERT INTO `branch_services` (`id`, `branch_id`, `service_id`, `deleted_at`, `created_at`, `updated_at`) VALUES
(13797, 863, 33, NULL, NULL, NULL),
(13798, 864, 33, NULL, NULL, NULL),
(13799, 865, 33, NULL, NULL, NULL),
(13800, 866, 33, NULL, NULL, NULL),
(13801, 867, 33, NULL, NULL, NULL),
(13802, 868, 33, NULL, NULL, NULL),
(13803, 869, 33, NULL, NULL, NULL),
(13804, 870, 33, NULL, NULL, NULL),
(13805, 871, 33, NULL, NULL, NULL),
(13806, 872, 33, NULL, NULL, NULL),
(13807, 873, 33, NULL, NULL, NULL),
(13808, 874, 33, NULL, NULL, NULL),
(13809, 875, 33, NULL, NULL, NULL),
(13810, 876, 33, NULL, NULL, NULL),
(13811, 877, 33, NULL, NULL, NULL),
(13812, 878, 33, NULL, NULL, NULL),
(13813, 879, 33, NULL, NULL, NULL),
(13814, 880, 33, NULL, NULL, NULL),
(13815, 881, 33, NULL, NULL, NULL),
(13816, 882, 33, NULL, NULL, NULL),
(13817, 883, 33, NULL, NULL, NULL),
(13818, 884, 33, NULL, NULL, NULL),
(13819, 885, 33, NULL, NULL, NULL),
(13820, 886, 33, NULL, NULL, NULL),
(13821, 887, 33, NULL, NULL, NULL),
(13822, 888, 33, NULL, NULL, NULL),
(13823, 889, 33, NULL, NULL, NULL),
(13824, 890, 33, NULL, NULL, NULL),
(13825, 891, 33, NULL, NULL, NULL),
(13826, 892, 33, NULL, NULL, NULL),
(13827, 893, 33, NULL, NULL, NULL),
(13828, 894, 33, NULL, NULL, NULL),
(13829, 895, 33, NULL, NULL, NULL),
(13830, 896, 33, NULL, NULL, NULL),
(13831, 897, 33, NULL, NULL, NULL),
(13832, 898, 33, NULL, NULL, NULL),
(13833, 899, 33, NULL, NULL, NULL),
(13834, 900, 33, NULL, NULL, NULL),
(13835, 901, 33, NULL, NULL, NULL),
(13836, 902, 33, NULL, NULL, NULL),
(13837, 903, 33, NULL, NULL, NULL),
(13838, 904, 33, NULL, NULL, NULL),
(13839, 905, 33, NULL, NULL, NULL),
(13840, 906, 33, NULL, NULL, NULL),
(13841, 907, 33, NULL, NULL, NULL),
(13842, 908, 33, NULL, NULL, NULL),
(13843, 909, 33, NULL, NULL, NULL),
(13844, 910, 33, NULL, NULL, NULL),
(13845, 911, 33, NULL, NULL, NULL),
(13846, 912, 33, NULL, NULL, NULL),
(13847, 913, 33, NULL, NULL, NULL),
(13848, 914, 33, NULL, NULL, NULL),
(13849, 915, 33, NULL, NULL, NULL),
(13850, 916, 33, NULL, NULL, NULL),
(13851, 917, 33, NULL, NULL, NULL),
(13852, 918, 33, NULL, NULL, NULL),
(13853, 919, 33, NULL, NULL, NULL),
(13854, 920, 33, NULL, NULL, NULL),
(13855, 921, 33, NULL, NULL, NULL),
(13856, 922, 33, NULL, NULL, NULL),
(13857, 923, 33, NULL, NULL, NULL),
(13858, 924, 33, NULL, NULL, NULL),
(13859, 925, 33, NULL, NULL, NULL),
(13860, 926, 33, NULL, NULL, NULL),
(13861, 927, 33, NULL, NULL, NULL),
(13862, 928, 33, NULL, NULL, NULL),
(13863, 929, 33, NULL, NULL, NULL),
(13864, 930, 33, NULL, NULL, NULL),
(13865, 931, 33, NULL, NULL, NULL),
(13866, 932, 33, NULL, NULL, NULL),
(13867, 933, 33, NULL, NULL, NULL),
(13868, 934, 33, NULL, NULL, NULL),
(13869, 935, 33, NULL, NULL, NULL),
(13870, 936, 33, NULL, NULL, NULL),
(13871, 937, 33, NULL, NULL, NULL),
(13872, 938, 33, NULL, NULL, NULL),
(13873, 939, 33, NULL, NULL, NULL),
(13874, 940, 33, NULL, NULL, NULL),
(13875, 941, 33, NULL, NULL, NULL),
(13876, 942, 33, NULL, NULL, NULL),
(13877, 943, 33, NULL, NULL, NULL),
(13878, 944, 33, NULL, NULL, NULL),
(13879, 945, 33, NULL, NULL, NULL),
(13880, 946, 33, NULL, NULL, NULL),
(13881, 947, 33, NULL, NULL, NULL),
(13882, 948, 33, NULL, NULL, NULL),
(13883, 949, 33, NULL, NULL, NULL),
(13884, 950, 33, NULL, NULL, NULL),
(13885, 951, 33, NULL, NULL, NULL),
(13886, 952, 33, NULL, NULL, NULL),
(13887, 953, 33, NULL, NULL, NULL),
(13888, 954, 33, NULL, NULL, NULL),
(13889, 955, 33, NULL, NULL, NULL),
(13890, 956, 33, NULL, NULL, NULL),
(13891, 957, 33, NULL, NULL, NULL),
(13892, 958, 33, NULL, NULL, NULL),
(13893, 959, 33, NULL, NULL, NULL),
(13894, 960, 33, NULL, NULL, NULL),
(13895, 961, 33, NULL, NULL, NULL),
(13896, 962, 33, NULL, NULL, NULL),
(13897, 963, 33, NULL, NULL, NULL),
(13898, 964, 33, NULL, NULL, NULL),
(13899, 965, 33, NULL, NULL, NULL),
(13900, 966, 33, NULL, NULL, NULL),
(13901, 967, 33, NULL, NULL, NULL),
(13902, 968, 33, NULL, NULL, NULL),
(13903, 969, 33, NULL, NULL, NULL),
(13904, 970, 33, NULL, NULL, NULL),
(13905, 971, 33, NULL, NULL, NULL),
(13906, 972, 33, NULL, NULL, NULL),
(13907, 973, 33, NULL, NULL, NULL),
(13908, 974, 33, NULL, NULL, NULL),
(13909, 975, 33, NULL, NULL, NULL),
(13910, 976, 33, NULL, NULL, NULL),
(13911, 977, 33, NULL, NULL, NULL),
(13912, 978, 33, NULL, NULL, NULL),
(13913, 979, 33, NULL, NULL, NULL),
(13914, 980, 33, NULL, NULL, NULL),
(13915, 981, 33, NULL, NULL, NULL),
(13916, 982, 33, NULL, NULL, NULL),
(13917, 983, 33, NULL, NULL, NULL),
(13918, 984, 33, NULL, NULL, NULL),
(13919, 985, 33, NULL, NULL, NULL),
(13920, 986, 33, NULL, NULL, NULL),
(13921, 987, 33, NULL, NULL, NULL),
(13922, 988, 33, NULL, NULL, NULL),
(13923, 989, 33, NULL, NULL, NULL),
(13924, 990, 33, NULL, NULL, NULL),
(13925, 991, 33, NULL, NULL, NULL),
(13926, 992, 33, NULL, NULL, NULL),
(13927, 993, 33, NULL, NULL, NULL),
(13928, 994, 33, NULL, NULL, NULL),
(13929, 995, 33, NULL, NULL, NULL),
(13930, 996, 33, NULL, NULL, NULL),
(13931, 997, 33, NULL, NULL, NULL),
(13932, 998, 33, NULL, NULL, NULL),
(13933, 999, 33, NULL, NULL, NULL),
(13934, 1000, 33, NULL, NULL, NULL),
(13935, 1001, 33, NULL, NULL, NULL),
(13936, 1002, 33, NULL, NULL, NULL),
(13937, 1003, 33, NULL, NULL, NULL),
(13938, 1004, 33, NULL, NULL, NULL),
(13939, 1005, 33, NULL, NULL, NULL),
(13940, 1006, 33, NULL, NULL, NULL),
(13941, 1007, 33, NULL, NULL, NULL),
(13942, 1008, 33, NULL, NULL, NULL),
(13943, 1009, 33, NULL, NULL, NULL),
(13944, 1010, 33, NULL, NULL, NULL),
(13945, 1011, 33, NULL, NULL, NULL),
(13946, 1012, 33, NULL, NULL, NULL),
(13947, 1013, 33, NULL, NULL, NULL),
(13948, 1014, 33, NULL, NULL, NULL),
(13949, 1015, 33, NULL, NULL, NULL),
(13950, 1016, 33, NULL, NULL, NULL),
(13951, 1017, 33, NULL, NULL, NULL),
(13952, 1018, 33, NULL, NULL, NULL),
(13953, 1019, 33, NULL, NULL, NULL),
(13954, 1020, 33, NULL, NULL, NULL),
(13955, 1021, 33, NULL, NULL, NULL),
(13956, 1022, 33, NULL, NULL, NULL),
(13957, 1023, 33, NULL, NULL, NULL),
(13958, 1024, 33, NULL, NULL, NULL),
(13959, 1025, 33, NULL, NULL, NULL),
(13960, 1026, 33, NULL, NULL, NULL),
(13961, 1027, 33, NULL, NULL, NULL),
(13962, 1028, 33, NULL, NULL, NULL),
(13963, 1029, 33, NULL, NULL, NULL),
(13964, 1030, 33, NULL, NULL, NULL),
(13965, 1031, 33, NULL, NULL, NULL),
(13966, 1032, 33, NULL, NULL, NULL),
(13967, 1033, 33, NULL, NULL, NULL),
(13968, 1034, 33, NULL, NULL, NULL),
(13969, 1035, 33, NULL, NULL, NULL),
(13970, 1036, 33, NULL, NULL, NULL),
(13971, 1037, 33, NULL, NULL, NULL),
(13972, 1038, 33, NULL, NULL, NULL),
(13973, 1039, 33, NULL, NULL, NULL),
(13974, 1040, 33, NULL, NULL, NULL),
(13975, 1041, 33, NULL, NULL, NULL),
(13976, 1042, 33, NULL, NULL, NULL),
(13977, 1043, 33, NULL, NULL, NULL),
(13978, 1044, 33, NULL, NULL, NULL),
(13979, 1045, 33, NULL, NULL, NULL),
(13980, 1046, 33, NULL, NULL, NULL),
(13981, 1047, 33, NULL, NULL, NULL),
(13982, 1048, 33, NULL, NULL, NULL),
(13983, 1049, 33, NULL, NULL, NULL),
(13984, 1050, 33, NULL, NULL, NULL),
(13985, 1051, 33, NULL, NULL, NULL),
(13986, 1052, 33, NULL, NULL, NULL),
(13987, 1053, 33, NULL, NULL, NULL),
(13988, 1054, 33, NULL, NULL, NULL),
(13989, 1055, 33, NULL, NULL, NULL),
(13990, 1056, 33, NULL, NULL, NULL),
(13991, 1057, 33, NULL, NULL, NULL),
(13992, 1058, 33, NULL, NULL, NULL),
(13993, 1059, 33, NULL, NULL, NULL),
(13994, 1060, 33, NULL, NULL, NULL),
(13995, 1061, 33, NULL, NULL, NULL),
(13996, 1062, 33, NULL, NULL, NULL),
(13997, 1063, 33, NULL, NULL, NULL),
(13998, 1064, 33, NULL, NULL, NULL),
(13999, 1065, 33, NULL, NULL, NULL),
(14000, 1066, 33, NULL, NULL, NULL),
(14001, 1067, 33, NULL, NULL, NULL),
(14002, 1068, 33, NULL, NULL, NULL),
(14003, 1069, 33, NULL, NULL, NULL),
(14004, 1070, 33, NULL, NULL, NULL),
(14005, 1071, 33, NULL, NULL, NULL),
(14006, 1072, 33, NULL, NULL, NULL),
(14007, 1073, 33, NULL, NULL, NULL),
(14008, 1074, 33, NULL, NULL, NULL),
(14009, 1075, 33, NULL, NULL, NULL),
(14010, 1076, 33, NULL, NULL, NULL),
(14011, 1077, 33, NULL, NULL, NULL),
(14012, 1078, 33, NULL, NULL, NULL),
(14013, 1079, 33, NULL, NULL, NULL),
(14014, 1080, 33, NULL, NULL, NULL),
(14015, 1081, 33, NULL, NULL, NULL),
(14016, 1082, 33, NULL, NULL, NULL),
(14017, 1083, 33, NULL, NULL, NULL),
(14018, 1084, 33, NULL, NULL, NULL),
(14019, 1085, 33, NULL, NULL, NULL),
(14020, 1086, 33, NULL, NULL, NULL),
(14021, 1087, 33, NULL, NULL, NULL),
(14022, 1088, 33, NULL, NULL, NULL),
(14023, 1089, 33, NULL, NULL, NULL),
(14024, 1090, 33, NULL, NULL, NULL),
(14025, 1091, 33, NULL, NULL, NULL),
(14026, 1092, 33, NULL, NULL, NULL),
(14027, 1093, 33, NULL, NULL, NULL),
(14028, 1094, 33, NULL, NULL, NULL),
(14029, 1095, 33, NULL, NULL, NULL),
(14030, 1096, 33, NULL, NULL, NULL),
(14031, 1097, 33, NULL, NULL, NULL),
(14032, 1098, 33, NULL, NULL, NULL),
(14033, 1099, 33, NULL, NULL, NULL),
(14034, 1100, 33, NULL, NULL, NULL),
(14035, 1101, 33, NULL, NULL, NULL),
(14036, 1102, 33, NULL, NULL, NULL),
(14037, 1103, 33, NULL, NULL, NULL),
(14038, 1104, 33, NULL, NULL, NULL),
(14039, 1105, 33, NULL, NULL, NULL),
(14040, 1106, 33, NULL, NULL, NULL),
(14041, 1107, 33, NULL, NULL, NULL),
(14042, 1108, 33, NULL, NULL, NULL),
(14043, 1109, 33, NULL, NULL, NULL),
(14044, 1110, 33, NULL, NULL, NULL),
(14045, 1111, 33, NULL, NULL, NULL),
(14046, 1112, 33, NULL, NULL, NULL),
(14047, 1113, 33, NULL, NULL, NULL),
(14048, 1114, 33, NULL, NULL, NULL),
(14049, 1115, 33, NULL, NULL, NULL),
(14050, 1116, 33, NULL, NULL, NULL),
(14051, 1117, 33, NULL, NULL, NULL),
(14052, 1118, 33, NULL, NULL, NULL),
(14053, 1119, 33, NULL, NULL, NULL),
(14054, 1120, 33, NULL, NULL, NULL),
(14055, 1121, 33, NULL, NULL, NULL),
(14056, 1122, 33, NULL, NULL, NULL),
(14057, 1123, 33, NULL, NULL, NULL),
(14058, 1124, 33, NULL, NULL, NULL),
(14059, 1125, 33, NULL, NULL, NULL),
(14060, 1126, 33, NULL, NULL, NULL),
(14061, 1127, 33, NULL, NULL, NULL),
(14062, 1128, 33, NULL, NULL, NULL),
(14063, 1129, 33, NULL, NULL, NULL),
(14064, 1130, 33, NULL, NULL, NULL),
(14065, 1131, 33, NULL, NULL, NULL),
(14066, 1132, 33, NULL, NULL, NULL),
(14067, 1133, 33, NULL, NULL, NULL),
(14068, 1134, 33, NULL, NULL, NULL),
(14069, 1135, 33, NULL, NULL, NULL),
(14070, 1136, 33, NULL, NULL, NULL),
(14071, 1137, 33, NULL, NULL, NULL),
(14072, 1138, 33, NULL, NULL, NULL),
(14073, 1139, 33, NULL, NULL, NULL),
(14074, 1140, 33, NULL, NULL, NULL),
(14075, 1141, 33, NULL, NULL, NULL),
(14076, 1142, 33, NULL, NULL, NULL),
(14077, 1143, 33, NULL, NULL, NULL),
(14078, 1144, 33, NULL, NULL, NULL),
(14079, 1145, 33, NULL, NULL, NULL),
(14080, 1146, 33, NULL, NULL, NULL),
(14081, 1147, 33, NULL, NULL, NULL),
(14082, 1148, 33, NULL, NULL, NULL),
(14083, 1149, 33, NULL, NULL, NULL),
(14084, 1150, 33, NULL, NULL, NULL),
(14085, 1151, 33, NULL, NULL, NULL),
(14086, 1152, 33, NULL, NULL, NULL),
(14087, 1153, 33, NULL, NULL, NULL),
(14088, 1154, 33, NULL, NULL, NULL),
(14089, 1155, 33, NULL, NULL, NULL),
(14090, 1156, 33, NULL, NULL, NULL),
(14091, 1157, 33, NULL, NULL, NULL),
(14092, 1158, 33, NULL, NULL, NULL),
(14093, 1159, 33, NULL, NULL, NULL),
(14094, 1160, 33, NULL, NULL, NULL),
(14095, 1161, 33, NULL, NULL, NULL),
(14096, 1162, 33, NULL, NULL, NULL),
(14097, 1163, 33, NULL, NULL, NULL),
(14098, 1164, 33, NULL, NULL, NULL),
(14099, 1165, 33, NULL, NULL, NULL),
(14100, 1166, 33, NULL, NULL, NULL),
(14101, 1167, 33, NULL, NULL, NULL),
(14102, 1168, 33, NULL, NULL, NULL),
(14103, 1169, 33, NULL, NULL, NULL),
(14104, 1170, 33, NULL, NULL, NULL),
(14105, 1171, 33, NULL, NULL, NULL),
(14106, 1172, 33, NULL, NULL, NULL),
(14107, 1173, 33, NULL, NULL, NULL),
(14108, 1174, 33, NULL, NULL, NULL),
(14109, 1175, 33, NULL, NULL, NULL),
(14110, 1176, 33, NULL, NULL, NULL),
(14111, 1177, 33, NULL, NULL, NULL),
(14112, 1178, 33, NULL, NULL, NULL),
(14113, 1179, 33, NULL, NULL, NULL),
(14114, 1180, 33, NULL, NULL, NULL),
(14115, 1181, 33, NULL, NULL, NULL),
(14116, 1182, 33, NULL, NULL, NULL),
(14117, 1183, 33, NULL, NULL, NULL),
(14118, 1184, 33, NULL, NULL, NULL),
(14119, 1185, 33, NULL, NULL, NULL),
(14120, 1186, 33, NULL, NULL, NULL),
(14121, 1187, 33, NULL, NULL, NULL),
(14122, 1188, 33, NULL, NULL, NULL),
(14123, 1189, 33, NULL, NULL, NULL),
(14124, 1190, 33, NULL, NULL, NULL),
(14125, 1191, 33, NULL, NULL, NULL),
(14126, 1192, 33, NULL, NULL, NULL),
(14127, 1193, 33, NULL, NULL, NULL),
(14128, 1194, 33, NULL, NULL, NULL),
(14129, 1195, 33, NULL, NULL, NULL),
(14130, 1196, 33, NULL, NULL, NULL),
(14131, 1197, 33, NULL, NULL, NULL),
(14132, 1198, 33, NULL, NULL, NULL),
(14133, 1199, 33, NULL, NULL, NULL),
(14134, 1200, 33, NULL, NULL, NULL),
(14135, 1201, 33, NULL, NULL, NULL),
(14136, 1202, 33, NULL, NULL, NULL),
(14137, 1203, 33, NULL, NULL, NULL),
(14138, 1204, 33, NULL, NULL, NULL),
(14139, 1205, 33, NULL, NULL, NULL),
(14140, 1206, 33, NULL, NULL, NULL),
(14141, 1207, 33, NULL, NULL, NULL),
(14142, 1208, 33, NULL, NULL, NULL),
(14143, 1209, 33, NULL, NULL, NULL),
(14144, 1210, 33, NULL, NULL, NULL),
(14145, 1211, 33, NULL, NULL, NULL),
(14146, 1212, 33, NULL, NULL, NULL),
(14147, 1213, 33, NULL, NULL, NULL),
(14148, 1214, 33, NULL, NULL, NULL),
(14149, 1215, 33, NULL, NULL, NULL),
(14150, 1216, 33, NULL, NULL, NULL),
(14151, 1217, 33, NULL, NULL, NULL),
(14152, 1218, 33, NULL, NULL, NULL),
(14153, 1219, 33, NULL, NULL, NULL),
(14154, 1220, 33, NULL, NULL, NULL),
(14155, 1221, 33, NULL, NULL, NULL),
(14156, 1222, 33, NULL, NULL, NULL),
(14157, 1223, 33, NULL, NULL, NULL),
(14158, 1224, 33, NULL, NULL, NULL),
(14159, 1225, 33, NULL, NULL, NULL),
(14160, 1226, 33, NULL, NULL, NULL),
(14161, 1227, 33, NULL, NULL, NULL),
(14162, 1228, 33, NULL, NULL, NULL),
(14163, 1229, 33, NULL, NULL, NULL),
(14164, 1230, 33, NULL, NULL, NULL),
(14165, 1231, 33, NULL, NULL, NULL),
(14166, 1232, 33, NULL, NULL, NULL),
(14167, 1233, 33, NULL, NULL, NULL),
(14168, 1234, 33, NULL, NULL, NULL),
(14169, 1235, 33, NULL, NULL, NULL),
(14170, 1236, 33, NULL, NULL, NULL),
(14171, 1237, 33, NULL, NULL, NULL),
(14172, 1238, 33, NULL, NULL, NULL),
(14173, 1239, 33, NULL, NULL, NULL),
(14174, 1240, 33, NULL, NULL, NULL),
(14175, 1241, 33, NULL, NULL, NULL),
(14176, 1242, 33, NULL, NULL, NULL),
(14177, 1243, 33, NULL, NULL, NULL),
(14178, 1244, 33, NULL, NULL, NULL),
(14179, 1245, 33, NULL, NULL, NULL),
(14180, 1246, 33, NULL, NULL, NULL),
(14181, 1247, 33, NULL, NULL, NULL),
(14182, 1248, 33, NULL, NULL, NULL),
(14183, 1249, 33, NULL, NULL, NULL),
(14184, 1250, 33, NULL, NULL, NULL),
(14185, 1251, 33, NULL, NULL, NULL),
(14186, 1252, 33, NULL, NULL, NULL),
(14187, 1253, 33, NULL, NULL, NULL),
(14188, 1254, 33, NULL, NULL, NULL),
(14189, 1255, 33, NULL, NULL, NULL),
(14190, 826, 34, NULL, NULL, NULL),
(14191, 827, 34, NULL, NULL, NULL),
(14192, 828, 34, NULL, NULL, NULL),
(14193, 829, 34, NULL, NULL, NULL),
(14194, 830, 34, NULL, NULL, NULL),
(14195, 831, 34, NULL, NULL, NULL),
(14196, 832, 34, NULL, NULL, NULL),
(14197, 833, 34, NULL, NULL, NULL),
(14198, 834, 34, NULL, NULL, NULL),
(14199, 835, 34, NULL, NULL, NULL),
(14200, 836, 34, NULL, NULL, NULL),
(14201, 837, 34, NULL, NULL, NULL),
(14202, 838, 34, NULL, NULL, NULL),
(14203, 839, 34, NULL, NULL, NULL),
(14204, 840, 34, NULL, NULL, NULL),
(14205, 841, 34, NULL, NULL, NULL),
(14206, 842, 34, NULL, NULL, NULL),
(14207, 843, 34, NULL, NULL, NULL),
(14208, 844, 34, NULL, NULL, NULL),
(14209, 845, 34, NULL, NULL, NULL),
(14210, 846, 34, NULL, NULL, NULL),
(14211, 847, 34, NULL, NULL, NULL),
(14212, 848, 34, NULL, NULL, NULL),
(14213, 849, 34, NULL, NULL, NULL),
(14214, 850, 34, NULL, NULL, NULL),
(14215, 851, 34, NULL, NULL, NULL),
(14216, 852, 34, NULL, NULL, NULL),
(14217, 853, 34, NULL, NULL, NULL),
(14218, 854, 34, NULL, NULL, NULL),
(14219, 855, 34, NULL, NULL, NULL),
(14220, 856, 34, NULL, NULL, NULL),
(14221, 857, 34, NULL, NULL, NULL),
(14222, 858, 34, NULL, NULL, NULL),
(14223, 859, 34, NULL, NULL, NULL),
(14224, 860, 34, NULL, NULL, NULL),
(14225, 861, 34, NULL, NULL, NULL),
(14226, 862, 34, NULL, NULL, NULL),
(14227, 863, 34, NULL, NULL, NULL),
(14228, 864, 34, NULL, NULL, NULL),
(14229, 865, 34, NULL, NULL, NULL),
(14230, 866, 34, NULL, NULL, NULL),
(14231, 867, 34, NULL, NULL, NULL),
(14232, 868, 34, NULL, NULL, NULL),
(14233, 869, 34, NULL, NULL, NULL),
(14234, 870, 34, NULL, NULL, NULL),
(14235, 871, 34, NULL, NULL, NULL),
(14236, 872, 34, NULL, NULL, NULL),
(14237, 873, 34, NULL, NULL, NULL),
(14238, 874, 34, NULL, NULL, NULL),
(14239, 875, 34, NULL, NULL, NULL),
(14240, 876, 34, NULL, NULL, NULL),
(14241, 877, 34, NULL, NULL, NULL),
(14242, 878, 34, NULL, NULL, NULL),
(14243, 879, 34, NULL, NULL, NULL),
(14244, 880, 34, NULL, NULL, NULL),
(14245, 881, 34, NULL, NULL, NULL),
(14246, 882, 34, NULL, NULL, NULL),
(14247, 883, 34, NULL, NULL, NULL),
(14248, 884, 34, NULL, NULL, NULL),
(14249, 885, 34, NULL, NULL, NULL),
(14250, 886, 34, NULL, NULL, NULL),
(14251, 887, 34, NULL, NULL, NULL),
(14252, 888, 34, NULL, NULL, NULL),
(14253, 889, 34, NULL, NULL, NULL),
(14254, 890, 34, NULL, NULL, NULL),
(14255, 891, 34, NULL, NULL, NULL),
(14256, 892, 34, NULL, NULL, NULL),
(14257, 893, 34, NULL, NULL, NULL),
(14258, 894, 34, NULL, NULL, NULL),
(14259, 895, 34, NULL, NULL, NULL),
(14260, 896, 34, NULL, NULL, NULL),
(14261, 897, 34, NULL, NULL, NULL),
(14262, 898, 34, NULL, NULL, NULL),
(14263, 899, 34, NULL, NULL, NULL),
(14264, 900, 34, NULL, NULL, NULL),
(14265, 901, 34, NULL, NULL, NULL),
(14266, 902, 34, NULL, NULL, NULL),
(14267, 903, 34, NULL, NULL, NULL),
(14268, 904, 34, NULL, NULL, NULL),
(14269, 905, 34, NULL, NULL, NULL),
(14270, 906, 34, NULL, NULL, NULL),
(14271, 907, 34, NULL, NULL, NULL),
(14272, 908, 34, NULL, NULL, NULL),
(14273, 909, 34, NULL, NULL, NULL),
(14274, 910, 34, NULL, NULL, NULL),
(14275, 911, 34, NULL, NULL, NULL),
(14276, 912, 34, NULL, NULL, NULL),
(14277, 913, 34, NULL, NULL, NULL),
(14278, 914, 34, NULL, NULL, NULL),
(14279, 915, 34, NULL, NULL, NULL),
(14280, 916, 34, NULL, NULL, NULL),
(14281, 917, 34, NULL, NULL, NULL),
(14282, 918, 34, NULL, NULL, NULL),
(14283, 919, 34, NULL, NULL, NULL),
(14284, 920, 34, NULL, NULL, NULL),
(14285, 921, 34, NULL, NULL, NULL),
(14286, 922, 34, NULL, NULL, NULL),
(14287, 923, 34, NULL, NULL, NULL),
(14288, 924, 34, NULL, NULL, NULL),
(14289, 925, 34, NULL, NULL, NULL),
(14290, 926, 34, NULL, NULL, NULL),
(14291, 927, 34, NULL, NULL, NULL),
(14292, 928, 34, NULL, NULL, NULL),
(14293, 929, 34, NULL, NULL, NULL),
(14294, 930, 34, NULL, NULL, NULL),
(14295, 931, 34, NULL, NULL, NULL),
(14296, 932, 34, NULL, NULL, NULL),
(14297, 933, 34, NULL, NULL, NULL),
(14298, 934, 34, NULL, NULL, NULL),
(14299, 935, 34, NULL, NULL, NULL),
(14300, 936, 34, NULL, NULL, NULL),
(14301, 937, 34, NULL, NULL, NULL),
(14302, 938, 34, NULL, NULL, NULL),
(14303, 939, 34, NULL, NULL, NULL),
(14304, 940, 34, NULL, NULL, NULL),
(14305, 941, 34, NULL, NULL, NULL),
(14306, 942, 34, NULL, NULL, NULL),
(14307, 943, 34, NULL, NULL, NULL),
(14308, 944, 34, NULL, NULL, NULL),
(14309, 945, 34, NULL, NULL, NULL),
(14310, 946, 34, NULL, NULL, NULL),
(14311, 947, 34, NULL, NULL, NULL),
(14312, 948, 34, NULL, NULL, NULL),
(14313, 949, 34, NULL, NULL, NULL),
(14314, 950, 34, NULL, NULL, NULL),
(14315, 951, 34, NULL, NULL, NULL),
(14316, 952, 34, NULL, NULL, NULL),
(14317, 953, 34, NULL, NULL, NULL),
(14318, 954, 34, NULL, NULL, NULL),
(14319, 955, 34, NULL, NULL, NULL),
(14320, 956, 34, NULL, NULL, NULL),
(14321, 957, 34, NULL, NULL, NULL),
(14322, 958, 34, NULL, NULL, NULL),
(14323, 959, 34, NULL, NULL, NULL),
(14324, 960, 34, NULL, NULL, NULL),
(14325, 961, 34, NULL, NULL, NULL),
(14326, 962, 34, NULL, NULL, NULL),
(14327, 963, 34, NULL, NULL, NULL),
(14328, 964, 34, NULL, NULL, NULL),
(14329, 965, 34, NULL, NULL, NULL),
(14330, 966, 34, NULL, NULL, NULL),
(14331, 967, 34, NULL, NULL, NULL),
(14332, 968, 34, NULL, NULL, NULL),
(14333, 969, 34, NULL, NULL, NULL),
(14334, 970, 34, NULL, NULL, NULL),
(14335, 971, 34, NULL, NULL, NULL),
(14336, 972, 34, NULL, NULL, NULL),
(14337, 973, 34, NULL, NULL, NULL),
(14338, 974, 34, NULL, NULL, NULL),
(14339, 975, 34, NULL, NULL, NULL),
(14340, 976, 34, NULL, NULL, NULL),
(14341, 977, 34, NULL, NULL, NULL),
(14342, 978, 34, NULL, NULL, NULL),
(14343, 979, 34, NULL, NULL, NULL),
(14344, 980, 34, NULL, NULL, NULL),
(14345, 981, 34, NULL, NULL, NULL),
(14346, 982, 34, NULL, NULL, NULL),
(14347, 983, 34, NULL, NULL, NULL),
(14348, 984, 34, NULL, NULL, NULL),
(14349, 985, 34, NULL, NULL, NULL),
(14350, 986, 34, NULL, NULL, NULL),
(14351, 987, 34, NULL, NULL, NULL),
(14352, 988, 34, NULL, NULL, NULL),
(14353, 989, 34, NULL, NULL, NULL),
(14354, 990, 34, NULL, NULL, NULL),
(14355, 991, 34, NULL, NULL, NULL),
(14356, 992, 34, NULL, NULL, NULL),
(14357, 993, 34, NULL, NULL, NULL),
(14358, 994, 34, NULL, NULL, NULL),
(14359, 995, 34, NULL, NULL, NULL),
(14360, 996, 34, NULL, NULL, NULL),
(14361, 997, 34, NULL, NULL, NULL),
(14362, 998, 34, NULL, NULL, NULL),
(14363, 999, 34, NULL, NULL, NULL),
(14364, 1000, 34, NULL, NULL, NULL),
(14365, 1001, 34, NULL, NULL, NULL),
(14366, 1002, 34, NULL, NULL, NULL),
(14367, 1003, 34, NULL, NULL, NULL),
(14368, 1004, 34, NULL, NULL, NULL),
(14369, 1005, 34, NULL, NULL, NULL),
(14370, 1006, 34, NULL, NULL, NULL),
(14371, 1007, 34, NULL, NULL, NULL),
(14372, 1008, 34, NULL, NULL, NULL),
(14373, 1009, 34, NULL, NULL, NULL),
(14374, 1010, 34, NULL, NULL, NULL),
(14375, 1011, 34, NULL, NULL, NULL),
(14376, 1012, 34, NULL, NULL, NULL),
(14377, 1013, 34, NULL, NULL, NULL),
(14378, 1014, 34, NULL, NULL, NULL),
(14379, 1015, 34, NULL, NULL, NULL),
(14380, 1016, 34, NULL, NULL, NULL),
(14381, 1017, 34, NULL, NULL, NULL),
(14382, 1018, 34, NULL, NULL, NULL),
(14383, 1019, 34, NULL, NULL, NULL),
(14384, 1020, 34, NULL, NULL, NULL),
(14385, 1021, 34, NULL, NULL, NULL),
(14386, 1022, 34, NULL, NULL, NULL),
(14387, 1023, 34, NULL, NULL, NULL),
(14388, 1024, 34, NULL, NULL, NULL),
(14389, 1025, 34, NULL, NULL, NULL),
(14390, 1026, 34, NULL, NULL, NULL),
(14391, 1027, 34, NULL, NULL, NULL),
(14392, 1028, 34, NULL, NULL, NULL),
(14393, 1029, 34, NULL, NULL, NULL),
(14394, 1030, 34, NULL, NULL, NULL),
(14395, 1031, 34, NULL, NULL, NULL),
(14396, 1032, 34, NULL, NULL, NULL),
(14397, 1033, 34, NULL, NULL, NULL),
(14398, 1034, 34, NULL, NULL, NULL),
(14399, 1035, 34, NULL, NULL, NULL),
(14400, 1036, 34, NULL, NULL, NULL),
(14401, 1037, 34, NULL, NULL, NULL),
(14402, 1038, 34, NULL, NULL, NULL),
(14403, 1039, 34, NULL, NULL, NULL),
(14404, 1040, 34, NULL, NULL, NULL),
(14405, 1041, 34, NULL, NULL, NULL),
(14406, 1042, 34, NULL, NULL, NULL),
(14407, 1043, 34, NULL, NULL, NULL),
(14408, 1044, 34, NULL, NULL, NULL),
(14409, 1045, 34, NULL, NULL, NULL),
(14410, 1046, 34, NULL, NULL, NULL),
(14411, 1047, 34, NULL, NULL, NULL),
(14412, 1048, 34, NULL, NULL, NULL),
(14413, 1049, 34, NULL, NULL, NULL),
(14414, 1050, 34, NULL, NULL, NULL),
(14415, 1051, 34, NULL, NULL, NULL),
(14416, 1052, 34, NULL, NULL, NULL),
(14417, 1053, 34, NULL, NULL, NULL),
(14418, 1054, 34, NULL, NULL, NULL),
(14419, 1055, 34, NULL, NULL, NULL),
(14420, 1056, 34, NULL, NULL, NULL),
(14421, 1057, 34, NULL, NULL, NULL),
(14422, 1058, 34, NULL, NULL, NULL),
(14423, 1059, 34, NULL, NULL, NULL),
(14424, 1060, 34, NULL, NULL, NULL),
(14425, 1061, 34, NULL, NULL, NULL),
(14426, 1062, 34, NULL, NULL, NULL),
(14427, 1063, 34, NULL, NULL, NULL),
(14428, 1064, 34, NULL, NULL, NULL),
(14429, 1065, 34, NULL, NULL, NULL),
(14430, 1066, 34, NULL, NULL, NULL),
(14431, 1067, 34, NULL, NULL, NULL),
(14432, 1068, 34, NULL, NULL, NULL),
(14433, 1069, 34, NULL, NULL, NULL),
(14434, 1070, 34, NULL, NULL, NULL),
(14435, 1071, 34, NULL, NULL, NULL),
(14436, 1072, 34, NULL, NULL, NULL),
(14437, 1073, 34, NULL, NULL, NULL),
(14438, 1074, 34, NULL, NULL, NULL),
(14439, 1075, 34, NULL, NULL, NULL),
(14440, 1076, 34, NULL, NULL, NULL),
(14441, 1077, 34, NULL, NULL, NULL),
(14442, 1078, 34, NULL, NULL, NULL),
(14443, 1079, 34, NULL, NULL, NULL),
(14444, 1080, 34, NULL, NULL, NULL),
(14445, 1081, 34, NULL, NULL, NULL),
(14446, 1082, 34, NULL, NULL, NULL),
(14447, 1083, 34, NULL, NULL, NULL),
(14448, 1084, 34, NULL, NULL, NULL),
(14449, 1085, 34, NULL, NULL, NULL),
(14450, 1086, 34, NULL, NULL, NULL),
(14451, 1087, 34, NULL, NULL, NULL),
(14452, 1088, 34, NULL, NULL, NULL),
(14453, 1089, 34, NULL, NULL, NULL),
(14454, 1090, 34, NULL, NULL, NULL),
(14455, 1091, 34, NULL, NULL, NULL),
(14456, 1092, 34, NULL, NULL, NULL),
(14457, 1093, 34, NULL, NULL, NULL),
(14458, 1094, 34, NULL, NULL, NULL),
(14459, 1095, 34, NULL, NULL, NULL),
(14460, 1096, 34, NULL, NULL, NULL),
(14461, 1097, 34, NULL, NULL, NULL),
(14462, 1098, 34, NULL, NULL, NULL),
(14463, 1099, 34, NULL, NULL, NULL),
(14464, 1100, 34, NULL, NULL, NULL),
(14465, 1101, 34, NULL, NULL, NULL),
(14466, 1102, 34, NULL, NULL, NULL),
(14467, 1103, 34, NULL, NULL, NULL),
(14468, 1104, 34, NULL, NULL, NULL),
(14469, 1105, 34, NULL, NULL, NULL),
(14470, 1106, 34, NULL, NULL, NULL),
(14471, 1107, 34, NULL, NULL, NULL),
(14472, 1108, 34, NULL, NULL, NULL),
(14473, 1109, 34, NULL, NULL, NULL),
(14474, 1110, 34, NULL, NULL, NULL),
(14475, 1111, 34, NULL, NULL, NULL),
(14476, 1112, 34, NULL, NULL, NULL),
(14477, 1113, 34, NULL, NULL, NULL),
(14478, 1114, 34, NULL, NULL, NULL),
(14479, 1115, 34, NULL, NULL, NULL),
(14480, 1116, 34, NULL, NULL, NULL),
(14481, 1117, 34, NULL, NULL, NULL),
(14482, 1118, 34, NULL, NULL, NULL),
(14483, 1119, 34, NULL, NULL, NULL),
(14484, 1120, 34, NULL, NULL, NULL),
(14485, 1121, 34, NULL, NULL, NULL),
(14486, 1122, 34, NULL, NULL, NULL),
(14487, 1123, 34, NULL, NULL, NULL),
(14488, 1124, 34, NULL, NULL, NULL),
(14489, 1125, 34, NULL, NULL, NULL),
(14490, 1126, 34, NULL, NULL, NULL),
(14491, 1127, 34, NULL, NULL, NULL),
(14492, 1128, 34, NULL, NULL, NULL),
(14493, 1129, 34, NULL, NULL, NULL),
(14494, 1130, 34, NULL, NULL, NULL),
(14495, 1131, 34, NULL, NULL, NULL),
(14496, 1132, 34, NULL, NULL, NULL),
(14497, 1133, 34, NULL, NULL, NULL),
(14498, 1134, 34, NULL, NULL, NULL),
(14499, 1135, 34, NULL, NULL, NULL),
(14500, 1136, 34, NULL, NULL, NULL),
(14501, 1137, 34, NULL, NULL, NULL),
(14502, 1138, 34, NULL, NULL, NULL),
(14503, 1139, 34, NULL, NULL, NULL),
(14504, 1140, 34, NULL, NULL, NULL),
(14505, 1141, 34, NULL, NULL, NULL),
(14506, 1142, 34, NULL, NULL, NULL),
(14507, 1143, 34, NULL, NULL, NULL),
(14508, 1144, 34, NULL, NULL, NULL),
(14509, 1145, 34, NULL, NULL, NULL),
(14510, 1146, 34, NULL, NULL, NULL),
(14511, 1147, 34, NULL, NULL, NULL),
(14512, 1148, 34, NULL, NULL, NULL),
(14513, 1149, 34, NULL, NULL, NULL),
(14514, 1150, 34, NULL, NULL, NULL),
(14515, 1151, 34, NULL, NULL, NULL),
(14516, 1152, 34, NULL, NULL, NULL),
(14517, 1153, 34, NULL, NULL, NULL),
(14518, 1154, 34, NULL, NULL, NULL),
(14519, 1155, 34, NULL, NULL, NULL),
(14520, 1156, 34, NULL, NULL, NULL),
(14521, 1157, 34, NULL, NULL, NULL),
(14522, 1158, 34, NULL, NULL, NULL),
(14523, 1159, 34, NULL, NULL, NULL),
(14524, 1160, 34, NULL, NULL, NULL),
(14525, 1161, 34, NULL, NULL, NULL),
(14526, 1162, 34, NULL, NULL, NULL),
(14527, 1163, 34, NULL, NULL, NULL),
(14528, 1164, 34, NULL, NULL, NULL),
(14529, 1165, 34, NULL, NULL, NULL),
(14530, 1166, 34, NULL, NULL, NULL),
(14531, 1167, 34, NULL, NULL, NULL),
(14532, 1168, 34, NULL, NULL, NULL),
(14533, 1169, 34, NULL, NULL, NULL),
(14534, 1170, 34, NULL, NULL, NULL),
(14535, 1171, 34, NULL, NULL, NULL),
(14536, 1172, 34, NULL, NULL, NULL),
(14537, 1173, 34, NULL, NULL, NULL),
(14538, 1174, 34, NULL, NULL, NULL),
(14539, 1175, 34, NULL, NULL, NULL),
(14540, 1176, 34, NULL, NULL, NULL),
(14541, 1177, 34, NULL, NULL, NULL),
(14542, 1178, 34, NULL, NULL, NULL),
(14543, 1179, 34, NULL, NULL, NULL),
(14544, 1180, 34, NULL, NULL, NULL),
(14545, 1181, 34, NULL, NULL, NULL),
(14546, 1182, 34, NULL, NULL, NULL),
(14547, 1183, 34, NULL, NULL, NULL),
(14548, 1184, 34, NULL, NULL, NULL),
(14549, 1185, 34, NULL, NULL, NULL),
(14550, 1186, 34, NULL, NULL, NULL),
(14551, 1187, 34, NULL, NULL, NULL),
(14552, 1188, 34, NULL, NULL, NULL),
(14553, 1189, 34, NULL, NULL, NULL),
(14554, 1190, 34, NULL, NULL, NULL),
(14555, 1191, 34, NULL, NULL, NULL),
(14556, 1192, 34, NULL, NULL, NULL),
(14557, 1193, 34, NULL, NULL, NULL),
(14558, 1194, 34, NULL, NULL, NULL),
(14559, 1195, 34, NULL, NULL, NULL),
(14560, 1196, 34, NULL, NULL, NULL),
(14561, 1197, 34, NULL, NULL, NULL),
(14562, 1198, 34, NULL, NULL, NULL),
(14563, 1199, 34, NULL, NULL, NULL),
(14564, 1200, 34, NULL, NULL, NULL),
(14565, 1201, 34, NULL, NULL, NULL),
(14566, 1202, 34, NULL, NULL, NULL),
(14567, 1203, 34, NULL, NULL, NULL),
(14568, 1204, 34, NULL, NULL, NULL),
(14569, 1205, 34, NULL, NULL, NULL),
(14570, 1206, 34, NULL, NULL, NULL),
(14571, 1207, 34, NULL, NULL, NULL),
(14572, 1208, 34, NULL, NULL, NULL),
(14573, 1209, 34, NULL, NULL, NULL),
(14574, 1210, 34, NULL, NULL, NULL),
(14575, 1211, 34, NULL, NULL, NULL),
(14576, 1212, 34, NULL, NULL, NULL),
(14577, 1213, 34, NULL, NULL, NULL),
(14578, 1214, 34, NULL, NULL, NULL),
(14579, 1215, 34, NULL, NULL, NULL),
(14580, 1216, 34, NULL, NULL, NULL),
(14581, 1217, 34, NULL, NULL, NULL),
(14582, 1218, 34, NULL, NULL, NULL),
(14583, 1219, 34, NULL, NULL, NULL),
(14584, 1220, 34, NULL, NULL, NULL),
(14585, 1221, 34, NULL, NULL, NULL),
(14586, 1222, 34, NULL, NULL, NULL),
(14587, 1223, 34, NULL, NULL, NULL),
(14588, 1224, 34, NULL, NULL, NULL),
(14589, 1225, 34, NULL, NULL, NULL),
(14590, 1226, 34, NULL, NULL, NULL),
(14591, 1227, 34, NULL, NULL, NULL),
(14592, 1228, 34, NULL, NULL, NULL),
(14593, 1229, 34, NULL, NULL, NULL),
(14594, 1230, 34, NULL, NULL, NULL),
(14595, 1231, 34, NULL, NULL, NULL),
(14596, 1232, 34, NULL, NULL, NULL),
(14597, 1233, 34, NULL, NULL, NULL),
(14598, 1234, 34, NULL, NULL, NULL),
(14599, 1235, 34, NULL, NULL, NULL),
(14600, 1236, 34, NULL, NULL, NULL),
(14601, 1237, 34, NULL, NULL, NULL),
(14602, 1238, 34, NULL, NULL, NULL),
(14603, 1239, 34, NULL, NULL, NULL),
(14604, 1240, 34, NULL, NULL, NULL),
(14605, 1241, 34, NULL, NULL, NULL),
(14606, 1242, 34, NULL, NULL, NULL),
(14607, 1243, 34, NULL, NULL, NULL),
(14608, 1244, 34, NULL, NULL, NULL),
(14609, 1245, 34, NULL, NULL, NULL),
(14610, 1246, 34, NULL, NULL, NULL),
(14611, 1247, 34, NULL, NULL, NULL),
(14612, 1248, 34, NULL, NULL, NULL),
(14613, 1249, 34, NULL, NULL, NULL),
(14614, 1250, 34, NULL, NULL, NULL),
(14615, 1251, 34, NULL, NULL, NULL),
(14616, 1252, 34, NULL, NULL, NULL),
(14617, 1253, 34, NULL, NULL, NULL),
(14618, 1254, 34, NULL, NULL, NULL),
(14619, 1255, 34, NULL, NULL, NULL);

-- --------------------------------------------------------

--
-- Table structure for table `branch_sounds`
--

CREATE TABLE `branch_sounds` (
  `id` bigint UNSIGNED NOT NULL,
  `creator_id` bigint UNSIGNED NOT NULL,
  `branch_id` bigint UNSIGNED NOT NULL,
  `deleted_at` timestamp NULL DEFAULT NULL,
  `created_at` timestamp NULL DEFAULT NULL,
  `updated_at` timestamp NULL DEFAULT NULL
) ENGINE=InnoDB DEFAULT CHARSET=utf8mb4 COLLATE=utf8mb4_unicode_ci;

--
-- Dumping data for table `branch_sounds`
--

INSERT INTO `branch_sounds` (`id`, `creator_id`, `branch_id`, `deleted_at`, `created_at`, `updated_at`) VALUES
(3, 1, 826, NULL, '2022-01-20 14:17:57', '2022-01-20 14:17:57'),
(4, 1, 827, NULL, '2022-01-20 14:17:57', '2022-01-20 14:17:57'),
(5, 1, 828, NULL, '2022-01-20 14:17:57', '2022-01-20 14:17:57'),
(6, 1, 829, NULL, '2022-01-20 14:17:57', '2022-01-20 14:17:57'),
(7, 1, 830, NULL, '2022-01-20 14:17:57', '2022-01-20 14:17:57'),
(8, 1, 831, NULL, '2022-01-20 14:17:57', '2022-01-20 14:17:57'),
(9, 1, 832, NULL, '2022-01-20 14:17:57', '2022-01-20 14:17:57'),
(10, 1, 833, NULL, '2022-01-20 14:17:57', '2022-01-20 14:17:57'),
(11, 1, 834, NULL, '2022-01-20 14:17:57', '2022-01-20 14:17:57'),
(12, 1, 835, NULL, '2022-01-20 14:17:57', '2022-01-20 14:17:57'),
(13, 1, 836, NULL, '2022-01-20 14:17:57', '2022-01-20 14:17:57'),
(14, 1, 837, NULL, '2022-01-20 14:17:57', '2022-01-20 14:17:57'),
(15, 1, 838, NULL, '2022-01-20 14:17:57', '2022-01-20 14:17:57'),
(16, 1, 839, NULL, '2022-01-20 14:17:57', '2022-01-20 14:17:57'),
(17, 1, 840, NULL, '2022-01-20 14:17:57', '2022-01-20 14:17:57'),
(18, 1, 841, NULL, '2022-01-20 14:17:57', '2022-01-20 14:17:57'),
(19, 1, 842, NULL, '2022-01-20 14:17:57', '2022-01-20 14:17:57'),
(20, 1, 843, NULL, '2022-01-20 14:17:57', '2022-01-20 14:17:57'),
(21, 1, 844, NULL, '2022-01-20 14:17:57', '2022-01-20 14:17:57'),
(22, 1, 845, NULL, '2022-01-20 14:17:57', '2022-01-20 14:17:57'),
(23, 1, 846, NULL, '2022-01-20 14:17:57', '2022-01-20 14:17:57'),
(24, 1, 847, NULL, '2022-01-20 14:17:57', '2022-01-20 14:17:57'),
(25, 1, 848, NULL, '2022-01-20 14:17:57', '2022-01-20 14:17:57'),
(26, 1, 849, NULL, '2022-01-20 14:17:57', '2022-01-20 14:17:57'),
(27, 1, 850, NULL, '2022-01-20 14:17:57', '2022-01-20 14:17:57'),
(28, 1, 851, NULL, '2022-01-20 14:17:57', '2022-01-20 14:17:57'),
(29, 1, 852, NULL, '2022-01-20 14:17:57', '2022-01-20 14:17:57'),
(30, 1, 853, NULL, '2022-01-20 14:17:57', '2022-01-20 14:17:57'),
(31, 1, 854, NULL, '2022-01-20 14:17:57', '2022-01-20 14:17:57'),
(32, 1, 855, NULL, '2022-01-20 14:17:57', '2022-01-20 14:17:57'),
(33, 1, 856, NULL, '2022-01-20 14:17:57', '2022-01-20 14:17:57'),
(34, 1, 857, NULL, '2022-01-20 14:17:57', '2022-01-20 14:17:57'),
(35, 1, 858, NULL, '2022-01-20 14:17:57', '2022-01-20 14:17:57'),
(36, 1, 859, NULL, '2022-01-20 14:17:57', '2022-01-20 14:17:57'),
(37, 1, 860, NULL, '2022-01-20 14:17:57', '2022-01-20 14:17:57'),
(38, 1, 861, NULL, '2022-01-20 14:17:57', '2022-01-20 14:17:57'),
(39, 1, 862, NULL, '2022-01-20 14:17:57', '2022-01-20 14:17:57'),
(40, 1, 863, NULL, '2022-01-20 14:17:57', '2022-01-20 14:17:57'),
(41, 1, 864, NULL, '2022-01-20 14:17:57', '2022-01-20 14:17:57'),
(42, 1, 865, NULL, '2022-01-20 14:17:57', '2022-01-20 14:17:57'),
(43, 1, 866, NULL, '2022-01-20 14:17:57', '2022-01-20 14:17:57'),
(44, 1, 867, NULL, '2022-01-20 14:17:57', '2022-01-20 14:17:57'),
(45, 1, 868, NULL, '2022-01-20 14:17:57', '2022-01-20 14:17:57'),
(46, 1, 869, NULL, '2022-01-20 14:17:57', '2022-01-20 14:17:57'),
(47, 1, 870, NULL, '2022-01-20 14:17:57', '2022-01-20 14:17:57'),
(48, 1, 871, NULL, '2022-01-20 14:17:57', '2022-01-20 14:17:57'),
(49, 1, 872, NULL, '2022-01-20 14:17:57', '2022-01-20 14:17:57'),
(50, 1, 873, NULL, '2022-01-20 14:17:57', '2022-01-20 14:17:57'),
(51, 1, 874, NULL, '2022-01-20 14:17:57', '2022-01-20 14:17:57'),
(52, 1, 875, NULL, '2022-01-20 14:17:57', '2022-01-20 14:17:57'),
(53, 1, 876, NULL, '2022-01-20 14:17:57', '2022-01-20 14:17:57'),
(54, 1, 877, NULL, '2022-01-20 14:17:57', '2022-01-20 14:17:57'),
(55, 1, 878, NULL, '2022-01-20 14:17:57', '2022-01-20 14:17:57'),
(56, 1, 879, NULL, '2022-01-20 14:17:57', '2022-01-20 14:17:57'),
(57, 1, 880, NULL, '2022-01-20 14:17:57', '2022-01-20 14:17:57'),
(58, 1, 881, NULL, '2022-01-20 14:17:57', '2022-01-20 14:17:57'),
(59, 1, 882, NULL, '2022-01-20 14:17:57', '2022-01-20 14:17:57'),
(60, 1, 883, NULL, '2022-01-20 14:17:57', '2022-01-20 14:17:57'),
(61, 1, 884, NULL, '2022-01-20 14:17:57', '2022-01-20 14:17:57'),
(62, 1, 885, NULL, '2022-01-20 14:17:57', '2022-01-20 14:17:57'),
(63, 1, 886, NULL, '2022-01-20 14:17:57', '2022-01-20 14:17:57'),
(64, 1, 887, NULL, '2022-01-20 14:17:57', '2022-01-20 14:17:57'),
(65, 1, 888, NULL, '2022-01-20 14:17:57', '2022-01-20 14:17:57'),
(66, 1, 889, NULL, '2022-01-20 14:17:57', '2022-01-20 14:17:57'),
(67, 1, 890, NULL, '2022-01-20 14:17:57', '2022-01-20 14:17:57'),
(68, 1, 891, NULL, '2022-01-20 14:17:57', '2022-01-20 14:17:57'),
(69, 1, 892, NULL, '2022-01-20 14:17:57', '2022-01-20 14:17:57'),
(70, 1, 893, NULL, '2022-01-20 14:17:57', '2022-01-20 14:17:57'),
(71, 1, 894, NULL, '2022-01-20 14:17:57', '2022-01-20 14:17:57'),
(72, 1, 895, NULL, '2022-01-20 14:17:57', '2022-01-20 14:17:57'),
(73, 1, 896, NULL, '2022-01-20 14:17:57', '2022-01-20 14:17:57'),
(74, 1, 897, NULL, '2022-01-20 14:17:57', '2022-01-20 14:17:57'),
(75, 1, 898, NULL, '2022-01-20 14:17:57', '2022-01-20 14:17:57'),
(76, 1, 899, NULL, '2022-01-20 14:17:57', '2022-01-20 14:17:57'),
(77, 1, 900, NULL, '2022-01-20 14:17:57', '2022-01-20 14:17:57'),
(78, 1, 901, NULL, '2022-01-20 14:17:57', '2022-01-20 14:17:57'),
(79, 1, 902, NULL, '2022-01-20 14:17:57', '2022-01-20 14:17:57'),
(80, 1, 903, NULL, '2022-01-20 14:17:57', '2022-01-20 14:17:57'),
(81, 1, 904, NULL, '2022-01-20 14:17:57', '2022-01-20 14:17:57'),
(82, 1, 905, NULL, '2022-01-20 14:17:57', '2022-01-20 14:17:57'),
(83, 1, 906, NULL, '2022-01-20 14:17:57', '2022-01-20 14:17:57'),
(84, 1, 907, NULL, '2022-01-20 14:17:57', '2022-01-20 14:17:57'),
(85, 1, 908, NULL, '2022-01-20 14:17:57', '2022-01-20 14:17:57'),
(86, 1, 909, NULL, '2022-01-20 14:17:57', '2022-01-20 14:17:57'),
(87, 1, 910, NULL, '2022-01-20 14:17:57', '2022-01-20 14:17:57'),
(88, 1, 911, NULL, '2022-01-20 14:17:57', '2022-01-20 14:17:57'),
(89, 1, 912, NULL, '2022-01-20 14:17:57', '2022-01-20 14:17:57'),
(90, 1, 913, NULL, '2022-01-20 14:17:57', '2022-01-20 14:17:57'),
(91, 1, 914, NULL, '2022-01-20 14:17:57', '2022-01-20 14:17:57'),
(92, 1, 915, NULL, '2022-01-20 14:17:57', '2022-01-20 14:17:57'),
(93, 1, 916, NULL, '2022-01-20 14:17:57', '2022-01-20 14:17:57'),
(94, 1, 917, NULL, '2022-01-20 14:17:57', '2022-01-20 14:17:57'),
(95, 1, 918, NULL, '2022-01-20 14:17:57', '2022-01-20 14:17:57'),
(96, 1, 919, NULL, '2022-01-20 14:17:57', '2022-01-20 14:17:57'),
(97, 1, 920, NULL, '2022-01-20 14:17:57', '2022-01-20 14:17:57'),
(98, 1, 921, NULL, '2022-01-20 14:17:57', '2022-01-20 14:17:57'),
(99, 1, 922, NULL, '2022-01-20 14:17:57', '2022-01-20 14:17:57'),
(100, 1, 923, NULL, '2022-01-20 14:17:57', '2022-01-20 14:17:57'),
(101, 1, 924, NULL, '2022-01-20 14:17:57', '2022-01-20 14:17:57'),
(102, 1, 925, NULL, '2022-01-20 14:17:57', '2022-01-20 14:17:57'),
(103, 1, 926, NULL, '2022-01-20 14:17:57', '2022-01-20 14:17:57'),
(104, 1, 927, NULL, '2022-01-20 14:17:57', '2022-01-20 14:17:57'),
(105, 1, 928, NULL, '2022-01-20 14:17:57', '2022-01-20 14:17:57'),
(106, 1, 929, NULL, '2022-01-20 14:17:57', '2022-01-20 14:17:57'),
(107, 1, 930, NULL, '2022-01-20 14:17:57', '2022-01-20 14:17:57'),
(108, 1, 931, NULL, '2022-01-20 14:17:57', '2022-01-20 14:17:57'),
(109, 1, 932, NULL, '2022-01-20 14:17:57', '2022-01-20 14:17:57'),
(110, 1, 933, NULL, '2022-01-20 14:17:57', '2022-01-20 14:17:57'),
(111, 1, 934, NULL, '2022-01-20 14:17:57', '2022-01-20 14:17:57'),
(112, 1, 935, NULL, '2022-01-20 14:17:57', '2022-01-20 14:17:57'),
(113, 1, 936, NULL, '2022-01-20 14:17:57', '2022-01-20 14:17:57'),
(114, 1, 937, NULL, '2022-01-20 14:17:57', '2022-01-20 14:17:57'),
(115, 1, 938, NULL, '2022-01-20 14:17:57', '2022-01-20 14:17:57'),
(116, 1, 939, NULL, '2022-01-20 14:17:57', '2022-01-20 14:17:57'),
(117, 1, 940, NULL, '2022-01-20 14:17:57', '2022-01-20 14:17:57'),
(118, 1, 941, NULL, '2022-01-20 14:17:57', '2022-01-20 14:17:57'),
(119, 1, 942, NULL, '2022-01-20 14:17:57', '2022-01-20 14:17:57'),
(120, 1, 943, NULL, '2022-01-20 14:17:57', '2022-01-20 14:17:57'),
(121, 1, 944, NULL, '2022-01-20 14:17:57', '2022-01-20 14:17:57'),
(122, 1, 945, NULL, '2022-01-20 14:17:57', '2022-01-20 14:17:57'),
(123, 1, 946, NULL, '2022-01-20 14:17:57', '2022-01-20 14:17:57'),
(124, 1, 947, NULL, '2022-01-20 14:17:57', '2022-01-20 14:17:57'),
(125, 1, 948, NULL, '2022-01-20 14:17:57', '2022-01-20 14:17:57'),
(126, 1, 949, NULL, '2022-01-20 14:17:57', '2022-01-20 14:17:57'),
(127, 1, 950, NULL, '2022-01-20 14:17:57', '2022-01-20 14:17:57'),
(128, 1, 951, NULL, '2022-01-20 14:17:57', '2022-01-20 14:17:57'),
(129, 1, 952, NULL, '2022-01-20 14:17:57', '2022-01-20 14:17:57'),
(130, 1, 953, NULL, '2022-01-20 14:17:57', '2022-01-20 14:17:57'),
(131, 1, 954, NULL, '2022-01-20 14:17:57', '2022-01-20 14:17:57'),
(132, 1, 955, NULL, '2022-01-20 14:17:57', '2022-01-20 14:17:57'),
(133, 1, 956, NULL, '2022-01-20 14:17:57', '2022-01-20 14:17:57'),
(134, 1, 957, NULL, '2022-01-20 14:17:57', '2022-01-20 14:17:57'),
(135, 1, 958, NULL, '2022-01-20 14:17:57', '2022-01-20 14:17:57'),
(136, 1, 959, NULL, '2022-01-20 14:17:57', '2022-01-20 14:17:57'),
(137, 1, 960, NULL, '2022-01-20 14:17:57', '2022-01-20 14:17:57'),
(138, 1, 961, NULL, '2022-01-20 14:17:57', '2022-01-20 14:17:57'),
(139, 1, 962, NULL, '2022-01-20 14:17:57', '2022-01-20 14:17:57'),
(140, 1, 963, NULL, '2022-01-20 14:17:57', '2022-01-20 14:17:57'),
(141, 1, 964, NULL, '2022-01-20 14:17:57', '2022-01-20 14:17:57'),
(142, 1, 965, NULL, '2022-01-20 14:17:57', '2022-01-20 14:17:57'),
(143, 1, 966, NULL, '2022-01-20 14:17:57', '2022-01-20 14:17:57'),
(144, 1, 967, NULL, '2022-01-20 14:17:57', '2022-01-20 14:17:57'),
(145, 1, 968, NULL, '2022-01-20 14:17:57', '2022-01-20 14:17:57'),
(146, 1, 969, NULL, '2022-01-20 14:17:57', '2022-01-20 14:17:57'),
(147, 1, 970, NULL, '2022-01-20 14:17:57', '2022-01-20 14:17:57'),
(148, 1, 971, NULL, '2022-01-20 14:17:57', '2022-01-20 14:17:57'),
(149, 1, 972, NULL, '2022-01-20 14:17:57', '2022-01-20 14:17:57'),
(150, 1, 973, NULL, '2022-01-20 14:17:57', '2022-01-20 14:17:57'),
(151, 1, 974, NULL, '2022-01-20 14:17:57', '2022-01-20 14:17:57'),
(152, 1, 975, NULL, '2022-01-20 14:17:57', '2022-01-20 14:17:57'),
(153, 1, 976, NULL, '2022-01-20 14:17:57', '2022-01-20 14:17:57'),
(154, 1, 977, NULL, '2022-01-20 14:17:57', '2022-01-20 14:17:57'),
(155, 1, 978, NULL, '2022-01-20 14:17:57', '2022-01-20 14:17:57'),
(156, 1, 979, NULL, '2022-01-20 14:17:57', '2022-01-20 14:17:57'),
(157, 1, 980, NULL, '2022-01-20 14:17:57', '2022-01-20 14:17:57'),
(158, 1, 981, NULL, '2022-01-20 14:17:57', '2022-01-20 14:17:57'),
(159, 1, 982, NULL, '2022-01-20 14:17:57', '2022-01-20 14:17:57'),
(160, 1, 983, NULL, '2022-01-20 14:17:57', '2022-01-20 14:17:57'),
(161, 1, 984, NULL, '2022-01-20 14:17:57', '2022-01-20 14:17:57'),
(162, 1, 985, NULL, '2022-01-20 14:17:57', '2022-01-20 14:17:57'),
(163, 1, 986, NULL, '2022-01-20 14:17:57', '2022-01-20 14:17:57'),
(164, 1, 987, NULL, '2022-01-20 14:17:57', '2022-01-20 14:17:57'),
(165, 1, 988, NULL, '2022-01-20 14:17:57', '2022-01-20 14:17:57'),
(166, 1, 989, NULL, '2022-01-20 14:17:57', '2022-01-20 14:17:57'),
(167, 1, 990, NULL, '2022-01-20 14:17:58', '2022-01-20 14:17:58'),
(168, 1, 991, NULL, '2022-01-20 14:17:58', '2022-01-20 14:17:58'),
(169, 1, 992, NULL, '2022-01-20 14:17:58', '2022-01-20 14:17:58'),
(170, 1, 993, NULL, '2022-01-20 14:17:58', '2022-01-20 14:17:58'),
(171, 1, 994, NULL, '2022-01-20 14:17:58', '2022-01-20 14:17:58'),
(172, 1, 995, NULL, '2022-01-20 14:17:58', '2022-01-20 14:17:58'),
(173, 1, 996, NULL, '2022-01-20 14:17:58', '2022-01-20 14:17:58'),
(174, 1, 997, NULL, '2022-01-20 14:17:58', '2022-01-20 14:17:58'),
(175, 1, 998, NULL, '2022-01-20 14:17:58', '2022-01-20 14:17:58'),
(176, 1, 999, NULL, '2022-01-20 14:17:58', '2022-01-20 14:17:58'),
(177, 1, 1000, NULL, '2022-01-20 14:17:58', '2022-01-20 14:17:58'),
(178, 1, 1001, NULL, '2022-01-20 14:17:58', '2022-01-20 14:17:58'),
(179, 1, 1002, NULL, '2022-01-20 14:17:58', '2022-01-20 14:17:58'),
(180, 1, 1003, NULL, '2022-01-20 14:17:58', '2022-01-20 14:17:58'),
(181, 1, 1004, NULL, '2022-01-20 14:17:58', '2022-01-20 14:17:58'),
(182, 1, 1005, NULL, '2022-01-20 14:17:58', '2022-01-20 14:17:58'),
(183, 1, 1006, NULL, '2022-01-20 14:17:58', '2022-01-20 14:17:58'),
(184, 1, 1007, NULL, '2022-01-20 14:17:58', '2022-01-20 14:17:58'),
(185, 1, 1008, NULL, '2022-01-20 14:17:58', '2022-01-20 14:17:58'),
(186, 1, 1009, NULL, '2022-01-20 14:17:58', '2022-01-20 14:17:58'),
(187, 1, 1010, NULL, '2022-01-20 14:17:58', '2022-01-20 14:17:58'),
(188, 1, 1011, NULL, '2022-01-20 14:17:58', '2022-01-20 14:17:58'),
(189, 1, 1012, NULL, '2022-01-20 14:17:58', '2022-01-20 14:17:58'),
(190, 1, 1013, NULL, '2022-01-20 14:17:58', '2022-01-20 14:17:58'),
(191, 1, 1014, NULL, '2022-01-20 14:17:58', '2022-01-20 14:17:58'),
(192, 1, 1015, NULL, '2022-01-20 14:17:58', '2022-01-20 14:17:58'),
(193, 1, 1016, NULL, '2022-01-20 14:17:58', '2022-01-20 14:17:58'),
(194, 1, 1017, NULL, '2022-01-20 14:17:58', '2022-01-20 14:17:58'),
(195, 1, 1018, NULL, '2022-01-20 14:17:58', '2022-01-20 14:17:58'),
(196, 1, 1019, NULL, '2022-01-20 14:17:58', '2022-01-20 14:17:58'),
(197, 1, 1020, NULL, '2022-01-20 14:17:58', '2022-01-20 14:17:58'),
(198, 1, 1021, NULL, '2022-01-20 14:17:58', '2022-01-20 14:17:58'),
(199, 1, 1022, NULL, '2022-01-20 14:17:58', '2022-01-20 14:17:58'),
(200, 1, 1023, NULL, '2022-01-20 14:17:58', '2022-01-20 14:17:58'),
(201, 1, 1024, NULL, '2022-01-20 14:17:58', '2022-01-20 14:17:58'),
(202, 1, 1025, NULL, '2022-01-20 14:17:58', '2022-01-20 14:17:58'),
(203, 1, 1026, NULL, '2022-01-20 14:17:58', '2022-01-20 14:17:58'),
(204, 1, 1027, NULL, '2022-01-20 14:17:58', '2022-01-20 14:17:58'),
(205, 1, 1028, NULL, '2022-01-20 14:17:58', '2022-01-20 14:17:58'),
(206, 1, 1029, NULL, '2022-01-20 14:17:58', '2022-01-20 14:17:58'),
(207, 1, 1030, NULL, '2022-01-20 14:17:58', '2022-01-20 14:17:58'),
(208, 1, 1031, NULL, '2022-01-20 14:17:58', '2022-01-20 14:17:58'),
(209, 1, 1032, NULL, '2022-01-20 14:17:58', '2022-01-20 14:17:58'),
(210, 1, 1033, NULL, '2022-01-20 14:17:58', '2022-01-20 14:17:58'),
(211, 1, 1034, NULL, '2022-01-20 14:17:58', '2022-01-20 14:17:58'),
(212, 1, 1035, NULL, '2022-01-20 14:17:58', '2022-01-20 14:17:58'),
(213, 1, 1036, NULL, '2022-01-20 14:17:58', '2022-01-20 14:17:58'),
(214, 1, 1037, NULL, '2022-01-20 14:17:58', '2022-01-20 14:17:58'),
(215, 1, 1038, NULL, '2022-01-20 14:17:58', '2022-01-20 14:17:58'),
(216, 1, 1039, NULL, '2022-01-20 14:17:58', '2022-01-20 14:17:58'),
(217, 1, 1040, NULL, '2022-01-20 14:17:58', '2022-01-20 14:17:58'),
(218, 1, 1041, NULL, '2022-01-20 14:17:58', '2022-01-20 14:17:58'),
(219, 1, 1042, NULL, '2022-01-20 14:17:58', '2022-01-20 14:17:58'),
(220, 1, 1043, NULL, '2022-01-20 14:17:58', '2022-01-20 14:17:58'),
(221, 1, 1044, NULL, '2022-01-20 14:17:58', '2022-01-20 14:17:58'),
(222, 1, 1045, NULL, '2022-01-20 14:17:58', '2022-01-20 14:17:58'),
(223, 1, 1046, NULL, '2022-01-20 14:17:58', '2022-01-20 14:17:58'),
(224, 1, 1047, NULL, '2022-01-20 14:17:58', '2022-01-20 14:17:58'),
(225, 1, 1048, NULL, '2022-01-20 14:17:58', '2022-01-20 14:17:58'),
(226, 1, 1049, NULL, '2022-01-20 14:17:58', '2022-01-20 14:17:58'),
(227, 1, 1050, NULL, '2022-01-20 14:17:58', '2022-01-20 14:17:58'),
(228, 1, 1051, NULL, '2022-01-20 14:17:58', '2022-01-20 14:17:58'),
(229, 1, 1052, NULL, '2022-01-20 14:17:58', '2022-01-20 14:17:58'),
(230, 1, 1053, NULL, '2022-01-20 14:17:58', '2022-01-20 14:17:58'),
(231, 1, 1054, NULL, '2022-01-20 14:17:58', '2022-01-20 14:17:58'),
(232, 1, 1055, NULL, '2022-01-20 14:17:58', '2022-01-20 14:17:58'),
(233, 1, 1056, NULL, '2022-01-20 14:17:58', '2022-01-20 14:17:58'),
(234, 1, 1057, NULL, '2022-01-20 14:17:58', '2022-01-20 14:17:58'),
(235, 1, 1058, NULL, '2022-01-20 14:17:58', '2022-01-20 14:17:58'),
(236, 1, 1059, NULL, '2022-01-20 14:17:58', '2022-01-20 14:17:58'),
(237, 1, 1060, NULL, '2022-01-20 14:17:58', '2022-01-20 14:17:58'),
(238, 1, 1061, NULL, '2022-01-20 14:17:58', '2022-01-20 14:17:58'),
(239, 1, 1062, NULL, '2022-01-20 14:17:58', '2022-01-20 14:17:58'),
(240, 1, 1063, NULL, '2022-01-20 14:17:58', '2022-01-20 14:17:58'),
(241, 1, 1064, NULL, '2022-01-20 14:17:58', '2022-01-20 14:17:58'),
(242, 1, 1065, NULL, '2022-01-20 14:17:58', '2022-01-20 14:17:58'),
(243, 1, 1066, NULL, '2022-01-20 14:17:58', '2022-01-20 14:17:58'),
(244, 1, 1067, NULL, '2022-01-20 14:17:58', '2022-01-20 14:17:58'),
(245, 1, 1068, NULL, '2022-01-20 14:17:58', '2022-01-20 14:17:58'),
(246, 1, 1069, NULL, '2022-01-20 14:17:58', '2022-01-20 14:17:58'),
(247, 1, 1070, NULL, '2022-01-20 14:17:58', '2022-01-20 14:17:58'),
(248, 1, 1071, NULL, '2022-01-20 14:17:58', '2022-01-20 14:17:58'),
(249, 1, 1072, NULL, '2022-01-20 14:17:58', '2022-01-20 14:17:58'),
(250, 1, 1073, NULL, '2022-01-20 14:17:58', '2022-01-20 14:17:58'),
(251, 1, 1074, NULL, '2022-01-20 14:17:58', '2022-01-20 14:17:58'),
(252, 1, 1075, NULL, '2022-01-20 14:17:58', '2022-01-20 14:17:58'),
(253, 1, 1076, NULL, '2022-01-20 14:17:58', '2022-01-20 14:17:58'),
(254, 1, 1077, NULL, '2022-01-20 14:17:58', '2022-01-20 14:17:58'),
(255, 1, 1078, NULL, '2022-01-20 14:17:58', '2022-01-20 14:17:58'),
(256, 1, 1079, NULL, '2022-01-20 14:17:58', '2022-01-20 14:17:58'),
(257, 1, 1080, NULL, '2022-01-20 14:17:58', '2022-01-20 14:17:58'),
(258, 1, 1081, NULL, '2022-01-20 14:17:58', '2022-01-20 14:17:58'),
(259, 1, 1082, NULL, '2022-01-20 14:17:58', '2022-01-20 14:17:58'),
(260, 1, 1083, NULL, '2022-01-20 14:17:58', '2022-01-20 14:17:58'),
(261, 1, 1084, NULL, '2022-01-20 14:17:58', '2022-01-20 14:17:58'),
(262, 1, 1085, NULL, '2022-01-20 14:17:58', '2022-01-20 14:17:58'),
(263, 1, 1086, NULL, '2022-01-20 14:17:58', '2022-01-20 14:17:58'),
(264, 1, 1087, NULL, '2022-01-20 14:17:58', '2022-01-20 14:17:58'),
(265, 1, 1088, NULL, '2022-01-20 14:17:58', '2022-01-20 14:17:58'),
(266, 1, 1089, NULL, '2022-01-20 14:17:58', '2022-01-20 14:17:58'),
(267, 1, 1090, NULL, '2022-01-20 14:17:58', '2022-01-20 14:17:58'),
(268, 1, 1091, NULL, '2022-01-20 14:17:58', '2022-01-20 14:17:58'),
(269, 1, 1092, NULL, '2022-01-20 14:17:58', '2022-01-20 14:17:58'),
(270, 1, 1093, NULL, '2022-01-20 14:17:58', '2022-01-20 14:17:58'),
(271, 1, 1094, NULL, '2022-01-20 14:17:58', '2022-01-20 14:17:58'),
(272, 1, 1095, NULL, '2022-01-20 14:17:58', '2022-01-20 14:17:58'),
(273, 1, 1096, NULL, '2022-01-20 14:17:58', '2022-01-20 14:17:58'),
(274, 1, 1097, NULL, '2022-01-20 14:17:58', '2022-01-20 14:17:58'),
(275, 1, 1098, NULL, '2022-01-20 14:17:58', '2022-01-20 14:17:58'),
(276, 1, 1099, NULL, '2022-01-20 14:17:58', '2022-01-20 14:17:58'),
(277, 1, 1100, NULL, '2022-01-20 14:17:58', '2022-01-20 14:17:58'),
(278, 1, 1101, NULL, '2022-01-20 14:17:58', '2022-01-20 14:17:58'),
(279, 1, 1102, NULL, '2022-01-20 14:17:58', '2022-01-20 14:17:58'),
(280, 1, 1103, NULL, '2022-01-20 14:17:58', '2022-01-20 14:17:58'),
(281, 1, 1104, NULL, '2022-01-20 14:17:58', '2022-01-20 14:17:58'),
(282, 1, 1105, NULL, '2022-01-20 14:17:58', '2022-01-20 14:17:58'),
(283, 1, 1106, NULL, '2022-01-20 14:17:58', '2022-01-20 14:17:58'),
(284, 1, 1107, NULL, '2022-01-20 14:17:58', '2022-01-20 14:17:58'),
(285, 1, 1108, NULL, '2022-01-20 14:17:58', '2022-01-20 14:17:58'),
(286, 1, 1109, NULL, '2022-01-20 14:17:58', '2022-01-20 14:17:58'),
(287, 1, 1110, NULL, '2022-01-20 14:17:58', '2022-01-20 14:17:58'),
(288, 1, 1111, NULL, '2022-01-20 14:17:58', '2022-01-20 14:17:58'),
(289, 1, 1112, NULL, '2022-01-20 14:17:58', '2022-01-20 14:17:58'),
(290, 1, 1113, NULL, '2022-01-20 14:17:58', '2022-01-20 14:17:58'),
(291, 1, 1114, NULL, '2022-01-20 14:17:58', '2022-01-20 14:17:58'),
(292, 1, 1115, NULL, '2022-01-20 14:17:58', '2022-01-20 14:17:58'),
(293, 1, 1116, NULL, '2022-01-20 14:17:58', '2022-01-20 14:17:58'),
(294, 1, 1117, NULL, '2022-01-20 14:17:58', '2022-01-20 14:17:58'),
(295, 1, 1118, NULL, '2022-01-20 14:17:58', '2022-01-20 14:17:58'),
(296, 1, 1119, NULL, '2022-01-20 14:17:58', '2022-01-20 14:17:58'),
(297, 1, 1120, NULL, '2022-01-20 14:17:58', '2022-01-20 14:17:58'),
(298, 1, 1121, NULL, '2022-01-20 14:17:58', '2022-01-20 14:17:58'),
(299, 1, 1122, NULL, '2022-01-20 14:17:58', '2022-01-20 14:17:58'),
(300, 1, 1123, NULL, '2022-01-20 14:17:58', '2022-01-20 14:17:58'),
(301, 1, 1124, NULL, '2022-01-20 14:17:58', '2022-01-20 14:17:58'),
(302, 1, 1125, NULL, '2022-01-20 14:17:58', '2022-01-20 14:17:58'),
(303, 1, 1126, NULL, '2022-01-20 14:17:58', '2022-01-20 14:17:58'),
(304, 1, 1127, NULL, '2022-01-20 14:17:58', '2022-01-20 14:17:58'),
(305, 1, 1128, NULL, '2022-01-20 14:17:58', '2022-01-20 14:17:58'),
(306, 1, 1129, NULL, '2022-01-20 14:17:58', '2022-01-20 14:17:58'),
(307, 1, 1130, NULL, '2022-01-20 14:17:58', '2022-01-20 14:17:58'),
(308, 1, 1131, NULL, '2022-01-20 14:17:58', '2022-01-20 14:17:58'),
(309, 1, 1132, NULL, '2022-01-20 14:17:58', '2022-01-20 14:17:58'),
(310, 1, 1133, NULL, '2022-01-20 14:17:58', '2022-01-20 14:17:58'),
(311, 1, 1134, NULL, '2022-01-20 14:17:58', '2022-01-20 14:17:58'),
(312, 1, 1135, NULL, '2022-01-20 14:17:58', '2022-01-20 14:17:58'),
(313, 1, 1136, NULL, '2022-01-20 14:17:58', '2022-01-20 14:17:58'),
(314, 1, 1137, NULL, '2022-01-20 14:17:58', '2022-01-20 14:17:58'),
(315, 1, 1138, NULL, '2022-01-20 14:17:58', '2022-01-20 14:17:58'),
(316, 1, 1139, NULL, '2022-01-20 14:17:58', '2022-01-20 14:17:58'),
(317, 1, 1140, NULL, '2022-01-20 14:17:58', '2022-01-20 14:17:58'),
(318, 1, 1141, NULL, '2022-01-20 14:17:58', '2022-01-20 14:17:58'),
(319, 1, 1142, NULL, '2022-01-20 14:17:58', '2022-01-20 14:17:58'),
(320, 1, 1143, NULL, '2022-01-20 14:17:58', '2022-01-20 14:17:58'),
(321, 1, 1144, NULL, '2022-01-20 14:17:58', '2022-01-20 14:17:58'),
(322, 1, 1145, NULL, '2022-01-20 14:17:58', '2022-01-20 14:17:58'),
(323, 1, 1146, NULL, '2022-01-20 14:17:58', '2022-01-20 14:17:58'),
(324, 1, 1147, NULL, '2022-01-20 14:17:58', '2022-01-20 14:17:58'),
(325, 1, 1148, NULL, '2022-01-20 14:17:58', '2022-01-20 14:17:58'),
(326, 1, 1149, NULL, '2022-01-20 14:17:58', '2022-01-20 14:17:58'),
(327, 1, 1150, NULL, '2022-01-20 14:17:58', '2022-01-20 14:17:58'),
(328, 1, 1151, NULL, '2022-01-20 14:17:58', '2022-01-20 14:17:58'),
(329, 1, 1152, NULL, '2022-01-20 14:17:58', '2022-01-20 14:17:58'),
(330, 1, 1153, NULL, '2022-01-20 14:17:58', '2022-01-20 14:17:58'),
(331, 1, 1154, NULL, '2022-01-20 14:17:58', '2022-01-20 14:17:58'),
(332, 1, 1155, NULL, '2022-01-20 14:17:58', '2022-01-20 14:17:58'),
(333, 1, 1156, NULL, '2022-01-20 14:17:58', '2022-01-20 14:17:58'),
(334, 1, 1157, NULL, '2022-01-20 14:17:58', '2022-01-20 14:17:58'),
(335, 1, 1158, NULL, '2022-01-20 14:17:58', '2022-01-20 14:17:58'),
(336, 1, 1159, NULL, '2022-01-20 14:17:58', '2022-01-20 14:17:58'),
(337, 1, 1160, NULL, '2022-01-20 14:17:58', '2022-01-20 14:17:58'),
(338, 1, 1161, NULL, '2022-01-20 14:17:58', '2022-01-20 14:17:58'),
(339, 1, 1162, NULL, '2022-01-20 14:17:58', '2022-01-20 14:17:58'),
(340, 1, 1163, NULL, '2022-01-20 14:17:58', '2022-01-20 14:17:58'),
(341, 1, 1164, NULL, '2022-01-20 14:17:58', '2022-01-20 14:17:58'),
(342, 1, 1165, NULL, '2022-01-20 14:17:58', '2022-01-20 14:17:58'),
(343, 1, 1166, NULL, '2022-01-20 14:17:58', '2022-01-20 14:17:58'),
(344, 1, 1167, NULL, '2022-01-20 14:17:58', '2022-01-20 14:17:58'),
(345, 1, 1168, NULL, '2022-01-20 14:17:58', '2022-01-20 14:17:58'),
(346, 1, 1169, NULL, '2022-01-20 14:17:58', '2022-01-20 14:17:58'),
(347, 1, 1170, NULL, '2022-01-20 14:17:58', '2022-01-20 14:17:58'),
(348, 1, 1171, NULL, '2022-01-20 14:17:58', '2022-01-20 14:17:58'),
(349, 1, 1172, NULL, '2022-01-20 14:17:58', '2022-01-20 14:17:58'),
(350, 1, 1173, NULL, '2022-01-20 14:17:58', '2022-01-20 14:17:58'),
(351, 1, 1174, NULL, '2022-01-20 14:17:58', '2022-01-20 14:17:58'),
(352, 1, 1175, NULL, '2022-01-20 14:17:58', '2022-01-20 14:17:58'),
(353, 1, 1176, NULL, '2022-01-20 14:17:58', '2022-01-20 14:17:58'),
(354, 1, 1177, NULL, '2022-01-20 14:17:58', '2022-01-20 14:17:58'),
(355, 1, 1178, NULL, '2022-01-20 14:17:58', '2022-01-20 14:17:58'),
(356, 1, 1179, NULL, '2022-01-20 14:17:58', '2022-01-20 14:17:58'),
(357, 1, 1180, NULL, '2022-01-20 14:17:58', '2022-01-20 14:17:58'),
(358, 1, 1181, NULL, '2022-01-20 14:17:58', '2022-01-20 14:17:58'),
(359, 1, 1182, NULL, '2022-01-20 14:17:58', '2022-01-20 14:17:58'),
(360, 1, 1183, NULL, '2022-01-20 14:17:58', '2022-01-20 14:17:58'),
(361, 1, 1184, NULL, '2022-01-20 14:17:58', '2022-01-20 14:17:58'),
(362, 1, 1185, NULL, '2022-01-20 14:17:58', '2022-01-20 14:17:58'),
(363, 1, 1186, NULL, '2022-01-20 14:17:58', '2022-01-20 14:17:58'),
(364, 1, 1187, NULL, '2022-01-20 14:17:58', '2022-01-20 14:17:58'),
(365, 1, 1188, NULL, '2022-01-20 14:17:58', '2022-01-20 14:17:58'),
(366, 1, 1189, NULL, '2022-01-20 14:17:58', '2022-01-20 14:17:58'),
(367, 1, 1190, NULL, '2022-01-20 14:17:58', '2022-01-20 14:17:58'),
(368, 1, 1191, NULL, '2022-01-20 14:17:58', '2022-01-20 14:17:58'),
(369, 1, 1192, NULL, '2022-01-20 14:17:58', '2022-01-20 14:17:58'),
(370, 1, 1193, NULL, '2022-01-20 14:17:58', '2022-01-20 14:17:58'),
(371, 1, 1194, NULL, '2022-01-20 14:17:58', '2022-01-20 14:17:58'),
(372, 1, 1195, NULL, '2022-01-20 14:17:58', '2022-01-20 14:17:58'),
(373, 1, 1196, NULL, '2022-01-20 14:17:58', '2022-01-20 14:17:58'),
(374, 1, 1197, NULL, '2022-01-20 14:17:58', '2022-01-20 14:17:58'),
(375, 1, 1198, NULL, '2022-01-20 14:17:58', '2022-01-20 14:17:58'),
(376, 1, 1199, NULL, '2022-01-20 14:17:58', '2022-01-20 14:17:58'),
(377, 1, 1200, NULL, '2022-01-20 14:17:58', '2022-01-20 14:17:58'),
(378, 1, 1201, NULL, '2022-01-20 14:17:58', '2022-01-20 14:17:58'),
(379, 1, 1202, NULL, '2022-01-20 14:17:58', '2022-01-20 14:17:58'),
(380, 1, 1203, NULL, '2022-01-20 14:17:58', '2022-01-20 14:17:58'),
(381, 1, 1204, NULL, '2022-01-20 14:17:58', '2022-01-20 14:17:58'),
(382, 1, 1205, NULL, '2022-01-20 14:17:58', '2022-01-20 14:17:58'),
(383, 1, 1206, NULL, '2022-01-20 14:17:58', '2022-01-20 14:17:58'),
(384, 1, 1207, NULL, '2022-01-20 14:17:58', '2022-01-20 14:17:58'),
(385, 1, 1208, NULL, '2022-01-20 14:17:58', '2022-01-20 14:17:58'),
(386, 1, 1209, NULL, '2022-01-20 14:17:58', '2022-01-20 14:17:58'),
(387, 1, 1210, NULL, '2022-01-20 14:17:58', '2022-01-20 14:17:58'),
(388, 1, 1211, NULL, '2022-01-20 14:17:58', '2022-01-20 14:17:58'),
(389, 1, 1212, NULL, '2022-01-20 14:17:58', '2022-01-20 14:17:58'),
(390, 1, 1213, NULL, '2022-01-20 14:17:58', '2022-01-20 14:17:58'),
(391, 1, 1214, NULL, '2022-01-20 14:17:58', '2022-01-20 14:17:58'),
(392, 1, 1215, NULL, '2022-01-20 14:17:58', '2022-01-20 14:17:58'),
(393, 1, 1216, NULL, '2022-01-20 14:17:58', '2022-01-20 14:17:58'),
(394, 1, 1217, NULL, '2022-01-20 14:17:58', '2022-01-20 14:17:58'),
(395, 1, 1218, NULL, '2022-01-20 14:17:58', '2022-01-20 14:17:58'),
(396, 1, 1219, NULL, '2022-01-20 14:17:58', '2022-01-20 14:17:58'),
(397, 1, 1220, NULL, '2022-01-20 14:17:58', '2022-01-20 14:17:58'),
(398, 1, 1221, NULL, '2022-01-20 14:17:58', '2022-01-20 14:17:58'),
(399, 1, 1222, NULL, '2022-01-20 14:17:58', '2022-01-20 14:17:58'),
(400, 1, 1223, NULL, '2022-01-20 14:17:58', '2022-01-20 14:17:58'),
(401, 1, 1224, NULL, '2022-01-20 14:17:58', '2022-01-20 14:17:58'),
(402, 1, 1225, NULL, '2022-01-20 14:17:58', '2022-01-20 14:17:58'),
(403, 1, 1226, NULL, '2022-01-20 14:17:58', '2022-01-20 14:17:58'),
(404, 1, 1227, NULL, '2022-01-20 14:17:58', '2022-01-20 14:17:58'),
(405, 1, 1228, NULL, '2022-01-20 14:17:58', '2022-01-20 14:17:58'),
(406, 1, 1229, NULL, '2022-01-20 14:17:58', '2022-01-20 14:17:58'),
(407, 1, 1230, NULL, '2022-01-20 14:17:58', '2022-01-20 14:17:58'),
(408, 1, 1231, NULL, '2022-01-20 14:17:58', '2022-01-20 14:17:58'),
(409, 1, 1232, NULL, '2022-01-20 14:17:58', '2022-01-20 14:17:58'),
(410, 1, 1233, NULL, '2022-01-20 14:17:58', '2022-01-20 14:17:58'),
(411, 1, 1234, NULL, '2022-01-20 14:17:58', '2022-01-20 14:17:58'),
(412, 1, 1235, NULL, '2022-01-20 14:17:58', '2022-01-20 14:17:58'),
(413, 1, 1236, NULL, '2022-01-20 14:17:58', '2022-01-20 14:17:58'),
(414, 1, 1237, NULL, '2022-01-20 14:17:58', '2022-01-20 14:17:58'),
(415, 1, 1238, NULL, '2022-01-20 14:17:58', '2022-01-20 14:17:58'),
(416, 1, 1239, NULL, '2022-01-20 14:17:58', '2022-01-20 14:17:58'),
(417, 1, 1240, NULL, '2022-01-20 14:17:59', '2022-01-20 14:17:59'),
(418, 1, 1241, NULL, '2022-01-20 14:17:59', '2022-01-20 14:17:59'),
(419, 1, 1242, NULL, '2022-01-20 14:17:59', '2022-01-20 14:17:59'),
(420, 1, 1243, NULL, '2022-01-20 14:17:59', '2022-01-20 14:17:59'),
(421, 1, 1244, NULL, '2022-01-20 14:17:59', '2022-01-20 14:17:59'),
(422, 1, 1245, NULL, '2022-01-20 14:17:59', '2022-01-20 14:17:59'),
(423, 1, 1246, NULL, '2022-01-20 14:17:59', '2022-01-20 14:17:59'),
(424, 1, 1247, NULL, '2022-01-20 14:17:59', '2022-01-20 14:17:59'),
(425, 1, 1248, NULL, '2022-01-20 14:17:59', '2022-01-20 14:17:59'),
(426, 1, 1249, NULL, '2022-01-20 14:17:59', '2022-01-20 14:17:59'),
(427, 1, 1250, NULL, '2022-01-20 14:17:59', '2022-01-20 14:17:59'),
(428, 1, 1251, NULL, '2022-01-20 14:17:59', '2022-01-20 14:17:59'),
(429, 1, 1252, NULL, '2022-01-20 14:17:59', '2022-01-20 14:17:59'),
(430, 1, 1253, NULL, '2022-01-20 14:17:59', '2022-01-20 14:17:59'),
(431, 1, 1254, NULL, '2022-01-20 14:17:59', '2022-01-20 14:17:59'),
(432, 1, 1255, NULL, '2022-01-20 14:17:59', '2022-01-20 14:17:59');

-- --------------------------------------------------------

--
-- Table structure for table `branch_sound_translations`
--

CREATE TABLE `branch_sound_translations` (
  `id` bigint UNSIGNED NOT NULL,
  `sound` varchar(191) CHARACTER SET utf8mb4 COLLATE utf8mb4_unicode_ci NOT NULL,
  `locale` varchar(191) CHARACTER SET utf8mb4 COLLATE utf8mb4_unicode_ci NOT NULL,
  `branch_sound_id` bigint UNSIGNED NOT NULL,
  `deleted_at` timestamp NULL DEFAULT NULL,
  `created_at` timestamp NULL DEFAULT NULL,
  `updated_at` timestamp NULL DEFAULT NULL
) ENGINE=InnoDB DEFAULT CHARSET=utf8mb4 COLLATE=utf8mb4_unicode_ci;

--
-- Dumping data for table `branch_sound_translations`
--

INSERT INTO `branch_sound_translations` (`id`, `sound`, `locale`, `branch_sound_id`, `deleted_at`, `created_at`, `updated_at`) VALUES
(1, '1.mp3', 'ar', 3, NULL, '2022-01-20 14:17:57', '2022-01-20 14:17:57'),
(2, '2.mp3', 'ar', 4, NULL, '2022-01-20 14:17:57', '2022-01-20 14:17:57'),
(3, '3.mp3', 'ar', 5, NULL, '2022-01-20 14:17:57', '2022-01-20 14:17:57'),
(4, '4.mp3', 'ar', 6, NULL, '2022-01-20 14:17:57', '2022-01-20 14:17:57'),
(5, '5.mp3', 'ar', 7, NULL, '2022-01-20 14:17:57', '2022-01-20 14:17:57'),
(6, '6.mp3', 'ar', 8, NULL, '2022-01-20 14:17:57', '2022-01-20 14:17:57'),
(7, '7.mp3', 'ar', 9, NULL, '2022-01-20 14:17:57', '2022-01-20 14:17:57'),
(8, '8.mp3', 'ar', 10, NULL, '2022-01-20 14:17:57', '2022-01-20 14:17:57'),
(9, '9.mp3', 'ar', 11, NULL, '2022-01-20 14:17:57', '2022-01-20 14:17:57'),
(10, '10.mp3', 'ar', 12, NULL, '2022-01-20 14:17:57', '2022-01-20 14:17:57'),
(11, '11.mp3', 'ar', 13, NULL, '2022-01-20 14:17:57', '2022-01-20 14:17:57'),
(12, '12.mp3', 'ar', 14, NULL, '2022-01-20 14:17:57', '2022-01-20 14:17:57'),
(13, '13.mp3', 'ar', 15, NULL, '2022-01-20 14:17:57', '2022-01-20 14:17:57'),
(14, '14.mp3', 'ar', 16, NULL, '2022-01-20 14:17:57', '2022-01-20 14:17:57'),
(15, '15.mp3', 'ar', 17, NULL, '2022-01-20 14:17:57', '2022-01-20 14:17:57'),
(16, '16.mp3', 'ar', 18, NULL, '2022-01-20 14:17:57', '2022-01-20 14:17:57'),
(17, '17.mp3', 'ar', 19, NULL, '2022-01-20 14:17:57', '2022-01-20 14:17:57'),
(18, '18.mp3', 'ar', 20, NULL, '2022-01-20 14:17:57', '2022-01-20 14:17:57'),
(19, '19.mp3', 'ar', 21, NULL, '2022-01-20 14:17:57', '2022-01-20 14:17:57'),
(20, '20.mp3', 'ar', 22, NULL, '2022-01-20 14:17:57', '2022-01-20 14:17:57'),
(21, '21.mp3', 'ar', 23, NULL, '2022-01-20 14:17:57', '2022-01-20 14:17:57'),
(22, '22.mp3', 'ar', 24, NULL, '2022-01-20 14:17:57', '2022-01-20 14:17:57'),
(23, '23.mp3', 'ar', 25, NULL, '2022-01-20 14:17:57', '2022-01-20 14:17:57'),
(24, '24.mp3', 'ar', 26, NULL, '2022-01-20 14:17:57', '2022-01-20 14:17:57'),
(25, '25.mp3', 'ar', 27, NULL, '2022-01-20 14:17:57', '2022-01-20 14:17:57'),
(26, '26.mp3', 'ar', 28, NULL, '2022-01-20 14:17:57', '2022-01-20 14:17:57'),
(27, '27.mp3', 'ar', 29, NULL, '2022-01-20 14:17:57', '2022-01-20 14:17:57'),
(28, '28.mp3', 'ar', 30, NULL, '2022-01-20 14:17:57', '2022-01-20 14:17:57'),
(29, '29.mp3', 'ar', 31, NULL, '2022-01-20 14:17:57', '2022-01-20 14:17:57'),
(30, '30.mp3', 'ar', 32, NULL, '2022-01-20 14:17:57', '2022-01-20 14:17:57'),
(31, '31.mp3', 'ar', 33, NULL, '2022-01-20 14:17:57', '2022-01-20 14:17:57'),
(32, '32.mp3', 'ar', 34, NULL, '2022-01-20 14:17:57', '2022-01-20 14:17:57'),
(33, '33.mp3', 'ar', 35, NULL, '2022-01-20 14:17:57', '2022-01-20 14:17:57'),
(34, '34.mp3', 'ar', 36, NULL, '2022-01-20 14:17:57', '2022-01-20 14:17:57'),
(35, '35.mp3', 'ar', 37, NULL, '2022-01-20 14:17:57', '2022-01-20 14:17:57'),
(36, '36.mp3', 'ar', 38, NULL, '2022-01-20 14:17:57', '2022-01-20 14:17:57'),
(37, '37.mp3', 'ar', 39, NULL, '2022-01-20 14:17:57', '2022-01-20 14:17:57'),
(38, '38.mp3', 'ar', 40, NULL, '2022-01-20 14:17:57', '2022-01-20 14:17:57'),
(39, '39.mp3', 'ar', 41, NULL, '2022-01-20 14:17:57', '2022-01-20 14:17:57'),
(40, '40.mp3', 'ar', 42, NULL, '2022-01-20 14:17:57', '2022-01-20 14:17:57'),
(41, '41.mp3', 'ar', 43, NULL, '2022-01-20 14:17:57', '2022-01-20 14:17:57'),
(42, '42.mp3', 'ar', 44, NULL, '2022-01-20 14:17:57', '2022-01-20 14:17:57'),
(43, '43.mp3', 'ar', 45, NULL, '2022-01-20 14:17:57', '2022-01-20 14:17:57'),
(44, '44.mp3', 'ar', 46, NULL, '2022-01-20 14:17:57', '2022-01-20 14:17:57'),
(45, '45.mp3', 'ar', 47, NULL, '2022-01-20 14:17:57', '2022-01-20 14:17:57'),
(46, '46.mp3', 'ar', 48, NULL, '2022-01-20 14:17:57', '2022-01-20 14:17:57'),
(47, '47.mp3', 'ar', 49, NULL, '2022-01-20 14:17:57', '2022-01-20 14:17:57'),
(48, '48.mp3', 'ar', 50, NULL, '2022-01-20 14:17:57', '2022-01-20 14:17:57'),
(49, '49.mp3', 'ar', 51, NULL, '2022-01-20 14:17:57', '2022-01-20 14:17:57'),
(50, '50.mp3', 'ar', 52, NULL, '2022-01-20 14:17:57', '2022-01-20 14:17:57'),
(51, '51.mp3', 'ar', 53, NULL, '2022-01-20 14:17:57', '2022-01-20 14:17:57'),
(52, '52.mp3', 'ar', 54, NULL, '2022-01-20 14:17:57', '2022-01-20 14:17:57'),
(53, '53.mp3', 'ar', 55, NULL, '2022-01-20 14:17:57', '2022-01-20 14:17:57'),
(54, '54.mp3', 'ar', 56, NULL, '2022-01-20 14:17:57', '2022-01-20 14:17:57'),
(55, '55.mp3', 'ar', 57, NULL, '2022-01-20 14:17:57', '2022-01-20 14:17:57'),
(56, '56.mp3', 'ar', 58, NULL, '2022-01-20 14:17:57', '2022-01-20 14:17:57'),
(57, '57.mp3', 'ar', 59, NULL, '2022-01-20 14:17:57', '2022-01-20 14:17:57'),
(58, '58.mp3', 'ar', 60, NULL, '2022-01-20 14:17:57', '2022-01-20 14:17:57'),
(59, '59.mp3', 'ar', 61, NULL, '2022-01-20 14:17:57', '2022-01-20 14:17:57'),
(60, '60.mp3', 'ar', 62, NULL, '2022-01-20 14:17:57', '2022-01-20 14:17:57'),
(61, '61.mp3', 'ar', 63, NULL, '2022-01-20 14:17:57', '2022-01-20 14:17:57'),
(62, '62.mp3', 'ar', 64, NULL, '2022-01-20 14:17:57', '2022-01-20 14:17:57'),
(63, '63.mp3', 'ar', 65, NULL, '2022-01-20 14:17:57', '2022-01-20 14:17:57'),
(64, '64.mp3', 'ar', 66, NULL, '2022-01-20 14:17:57', '2022-01-20 14:17:57'),
(65, '65.mp3', 'ar', 67, NULL, '2022-01-20 14:17:57', '2022-01-20 14:17:57'),
(66, '66.mp3', 'ar', 68, NULL, '2022-01-20 14:17:57', '2022-01-20 14:17:57'),
(67, '67.mp3', 'ar', 69, NULL, '2022-01-20 14:17:57', '2022-01-20 14:17:57'),
(68, '68.mp3', 'ar', 70, NULL, '2022-01-20 14:17:57', '2022-01-20 14:17:57'),
(69, '69.mp3', 'ar', 71, NULL, '2022-01-20 14:17:57', '2022-01-20 14:17:57'),
(70, '70.mp3', 'ar', 72, NULL, '2022-01-20 14:17:57', '2022-01-20 14:17:57'),
(71, '71.mp3', 'ar', 73, NULL, '2022-01-20 14:17:57', '2022-01-20 14:17:57'),
(72, '72.mp3', 'ar', 74, NULL, '2022-01-20 14:17:57', '2022-01-20 14:17:57'),
(73, '73.mp3', 'ar', 75, NULL, '2022-01-20 14:17:57', '2022-01-20 14:17:57'),
(74, '74.mp3', 'ar', 76, NULL, '2022-01-20 14:17:57', '2022-01-20 14:17:57'),
(75, '75.mp3', 'ar', 77, NULL, '2022-01-20 14:17:57', '2022-01-20 14:17:57'),
(76, '76.mp3', 'ar', 78, NULL, '2022-01-20 14:17:57', '2022-01-20 14:17:57'),
(77, '77.mp3', 'ar', 79, NULL, '2022-01-20 14:17:57', '2022-01-20 14:17:57'),
(78, '78.mp3', 'ar', 80, NULL, '2022-01-20 14:17:57', '2022-01-20 14:17:57'),
(79, '79.mp3', 'ar', 81, NULL, '2022-01-20 14:17:57', '2022-01-20 14:17:57'),
(80, '80.mp3', 'ar', 82, NULL, '2022-01-20 14:17:57', '2022-01-20 14:17:57'),
(81, '81.mp3', 'ar', 83, NULL, '2022-01-20 14:17:57', '2022-01-20 14:17:57'),
(82, '82.mp3', 'ar', 84, NULL, '2022-01-20 14:17:57', '2022-01-20 14:17:57'),
(83, '83.mp3', 'ar', 85, NULL, '2022-01-20 14:17:57', '2022-01-20 14:17:57'),
(84, '84.mp3', 'ar', 86, NULL, '2022-01-20 14:17:57', '2022-01-20 14:17:57'),
(85, '85.mp3', 'ar', 87, NULL, '2022-01-20 14:17:57', '2022-01-20 14:17:57'),
(86, '86.mp3', 'ar', 88, NULL, '2022-01-20 14:17:57', '2022-01-20 14:17:57'),
(87, '87.mp3', 'ar', 89, NULL, '2022-01-20 14:17:57', '2022-01-20 14:17:57'),
(88, '88.mp3', 'ar', 90, NULL, '2022-01-20 14:17:57', '2022-01-20 14:17:57'),
(89, '89.mp3', 'ar', 91, NULL, '2022-01-20 14:17:57', '2022-01-20 14:17:57'),
(90, '90.mp3', 'ar', 92, NULL, '2022-01-20 14:17:57', '2022-01-20 14:17:57'),
(91, '91.mp3', 'ar', 93, NULL, '2022-01-20 14:17:57', '2022-01-20 14:17:57'),
(92, '92.mp3', 'ar', 94, NULL, '2022-01-20 14:17:57', '2022-01-20 14:17:57'),
(93, '93.mp3', 'ar', 95, NULL, '2022-01-20 14:17:57', '2022-01-20 14:17:57'),
(94, '94.mp3', 'ar', 96, NULL, '2022-01-20 14:17:57', '2022-01-20 14:17:57'),
(95, '95.mp3', 'ar', 97, NULL, '2022-01-20 14:17:57', '2022-01-20 14:17:57'),
(96, '96.mp3', 'ar', 98, NULL, '2022-01-20 14:17:57', '2022-01-20 14:17:57'),
(97, '97.mp3', 'ar', 99, NULL, '2022-01-20 14:17:57', '2022-01-20 14:17:57'),
(98, '98.mp3', 'ar', 100, NULL, '2022-01-20 14:17:57', '2022-01-20 14:17:57'),
(99, '99.mp3', 'ar', 101, NULL, '2022-01-20 14:17:57', '2022-01-20 14:17:57'),
(100, '100.mp3', 'ar', 102, NULL, '2022-01-20 14:17:57', '2022-01-20 14:17:57'),
(101, '101.mp3', 'ar', 103, NULL, '2022-01-20 14:17:57', '2022-01-20 14:17:57'),
(102, '102.mp3', 'ar', 104, NULL, '2022-01-20 14:17:57', '2022-01-20 14:17:57'),
(103, '103.mp3', 'ar', 105, NULL, '2022-01-20 14:17:57', '2022-01-20 14:17:57'),
(104, '104.mp3', 'ar', 106, NULL, '2022-01-20 14:17:57', '2022-01-20 14:17:57'),
(105, '105.mp3', 'ar', 107, NULL, '2022-01-20 14:17:57', '2022-01-20 14:17:57'),
(106, '106.mp3', 'ar', 108, NULL, '2022-01-20 14:17:57', '2022-01-20 14:17:57'),
(107, '107.mp3', 'ar', 109, NULL, '2022-01-20 14:17:57', '2022-01-20 14:17:57'),
(108, '108.mp3', 'ar', 110, NULL, '2022-01-20 14:17:57', '2022-01-20 14:17:57'),
(109, '109.mp3', 'ar', 111, NULL, '2022-01-20 14:17:57', '2022-01-20 14:17:57'),
(110, '110.mp3', 'ar', 112, NULL, '2022-01-20 14:17:57', '2022-01-20 14:17:57'),
(111, '111.mp3', 'ar', 113, NULL, '2022-01-20 14:17:57', '2022-01-20 14:17:57'),
(112, '112.mp3', 'ar', 114, NULL, '2022-01-20 14:17:57', '2022-01-20 14:17:57'),
(113, '113.mp3', 'ar', 115, NULL, '2022-01-20 14:17:57', '2022-01-20 14:17:57'),
(114, '114.mp3', 'ar', 116, NULL, '2022-01-20 14:17:57', '2022-01-20 14:17:57'),
(115, '115.mp3', 'ar', 117, NULL, '2022-01-20 14:17:57', '2022-01-20 14:17:57'),
(116, '116.mp3', 'ar', 118, NULL, '2022-01-20 14:17:57', '2022-01-20 14:17:57'),
(117, '117.mp3', 'ar', 119, NULL, '2022-01-20 14:17:57', '2022-01-20 14:17:57'),
(118, '118.mp3', 'ar', 120, NULL, '2022-01-20 14:17:57', '2022-01-20 14:17:57'),
(119, '119.mp3', 'ar', 121, NULL, '2022-01-20 14:17:57', '2022-01-20 14:17:57'),
(120, '120.mp3', 'ar', 122, NULL, '2022-01-20 14:17:57', '2022-01-20 14:17:57'),
(121, '121.mp3', 'ar', 123, NULL, '2022-01-20 14:17:57', '2022-01-20 14:17:57'),
(122, '122.mp3', 'ar', 124, NULL, '2022-01-20 14:17:57', '2022-01-20 14:17:57'),
(123, '123.mp3', 'ar', 125, NULL, '2022-01-20 14:17:57', '2022-01-20 14:17:57'),
(124, '124.mp3', 'ar', 126, NULL, '2022-01-20 14:17:57', '2022-01-20 14:17:57'),
(125, '125.mp3', 'ar', 127, NULL, '2022-01-20 14:17:57', '2022-01-20 14:17:57'),
(126, '126.mp3', 'ar', 128, NULL, '2022-01-20 14:17:57', '2022-01-20 14:17:57'),
(127, '127.mp3', 'ar', 129, NULL, '2022-01-20 14:17:57', '2022-01-20 14:17:57'),
(128, '128.mp3', 'ar', 130, NULL, '2022-01-20 14:17:57', '2022-01-20 14:17:57'),
(129, '129.mp3', 'ar', 131, NULL, '2022-01-20 14:17:57', '2022-01-20 14:17:57'),
(130, '130.mp3', 'ar', 132, NULL, '2022-01-20 14:17:57', '2022-01-20 14:17:57'),
(131, '131.mp3', 'ar', 133, NULL, '2022-01-20 14:17:57', '2022-01-20 14:17:57'),
(132, '132.mp3', 'ar', 134, NULL, '2022-01-20 14:17:57', '2022-01-20 14:17:57'),
(133, '133.mp3', 'ar', 135, NULL, '2022-01-20 14:17:57', '2022-01-20 14:17:57'),
(134, '134.mp3', 'ar', 136, NULL, '2022-01-20 14:17:57', '2022-01-20 14:17:57'),
(135, '135.mp3', 'ar', 137, NULL, '2022-01-20 14:17:57', '2022-01-20 14:17:57'),
(136, '136.mp3', 'ar', 138, NULL, '2022-01-20 14:17:57', '2022-01-20 14:17:57'),
(137, '137.mp3', 'ar', 139, NULL, '2022-01-20 14:17:57', '2022-01-20 14:17:57'),
(138, '138.mp3', 'ar', 140, NULL, '2022-01-20 14:17:57', '2022-01-20 14:17:57'),
(139, '139.mp3', 'ar', 141, NULL, '2022-01-20 14:17:57', '2022-01-20 14:17:57'),
(140, '140.mp3', 'ar', 142, NULL, '2022-01-20 14:17:57', '2022-01-20 14:17:57'),
(141, '141.mp3', 'ar', 143, NULL, '2022-01-20 14:17:57', '2022-01-20 14:17:57'),
(142, '142.mp3', 'ar', 144, NULL, '2022-01-20 14:17:57', '2022-01-20 14:17:57'),
(143, '143.mp3', 'ar', 145, NULL, '2022-01-20 14:17:57', '2022-01-20 14:17:57'),
(144, '144.mp3', 'ar', 146, NULL, '2022-01-20 14:17:57', '2022-01-20 14:17:57'),
(145, '145.mp3', 'ar', 147, NULL, '2022-01-20 14:17:57', '2022-01-20 14:17:57'),
(146, '146.mp3', 'ar', 148, NULL, '2022-01-20 14:17:57', '2022-01-20 14:17:57'),
(147, '147.mp3', 'ar', 149, NULL, '2022-01-20 14:17:57', '2022-01-20 14:17:57'),
(148, '148.mp3', 'ar', 150, NULL, '2022-01-20 14:17:57', '2022-01-20 14:17:57'),
(149, '149.mp3', 'ar', 151, NULL, '2022-01-20 14:17:57', '2022-01-20 14:17:57'),
(150, '150.mp3', 'ar', 152, NULL, '2022-01-20 14:17:57', '2022-01-20 14:17:57'),
(151, '151.mp3', 'ar', 153, NULL, '2022-01-20 14:17:57', '2022-01-20 14:17:57'),
(152, '152.mp3', 'ar', 154, NULL, '2022-01-20 14:17:57', '2022-01-20 14:17:57'),
(153, '153.mp3', 'ar', 155, NULL, '2022-01-20 14:17:57', '2022-01-20 14:17:57'),
(154, '154.mp3', 'ar', 156, NULL, '2022-01-20 14:17:57', '2022-01-20 14:17:57'),
(155, '155.mp3', 'ar', 157, NULL, '2022-01-20 14:17:57', '2022-01-20 14:17:57'),
(156, '156.mp3', 'ar', 158, NULL, '2022-01-20 14:17:57', '2022-01-20 14:17:57'),
(157, '157.mp3', 'ar', 159, NULL, '2022-01-20 14:17:57', '2022-01-20 14:17:57'),
(158, '158.mp3', 'ar', 160, NULL, '2022-01-20 14:17:57', '2022-01-20 14:17:57'),
(159, '159.mp3', 'ar', 161, NULL, '2022-01-20 14:17:57', '2022-01-20 14:17:57'),
(160, '160.mp3', 'ar', 162, NULL, '2022-01-20 14:17:57', '2022-01-20 14:17:57'),
(161, '161.mp3', 'ar', 163, NULL, '2022-01-20 14:17:57', '2022-01-20 14:17:57'),
(162, '162.mp3', 'ar', 164, NULL, '2022-01-20 14:17:57', '2022-01-20 14:17:57'),
(163, '163.mp3', 'ar', 165, NULL, '2022-01-20 14:17:57', '2022-01-20 14:17:57'),
(164, '164.mp3', 'ar', 166, NULL, '2022-01-20 14:17:57', '2022-01-20 14:17:57'),
(165, '165.mp3', 'ar', 167, NULL, '2022-01-20 14:17:58', '2022-01-20 14:17:58'),
(166, '166.mp3', 'ar', 168, NULL, '2022-01-20 14:17:58', '2022-01-20 14:17:58'),
(167, '167.mp3', 'ar', 169, NULL, '2022-01-20 14:17:58', '2022-01-20 14:17:58'),
(168, '168.mp3', 'ar', 170, NULL, '2022-01-20 14:17:58', '2022-01-20 14:17:58'),
(169, '169.mp3', 'ar', 171, NULL, '2022-01-20 14:17:58', '2022-01-20 14:17:58'),
(170, '170.mp3', 'ar', 172, NULL, '2022-01-20 14:17:58', '2022-01-20 14:17:58'),
(171, '171.mp3', 'ar', 173, NULL, '2022-01-20 14:17:58', '2022-01-20 14:17:58'),
(172, '172.mp3', 'ar', 174, NULL, '2022-01-20 14:17:58', '2022-01-20 14:17:58'),
(173, '173.mp3', 'ar', 175, NULL, '2022-01-20 14:17:58', '2022-01-20 14:17:58'),
(174, '174.mp3', 'ar', 176, NULL, '2022-01-20 14:17:58', '2022-01-20 14:17:58'),
(175, '175.mp3', 'ar', 177, NULL, '2022-01-20 14:17:58', '2022-01-20 14:17:58'),
(176, '176.mp3', 'ar', 178, NULL, '2022-01-20 14:17:58', '2022-01-20 14:17:58'),
(177, '177.mp3', 'ar', 179, NULL, '2022-01-20 14:17:58', '2022-01-20 14:17:58'),
(178, '178.mp3', 'ar', 180, NULL, '2022-01-20 14:17:58', '2022-01-20 14:17:58'),
(179, '179.mp3', 'ar', 181, NULL, '2022-01-20 14:17:58', '2022-01-20 14:17:58'),
(180, '180.mp3', 'ar', 182, NULL, '2022-01-20 14:17:58', '2022-01-20 14:17:58'),
(181, '181.mp3', 'ar', 183, NULL, '2022-01-20 14:17:58', '2022-01-20 14:17:58'),
(182, '182.mp3', 'ar', 184, NULL, '2022-01-20 14:17:58', '2022-01-20 14:17:58'),
(183, '183.mp3', 'ar', 185, NULL, '2022-01-20 14:17:58', '2022-01-20 14:17:58'),
(184, '184.mp3', 'ar', 186, NULL, '2022-01-20 14:17:58', '2022-01-20 14:17:58'),
(185, '185.mp3', 'ar', 187, NULL, '2022-01-20 14:17:58', '2022-01-20 14:17:58'),
(186, '186.mp3', 'ar', 188, NULL, '2022-01-20 14:17:58', '2022-01-20 14:17:58'),
(187, '187.mp3', 'ar', 189, NULL, '2022-01-20 14:17:58', '2022-01-20 14:17:58'),
(188, '188.mp3', 'ar', 190, NULL, '2022-01-20 14:17:58', '2022-01-20 14:17:58'),
(189, '189.mp3', 'ar', 191, NULL, '2022-01-20 14:17:58', '2022-01-20 14:17:58'),
(190, '190.mp3', 'ar', 192, NULL, '2022-01-20 14:17:58', '2022-01-20 14:17:58'),
(191, '191.mp3', 'ar', 193, NULL, '2022-01-20 14:17:58', '2022-01-20 14:17:58'),
(192, '192.mp3', 'ar', 194, NULL, '2022-01-20 14:17:58', '2022-01-20 14:17:58'),
(193, '193.mp3', 'ar', 195, NULL, '2022-01-20 14:17:58', '2022-01-20 14:17:58'),
(194, '194.mp3', 'ar', 196, NULL, '2022-01-20 14:17:58', '2022-01-20 14:17:58'),
(195, '195.mp3', 'ar', 197, NULL, '2022-01-20 14:17:58', '2022-01-20 14:17:58'),
(196, '196.mp3', 'ar', 198, NULL, '2022-01-20 14:17:58', '2022-01-20 14:17:58'),
(197, '197.mp3', 'ar', 199, NULL, '2022-01-20 14:17:58', '2022-01-20 14:17:58'),
(198, '198.mp3', 'ar', 200, NULL, '2022-01-20 14:17:58', '2022-01-20 14:17:58'),
(199, '199.mp3', 'ar', 201, NULL, '2022-01-20 14:17:58', '2022-01-20 14:17:58'),
(200, '200.mp3', 'ar', 202, NULL, '2022-01-20 14:17:58', '2022-01-20 14:17:58'),
(201, '201.mp3', 'ar', 203, NULL, '2022-01-20 14:17:58', '2022-01-20 14:17:58'),
(202, '202.mp3', 'ar', 204, NULL, '2022-01-20 14:17:58', '2022-01-20 14:17:58'),
(203, '203.mp3', 'ar', 205, NULL, '2022-01-20 14:17:58', '2022-01-20 14:17:58'),
(204, '204.mp3', 'ar', 206, NULL, '2022-01-20 14:17:58', '2022-01-20 14:17:58'),
(205, '205.mp3', 'ar', 207, NULL, '2022-01-20 14:17:58', '2022-01-20 14:17:58'),
(206, '206.mp3', 'ar', 208, NULL, '2022-01-20 14:17:58', '2022-01-20 14:17:58'),
(207, '207.mp3', 'ar', 209, NULL, '2022-01-20 14:17:58', '2022-01-20 14:17:58'),
(208, '208.mp3', 'ar', 210, NULL, '2022-01-20 14:17:58', '2022-01-20 14:17:58'),
(209, '209.mp3', 'ar', 211, NULL, '2022-01-20 14:17:58', '2022-01-20 14:17:58'),
(210, '210.mp3', 'ar', 212, NULL, '2022-01-20 14:17:58', '2022-01-20 14:17:58'),
(211, '211.mp3', 'ar', 213, NULL, '2022-01-20 14:17:58', '2022-01-20 14:17:58'),
(212, '212.mp3', 'ar', 214, NULL, '2022-01-20 14:17:58', '2022-01-20 14:17:58'),
(213, '213.mp3', 'ar', 215, NULL, '2022-01-20 14:17:58', '2022-01-20 14:17:58'),
(214, '214.mp3', 'ar', 216, NULL, '2022-01-20 14:17:58', '2022-01-20 14:17:58'),
(215, '215.mp3', 'ar', 217, NULL, '2022-01-20 14:17:58', '2022-01-20 14:17:58'),
(216, '216.mp3', 'ar', 218, NULL, '2022-01-20 14:17:58', '2022-01-20 14:17:58'),
(217, '217.mp3', 'ar', 219, NULL, '2022-01-20 14:17:58', '2022-01-20 14:17:58'),
(218, '218.mp3', 'ar', 220, NULL, '2022-01-20 14:17:58', '2022-01-20 14:17:58'),
(219, '219.mp3', 'ar', 221, NULL, '2022-01-20 14:17:58', '2022-01-20 14:17:58'),
(220, '220.mp3', 'ar', 222, NULL, '2022-01-20 14:17:58', '2022-01-20 14:17:58'),
(221, '221.mp3', 'ar', 223, NULL, '2022-01-20 14:17:58', '2022-01-20 14:17:58'),
(222, '222.mp3', 'ar', 224, NULL, '2022-01-20 14:17:58', '2022-01-20 14:17:58'),
(223, '223.mp3', 'ar', 225, NULL, '2022-01-20 14:17:58', '2022-01-20 14:17:58'),
(224, '224.mp3', 'ar', 226, NULL, '2022-01-20 14:17:58', '2022-01-20 14:17:58'),
(225, '225.mp3', 'ar', 227, NULL, '2022-01-20 14:17:58', '2022-01-20 14:17:58'),
(226, '226.mp3', 'ar', 228, NULL, '2022-01-20 14:17:58', '2022-01-20 14:17:58'),
(227, '227.mp3', 'ar', 229, NULL, '2022-01-20 14:17:58', '2022-01-20 14:17:58'),
(228, '228.mp3', 'ar', 230, NULL, '2022-01-20 14:17:58', '2022-01-20 14:17:58'),
(229, '229.mp3', 'ar', 231, NULL, '2022-01-20 14:17:58', '2022-01-20 14:17:58'),
(230, '230.mp3', 'ar', 232, NULL, '2022-01-20 14:17:58', '2022-01-20 14:17:58'),
(231, '231.mp3', 'ar', 233, NULL, '2022-01-20 14:17:58', '2022-01-20 14:17:58'),
(232, '232.mp3', 'ar', 234, NULL, '2022-01-20 14:17:58', '2022-01-20 14:17:58'),
(233, '233.mp3', 'ar', 235, NULL, '2022-01-20 14:17:58', '2022-01-20 14:17:58'),
(234, '234.mp3', 'ar', 236, NULL, '2022-01-20 14:17:58', '2022-01-20 14:17:58'),
(235, '235.mp3', 'ar', 237, NULL, '2022-01-20 14:17:58', '2022-01-20 14:17:58'),
(236, '236.mp3', 'ar', 238, NULL, '2022-01-20 14:17:58', '2022-01-20 14:17:58'),
(237, '237.mp3', 'ar', 239, NULL, '2022-01-20 14:17:58', '2022-01-20 14:17:58'),
(238, '238.mp3', 'ar', 240, NULL, '2022-01-20 14:17:58', '2022-01-20 14:17:58'),
(239, '239.mp3', 'ar', 241, NULL, '2022-01-20 14:17:58', '2022-01-20 14:17:58'),
(240, '240.mp3', 'ar', 242, NULL, '2022-01-20 14:17:58', '2022-01-20 14:17:58'),
(241, '241.mp3', 'ar', 243, NULL, '2022-01-20 14:17:58', '2022-01-20 14:17:58'),
(242, '242.mp3', 'ar', 244, NULL, '2022-01-20 14:17:58', '2022-01-20 14:17:58'),
(243, '243.mp3', 'ar', 245, NULL, '2022-01-20 14:17:58', '2022-01-20 14:17:58'),
(244, '244.mp3', 'ar', 246, NULL, '2022-01-20 14:17:58', '2022-01-20 14:17:58'),
(245, '245.mp3', 'ar', 247, NULL, '2022-01-20 14:17:58', '2022-01-20 14:17:58'),
(246, '246.mp3', 'ar', 248, NULL, '2022-01-20 14:17:58', '2022-01-20 14:17:58'),
(247, '247.mp3', 'ar', 249, NULL, '2022-01-20 14:17:58', '2022-01-20 14:17:58'),
(248, '248.mp3', 'ar', 250, NULL, '2022-01-20 14:17:58', '2022-01-20 14:17:58'),
(249, '249.mp3', 'ar', 251, NULL, '2022-01-20 14:17:58', '2022-01-20 14:17:58'),
(250, '250.mp3', 'ar', 252, NULL, '2022-01-20 14:17:58', '2022-01-20 14:17:58'),
(251, '251.mp3', 'ar', 253, NULL, '2022-01-20 14:17:58', '2022-01-20 14:17:58'),
(252, '252.mp3', 'ar', 254, NULL, '2022-01-20 14:17:58', '2022-01-20 14:17:58'),
(253, '253.mp3', 'ar', 255, NULL, '2022-01-20 14:17:58', '2022-01-20 14:17:58'),
(254, '254.mp3', 'ar', 256, NULL, '2022-01-20 14:17:58', '2022-01-20 14:17:58'),
(255, '255.mp3', 'ar', 257, NULL, '2022-01-20 14:17:58', '2022-01-20 14:17:58'),
(256, '256.mp3', 'ar', 258, NULL, '2022-01-20 14:17:58', '2022-01-20 14:17:58'),
(257, '257.mp3', 'ar', 259, NULL, '2022-01-20 14:17:58', '2022-01-20 14:17:58'),
(258, '258.mp3', 'ar', 260, NULL, '2022-01-20 14:17:58', '2022-01-20 14:17:58'),
(259, '259.mp3', 'ar', 261, NULL, '2022-01-20 14:17:58', '2022-01-20 14:17:58'),
(260, '260.mp3', 'ar', 262, NULL, '2022-01-20 14:17:58', '2022-01-20 14:17:58'),
(261, '261.mp3', 'ar', 263, NULL, '2022-01-20 14:17:58', '2022-01-20 14:17:58'),
(262, '262.mp3', 'ar', 264, NULL, '2022-01-20 14:17:58', '2022-01-20 14:17:58'),
(263, '263.mp3', 'ar', 265, NULL, '2022-01-20 14:17:58', '2022-01-20 14:17:58'),
(264, '264.mp3', 'ar', 266, NULL, '2022-01-20 14:17:58', '2022-01-20 14:17:58'),
(265, '265.mp3', 'ar', 267, NULL, '2022-01-20 14:17:58', '2022-01-20 14:17:58'),
(266, '266.mp3', 'ar', 268, NULL, '2022-01-20 14:17:58', '2022-01-20 14:17:58'),
(267, '267.mp3', 'ar', 269, NULL, '2022-01-20 14:17:58', '2022-01-20 14:17:58'),
(268, '268.mp3', 'ar', 270, NULL, '2022-01-20 14:17:58', '2022-01-20 14:17:58'),
(269, '269.mp3', 'ar', 271, NULL, '2022-01-20 14:17:58', '2022-01-20 14:17:58'),
(270, '270.mp3', 'ar', 272, NULL, '2022-01-20 14:17:58', '2022-01-20 14:17:58'),
(271, '271.mp3', 'ar', 273, NULL, '2022-01-20 14:17:58', '2022-01-20 14:17:58'),
(272, '272.mp3', 'ar', 274, NULL, '2022-01-20 14:17:58', '2022-01-20 14:17:58'),
(273, '273.mp3', 'ar', 275, NULL, '2022-01-20 14:17:58', '2022-01-20 14:17:58'),
(274, '274.mp3', 'ar', 276, NULL, '2022-01-20 14:17:58', '2022-01-20 14:17:58'),
(275, '275.mp3', 'ar', 277, NULL, '2022-01-20 14:17:58', '2022-01-20 14:17:58'),
(276, '276.mp3', 'ar', 278, NULL, '2022-01-20 14:17:58', '2022-01-20 14:17:58'),
(277, '277.mp3', 'ar', 279, NULL, '2022-01-20 14:17:58', '2022-01-20 14:17:58'),
(278, '278.mp3', 'ar', 280, NULL, '2022-01-20 14:17:58', '2022-01-20 14:17:58'),
(279, '279.mp3', 'ar', 281, NULL, '2022-01-20 14:17:58', '2022-01-20 14:17:58'),
(280, '280.mp3', 'ar', 282, NULL, '2022-01-20 14:17:58', '2022-01-20 14:17:58'),
(281, '281.mp3', 'ar', 283, NULL, '2022-01-20 14:17:58', '2022-01-20 14:17:58'),
(282, '282.mp3', 'ar', 284, NULL, '2022-01-20 14:17:58', '2022-01-20 14:17:58'),
(283, '283.mp3', 'ar', 285, NULL, '2022-01-20 14:17:58', '2022-01-20 14:17:58'),
(284, '284.mp3', 'ar', 286, NULL, '2022-01-20 14:17:58', '2022-01-20 14:17:58'),
(285, '285.mp3', 'ar', 287, NULL, '2022-01-20 14:17:58', '2022-01-20 14:17:58'),
(286, '286.mp3', 'ar', 288, NULL, '2022-01-20 14:17:58', '2022-01-20 14:17:58'),
(287, '287.mp3', 'ar', 289, NULL, '2022-01-20 14:17:58', '2022-01-20 14:17:58'),
(288, '288.mp3', 'ar', 290, NULL, '2022-01-20 14:17:58', '2022-01-20 14:17:58'),
(289, '289.mp3', 'ar', 291, NULL, '2022-01-20 14:17:58', '2022-01-20 14:17:58'),
(290, '290.mp3', 'ar', 292, NULL, '2022-01-20 14:17:58', '2022-01-20 14:17:58'),
(291, '291.mp3', 'ar', 293, NULL, '2022-01-20 14:17:58', '2022-01-20 14:17:58'),
(292, '292.mp3', 'ar', 294, NULL, '2022-01-20 14:17:58', '2022-01-20 14:17:58'),
(293, '293.mp3', 'ar', 295, NULL, '2022-01-20 14:17:58', '2022-01-20 14:17:58'),
(294, '294.mp3', 'ar', 296, NULL, '2022-01-20 14:17:58', '2022-01-20 14:17:58'),
(295, '295.mp3', 'ar', 297, NULL, '2022-01-20 14:17:58', '2022-01-20 14:17:58'),
(296, '296.mp3', 'ar', 298, NULL, '2022-01-20 14:17:58', '2022-01-20 14:17:58'),
(297, '297.mp3', 'ar', 299, NULL, '2022-01-20 14:17:58', '2022-01-20 14:17:58'),
(298, '298.mp3', 'ar', 300, NULL, '2022-01-20 14:17:58', '2022-01-20 14:17:58'),
(299, '299.mp3', 'ar', 301, NULL, '2022-01-20 14:17:58', '2022-01-20 14:17:58'),
(300, '300.mp3', 'ar', 302, NULL, '2022-01-20 14:17:58', '2022-01-20 14:17:58'),
(301, '301.mp3', 'ar', 303, NULL, '2022-01-20 14:17:58', '2022-01-20 14:17:58'),
(302, '302.mp3', 'ar', 304, NULL, '2022-01-20 14:17:58', '2022-01-20 14:17:58'),
(303, '303.mp3', 'ar', 305, NULL, '2022-01-20 14:17:58', '2022-01-20 14:17:58'),
(304, '304.mp3', 'ar', 306, NULL, '2022-01-20 14:17:58', '2022-01-20 14:17:58'),
(305, '305.mp3', 'ar', 307, NULL, '2022-01-20 14:17:58', '2022-01-20 14:17:58'),
(306, '306.mp3', 'ar', 308, NULL, '2022-01-20 14:17:58', '2022-01-20 14:17:58'),
(307, '307.mp3', 'ar', 309, NULL, '2022-01-20 14:17:58', '2022-01-20 14:17:58'),
(308, '308.mp3', 'ar', 310, NULL, '2022-01-20 14:17:58', '2022-01-20 14:17:58'),
(309, '309.mp3', 'ar', 311, NULL, '2022-01-20 14:17:58', '2022-01-20 14:17:58'),
(310, '310.mp3', 'ar', 312, NULL, '2022-01-20 14:17:58', '2022-01-20 14:17:58'),
(311, '311.mp3', 'ar', 313, NULL, '2022-01-20 14:17:58', '2022-01-20 14:17:58'),
(312, '312.mp3', 'ar', 314, NULL, '2022-01-20 14:17:58', '2022-01-20 14:17:58'),
(313, '313.mp3', 'ar', 315, NULL, '2022-01-20 14:17:58', '2022-01-20 14:17:58'),
(314, '314.mp3', 'ar', 316, NULL, '2022-01-20 14:17:58', '2022-01-20 14:17:58'),
(315, '315.mp3', 'ar', 317, NULL, '2022-01-20 14:17:58', '2022-01-20 14:17:58'),
(316, '316.mp3', 'ar', 318, NULL, '2022-01-20 14:17:58', '2022-01-20 14:17:58'),
(317, '317.mp3', 'ar', 319, NULL, '2022-01-20 14:17:58', '2022-01-20 14:17:58'),
(318, '318.mp3', 'ar', 320, NULL, '2022-01-20 14:17:58', '2022-01-20 14:17:58'),
(319, '319.mp3', 'ar', 321, NULL, '2022-01-20 14:17:58', '2022-01-20 14:17:58'),
(320, '320.mp3', 'ar', 322, NULL, '2022-01-20 14:17:58', '2022-01-20 14:17:58'),
(321, '321.mp3', 'ar', 323, NULL, '2022-01-20 14:17:58', '2022-01-20 14:17:58'),
(322, '322.mp3', 'ar', 324, NULL, '2022-01-20 14:17:58', '2022-01-20 14:17:58'),
(323, '323.mp3', 'ar', 325, NULL, '2022-01-20 14:17:58', '2022-01-20 14:17:58'),
(324, '324.mp3', 'ar', 326, NULL, '2022-01-20 14:17:58', '2022-01-20 14:17:58'),
(325, '325.mp3', 'ar', 327, NULL, '2022-01-20 14:17:58', '2022-01-20 14:17:58'),
(326, '326.mp3', 'ar', 328, NULL, '2022-01-20 14:17:58', '2022-01-20 14:17:58'),
(327, '327.mp3', 'ar', 329, NULL, '2022-01-20 14:17:58', '2022-01-20 14:17:58'),
(328, '328.mp3', 'ar', 330, NULL, '2022-01-20 14:17:58', '2022-01-20 14:17:58'),
(329, '329.mp3', 'ar', 331, NULL, '2022-01-20 14:17:58', '2022-01-20 14:17:58'),
(330, '330.mp3', 'ar', 332, NULL, '2022-01-20 14:17:58', '2022-01-20 14:17:58'),
(331, '331.mp3', 'ar', 333, NULL, '2022-01-20 14:17:58', '2022-01-20 14:17:58'),
(332, '332.mp3', 'ar', 334, NULL, '2022-01-20 14:17:58', '2022-01-20 14:17:58'),
(333, '333.mp3', 'ar', 335, NULL, '2022-01-20 14:17:58', '2022-01-20 14:17:58'),
(334, '334.mp3', 'ar', 336, NULL, '2022-01-20 14:17:58', '2022-01-20 14:17:58'),
(335, '335.mp3', 'ar', 337, NULL, '2022-01-20 14:17:58', '2022-01-20 14:17:58'),
(336, '336.mp3', 'ar', 338, NULL, '2022-01-20 14:17:58', '2022-01-20 14:17:58'),
(337, '337.mp3', 'ar', 339, NULL, '2022-01-20 14:17:58', '2022-01-20 14:17:58'),
(338, '338.mp3', 'ar', 340, NULL, '2022-01-20 14:17:58', '2022-01-20 14:17:58'),
(339, '339.mp3', 'ar', 341, NULL, '2022-01-20 14:17:58', '2022-01-20 14:17:58'),
(340, '340.mp3', 'ar', 342, NULL, '2022-01-20 14:17:58', '2022-01-20 14:17:58'),
(341, '341.mp3', 'ar', 343, NULL, '2022-01-20 14:17:58', '2022-01-20 14:17:58'),
(342, '342.mp3', 'ar', 344, NULL, '2022-01-20 14:17:58', '2022-01-20 14:17:58'),
(343, '343.mp3', 'ar', 345, NULL, '2022-01-20 14:17:58', '2022-01-20 14:17:58'),
(344, '344.mp3', 'ar', 346, NULL, '2022-01-20 14:17:58', '2022-01-20 14:17:58'),
(345, '345.mp3', 'ar', 347, NULL, '2022-01-20 14:17:58', '2022-01-20 14:17:58'),
(346, '346.mp3', 'ar', 348, NULL, '2022-01-20 14:17:58', '2022-01-20 14:17:58'),
(347, '347.mp3', 'ar', 349, NULL, '2022-01-20 14:17:58', '2022-01-20 14:17:58'),
(348, '348.mp3', 'ar', 350, NULL, '2022-01-20 14:17:58', '2022-01-20 14:17:58'),
(349, '349.mp3', 'ar', 351, NULL, '2022-01-20 14:17:58', '2022-01-20 14:17:58'),
(350, '350.mp3', 'ar', 352, NULL, '2022-01-20 14:17:58', '2022-01-20 14:17:58'),
(351, '351.mp3', 'ar', 353, NULL, '2022-01-20 14:17:58', '2022-01-20 14:17:58'),
(352, '352.mp3', 'ar', 354, NULL, '2022-01-20 14:17:58', '2022-01-20 14:17:58'),
(353, '353.mp3', 'ar', 355, NULL, '2022-01-20 14:17:58', '2022-01-20 14:17:58'),
(354, '354.mp3', 'ar', 356, NULL, '2022-01-20 14:17:58', '2022-01-20 14:17:58'),
(355, '355.mp3', 'ar', 357, NULL, '2022-01-20 14:17:58', '2022-01-20 14:17:58'),
(356, '356.mp3', 'ar', 358, NULL, '2022-01-20 14:17:58', '2022-01-20 14:17:58'),
(357, '357.mp3', 'ar', 359, NULL, '2022-01-20 14:17:58', '2022-01-20 14:17:58'),
(358, '358.mp3', 'ar', 360, NULL, '2022-01-20 14:17:58', '2022-01-20 14:17:58'),
(359, '359.mp3', 'ar', 361, NULL, '2022-01-20 14:17:58', '2022-01-20 14:17:58'),
(360, '360.mp3', 'ar', 362, NULL, '2022-01-20 14:17:58', '2022-01-20 14:17:58'),
(361, '361.mp3', 'ar', 363, NULL, '2022-01-20 14:17:58', '2022-01-20 14:17:58'),
(362, '362.mp3', 'ar', 364, NULL, '2022-01-20 14:17:58', '2022-01-20 14:17:58'),
(363, '363.mp3', 'ar', 365, NULL, '2022-01-20 14:17:58', '2022-01-20 14:17:58'),
(364, '364.mp3', 'ar', 366, NULL, '2022-01-20 14:17:58', '2022-01-20 14:17:58'),
(365, '365.mp3', 'ar', 367, NULL, '2022-01-20 14:17:58', '2022-01-20 14:17:58'),
(366, '366.mp3', 'ar', 368, NULL, '2022-01-20 14:17:58', '2022-01-20 14:17:58'),
(367, '367.mp3', 'ar', 369, NULL, '2022-01-20 14:17:58', '2022-01-20 14:17:58'),
(368, '368.mp3', 'ar', 370, NULL, '2022-01-20 14:17:58', '2022-01-20 14:17:58'),
(369, '369.mp3', 'ar', 371, NULL, '2022-01-20 14:17:58', '2022-01-20 14:17:58'),
(370, '370.mp3', 'ar', 372, NULL, '2022-01-20 14:17:58', '2022-01-20 14:17:58'),
(371, '371.mp3', 'ar', 373, NULL, '2022-01-20 14:17:58', '2022-01-20 14:17:58'),
(372, '372.mp3', 'ar', 374, NULL, '2022-01-20 14:17:58', '2022-01-20 14:17:58'),
(373, '373.mp3', 'ar', 375, NULL, '2022-01-20 14:17:58', '2022-01-20 14:17:58'),
(374, '374.mp3', 'ar', 376, NULL, '2022-01-20 14:17:58', '2022-01-20 14:17:58'),
(375, '375.mp3', 'ar', 377, NULL, '2022-01-20 14:17:58', '2022-01-20 14:17:58'),
(376, '376.mp3', 'ar', 378, NULL, '2022-01-20 14:17:58', '2022-01-20 14:17:58'),
(377, '377.mp3', 'ar', 379, NULL, '2022-01-20 14:17:58', '2022-01-20 14:17:58'),
(378, '378.mp3', 'ar', 380, NULL, '2022-01-20 14:17:58', '2022-01-20 14:17:58'),
(379, '379.mp3', 'ar', 381, NULL, '2022-01-20 14:17:58', '2022-01-20 14:17:58'),
(380, '380.mp3', 'ar', 382, NULL, '2022-01-20 14:17:58', '2022-01-20 14:17:58'),
(381, '381.mp3', 'ar', 383, NULL, '2022-01-20 14:17:58', '2022-01-20 14:17:58'),
(382, '382.mp3', 'ar', 384, NULL, '2022-01-20 14:17:58', '2022-01-20 14:17:58'),
(383, '383.mp3', 'ar', 385, NULL, '2022-01-20 14:17:58', '2022-01-20 14:17:58'),
(384, '384.mp3', 'ar', 386, NULL, '2022-01-20 14:17:58', '2022-01-20 14:17:58'),
(385, '385.mp3', 'ar', 387, NULL, '2022-01-20 14:17:58', '2022-01-20 14:17:58'),
(386, '386.mp3', 'ar', 388, NULL, '2022-01-20 14:17:58', '2022-01-20 14:17:58'),
(387, '387.mp3', 'ar', 389, NULL, '2022-01-20 14:17:58', '2022-01-20 14:17:58'),
(388, '388.mp3', 'ar', 390, NULL, '2022-01-20 14:17:58', '2022-01-20 14:17:58'),
(389, '389.mp3', 'ar', 391, NULL, '2022-01-20 14:17:58', '2022-01-20 14:17:58'),
(390, '390.mp3', 'ar', 392, NULL, '2022-01-20 14:17:58', '2022-01-20 14:17:58'),
(391, '391.mp3', 'ar', 393, NULL, '2022-01-20 14:17:58', '2022-01-20 14:17:58'),
(392, '392.mp3', 'ar', 394, NULL, '2022-01-20 14:17:58', '2022-01-20 14:17:58'),
(393, '393.mp3', 'ar', 395, NULL, '2022-01-20 14:17:58', '2022-01-20 14:17:58'),
(394, '394.mp3', 'ar', 396, NULL, '2022-01-20 14:17:58', '2022-01-20 14:17:58'),
(395, '395.mp3', 'ar', 397, NULL, '2022-01-20 14:17:58', '2022-01-20 14:17:58'),
(396, '396.mp3', 'ar', 398, NULL, '2022-01-20 14:17:58', '2022-01-20 14:17:58'),
(397, '397.mp3', 'ar', 399, NULL, '2022-01-20 14:17:58', '2022-01-20 14:17:58'),
(398, '398.mp3', 'ar', 400, NULL, '2022-01-20 14:17:58', '2022-01-20 14:17:58'),
(399, '399.mp3', 'ar', 401, NULL, '2022-01-20 14:17:58', '2022-01-20 14:17:58'),
(400, '400.mp3', 'ar', 402, NULL, '2022-01-20 14:17:58', '2022-01-20 14:17:58'),
(401, '401.mp3', 'ar', 403, NULL, '2022-01-20 14:17:58', '2022-01-20 14:17:58'),
(402, '402.mp3', 'ar', 404, NULL, '2022-01-20 14:17:58', '2022-01-20 14:17:58'),
(403, '403.mp3', 'ar', 405, NULL, '2022-01-20 14:17:58', '2022-01-20 14:17:58'),
(404, '404.mp3', 'ar', 406, NULL, '2022-01-20 14:17:58', '2022-01-20 14:17:58'),
(405, '405.mp3', 'ar', 407, NULL, '2022-01-20 14:17:58', '2022-01-20 14:17:58'),
(406, '406.mp3', 'ar', 408, NULL, '2022-01-20 14:17:58', '2022-01-20 14:17:58'),
(407, '407.mp3', 'ar', 409, NULL, '2022-01-20 14:17:58', '2022-01-20 14:17:58'),
(408, '408.mp3', 'ar', 410, NULL, '2022-01-20 14:17:58', '2022-01-20 14:17:58'),
(409, '409.mp3', 'ar', 411, NULL, '2022-01-20 14:17:58', '2022-01-20 14:17:58'),
(410, '410.mp3', 'ar', 412, NULL, '2022-01-20 14:17:58', '2022-01-20 14:17:58'),
(411, '411.mp3', 'ar', 413, NULL, '2022-01-20 14:17:58', '2022-01-20 14:17:58'),
(412, '412.mp3', 'ar', 414, NULL, '2022-01-20 14:17:58', '2022-01-20 14:17:58'),
(413, '413.mp3', 'ar', 415, NULL, '2022-01-20 14:17:58', '2022-01-20 14:17:58'),
(414, '414.mp3', 'ar', 416, NULL, '2022-01-20 14:17:58', '2022-01-20 14:17:58'),
(415, '415.mp3', 'ar', 417, NULL, '2022-01-20 14:17:59', '2022-01-20 14:17:59'),
(416, '416.mp3', 'ar', 418, NULL, '2022-01-20 14:17:59', '2022-01-20 14:17:59'),
(417, '417.mp3', 'ar', 419, NULL, '2022-01-20 14:17:59', '2022-01-20 14:17:59'),
(418, '418.mp3', 'ar', 420, NULL, '2022-01-20 14:17:59', '2022-01-20 14:17:59'),
(419, '419.mp3', 'ar', 421, NULL, '2022-01-20 14:17:59', '2022-01-20 14:17:59'),
(420, '420.mp3', 'ar', 422, NULL, '2022-01-20 14:17:59', '2022-01-20 14:17:59'),
(421, '421.mp3', 'ar', 423, NULL, '2022-01-20 14:17:59', '2022-01-20 14:17:59'),
(422, '422.mp3', 'ar', 424, NULL, '2022-01-20 14:17:59', '2022-01-20 14:17:59'),
(423, '423.mp3', 'ar', 425, NULL, '2022-01-20 14:17:59', '2022-01-20 14:17:59'),
(424, '424.mp3', 'ar', 426, NULL, '2022-01-20 14:17:59', '2022-01-20 14:17:59'),
(425, '425.mp3', 'ar', 427, NULL, '2022-01-20 14:17:59', '2022-01-20 14:17:59'),
(426, '426.mp3', 'ar', 428, NULL, '2022-01-20 14:17:59', '2022-01-20 14:17:59'),
(427, '427.mp3', 'ar', 429, NULL, '2022-01-20 14:17:59', '2022-01-20 14:17:59'),
(428, '428.mp3', 'ar', 430, NULL, '2022-01-20 14:17:59', '2022-01-20 14:17:59'),
(429, '429.mp3', 'ar', 431, NULL, '2022-01-20 14:17:59', '2022-01-20 14:17:59'),
(430, '430.mp3', 'ar', 432, NULL, '2022-01-20 14:17:59', '2022-01-20 14:17:59');

-- --------------------------------------------------------

--
-- Table structure for table `branch_translations`
--

CREATE TABLE `branch_translations` (
  `id` bigint UNSIGNED NOT NULL,
  `name` varchar(191) CHARACTER SET utf8mb4 COLLATE utf8mb4_unicode_ci NOT NULL,
  `desc` text CHARACTER SET utf8mb4 COLLATE utf8mb4_unicode_ci,
  `note` text CHARACTER SET utf8mb4 COLLATE utf8mb4_unicode_ci,
  `address` text CHARACTER SET utf8mb4 COLLATE utf8mb4_unicode_ci,
  `locale` varchar(191) CHARACTER SET utf8mb4 COLLATE utf8mb4_unicode_ci NOT NULL,
  `branch_id` bigint UNSIGNED NOT NULL,
  `deleted_at` timestamp NULL DEFAULT NULL,
  `created_at` timestamp NULL DEFAULT NULL,
  `updated_at` timestamp NULL DEFAULT NULL
) ENGINE=InnoDB DEFAULT CHARSET=utf8mb4 COLLATE=utf8mb4_unicode_ci;

--
-- Dumping data for table `branch_translations`
--

INSERT INTO `branch_translations` (`id`, `name`, `desc`, `note`, `address`, `locale`, `branch_id`, `deleted_at`, `created_at`, `updated_at`) VALUES
(1, 'السلام', NULL, NULL, 'محافظة القاهره شركة شمال القاهره لتوزيع الكهرباء مساكن الصعيد بجوار مدرسة BBC وتخدم منطقة السلام للأتصال الخط الساخن 121', 'ar', 826, NULL, '2022-03-31 18:52:24', '2022-03-31 18:52:24'),
(2, 'العباسية والظاهر', NULL, NULL, 'محافظة القاهره شركة شمال القاهره لتوزيع الكهرباء 1 ميدان الظاهر أمام مسجد الظاهر بيبرس  وتخدم منطقة العباسية والظاهر للأتصال الخط الساخن 121', 'ar', 827, NULL, '2022-03-31 18:52:24', '2022-03-31 18:52:24'),
(3, 'المرج وعزبة النخل', NULL, NULL, 'محافظة القاهره شركة شمال القاهره لتوزيع الكهرباء أمام مستشفى جراحة اليوم الواحد بالمرج  وتخدم منطقة المرج وعزبة النخل وقباء', 'ar', 828, NULL, '2022-03-31 18:52:24', '2022-03-31 18:52:24'),
(4, 'النهضة', NULL, NULL, 'محافظة القاهره شركة شمال القاهره لتوزيع الكهرباء بلوك 6 شارع سوق السنترال أمام النقطة القديمة  وتخدم منطقة النهضة للأتصال الخط الساخن 121', 'ar', 829, NULL, '2022-03-31 18:52:24', '2022-03-31 18:52:24'),
(5, 'حلمية الزيتون', NULL, NULL, 'محافظة القاهره شركة شمال القاهره لتوزيع الكهرباء 22ش ابن الحكم - بجوار نادي 6 أكتوبر  وتخدم منطقة الزيتون وعين شمس للأتصال الخط الساخن 121', 'ar', 830, NULL, '2022-03-31 18:52:24', '2022-03-31 18:52:24'),
(6, 'المطرية', NULL, NULL, 'محافظة القاهره شركة شمال القاهره لتوزيع الكهرباء 22ش ابن الحكم - بجوار نادي 6 أكتوبر  وتخدم منطقة المطرية وحدائق القبة للأتصال الخط الساخن 121', 'ar', 831, NULL, '2022-03-31 18:52:24', '2022-03-31 18:52:24'),
(7, 'روض الفرج', NULL, NULL, 'محافظة القاهره شركة شمال القاهره لتوزيع الكهرباء كورنيش النيل - أسفل كوبري الساحل - روض الفرج  وتخدم منطقة روض الفرج للأتصال الخط الساخن 121', 'ar', 832, NULL, '2022-03-31 18:52:24', '2022-03-31 18:52:24'),
(8, 'الشرابية', NULL, NULL, 'محافظة القاهره شركة شمال القاهره لتوزيع الكهرباء كورنيش النيل - أسفل كوبري الساحل - روض الفرج  وتخدم منطقة الزاوية الحمراء للأتصال الخط الساخن 121', 'ar', 833, NULL, '2022-03-31 18:52:24', '2022-03-31 18:52:24'),
(9, 'شبرا مصر', NULL, NULL, 'محافظة القاهره شركة شمال القاهره لتوزيع الكهرباء كورنيش النيل - أسفل كوبري الساحل - روض الفرج  وتخدم منطقة شبرا مصر للأتصال الخط الساخن 121', 'ar', 834, NULL, '2022-03-31 18:52:24', '2022-03-31 18:52:24'),
(10, 'مدينة نصر شرق', NULL, NULL, 'محافظة القاهره شركة شمال القاهره لتوزيع الكهرباء  للأتصال الخط الساخن 121 2طريق النصر بجوار قسم أول مدينة نصر  وتخدم منطقة حي شرق مدينة نصر للأتصال الخط الساخن 121', 'ar', 835, NULL, '2022-03-31 18:52:24', '2022-03-31 18:52:24'),
(11, 'مدينة نصر غرب', NULL, NULL, 'محافظة القاهره شركة شمال القاهره لتوزيع الكهرباء  للأتصال الخط الساخن 121 2طريق النصر بجوار قسم أول مدينة نصر  وتخدم منطقة حي غرب مدينة نصر للأتصال الخط الساخن 121', 'ar', 836, NULL, '2022-03-31 18:52:24', '2022-03-31 18:52:24'),
(12, 'شروق مدينة نصر', NULL, NULL, 'محافظة القاهره شركة شمال القاهره لتوزيع الكهرباء  2طريق النصر بجوار قسم أول مدينة نصر  وتخدم منطقة حي شرق مدينة نصر للأتصال الخط الساخن 121', 'ar', 837, NULL, '2022-03-31 18:52:24', '2022-03-31 18:52:24'),
(13, 'مصر الجديدة والنزهة', NULL, NULL, 'محافظة القاهره شركة شمال القاهره لتوزيع الكهرباء 31شارع نبيل الوقاد - مصر الجديدة  وتخدم منطقة مصر الجديددة والنزهة للأتصال الخط الساخن 121', 'ar', 838, NULL, '2022-03-31 18:52:24', '2022-03-31 18:52:24'),
(14, 'جمعية أحمد عرابي', NULL, NULL, 'محافظة القاهره شركة شمال القاهره لتوزيع الكهرباء جمعية أحمد عرابي وتخدم منطقة جمعية أحمد عرابي للأتصال الخط الساخن 121', 'ar', 839, NULL, '2022-03-31 18:52:24', '2022-03-31 18:52:24'),
(15, 'كبار المشتركين', NULL, NULL, 'محافظة القاهره شركة شمال القاهره لتوزيع الكهرباء 2ش النصر بجوار قسم أول مدينة نصر وتخدم منطقة كبار المشتركين للأتصال الخط الساخن 121', 'ar', 840, NULL, '2022-03-31 18:52:24', '2022-03-31 18:52:24'),
(16, 'البساتين (1)', NULL, NULL, 'محافظة القاهره شركة جنوب القاهره لتوزيع الكهرباء شر البساتين العمومي خلف مساكن الكلحة وتخدم منطقة عرب المعادي وفايدة كامل وأرض البصري ,السد العالي ومساكن أطلس ومقابر اليهود للأتصال الخط الساخن 121', 'ar', 841, NULL, '2022-03-31 18:52:24', '2022-03-31 18:52:24'),
(17, 'البساتين (2)', NULL, NULL, 'محافظة القاهره شركة جنوب القاهره لتوزيع الكهرباء شر البساتين العمومي خلف مساكن الكلحة وتخدم منطقة عزبة الخيرالله وبئر أم سلطان وعزبة الطحاوي للأتصال الخط الساخن 121', 'ar', 842, NULL, '2022-03-31 18:52:24', '2022-03-31 18:52:24'),
(18, 'السيدة زينب', NULL, NULL, 'محافظة القاهره شركة جنوب القاهره لتوزيع الكهرباء 8ش علي حسن السيدة زينب وتخدم منقطة المنيل وجاردن سيتي والقصر العيني والسيدة زنب والفسطاط ومساكن زينهم والمدبح للأتصال الخط الساخن 121', 'ar', 843, NULL, '2022-03-31 18:52:24', '2022-03-31 18:52:24'),
(19, 'القلعة', NULL, NULL, 'محافظة القاهره شركة جنوب القاهره لتوزيع الكهرباء ميدان صلاح الدين أمام القلعة وتخدم منطقة الجمالية والدرب الأحمر والأمام الشافعي والإمام الليثي ومنشية ناصر والدويقة والحلمية ودرب سعادة وشارع الأزهر للأتصال الخط الساخن 121', 'ar', 844, NULL, '2022-03-31 18:52:24', '2022-03-31 18:52:24'),
(20, 'المعادي (1)', NULL, NULL, 'محافظة القاهره شركة جنوب القاهره لتوزيع الكهرباء 3ش وادي النيل المعادي وتخدم منقطة كورنيش المعادي وحدائق المعادي والمعصرة وكوتسيكا وطرة وطرة الأسمنت للأتصال الخط الساخن 121', 'ar', 845, NULL, '2022-03-31 18:52:24', '2022-03-31 18:52:24'),
(21, 'المعادي (2)', NULL, NULL, 'محافظة القاهره شركة جنوب القاهره لتوزيع الكهرباء 3ش وادي النيل المعادي وتخدم منطقة سرايات المعادي وزهراء المعادي وجلة والمعراج ودار السلام للأتصال الخط الساخن 121', 'ar', 846, NULL, '2022-03-31 18:52:24', '2022-03-31 18:52:24'),
(22, 'دار السلام', NULL, NULL, 'محافظة القاهره شركة جنوب القاهره لتوزيع الكهرباء 3ش وادي النيل المعادي وتخدم منطقة سرايات المعادي وزهراء المعادي وجلة والمعراج ودار السلام للأتصال الخط الساخن 121', 'ar', 847, NULL, '2022-03-31 18:52:24', '2022-03-31 18:52:24'),
(23, 'المقطم (أ)', NULL, NULL, 'محافظة القاهره شركة جنوب القاهره لتوزيع الكهرباء 16مساكن الجزيرة بالهضبة الوطيى وتخدم منطقة مساكن الإيواء وتحيا مصر والاسمرات للأتصال الخط الساخن 121 ', 'ar', 848, NULL, '2022-03-31 18:52:24', '2022-03-31 18:52:24'),
(24, 'المقطم (ب)', NULL, NULL, 'محافظة القاهره شركة جنوب القاهره لتوزيع الكهرباء  16مساكن الجيزيرة بالهضبة الوسطى وتخدم منطقة ال 70 فدان وأرض المباحث وكومباوند النخيل والبارون وسما ومعادي جاردن عباد الرحمنة  للأتصال الخط الساخن 121', 'ar', 849, NULL, '2022-03-31 18:52:24', '2022-03-31 18:52:24'),
(25, 'حلوان', NULL, NULL, 'محافظة القاهره شركة جنوب القاهره لتوزيع الكهرباء ش أحمد أنس أمام مكتب بريد حلوان وتخدم منطقة حلوان للأتصال الخط الساخن 121', 'ar', 850, NULL, '2022-03-31 18:52:24', '2022-03-31 18:52:24'),
(26, 'غرب القاهرة', NULL, NULL, 'محافظة القاهره شركة جنوب القاهره لتوزيع الكهرباء 60شارع السبتية - السبتية وتخدم منقطة وسط البلد والسبتية وعابدين والموسكي وباب الشعرية وبولاق والزمالك والعتبة للأتصال الخط الساخن 121', 'ar', 851, NULL, '2022-03-31 18:52:24', '2022-03-31 18:52:24'),
(27, 'الجيزة', NULL, NULL, 'محافظة الجيزة شركة جنوب القاهره لتوزيع الكهرباء 3شارع استوديو الأهرام وتخدمة منطقة الجيزة وشارع البحر الأعظم وشارع ربيع الجيزي ويمين شارع الهرم حتى الطالبيةللأتصال الخط الساخن 121', 'ar', 852, NULL, '2022-03-31 18:52:24', '2022-03-31 18:52:24'),
(28, 'العمرانية (1)', NULL, NULL, 'محافظة الجيزة شركة جنوب القاهره لتوزيع الكهرباء 3شارع استوديو الأهرام وتخدم منطقة يسار شارع الهرم حتى الطالبية والعمرانية الشرقية والعمرانية الغربية يمين شارع مستشفى الصدر وخاتم المرسلين والثلاثيني للأتصال الخط الساخن 121', 'ar', 853, NULL, '2022-03-31 18:52:24', '2022-03-31 18:52:24'),
(29, 'العمرانية (2)', NULL, NULL, 'محافظة الجيزة شركة جنوب القاهره لتوزيع الكهرباء 3شارع استوديو الأهرام وتخدم منطقة العمرانية الغربية يسار شارع مستشفى الصدر وزهراء العمرانية وشارع الطكتور محمد فؤاد سعيد وجسر الكنيسة وشارع المدبح والمنيب للأتصال الخط الساخن 121', 'ar', 854, NULL, '2022-03-31 18:52:24', '2022-03-31 18:52:24'),
(30, 'الطالبية (1)', NULL, NULL, 'محافظة الجيزة شركة جنوب القاهره لتوزيع الكهرباء 3شارع استوديو الأهرام وتخدم منطقة الطالبية وفكيهة والأندلس والكوم الأخضر والعروبة والثلاثيني الجديد وعز الدين عمر للأتصال الخط الساخن 121', 'ar', 855, NULL, '2022-03-31 18:52:24', '2022-03-31 18:52:24'),
(31, 'الطالبية (2)', NULL, NULL, 'محافظة الجيزة شركة جنوب القاهره لتوزيع الكهرباء 3شارع استوديو الأهرام وتخدم منطقة الطالبية وكفر الجبل وشبرامنت والحرانية وزاوية أبو مسلم ونزلة السيسي والمنصورية والمريوطية للأتصال الخط الساخن 121', 'ar', 856, NULL, '2022-03-31 18:52:24', '2022-03-31 18:52:24'),
(32, 'نصر الدين', NULL, NULL, 'محافظة الجيزة شركة جنوب القاهره لتوزيع الكهرباء 3شارع استوديو الأهرام وتخدم منطقة أول الطريق الصحراوي ويمين شارع الهرم من الطالبية وحدائق الأهرام ومساكن الرماية للأتصال الخط الساخن 121', 'ar', 857, NULL, '2022-03-31 18:52:24', '2022-03-31 18:52:24'),
(33, 'الدقي', NULL, NULL, 'محافظة الجيزة شركة جنوب القاهره لتوزيع الكهرباء شارع نوال بالعجوزة وتخدم منطقة الدقي والعجوزة وبين السريات للأتصال الخط الساخن 121', 'ar', 858, NULL, '2022-03-31 18:52:24', '2022-03-31 18:52:24'),
(34, 'المهندسين ', NULL, NULL, 'محافظة الجيزة شركة جنوب القاهره لتوزيع الكهرباء شارع نوال بالعجوزة وتخدم منطقة المهندسين للأتصال الخط الساخن 121', 'ar', 859, NULL, '2022-03-31 18:52:24', '2022-03-31 18:52:24'),
(35, 'امبابة', NULL, NULL, 'محافظة الجيزة شركة جنوب القاهره لتوزيع الكهرباء شارع نوال بالعجوزة وتخدم منطقة  امبابة للأتصال الخط الساخن 121', 'ar', 860, NULL, '2022-03-31 18:52:24', '2022-03-31 18:52:24'),
(36, 'الوراق (1)', NULL, NULL, 'محافظة الجيزة شركة جنوب القاهره لتوزيع الكهرباء شارع كورنيش النيل أمام قسم الوراق وتخدم منطقة طناش وسقيل من الكورنيش الي مصنع الكراسي ومن إدارة الوراق إلى أرض الجمعية للأتصال الخط الساخن 121', 'ar', 861, NULL, '2022-03-31 18:52:24', '2022-03-31 18:52:24'),
(37, 'الوراق (2)', NULL, NULL, 'محافظة الجيزة شركة جنوب القاهره لتوزيع الكهرباء شارع كورنيش النيل أمام قسم الوراق وتخدم منطقة القومية شمال الدائري إلى موقف وراق العرب وشارع السنترال ووراق العرب وكفر السليمانية وعزبة الخلايفة للأتصال الخط الساخن 121', 'ar', 862, NULL, '2022-03-31 18:52:24', '2022-03-31 18:52:24'),
(38, 'المنيرة الغربية', NULL, NULL, 'محافظة الجيزة شركة جنوب القاهره لتوزيع الكهرباءشارع بشتيل المحطة بجوار سكة حديد بشتيل وتخدم منطقة المنيرة الغربية والبصراوي وأرض الحداد وشارع المطار والإمام الغزالي وشار الأقصر للأتصال الخط الساخن 121', 'ar', 863, NULL, '2022-03-31 18:52:24', '2022-03-31 18:52:24'),
(39, 'بشتيل (1)', NULL, NULL, 'محافظة الجيزة شركة جنوب القاهره لتوزيع الكهرباء شارع بشتيل المحطة بجوار سكة حديد بشتيل وتخدم منطقة بشتيل القديمة والحديدة ومدينة الأمل وعزبة المفتي وعزبة المطار للأتصال الخط الساخن 121', 'ar', 864, NULL, '2022-03-31 18:52:24', '2022-03-31 18:52:24'),
(40, 'بشتيل (2)', NULL, NULL, 'محافظة الجيزة شركة جنوب القاهره لتوزيع الكهرباء شارع بشتيل المحطة بجوار سكة حديد بشتيل وتخدم منطقة غرب السكة الحديد ولعبة وشارع الجمعية الزراعية للأتصال الخط الساخن 121', 'ar', 865, NULL, '2022-03-31 18:52:24', '2022-03-31 18:52:24'),
(41, 'بولاق (1)', NULL, NULL, 'محافظة الجيزة شركة جنوب القاهره لتوزيع الكهرباء أمام محطة مترو فيصل وتخدم منطقة زنين والرشاح والثلاجة للأتصال الخط الساخن 121', 'ar', 866, NULL, '2022-03-31 18:52:24', '2022-03-31 18:52:24'),
(42, 'بولاق (2)', NULL, NULL, 'محافظة الجيزة شركة جنوب القاهره لتوزيع الكهرباء أمام محطة مترو فيصل وتخدم منطقة ناهيا وهمفرس والطريق الأبيض للأتصال الخط الساخن 121', 'ar', 867, NULL, '2022-03-31 18:52:24', '2022-03-31 18:52:24'),
(43, 'فيصل (1)', NULL, NULL, 'محافظة الجيزة شركة جنوب القاهره لتوزيع الكهرباء أمام محطة مترو فيصل وتخدم منطقة المطبعة والطوابق والمريوطية وعزبة جبريل للأتصال الخط الساخن 121', 'ar', 868, NULL, '2022-03-31 18:52:24', '2022-03-31 18:52:24'),
(44, 'فيصل (2)', NULL, NULL, 'محافظة الجيزة شركة جنوب القاهره لتوزيع الكهرباء أمام محطة مترو فيصل وتخدم منطقة العشرين والملكة وحسن محمد وكفر طهرمس للأتصال الخط الساخن 121', 'ar', 869, NULL, '2022-03-31 18:52:24', '2022-03-31 18:52:24'),
(45, 'الصف', NULL, NULL, 'محافظة الجيزة شركة جنوب القاهره لتوزيع الكهرباء شارع الجيش أمام مساكن أبو بكر الصديق وتخدم منطقة الصف وعرب أبو ساعد والعطيات وكفر طرخان والأخصاص وغمازة كبري والمنيا والشرفا وعرب أبو عريضة وعرب الشيخ صالح للأتصال الخط الساخن 121', 'ar', 870, NULL, '2022-03-31 18:52:24', '2022-03-31 18:52:24'),
(46, 'العياط', NULL, NULL, 'محافظة الجيزة شركة جنوب القاهره لتوزيع الكهرباء ش شكري عمارة 9 شقة 1 بجوار محطة السكة الحديد ويخدم منطقة العياط للأتصال الخط الساخن 121', 'ar', 871, NULL, '2022-03-31 18:52:24', '2022-03-31 18:52:24'),
(47, 'المنصورية', NULL, NULL, 'محافظة الجيزة شركة جنوب القاهره لتوزيع الكهرباء شارع معهد الفتيات أمام مسجد الحسينية ويخدم منطقة المنصورية وبرقاش ومساكن نكله وقرية عبد الصمد وصليبه وعزبة العقباوي للأتصال الخط الساخن 121', 'ar', 872, NULL, '2022-03-31 18:52:24', '2022-03-31 18:52:24'),
(48, 'الواحات', NULL, NULL, 'محافظة الجيزة شركة جنوب القاهره لتوزيع الكهرباءالباويطي البرني عمارة 1 مدخل 1 وتخدم منطقة الواحات البحرة والحاره ومنديشه والزبو والباويطي والقصر والعجوز للأتصال الخط الساخن 121', 'ar', 873, NULL, '2022-03-31 18:52:24', '2022-03-31 18:52:24'),
(49, 'أطفيح', NULL, NULL, 'محافظة الجيزة شركة جنوب القاهره لتوزيع الكهرباء الطريق الرئيسي بجوار مركز شركة أطيح من القبلي وخدم منطقة أطفيح والقبابات وكفر الوصلين وعزبة المصرية ومنيل السلطان والصالحية ومنشية الرقة وكفر قنديل والبرومبل والكريمات ودير الميمون ومسجد  للأتصال الخط الساخن 121موسى', 'ar', 874, NULL, '2022-03-31 18:52:24', '2022-03-31 18:52:24'),
(50, 'أوسيم (1)', NULL, NULL, 'محافظة الجيزة شركة جنوب القاهره لتوزيع الكهرباء شارع القاضي بجوار مدرسة الفصل الواحد أوسيم وتخدم منطقة أوسيم والقيراطين وبرطس والزيدية والزاوية والأبعدية وشنباري والكوم الأحمر', 'ar', 875, NULL, '2022-03-31 18:52:24', '2022-03-31 18:52:24'),
(51, 'أوسيم (2)', NULL, NULL, 'محافظة الجيزة شركة جنوب القاهره لتوزيع الكهرباء شارع القاضي بجوار مدرسة الفصل الواحد أوسيم وتخدم منطقة أرض اللواء يمين المحور والبراجيل وعزبة خيزة للأتصال الخط الساخن 121', 'ar', 876, NULL, '2022-03-31 18:52:24', '2022-03-31 18:52:24'),
(52, 'كرداسة', NULL, NULL, 'محافظة الجيزة شركة جنوب القاهره لتوزيع الكهرباء شارع سعد زغلول بجوار موع كهرباء السلخانة وتخدم منطقة كرداسة بضواحيها وأبو روش بضواحيها وكفر غطااطي وبني مجدول وكفر أبو حميدة للأتصال الخط الساخن 121', 'ar', 877, NULL, '2022-03-31 18:52:24', '2022-03-31 18:52:24'),
(53, 'منشاة القناطر', NULL, NULL, 'محافظة الجيزة شركة جنوب القاهره لتوزيع الكهرباء بجوار قسم شرطة منشأة القناطروتخدم منطقة منشأة القناطر والجلاتنه ومناشي البلد وجرزاية ونكل والأخصاص وبهرمس وذات الكوم وأم دينار والرهاوي للأتصال الخط الساخن 121', 'ar', 878, NULL, '2022-03-31 18:52:24', '2022-03-31 18:52:24'),
(54, 'وردان', NULL, NULL, 'محافظة الجيزة شركة جنوب القاهره لتوزيع الكهرباء بجوار التأمين الصحي وردان وتخدم منطقة وردان والقطة وأبو غالب والحاجر وأتريس وكفر أبو الحديد وحدود نكلة والقطة حتى حدود الخطاطية بحيرة للأتصال الخط الساخن 121', 'ar', 879, NULL, '2022-03-31 18:52:24', '2022-03-31 18:52:24'),
(55, 'البيطاش', NULL, NULL, 'محافظة الأسكندرية شركة الأسكندرية لتوزيع الكهرباء شارع البيطاش الرئيسي  وتخدم منطقة البيطاش للأتصال الخط الساخن 121', 'ar', 880, NULL, '2022-03-31 18:52:24', '2022-04-03 12:14:27'),
(56, 'بيانكى', NULL, NULL, 'محافظة الأسكندرية شركة الأسكندرية لتوزيع الكهرباء نهاية شارع الحنفية بجوار بيانكى 480 وتخدم منطقة  بيانكى للأتصال الخط الساخن 121', 'ar', 881, NULL, '2022-03-31 18:52:24', '2022-03-31 18:52:24'),
(57, 'الساحل الشمالي', NULL, NULL, 'محافظة الأسكندرية شركة الأسكندرية لتوزيع الكهرباء مساكن 21 الكيلو 21 بعد مكتب البريد وتخدم منطقة الساحل الشمالي من الكيلو 21 للكيلو 40 للأتصال الخط الساخن 121', 'ar', 882, NULL, '2022-03-31 18:52:24', '2022-03-31 18:52:24'),
(58, 'برج العرب القديم', NULL, NULL, ' محافظة الأسكندرية شركة الأسكندرية لتوزيع الكهرباء برج العرب القديم أمام المجلس المحلي وتخدم منطقة مركز ومدينة برج العرب للأتصال الخط الساخن 121', 'ar', 883, NULL, '2022-03-31 18:52:24', '2022-03-31 18:52:24'),
(59, 'الحمام', NULL, NULL, 'محافظة الأسكندرية شركة الأسكندرية لتوزيع الكهرباء مدينة الحمام أمام قسم شركة الحمام وتخدم منطقة  الحمام للأتصال الخط الساخن 121', 'ar', 884, NULL, '2022-03-31 18:52:24', '2022-03-31 18:52:24'),
(60, 'الهانوفيل', NULL, NULL, 'محافظة الأسكندرية شركة الأسكندرية لتوزيع الكهرباء طريق اسكندرية مطروح الهانوفيل أمام فتح الله جملة ماركت وتخدم منطقة الهانوفيل للأتصال الخط الساخن 121', 'ar', 885, NULL, '2022-03-31 18:52:24', '2022-03-31 18:52:24'),
(61, 'خورشيد البحرية', NULL, NULL, 'محافظة الأسكندرية شركة الأسكندرية لتوزيع الكهرباء عمارة الحاج فاروق الزين الزوايدة خورشيد وتخدم منطقة  الزوايدة وخورشيد والمراغي وعزبة كردون ومحسن والمهاجرين للأتصال الخط الساخن 121', 'ar', 886, NULL, '2022-03-31 18:52:24', '2022-03-31 18:52:24'),
(62, 'خورشيد القبلية', NULL, NULL, 'محافظة الأسكندرية شركة الأسكندرية لتوزيع الكهرباء تقاطع ش القاهرة مع ش الفضالي بجوار مسجد الفضالي وتخدم منطقة الفلكي والراس السوداء والمنشية البحرية واسكود وحوض 10 والرنس للأتصال الخط الساخن 121', 'ar', 887, NULL, '2022-03-31 18:52:24', '2022-03-31 18:52:24'),
(63, 'أبو قير', NULL, NULL, 'محافظة الأسكندرية شركة الأسكندرية لتوزيع الكهرباء نهاية شارع بورسعيد أمام الميناء البحري وتخدم منطقة  أبو قير للأتصال الخط الساخن 121', 'ar', 888, NULL, '2022-03-31 18:52:24', '2022-03-31 18:52:24'),
(64, 'سيدي بشر', NULL, NULL, 'محافظة الأسكندرية شركة الأسكندرية لتوزيع الكهرباء تقاطع شارع مسجد سيدي بشر مع العيسوي وتخدم منطقة سيدي بشر للأتصال الخط الساخن 121', 'ar', 889, NULL, '2022-03-31 18:52:24', '2022-03-31 18:52:24'),
(65, ' المندرة', NULL, NULL, 'محافظة الأسكندرية شركة الأسكندرية لتوزيع الكهرباء عمارة 40 مساكن مدينة فيص سيدي بشر وتخدم منطقة المندرة للأتصال الخط الساخن 121', 'ar', 890, NULL, '2022-03-31 18:52:24', '2022-03-31 18:52:24'),
(66, 'الإبراهيمية', NULL, NULL, 'محافظة الأسكندرية شركة الأسكندرية لتوزيع الكهرباء 1شارع عبد المنعم سند وتخدم منطقة  الابراهمية للأتصال الخط الساخن 121', 'ar', 891, NULL, '2022-03-31 18:52:24', '2022-03-31 18:52:24'),
(67, 'النصر', NULL, NULL, 'محافظة الأسكندرية شركة الأسكندرية لتوزيع الكهرباء 14شارع النصر الجمرك أمام الضرائب وتخدمة منطقة  النصر شمال قصر رأس التين غرب منشية اللبان ومينا البصل شرق كرموز للأتصال الخط الساخن 121', 'ar', 892, NULL, '2022-03-31 18:52:24', '2022-03-31 18:52:24'),
(68, 'محرم بك', NULL, NULL, 'محافظة الأسكندرية شركة الأسكندرية لتوزيع الكهرباء 99شارع محرم بك أمام محطة زين العابدين الرصافة وتخدم منطقة محرم بك للأتصال الخط الساخن 121', 'ar', 893, NULL, '2022-03-31 18:52:24', '2022-03-31 18:52:24'),
(69, 'وسط المدينة', NULL, NULL, 'محافظة الأسكندرية شركة الأسكندرية لتوزيع الكهرباء 9شارع سيدي المتولي العطارين وتخدم منطقة ش السبع بنات وش عامود السواري امتداد مدينة العرائس للأتصال الخط الساخن 121', 'ar', 894, NULL, '2022-03-31 18:52:24', '2022-03-31 18:52:24'),
(70, 'سموحة', NULL, NULL, 'محافظة الأسكندرية شركة الأسكندرية لتوزيع الكهرباء شارع ادمون فريمون سموحة وتخدم منطقة  سموحة من كوبري الابراهيمة لترعة المحمودية للأتصال الخط الساخن 121', 'ar', 895, NULL, '2022-03-31 18:52:24', '2022-03-31 18:52:24'),
(71, 'أبيس', NULL, NULL, 'محافظة الأسكندرية شركة الأسكندرية لتوزيع الكهرباء سموحة خلف الشهر العقاري وتخدم منطقة  أبيس للأتصال الخط الساخن 121', 'ar', 896, NULL, '2022-03-31 18:52:24', '2022-03-31 18:52:24'),
(72, 'باكوس', NULL, NULL, 'محافظة الأسكندرية شركة الأسكندرية لتوزيع الكهرباء تقاطع ش 20 مع ش محطة السوق أعلى أستوديو كرنفال وتخدم منطقة باكوس للأتصال الخط الساخن 121', 'ar', 897, NULL, '2022-03-31 18:52:24', '2022-03-31 18:52:24'),
(73, 'السيوف', NULL, NULL, 'محافظة الأسكندرية شركة الأسكندرية لتوزيع الكهرباء عمارة 10 غرناطة شارع أديب معقد السيوف وتخدم منطقة السوف من كوبري العوايد لمنطقة الساعة للأتصال الخط الساخن 121', 'ar', 898, NULL, '2022-03-31 18:52:24', '2022-03-31 18:52:24'),
(74, 'سابا باشا', NULL, NULL, 'محافظة الأسكندرية شركة الأسكندرية لتوزيع الكهرباء 9شارع محمد صالح أبو يوسف أمام قسم الرمل أول وتخدم منطقة سابا باشا وكفر عبدة ولوران وزيزنيا للأتصال الخط الساخن 121', 'ar', 899, NULL, '2022-03-31 18:52:24', '2022-03-31 18:52:24'),
(75, 'الجلاء', NULL, NULL, 'محافظة الأسكندرية شركة الأسكندرية لتوزيع الكهرباء عمارة 86 مساكن مدينة فيصل وسيدي بشر وتخدم منطقة الجلاء للأتصال الخط الساخن 121', 'ar', 900, NULL, '2022-03-31 18:52:24', '2022-03-31 18:52:24'),
(76, 'الدخيلة', NULL, NULL, 'محافظة الأسكندرية شركة الأسكندرية لتوزيع الكهرباء الدخيلة بحري طرييق مطروح خلف المحكمة وتخدم منطقة الدخيلة للأتصال الخط الساخن 121', 'ar', 901, NULL, '2022-03-31 18:52:24', '2022-03-31 18:52:24'),
(77, 'العامرية', NULL, NULL, 'محافظة الأسكندرية شركة الأسكندرية لتوزيع الكهرباء شارع قسم العامرية أمام  القسم وتخدم منطقة العامرية للأتصال الخط الساخن 121', 'ar', 902, NULL, '2022-03-31 18:52:24', '2022-03-31 18:52:24'),
(78, 'القبارى', NULL, NULL, 'محافظة الأسكندرية شركة الأسكندرية لتوزيع الكهرباء شارع السلطان شاة على الترام القباري وتخدم منطقة منطقة القباري وكفر عشري والمكس للأتصال الخط الساخن 121', 'ar', 903, NULL, '2022-03-31 18:52:24', '2022-03-31 18:52:24'),
(79, 'مرغم', NULL, NULL, 'محافظة الأسكندرية شركة الأسكندرية لتوزيع الكهرباء الكيلو 24.5 طريق السريع أمام شركة العامرية للأدوية وتخدم منطقة مرغم للأتصال الخط الساخن 121', 'ar', 904, NULL, '2022-03-31 18:52:24', '2022-03-31 18:52:24'),
(80, 'الخانكة', NULL, NULL, 'محافظة القليوبية شركة شمال القاهره لتوزيع الكهرباء الخانكة بجوار مستشفى الأمراض النفسية وتخدم منطقة مدينة الخانكة والقلج للأتصال الخط الساخن 121', 'ar', 905, NULL, '2022-03-31 18:52:24', '2022-03-31 18:52:24'),
(81, 'الخصوص', NULL, NULL, 'محافظة القليوبية شركة شمال القاهره لتوزيع الكهرباء مساكن الأمل بجوار نادي المساعيد وتخدم منطقةالخصوص للأتصال الخط الساخن 121', 'ar', 906, NULL, '2022-03-31 18:52:24', '2022-03-31 18:52:24'),
(82, 'العبور', NULL, NULL, 'محافظة القليوبية شركة شمال القاهره لتوزيع الكهرباء الحي الثامن بجوار المرور وتخدم منطقة العبور للأتصال الخط الساخن 121', 'ar', 907, NULL, '2022-03-31 18:52:24', '2022-03-31 18:52:24'),
(83, 'القناطر الخيرية', NULL, NULL, 'محافظة القليوبية شركة شمال القاهره لتوزيع الكهرباء التقسيم السياحي بجوار مدرسة تجارة بنات وتخدم منطقة القناطر الخيرية للأتصال الخط الساخن 121', 'ar', 908, NULL, '2022-03-31 18:52:24', '2022-03-31 18:52:24'),
(84, 'بهتيم', NULL, NULL, 'محافظة القليوبية شركة شمال القاهره لتوزيع الكهرباء نهاية شارع 135 أمام عزبة إبراهيم بك شرا الخية وتخدم منطقة بهتيم ومنشية الحرية للأتصال الخط الساخن 121', 'ar', 909, NULL, '2022-03-31 18:52:24', '2022-03-31 18:52:24'),
(85, 'شبرا الخيمة', NULL, NULL, 'محافظة القليوبية شركة شمال القاهره لتوزيع الكهرباء أسفل كوبري عرابي شبرا الخية وتخدم منطقة شبرا الخيمة وبيجام للأتصال الخط الساخن 121', 'ar', 910, NULL, '2022-03-31 18:52:24', '2022-03-31 18:52:24'),
(86, 'قرى الخانكة', NULL, NULL, 'محافظة القليوبية شركة شمال القاهره لتوزيع الكهرباء أبو زعبل البلد بجوار الوحدة المحلية وتخدم منطقة قرى الخانكة للأتصال الخط الساخن 121', 'ar', 911, NULL, '2022-03-31 18:52:24', '2022-03-31 18:52:24'),
(87, 'شبين القناطر', NULL, NULL, 'محافظة القليوبية شركة جنوب الدلتا لتوزيع الكهرباء شارع وابور النور بجوار كوبري عبد العال وتخدم منطقة شبين القناطر والقرى  والعزب التابعة للأتصال الخط الساخن 121', 'ar', 912, NULL, '2022-03-31 18:52:24', '2022-03-31 18:52:24'),
(88, 'طوخ', NULL, NULL, 'محافظة القليوبية شركة جنوب الدلتا لتوزيع الكهرباء أول شارع مصرف الحصة كوبري الحدادين وتخدم منطقة  مركز طوخ والقرى والعزب التابعة للأتصال الخط الساخن 121', 'ar', 913, NULL, '2022-03-31 18:52:24', '2022-03-31 18:52:24'),
(89, 'قها', NULL, NULL, 'محافظة القليوبية شركة جنوب الدلتا لتوزيع الكهرباء شارع بورسعيد بجوار محطجة محولات قها 66 وتخدم منطقة  مدينة قها والقرى والعزب التابعة للأتصال الخط الساخن 121', 'ar', 914, NULL, '2022-03-31 18:52:24', '2022-03-31 18:52:24'),
(90, 'كفر شكر', NULL, NULL, 'محافظة القليوبية شركة جنوب الدلتا لتوزيع الكهرباء شارع طراد النيل وتخدم منطقة  مدينة كفر شكر والقرى والعزب التابعة للأتصال الخط الساخن 121', 'ar', 915, NULL, '2022-03-31 18:52:24', '2022-03-31 18:52:24'),
(91, 'مدينة بنها ', NULL, NULL, 'محافظة القليوبية شركة جنوب الدلتا لتوزيع الكهرباء طريق الرملة أمام مشتل مجلس المدينة وتخدم منطقة  مدينة بنها للأتصال الخط الساخن 121', 'ar', 916, NULL, '2022-03-31 18:52:24', '2022-03-31 18:52:24'),
(92, 'مركز بنها', NULL, NULL, 'محافظة القليوبية شركة جنوب الدلتا لتوزيع الكهرباء طريق الرملة أمام مشتل مجلس المدينة وتخدم منطقة  مدينة قليوب للأتصال الخط الساخن 121', 'ar', 917, NULL, '2022-03-31 18:52:24', '2022-03-31 18:52:24'),
(93, 'قليوب', NULL, NULL, 'محافظة القليوبية شركة جنوب الدلتا لتوزيع الكهرباء أول شارع سيدي عواض بجوار مجلس المدينة وتخدم منطقة  مدينة قليوب للأتصال الخط الساخن 121', 'ar', 918, NULL, '2022-03-31 18:52:24', '2022-03-31 18:52:24'),
(94, 'مركز قليوب', NULL, NULL, 'محافظة القليوبية شركة جنوب الدلتا لتوزيع الكهرباء أول شارع سيدي عواض بجوار مجلس المدينة وتخدم منطقة  قرى وعزب مركز قليوب للأتصال الخط الساخن 121', 'ar', 919, NULL, '2022-03-31 18:52:24', '2022-03-31 18:52:24'),
(95, 'العسيرات', NULL, NULL, 'محافظة سوهاج شركة مصر العليا لتوزيع الكهرباء أولاد حمزة مساكن طوخ بجار بنك التنمية وتخدم منطقة  قرى العسيرات للأتصال الخط الساخن 121', 'ar', 920, NULL, '2022-03-31 18:52:24', '2022-03-31 18:52:24'),
(96, 'مدينة المراغة', NULL, NULL, 'محافظة سوهاج شركة مصر العليا لتوزيع الكهرباء النزلة طريق أسيوط سوهاج وتخدم منطقة  المراغة للأتصال الخط الساخن 121', 'ar', 921, NULL, '2022-03-31 18:52:24', '2022-03-31 18:52:24'),
(97, 'المنشأة', NULL, NULL, 'محافظة سوهاج شركة مصر العليا لتوزيع الكهرباء شارع سيف النصر بجوار مدرسة الثانوية الجديدة وتخدم منطقة  المنشأة للأتصال الخط الساخن 121', 'ar', 922, NULL, '2022-03-31 18:52:24', '2022-03-31 18:52:24'),
(98, 'أخميم', NULL, NULL, 'محافظة سوهاج شركة مصر العليا لتوزيع الكهرباء شارع الفردوس ميدان است عزيزة وتخدم منطقة  قرى اخميم للأتصال الخط الساخن 121', 'ar', 923, NULL, '2022-03-31 18:52:24', '2022-03-31 18:52:24'),
(99, 'شمال البلينا', NULL, NULL, 'محافظة سوهاج شركة مصر العليا لتوزيع الكهرباء شارع عبد المولى الفاوية وتخدم منطقة  قرى شمال البلينا للأتصال الخط الساخن 121', 'ar', 924, NULL, '2022-03-31 18:52:24', '2022-03-31 18:52:24'),
(100, 'جنوب البلينا', NULL, NULL, 'محافظة سوهاج شركة مصر العليا لتوزيع الكهرباء شارع عبد المولى الفاوية وتخدم منطقة  قرى جنوب البلينا للأتصال الخط الساخن 121', 'ar', 925, NULL, '2022-03-31 18:52:24', '2022-03-31 18:52:24'),
(101, 'جهينة', NULL, NULL, 'محافظة سوهاج شركة مصر العليا لتوزيع الكهرباء شارع الجمهورية قبلي مركة الشركة وتخدم منطقة قرى جهينة للأتصال الخط الساخن 121', 'ar', 926, NULL, '2022-03-31 18:52:24', '2022-03-31 18:52:24'),
(102, 'دار السلام', NULL, NULL, 'محافظة سوهاج شركة مصر العليا لتوزيع الكهرباء بجوار مركز شرطة دار السلام وتخدم منطقة قرى جهينة للأتصال الخط الساخن 121', 'ar', 927, NULL, '2022-03-31 18:52:24', '2022-03-31 18:52:24'),
(103, 'ساقلته ', NULL, NULL, 'محافظة سوهاج شركة مصر العليا لتوزيع الكهرباء شارع الشبكة وتخدم منطقة مدينة ساقلته للأتصال الخط الساخن 121', 'ar', 928, NULL, '2022-03-31 18:52:24', '2022-03-31 18:52:24'),
(104, 'طما', NULL, NULL, 'محافظة سوهاج شركة مصر العليا لتوزيع الكهرباء شارع أحمد عرابي طريق أسيوط سوهاج وتخدم منطقة مدينة طما للأتصال الخط الساخن 121', 'ar', 929, NULL, '2022-03-31 18:52:24', '2022-03-31 18:52:24'),
(105, 'مدينة جرجا', NULL, NULL, 'محافظة سوهاج شركة مصر العليا لتوزيع الكهرباء شارع بركات خلف البوستة وتخدم منطقة مدينة جرجا للأتصال الخط الساخن 121', 'ar', 930, NULL, '2022-03-31 18:52:24', '2022-03-31 18:52:24'),
(106, 'مركز جرجا ', NULL, NULL, 'محافظة سوهاج شركة مصر العليا لتوزيع الكهرباء شارع بركات خلف البوستة وتخدم منطقة قرى جرجا للأتصال الخط الساخن 121', 'ar', 931, NULL, '2022-03-31 18:52:24', '2022-03-31 18:52:24'),
(107, 'مدينة سوهاج شرق', NULL, NULL, 'محافظة سوهاج شركة مصر العليا لتوزيع الكهرباء شارع الخبز الآلي بجوار مديرية الأوقاف وتخدم منطقة  شرق سوهاج للأتصال الخط الساخن 121', 'ar', 932, NULL, '2022-03-31 18:52:24', '2022-03-31 18:52:24'),
(108, 'مدينة سوهاج غرب', NULL, NULL, 'محافظة سوهاج شركة مصر العليا لتوزيع الكهرباء شارع المخبز الآلي بجوار مديرية الأوقاف وتخدم منطقة  غرب سوهاج للأتصال الخط الساخن 121', 'ar', 933, NULL, '2022-03-31 18:52:24', '2022-03-31 18:52:24'),
(109, 'مركز سوهاج جنوب', NULL, NULL, 'محافظة سوهاج شركة مصر العليا لتوزيع الكهرباء شارع الجرجاوية الغربي بجوار مضرب الأرز وتخدم منطقة  قرى جنوب سوهاج للأتصال الخط الساخن 121', 'ar', 934, NULL, '2022-03-31 18:52:24', '2022-03-31 18:52:24'),
(110, 'مركز سوهاج شمال', NULL, NULL, 'محافظة سوهاج شركة مصر العليا لتوزيع الكهرباء شارع الجرجاوية الغربي بجوار مضرب الأرز وتخدم منطقة  قرى شمال سوهاج للأتصال الخط الساخن 121', 'ar', 935, NULL, '2022-03-31 18:52:24', '2022-03-31 18:52:24'),
(111, 'مدينة طهطا', NULL, NULL, 'محافظة سوهاج شركة مصر العليا لتوزيع الكهرباء شارع صلاح سالم وتخدم منطقة مدينة طهطا للأتصال الخط الساخن 121', 'ar', 936, NULL, '2022-03-31 18:52:24', '2022-03-31 18:52:24'),
(112, 'مركز طهطا', NULL, NULL, 'محافظة سوهاج شركة مصر العليا لتوزيع الكهرباء شارع صلاح سالم وتخدم منطقة  قرى طهطا للأتصال الخط الساخن 121', 'ar', 937, NULL, '2022-03-31 18:52:24', '2022-03-31 18:52:24'),
(113, 'الحامول مدينة', NULL, NULL, 'محافظة كفر الشيخ شركة شمال الدلتا لتوزيع الكهرباء الحامول شارع مبارك بجوار السجل المدني وتخدم منطقة  مدينة الحامول للأتصال الخط الساخن 121', 'ar', 938, NULL, '2022-03-31 18:52:24', '2022-03-31 18:52:24'),
(114, 'الرياض', NULL, NULL, 'محافظة كفر الشيخ شركة شمال الدلتا لتوزيع الكهرباء الرياض شرع الترعة بجوار إدارة الشباب والرياضة وتخدم منطقة  مدينة الرياض للأتصال الخط الساخن 121', 'ar', 939, NULL, '2022-03-31 18:52:24', '2022-03-31 18:52:24'),
(115, 'بلطيم', NULL, NULL, 'محافظة كفر الشيخ شركة شمال الدلتا لتوزيع الكهرباء بطيم شارع المستشفى ناحية طريق البرج وتخدم منطقة  مدينة بلطيم للأتصال الخط الساخن 121', 'ar', 940, NULL, '2022-03-31 18:52:24', '2022-03-31 18:52:24'),
(116, 'بيلا', NULL, NULL, 'محافظة كفر الشيخ شركة شمال الدلتا لتوزيع الكهرباء بيلا شارع الثورة بجوار المركز الطبي وتخدم منطقة  مدينة بيلا للأتصال الخط الساخن 121', 'ar', 941, NULL, '2022-03-31 18:52:24', '2022-03-31 18:52:24'),
(117, 'سيدي سالم قرى', NULL, NULL, 'محافظة كفر الشيخ شركة شمال الدلتا لتوزيع الكهرباء سيدي سالم العبايدة بجوار المعهد الديني وتخدم منطقة  قرى سيدي سالم للأتصال الخط الساخن 121', 'ar', 942, NULL, '2022-03-31 18:52:24', '2022-03-31 18:52:24'),
(118, 'فوة', NULL, NULL, 'محافظة كفر الشيخ شركة شمال الدلتا لتوزيع الكهرباء فوة شارع البحر وتخدم منطقة  مدينة فوة للأتصال الخط الساخن 121', 'ar', 943, NULL, '2022-03-31 18:52:24', '2022-03-31 18:52:24'),
(119, 'كفر الشيخ مدينة', NULL, NULL, 'محافظة كفر الشيخ شركة شمال الدلتا لتوزيع الكهرباء كفر الشيخ شارع المحكمة بجوار مجلس مدينة كفر الشيخ وتخدم منطقة  مدينة كفر الشيخ للأتصال الخط الساخن 121', 'ar', 944, NULL, '2022-03-31 18:52:24', '2022-03-31 18:52:24'),
(120, 'الحامول قرى', NULL, NULL, 'محافظة كفر الشيخ شركة شمال الدلتا لتوزيع الكهرباء الحامول شارع مبارك بجوار السجل المدني وتخدم منطقة قرى الحامول للأتصال الخط الساخن 121', 'ar', 945, NULL, '2022-03-31 18:52:24', '2022-03-31 18:52:24'),
(121, 'الكراكات', NULL, NULL, 'محافظة كفر الشيخ شركة شمال الدلتا لتوزيع الكهرباء طريق كفر الشيخ الحامول بجوار طريق عزبة يوسف وتخدم منطقة مدينة بيلا للأتصال الخط الساخن 121', 'ar', 946, NULL, '2022-03-31 18:52:24', '2022-03-31 18:52:24'),
(122, 'برج البرلس', NULL, NULL, 'محافظة كفر الشيخ شركة شمال الدلتا لتوزيع الكهرباء الطريق الدولي كفر الشيخ بلطيم برج البرلس وتخدم منطقة  مدينة برج البرلس وقرى بر بحري للأتصال الخط الساخن 121', 'ar', 947, NULL, '2022-03-31 18:52:24', '2022-03-31 18:52:24'),
(123, 'دسوق قرى جنوب', NULL, NULL, 'محافظة كفر الشيخ شركة شمال الدلتا لتوزيع الكهرباء دسوق شارع سيدي إبراهيم الدسوقي بجوار محطة المياة وتخدم منطقة قرى جنوب دسوق للأتصال الخط الساخن 121', 'ar', 948, NULL, '2022-03-31 18:52:24', '2022-03-31 18:52:24'),
(124, 'دسوق قرى شمال', NULL, NULL, 'محافظة كفر الشيخ شركة شمال الدلتا لتوزيع الكهرباء دسوق شارع سيدي إبراهيم الدسوقي بجوار محطة المياة وتخدم منطقة قرى شمال دسوق للأتصال الخط الساخن 121', 'ar', 949, NULL, '2022-03-31 18:52:24', '2022-03-31 18:52:24'),
(125, 'دسوق مدينة', NULL, NULL, 'محافظة كفر الشيخ شركة شمال الدلتا لتوزيع الكهرباء دسوق شارع سيدي إبراهيم الدسوقي بجوار محطة المياة وتخدم منطقة مدينة دسوق للأتصال الخط الساخن 121', 'ar', 950, NULL, '2022-03-31 18:52:24', '2022-03-31 18:52:24'),
(126, 'سيدي سالم مدينة', NULL, NULL, 'محافظة كفر الشيخ شركة شمال الدلتا لتوزيع الكهرباء سيدي سالم شارع السادات وتخدم منطقة  مدينة سيدي سالم للأتصال الخط الساخن 121', 'ar', 951, NULL, '2022-03-31 18:52:24', '2022-03-31 18:52:24'),
(127, 'قلين', NULL, NULL, 'محافظة كفر الشيخ شركة شمال الدلتا لتوزيع الكهرباء قلين شارع جمال عبد الناصر وتخدم منطقة مدينة قلين للأتصال الخط الساخن 121', 'ar', 952, NULL, '2022-03-31 18:52:24', '2022-03-31 18:52:24'),
(128, 'كفر الشيخ قرى شرق', NULL, NULL, 'محافظة كفر الشيخ شركة شمال الدلتا لتوزيع الكهرباء سخا بجوار دار مناسبات سخا وتخدم منطقة  شرق مدينة كفر الشيخ للأتصال الخط الساخن 121', 'ar', 953, NULL, '2022-03-31 18:52:24', '2022-03-31 18:52:24'),
(129, 'كفر الشيخ قرى غرب', NULL, NULL, 'محافظة كفر الشيخ شركة شمال الدلتا لتوزيع الكهرباء المدينة التجارية عمارات الأوقاف وتخدم منطقة غرب مدينة كفر الشيخ للأتصال الخط الساخن 121', 'ar', 954, NULL, '2022-03-31 18:52:24', '2022-03-31 18:52:24'),
(130, 'مطوبس', NULL, NULL, 'محافظة كفر الشيخ شركة شمال الدلتا لتوزيع الكهرباء مطوبس عمارات بنك الإسكان بجوار مركز شرطة سندوب وتخدم منطقة  مدينة مطوبس للأتصال الخط الساخن 121', 'ar', 955, NULL, '2022-03-31 18:52:24', '2022-03-31 18:52:24'),
(131, 'الباجور', NULL, NULL, 'محافظة المنوفية شركة جنوب الدلتا لتوزيع الكهرباء شارع السوق الكبير أمام شرطة الباجور وتخدم منطقة مدينة الباجور للأتصال الخط الساخن 121', 'ar', 956, NULL, '2022-03-31 18:52:24', '2022-03-31 18:52:24'),
(132, 'الشهداء', NULL, NULL, 'محافظة المنوفية شركة جنوب الدلتا لتوزيع الكهرباء شارع بور سعيد بجوار المستشفى العام وتخدم منطقة مدينة الشهداء للأتصال الخط الساخن 121', 'ar', 957, NULL, '2022-03-31 18:52:24', '2022-03-31 18:52:24'),
(133, 'بركة السبع', NULL, NULL, 'محافظة المنوفية شركة جنوب الدلتا لتوزيع الكهرباء بركة السبع غرب بجوار وحدة مرور بركة السبع وتخدم منطقة مدينة بركة السبع للأتصال الخط الساخن 121', 'ar', 958, NULL, '2022-03-31 18:52:24', '2022-03-31 18:52:24'),
(134, 'تلا', NULL, NULL, 'محافظة المنوفية شركة جنوب الدلتا لتوزيع الكهرباء شارع التربية البتاانونية وتخدم منطقة مدينة تلا للأتصال الخط الساخن 121', 'ar', 959, NULL, '2022-03-31 18:52:24', '2022-03-31 18:52:24'),
(135, 'سرس الليان', NULL, NULL, 'محافظة المنوفية شركة جنوب الدلتا لتوزيع الكهرباء شارع ميدان سيدي سعيد بجوار مدرسة النصر وتخدم منطقة مدينة سرس الليان للأتصال الخط الساخن 121', 'ar', 960, NULL, '2022-03-31 18:52:24', '2022-03-31 18:52:24'),
(136, 'قويسنا شرق', NULL, NULL, 'محافظة المنوفية شركة جنوب الدلتا لتوزيع الكهرباء شارع شرف الدين وتخدم منطقة مدينة قويسنا شرق للأتصال الخط الساخن 121', 'ar', 961, NULL, '2022-03-31 18:52:24', '2022-03-31 18:52:24'),
(137, 'قويسنا غرب', NULL, NULL, 'محافظة المنوفية شركة جنوب الدلتا لتوزيع الكهرباء شارع شرف الدين وتخدم منطقة مدينة قويسنا غرب للأتصال الخط الساخن 121', 'ar', 962, NULL, '2022-03-31 18:52:24', '2022-03-31 18:52:24'),
(138, 'أشمون', NULL, NULL, 'محافظة المنوفية شركة جنوب الدلتا لتوزيع الكهرباء بجوار مسجد عمر بن عبد العزيز وتخدم منطقة مدينة أشمون للأتصال الخط الساخن 121', 'ar', 963, NULL, '2022-03-31 18:52:24', '2022-03-31 18:52:24'),
(139, 'شبين الكوم', NULL, NULL, 'محافظة المنوفية شركة جنوب الدلتا لتوزيع الكهرباء شارع وابور النور بجوار السكة الحديد وتخدم منطقة مدينة شبين الكوم للأتصال الخط الساخن 121', 'ar', 964, NULL, '2022-03-31 18:52:24', '2022-03-31 18:52:24'),
(140, 'مركز أشمون', NULL, NULL, 'محافظة المنوفية شركة جنوب الدلتا لتوزيع الكهرباء بجوار مسجد عمر بن عبد العزيز وتخدم منطقة قرى مركز أشمون للأتصال الخط الساخن 121', 'ar', 965, NULL, '2022-03-31 18:52:24', '2022-03-31 18:52:24'),
(141, 'مركز شبين الكوم', NULL, NULL, 'محافظة المنوفية شركة جنوب الدلتا لتوزيع الكهرباء شارع وأبور النور بجوار السكة الحديد وتخدم منطقة قرى مركز شبين الكوم للأتصال الخط الساخن 121', 'ar', 966, NULL, '2022-03-31 18:52:24', '2022-03-31 18:52:24'),
(142, 'منوف', NULL, NULL, 'محافظة المنوفية شركة جنوب الدلتا لتوزيع الكهرباء شارع مصطفى كامل بجوار مسجد الأشعتي وتخدم منطقة مدينة منوف للأتصال الخط الساخن 121', 'ar', 967, NULL, '2022-03-31 18:52:24', '2022-03-31 18:52:24'),
(143, 'أدفو', NULL, NULL, 'محافظة أسوان شركة مصر العليا لتوزيع الكهرباء شارع 23 يوليو وتخدم منطقة مركز أدفو للأتصال الخط الساخن 121', 'ar', 968, NULL, '2022-03-31 18:52:24', '2022-03-31 18:52:24'),
(144, 'أسوان جنوب', NULL, NULL, 'محافظة أسوان شركة مصر العليا لتوزيع الكهرباء أسوان بجوار مسجد الطابية وتخدم منطقة قرى جنوب أسوان للأتصال الخط الساخن 121', 'ar', 969, NULL, '2022-03-31 18:52:24', '2022-03-31 18:52:24'),
(145, 'أسوان شرق', NULL, NULL, 'محافظة أسوان شركة مصر العليا لتوزيع الكهرباء أسوان السيل الجديد بجوار الوحدة المحلية وتخدم منطقة قرى شرق أسوان للأتصال الخط الساخن 121', 'ar', 970, NULL, '2022-03-31 18:52:24', '2022-03-31 18:52:24'),
(146, 'أسوان شمال', NULL, NULL, 'محافظة أسوان شركة مصر العليا لتوزيع الكهرباء أسوان بجوار مبنى المخابرات وتخدم منطقة قرى شمال أسون للأتصال الخط الساخن 121', 'ar', 971, NULL, '2022-03-31 18:52:24', '2022-03-31 18:52:24'),
(147, 'أبو سمبل السياحية', NULL, NULL, 'محافظة أسوان شركة مصر العليا لتوزيع الكهرباء أسوان شارع أبو سمبل وتخدم منطقة مركز أبو سمبل للأتصال الخط الساخن 121', 'ar', 972, NULL, '2022-03-31 18:52:24', '2022-03-31 18:52:24'),
(148, 'دراو', NULL, NULL, 'محافظة أسوان شركة مصر العليا لتوزيع الكهرباء طريق مصر أسوان وتخدم منطقة مركز دراو للأتصال الخط الساخن 121', 'ar', 973, NULL, '2022-03-31 18:52:24', '2022-03-31 18:52:24'),
(149, 'كوم امبو', NULL, NULL, 'محافظة أسوان شركة مصر العليا لتوزيع الكهرباء شارع بور سعيد بجوار مبنى الأوقاف وتخدم منطقة مركز كوم امبو للأتصال الخط الساخن 121', 'ar', 974, NULL, '2022-03-31 18:52:24', '2022-03-31 18:52:24'),
(150, 'نصر النوبة', NULL, NULL, 'محافظة أسوان شركة مصر العليا لتوزيع الكهرباء شارع السوق التجاري وتخدم منطقة مركز نصر النوبة للأتصال الخط الساخن 121', 'ar', 975, NULL, '2022-03-31 18:52:24', '2022-03-31 18:52:24'),
(151, 'قطاع شبكات جنوب سيناء', NULL, NULL, 'محافظة جنوب سيناء شركة القناة لتوزيع الكهرباء الديوان العام الطور وتخدم منطقة جنوب سيناء المركز الرئيسي للأتصال الخط الساخن 121', 'ar', 976, NULL, '2022-03-31 18:52:24', '2022-03-31 18:52:24'),
(152, 'هندسة أبورديس', NULL, NULL, 'محافظة جنوب سيناء شركة القناة لتوزيع الكهرباء أبورديس خلف سنترال ابورديس وتخدم منطقةأبورديس للأتصال الخط الساخن 121', 'ar', 977, NULL, '2022-03-31 18:52:24', '2022-03-31 18:52:24'),
(153, 'هندسة دهب', NULL, NULL, 'محافظة جنوب سيناء شركة القناة لتوزيع الكهرباء دهب وسط المدينة وتخدم منطقة دهب للأتصال الخط الساخن 121', 'ar', 978, NULL, '2022-03-31 18:52:24', '2022-03-31 18:52:24'),
(154, 'هندسة رأس سدر', NULL, NULL, 'محافظة جنوب سيناء شركة القناة لتوزيع الكهرباء رأس سدر خلف مستشفى رأس سدر العام وتخدم منطقةرأس سدر للأتصال الخط الساخن 121', 'ar', 979, NULL, '2022-03-31 18:52:24', '2022-03-31 18:52:24'),
(155, 'هندسة شرم الشيخ', NULL, NULL, 'محافظة جنوب سيناء شركة القناة لتوزيع الكهرباء شرم الشيخ أمام قرية دلتا شرم وتخدم منطقة شرم الشيخ للأتصال الخط الساخن 121', 'ar', 980, NULL, '2022-03-31 18:52:24', '2022-03-31 18:52:24'),
(156, 'هندسة طابا', NULL, NULL, 'محافظة جنوب سيناء شركة القناة لتوزيع الكهرباء جنبو سيناء طابا وتخدم منطقة طابا للأتصال الخط الساخن 121', 'ar', 981, NULL, '2022-03-31 18:52:24', '2022-03-31 18:52:24'),
(157, 'هندسة طور سيناء', NULL, NULL, 'محافظة جنوب سيناء شركة القناة لتوزيع الكهرباء طور سيناء مساكن اللوتس خلف مجلس المدينة وتخدم منطقةطور سيناء للأتصال الخط الساخن 121', 'ar', 982, NULL, '2022-03-31 18:52:24', '2022-03-31 18:52:24'),
(158, 'هندسة كاترين', NULL, NULL, 'محافظة جنوب سيناء شركة القناة لتوزيع الكهرباء سانت كاترين وسط المدينة وتخدم منطقة كاترين للأتصال الخط الساخن 121', 'ar', 983, NULL, '2022-03-31 18:52:24', '2022-03-31 18:52:24'),
(159, 'هندسة نوبيع', NULL, NULL, 'محافظة جنوب سيناء شركة القناة لتوزيع الكهرباء نوبيع بجوار فندق هلنان نوبيع وتخدم منطقة نوبيع للأتصال الخط الساخن 121', 'ar', 984, NULL, '2022-03-31 18:52:24', '2022-03-31 18:52:24'),
(160, 'قطاع شبكات بور سعيد', NULL, NULL, 'محافظة بورسعيد شركة القناة لتوزيع الكهرباء شارع محمد علي بورسعيد 100 وتخدم منطقة بورسعيد المركز الرئيسي للأتصال الخط الساخن 121', 'ar', 985, NULL, '2022-03-31 18:52:24', '2022-03-31 18:52:24'),
(161, 'هندسة بور سعيد', NULL, NULL, 'محافظة بورسعيد شركة القناة لتوزيع الكهرباء شارع أوجينيه بجوار صيدلية الأسعاف وتخدم منطقة بورسعيد للأتصال الخط الساخن 121', 'ar', 986, NULL, '2022-03-31 18:52:24', '2022-03-31 18:52:24'),
(162, 'هندسة الجنوب والضواحي', NULL, NULL, 'محافظة بورسعيد شركة القناة لتوزيع الكهرباء الجنوب زرزارة منطقة A20 بجوار مساكن شباب الخرجيين وتخدم منطقة الجنوب والضواحي للأتصال الخط الساخن 121', 'ar', 987, NULL, '2022-03-31 18:52:24', '2022-03-31 18:52:24'),
(163, 'هندسة الزهور', NULL, NULL, 'محافظة بورسعيد شركة القناة لتوزيع الكهرباء الزهور م.عثمان بن عفان امتداد شارع عادل الشربيني وتخدم منطقة الزهور للأتصال الخط الساخن 121', 'ar', 988, NULL, '2022-03-31 18:52:24', '2022-03-31 18:52:24'),
(164, 'هندسة المناخ', NULL, NULL, 'محافظة بورسعيد شركة القناة لتوزيع الكهرباء حي المناخ شارع النصر منطقة اللنش القديم وتخدم منطقة المناخ للأتصال الخط الساخن 121', 'ar', 989, NULL, '2022-03-31 18:52:24', '2022-03-31 18:52:24'),
(165, 'هندسة بور فؤاد', NULL, NULL, 'محافظة بورسعيد شركة القناة لتوزيع الكهرباء شارع 10 رئيسي خلف كلية  الهندسة ببور فؤاد وتخدم منطقة بورفؤاد للأتصال الخط الساخن 121', 'ar', 990, NULL, '2022-03-31 18:52:24', '2022-03-31 18:52:24'),
(166, 'الخارجة', NULL, NULL, 'محافظة الوادي الجديد شركة مصر الوسطي لتوزيع الكهرباء مركز الخارجة وتخدم منطقة قرى الخارجة للأتصال الخط الساخن 121', 'ar', 991, NULL, '2022-03-31 18:52:24', '2022-03-31 18:52:24'),
(167, 'الداخلة', NULL, NULL, 'محافظة الوادي الجديد شركة مصر الوسطي لتوزيع الكهرباء مركة الداخلة وتخدم منطقة قرى الداخلة للأتصال الخط الساخن 121', 'ar', 992, NULL, '2022-03-31 18:52:24', '2022-03-31 18:52:24'),
(168, 'العوينات', NULL, NULL, 'محافظة الوادي الجديد شركة مصر الوسطي لتوزيع الكهرباء العوينات وتخدم منطقة قرى العوينات للأتصال الخط الساخن 121', 'ar', 993, NULL, '2022-03-31 18:52:24', '2022-03-31 18:52:24'),
(169, 'باريس', NULL, NULL, 'محافظة الوادي الجديد شركة مصر الوسطي لتوزيع الكهرباء مركز الخارجة قرة باريس وتخدم منطقة قرى باريس للأتصال الخط الساخن 121', 'ar', 994, NULL, '2022-03-31 18:52:24', '2022-03-31 18:52:24'),
(170, 'بلاط', NULL, NULL, 'محافظة الوادي الجديد شركة مصر الوسطي لتوزيع الكهرباء مركز الداخلة قرية بلاط وتخدم منطقة قرى بلاط للأتصال الخط الساخن 121', 'ar', 995, NULL, '2022-03-31 18:52:24', '2022-03-31 18:52:24'),
(171, 'الفرافره', NULL, NULL, 'محافظة الوادي الجديد شركة مصر الوسطي لتوزيع الكهرباء مركز وقرية الفرافره وتخدم منطقة قرى الفرافره للأتصال الخط الساخن 121', 'ar', 996, NULL, '2022-03-31 18:52:24', '2022-03-31 18:52:24'),
(172, 'قطاع شبكات الإسماعيلية', NULL, NULL, 'محافظة الأسماعيلية شركة القناة لتوزيع الكهرباء مجمع المصالح الحكومية خلف نقابة المهندسين وتخدم منطقة الإسماعيلية المركز الرئيسي للأتصال الخط الساخن 121', 'ar', 997, NULL, '2022-03-31 18:52:24', '2022-03-31 18:52:24'),
(173, 'هندسة الإسماعيلية أول', NULL, NULL, 'محافظة الأسماعيلية شركة القناة لتوزيع الكهرباء مدينة التل الكبير المحطة الجديدة ش محطة الانارة وتخدم منطقة الإسماعيلية أول للأتصال الخط الساخن 121', 'ar', 998, NULL, '2022-03-31 18:52:24', '2022-03-31 18:52:24'),
(174, 'هندسة الإسماعيلية ثاني', NULL, NULL, 'محافظة الأسماعيلية شركة القناة لتوزيع الكهرباء عرايشية مصر ش البحري بجوار حي ثان وتخدم منطقة الإسماعيلية ثاني للأتصال الخط الساخن 121', 'ar', 999, NULL, '2022-03-31 18:52:24', '2022-03-31 18:52:24'),
(175, 'هندسة أبو صوير', NULL, NULL, 'محافظة الأسماعيلية شركة القناة لتوزيع الكهرباء مدينة ابوصوير نجيب محفوظ طريق أبو خروع 81 وتخدم منطقةابوصوير للأتصال الخط الساخن 121', 'ar', 1000, NULL, '2022-03-31 18:52:24', '2022-03-31 18:52:24'),
(176, ' هندسة أبو عطوة', NULL, NULL, 'محافظة الأسماعيلية شركة القناة لتوزيع الكهرباء أمام مصنع الترانزستور وتخدم منطقة أبو عطوة للأتصال الخط الساخن 121', 'ar', 1001, NULL, '2022-03-31 18:52:24', '2022-03-31 18:52:24'),
(177, 'هندسة التل الكبير', NULL, NULL, 'محافظة الأسماعيلية شركة القناة لتوزيع الكهرباء مدينة التل الكبير بجوار المستشفى المركزي وتخدم منطقة التل الكبير للأتصال الخط الساخن 121', 'ar', 1002, NULL, '2022-03-31 18:52:24', '2022-03-31 18:52:24'),
(178, 'هندسة الشيخ زايد', NULL, NULL, 'محافظة الأسماعيلية شركة القناة لتوزيع الكهرباء طريق التمليك بجوار مستشفى علي خليل وتخدم منطقة الشيخ زايد للأتصال الخط الساخن 121', 'ar', 1003, NULL, '2022-03-31 18:52:24', '2022-03-31 18:52:24'),
(179, 'هندسة الفردان', NULL, NULL, 'محافظة الأسماعيلية شركة القناة لتوزيع الكهرباء ك 11 طريق معدية افردان للأتصال الخط الساخن 121', 'ar', 1004, NULL, '2022-03-31 18:52:24', '2022-03-31 18:52:24'),
(180, 'هندسة القصاصين', NULL, NULL, 'محافظة الأسماعيلية شركة القناة لتوزيع الكهرباء مدينة القصاصين بجوار مركز الأسعاف وتخدم منطقة القصاصين للأتصال الخط الساخن 121', 'ar', 1005, NULL, '2022-03-31 18:52:24', '2022-03-31 18:52:24'),
(181, 'هندسة القنطرة غرب', NULL, NULL, 'محافظة الأسماعيلية شركة القناة لتوزيع الكهرباء مدينة القنطرة غرب منطقة السوق التجاري وتخدم منطقة القنطرة غرب للأتصال الخط الساخن 121', 'ar', 1006, NULL, '2022-03-31 18:52:24', '2022-03-31 18:52:24'),
(182, 'هندسة القنطرة شرق', NULL, NULL, 'محافظة الأسماعيلية شركة القناة لتوزيع الكهرباء مدينة القنطرة شرق 21ش مدرسة العبور وتخدم منطقة القنطرة شرق للأتصال الخط الساخن 121', 'ar', 1007, NULL, '2022-03-31 18:52:24', '2022-03-31 18:52:24'),
(183, 'هندسة المستقبل', NULL, NULL, 'محافظة الأسماعيلية شركة القناة لتوزيع الكهرباء مدينة المستقبل وتخدم منطقة المستقبل للأتصال الخط الساخن 121', 'ar', 1008, NULL, '2022-03-31 18:52:24', '2022-03-31 18:52:24'),
(184, 'هندسة الملاك', NULL, NULL, 'محافظة الأسماعيلية شركة القناة لتوزيع الكهرباء طريق الملاك من التل الكبير وتخدم منطقة الملاك للأتصال الخط الساخن 121', 'ar', 1009, NULL, '2022-03-31 18:52:24', '2022-03-31 18:52:24'),
(185, 'هندسة شرق البحيرات', NULL, NULL, 'محافظة الأسماعيلية شركة القناة لتوزيع الكهرباء معدية سرابيوم بجوار مركز الإنذار الموجه وتخدم منطقة شرق البحيرات للأتصال الخط الساخن 121', 'ar', 1010, NULL, '2022-03-31 18:52:24', '2022-03-31 18:52:24'),
(186, 'هندسة فايد', NULL, NULL, 'محافظة الأسماعيلية شركة القناة لتوزيع الكهرباء 41ش المعاهدة بجوار مجلس المدينة وتخدم منطقة فايد للأتصال الخط الساخن 121', 'ar', 1011, NULL, '2022-03-31 18:52:24', '2022-03-31 18:52:24'),
(187, 'بنجر السكر', NULL, NULL, 'محافظة البحيرة شركة البحيرة لتوزيع الكهرباء بنجر السكرر وتخدم منطقة بنجر السكر والقرى التابعة للأتصال الخط الساخن 121', 'ar', 1012, NULL, '2022-03-31 18:52:24', '2022-03-31 18:52:24'),
(188, 'البستان', NULL, NULL, 'محافظة البحيرة شركة البحيرة لتوزيع الكهرباء البستان وتخدم منطقة على ابن طالب والقرى التابعة للأتصال الخط الساخن 121', 'ar', 1013, NULL, '2022-03-31 18:52:24', '2022-03-31 18:52:24'),
(189, 'التحدي', NULL, NULL, 'محافظة البحيرة شركة البحيرة لتوزيع الكهرباء التحدي وتخدم منطقة التحدي والقرى التابعة للأتصال الخط الساخن 121', 'ar', 1014, NULL, '2022-03-31 18:52:24', '2022-03-31 18:52:24'),
(190, 'التحرير بدر', NULL, NULL, 'محافظة البحيرة شركة البحيرة لتوزيع الكهرباء التحرير بدر وتخدم منطقة التحرير بدر للأتصال الخط الساخن 121', 'ar', 1015, NULL, '2022-03-31 18:52:24', '2022-03-31 18:52:24'),
(191, 'الدلنجات', NULL, NULL, 'محافظة البحيرة شركة البحيرة لتوزيع الكهرباء الدلنجات وتخدم منطقة الدلنجات والقرى التابعة للأتصال الخط الساخن 121', 'ar', 1016, NULL, '2022-03-31 18:52:24', '2022-03-31 18:52:24'),
(192, 'الدواجن', NULL, NULL, 'محافظة البحيرة شركة البحيرة لتوزيع الكهرباء الدواجن وتخدم منطقة الدواجن والقرى التابعة للأتصال الخط الساخن 121', 'ar', 1017, NULL, '2022-03-31 18:52:24', '2022-03-31 18:52:24'),
(193, 'الرحمانية', NULL, NULL, 'محافظة البحيرة شركة البحيرة لتوزيع الكهرباء الرحمانية وتخدم منطقة الرحمانية والقرى التابعة للأتصال الخط الساخن 121', 'ar', 1018, NULL, '2022-03-31 18:52:24', '2022-03-31 18:52:24'),
(194, 'الصفا والمروة', NULL, NULL, 'محافظة البحيرة شركة البحيرة لتوزيع الكهرباء الصفا والمروة وتخدم منطقة الإمام مالك والقرى التابعة للأتصال الخط الساخن 121', 'ar', 1019, NULL, '2022-03-31 18:52:24', '2022-03-31 18:52:24'),
(195, 'المحمودية', NULL, NULL, 'محافظة البحيرة شركة البحيرة لتوزيع الكهرباء المحمودية وتخدم منطقة المحمودية والقرى التابعة للأتصال الخط الساخن 121', 'ar', 1020, NULL, '2022-03-31 18:52:24', '2022-03-31 18:52:24'),
(196, 'النصر 3', NULL, NULL, 'محافظة البحيرة شركة البحيرة لتوزيع الكهرباء النصر 3 وتخدم منطقة النصر 3 وحسن علام للأتصال الخط الساخن 121', 'ar', 1021, NULL, '2022-03-31 18:52:24', '2022-03-31 18:52:24'),
(197, 'إدفينا', NULL, NULL, 'محافظة البحيرة شركة البحيرة لتوزيع الكهرباء إدفينا وتخدم منطقة إدفينا والقرى التابعة للأتصال الخط الساخن 121', 'ar', 1022, NULL, '2022-03-31 18:52:24', '2022-03-31 18:52:24'),
(198, 'إدكو', NULL, NULL, 'محافظة البحيرة شركة البحيرة لتوزيع الكهرباء إدكو وتخدم منطقة إدكو والقرى التابعة للأتصال الخط الساخن 121', 'ar', 1023, NULL, '2022-03-31 18:52:24', '2022-03-31 18:52:24'),
(199, 'إيتاي البارود', NULL, NULL, 'محافظة البحيرة شركة البحيرة لتوزيع الكهرباء إيتاي البارود وتخدم منطقة إيتاي البارود والقرى التابعة للأتصال الخط الساخن 121', 'ar', 1024, NULL, '2022-03-31 18:52:24', '2022-03-31 18:52:24'),
(200, 'أبو المطامير', NULL, NULL, 'محافظة البحيرة شركة البحيرة لتوزيع الكهرباء أبو المطامير وتخدم منطقة أبو المطامير والقرى التابعة للأتصال الخط الساخن 121', 'ar', 1025, NULL, '2022-03-31 18:52:24', '2022-03-31 18:52:24'),
(201, 'أبو بكر', NULL, NULL, 'محافظة البحيرة شركة البحيرة لتوزيع الكهرباء أبو بكر وتخدم منطقة أبو بكر والقرى التابعة للأتصال الخط الساخن 121', 'ar', 1026, NULL, '2022-03-31 18:52:24', '2022-03-31 18:52:24'),
(202, 'أبو حمص شرق', NULL, NULL, 'محافظة البحيرة شركة البحيرة لتوزيع الكهرباء أبو حمص شرق وتخدم منطقة بسنتواى والنخلة وشرق أبو حمص للأتصال الخط الساخن 121', 'ar', 1027, NULL, '2022-03-31 18:52:24', '2022-03-31 18:52:24'),
(203, 'أبو حمص غرب', NULL, NULL, 'محافظة البحيرة شركة البحيرة لتوزيع الكهرباء أبو حمص غرب وتخدم منطقة بلقتر وجواد حسني وغرب أبو حمص للأتصال الخط الساخن 121', 'ar', 1028, NULL, '2022-03-31 18:52:25', '2022-03-31 18:52:25'),
(204, 'أحمد بدوي', NULL, NULL, 'محافظة البحيرة شركة البحيرة لتوزيع الكهرباء أحمد بدوي وتخدم منطقة أحمد بدوي وأدم للأتصال الخط الساخن 121', 'ar', 1029, NULL, '2022-03-31 18:52:25', '2022-03-31 18:52:25'),
(205, 'بندر دمنهور شرق', NULL, NULL, 'محافظة البحيرة شركة البحيرة لتوزيع الكهرباء بندر دمنهور شرق وتخدم منطقة أبو الريش والساعة ودمنهور الجديدة وعزبة سعد بحري للأتصال الخط الساخن 121', 'ar', 1030, NULL, '2022-03-31 18:52:25', '2022-03-31 18:52:25'),
(206, 'بندر دمنهور غرب', NULL, NULL, 'محافظة البحيرة شركة البحيرة لتوزيع الكهرباء بندر دمنهور غرب وتخدم منطقة شبرا وأرض ادمون والدفراوي والسريع وعزبة شعير للأتصال الخط الساخن 121', 'ar', 1031, NULL, '2022-03-31 18:52:25', '2022-03-31 18:52:25'),
(207, 'بندر كفر الدوار شرق', NULL, NULL, 'محافظة البحيرة شركة البحيرة لتوزيع الكهرباء بندر كفر الدوار شرق وتخدم منطقة شرق كفر الدوار وانطونيادس والسناهرة والحدائق والعكريشة للأتصال الخط الساخن 121', 'ar', 1032, NULL, '2022-03-31 18:52:25', '2022-03-31 18:52:25'),
(208, 'بندر كفر الدوار غرب', NULL, NULL, 'محافظة البحيرة شركة البحيرة لتوزيع الكهرباء بندر كفر الدوار غرب وتخدم منطقة غرب كفر الدوار والسريع وكفر الدوار القديم البلد والزرقة للأتصال الخط الساخن 121', 'ar', 1033, NULL, '2022-03-31 18:52:25', '2022-03-31 18:52:25'),
(209, 'حوش عيسى', NULL, NULL, 'محافظة البحيرة شركة البحيرة لتوزيع الكهرباء حوش عيسى وتخدم منطقة حوش عيسى والقرى التابعة للأتصال الخط الساخن 121', 'ar', 1034, NULL, '2022-03-31 18:52:25', '2022-03-31 18:52:25'),
(210, 'رشيد', NULL, NULL, 'محافظة البحيرة شركة البحيرة لتوزيع الكهرباء رشيد وتخدم منطقةرشيد والقرى التابعة للأتصال الخط الساخن 121', 'ar', 1035, NULL, '2022-03-31 18:52:25', '2022-03-31 18:52:25'),
(211, 'سيدي غازي', NULL, NULL, 'محافظة البحيرة شركة البحيرة لتوزيع الكهرباء سدي غازي وتخدم منطقة شيدي غازي والقرى التابعة للأتصال الخط الساخن 121', 'ar', 1036, NULL, '2022-03-31 18:52:25', '2022-03-31 18:52:25');
INSERT INTO `branch_translations` (`id`, `name`, `desc`, `note`, `address`, `locale`, `branch_id`, `deleted_at`, `created_at`, `updated_at`) VALUES
(212, 'شبراخيت', NULL, NULL, 'محافظة البحيرة شركة البحيرة لتوزيع الكهرباء شراخيت وتخدم منطقة شبراخيت والقرى التابعة للأتصال الخط الساخن 121', 'ar', 1037, NULL, '2022-03-31 18:52:25', '2022-03-31 18:52:25'),
(213, 'شمال التحرير', NULL, NULL, 'محافظة البحيرة شركة البحيرة لتوزيع الكهرباء شمال التحرير وتخدم منطقة الناصر وفلسطين للأتصال الخط الساخن 121', 'ar', 1038, NULL, '2022-03-31 18:52:25', '2022-03-31 18:52:25'),
(214, 'غرب النوبارية', NULL, NULL, 'محافظة البحيرة شركة البحيرة لتوزيع الكهرباء غرب النوبارية وتخدم منطقة العشرة الاف والقرى التابعة للأتصال الخط الساخن 121', 'ar', 1039, NULL, '2022-03-31 18:52:25', '2022-03-31 18:52:25'),
(215, 'كفر داود', NULL, NULL, 'محافظة البحيرة شركة البحيرة لتوزيع الكهرباء كفر داود وتخدم منطقة كفر داوود والقرى التابعة للأتصال الخط الساخن 121', 'ar', 1040, NULL, '2022-03-31 18:52:25', '2022-03-31 18:52:25'),
(216, 'كوم حمادة', NULL, NULL, 'محافظة البحيرة شركة البحيرة لتوزيع الكهرباء كوم حمادة وتخدم منطقة كوم حمادة والقرى التابعة للأتصال الخط الساخن 121', 'ar', 1041, NULL, '2022-03-31 18:52:25', '2022-03-31 18:52:25'),
(217, 'مركز دمنهور', NULL, NULL, 'محافظة البحيرة شركة البحيرة لتوزيع الكهرباء مركز دمنهور وتخدم منطقةالقرى التابعة لمركز دمنهور للأتصال الخط الساخن 121', 'ar', 1042, NULL, '2022-03-31 18:52:25', '2022-03-31 18:52:25'),
(218, 'مركز كفر الدوار', NULL, NULL, 'محافظة البحيرة شركة البحيرة لتوزيع الكهرباء مركز كفر الدوار وتخدم منطقة القرى التابعة لمركز كفر الدوار للأتصال الخط الساخن 121', 'ar', 1043, NULL, '2022-03-31 18:52:25', '2022-03-31 18:52:25'),
(219, 'مريوط', NULL, NULL, 'محافظة البحيرة شركة البحيرة لتوزيع الكهرباء مريوط وتخدم منطقة الناصرية للأتصال الخط الساخن 121', 'ar', 1044, NULL, '2022-03-31 18:52:25', '2022-03-31 18:52:25'),
(220, 'وادي النطرون', NULL, NULL, 'محافظة البحيرة شركة البحيرة لتوزيع الكهرباء وادي النطرون وتخدم منطقة وادي النطرون والقرى التابعة للأتصال الخط الساخن 121', 'ar', 1045, NULL, '2022-03-31 18:52:25', '2022-03-31 18:52:25'),
(221, 'السنطة', NULL, NULL, 'محافظة الغربية شركة جنوب الدلتا لتوزيع الكهرباء عزبة الحوشة خلف مستشفى السنطة الكبرى وتخدم منطقة مدينة السنطة والقرى التابعة لها للأتصال الخط الساخن 121', 'ar', 1046, NULL, '2022-03-31 18:52:25', '2022-03-31 18:52:25'),
(222, 'أول المحلة', NULL, NULL, 'محافظة الغربية شركة جنوب الدلتا لتوزيع الكهرباء وابور النور ش طريق محطة زفتى وتخدم منطقة مدينة المحلة أول للأتصال الخط الساخن 121', 'ar', 1047, NULL, '2022-03-31 18:52:25', '2022-03-31 18:52:25'),
(223, 'أول طنطا', NULL, NULL, 'محافظة الغربية شركة جنوب الدلتا لتوزيع الكهرباء شارع البحر أمام الري وتخدم منطقة مدينة طنطا أول للأتصال الخط الساخن 121', 'ar', 1048, NULL, '2022-03-31 18:52:25', '2022-03-31 18:52:25'),
(224, 'بسيون', NULL, NULL, 'محافظة الغربية شركة جنوب الدلتا لتوزيع الكهرباء شارع 23 يوليو بجوار مدرسة الصنايع وتخدم منطقةمدينة بسيون والقرى التابعة لها للأتصال الخط الساخن 121', 'ar', 1049, NULL, '2022-03-31 18:52:25', '2022-03-31 18:52:25'),
(225, 'بشبيش', NULL, NULL, 'محافظة الغربية شركة جنوب الدلتا لتوزيع الكهرباء بشبيش مركز المحلة الكبرى وتخدم منطقة القرى التابعة لقرية بشبيش بالمحلة الكبرى للأتصال الخط الساخن 121', 'ar', 1050, NULL, '2022-03-31 18:52:25', '2022-03-31 18:52:25'),
(226, 'ثاني المحلة', NULL, NULL, 'محافظة الغربية شركة جنوب الدلتا لتوزيع الكهرباء وابور النور ش طريق محطة زفتى وتخدم منطقة مدينة زفتى والقرى التابعة لها للأتصال الخط الساخن 121', 'ar', 1051, NULL, '2022-03-31 18:52:25', '2022-03-31 18:52:25'),
(227, 'ثاني طنطا', NULL, NULL, 'محافظة الغربية شركة جنوب الدلتا لتوزيع الكهرباء شارع الشهيد مصطفى أبو زهرة أمام شركة الزيوت وتخدم منطقة مدينة طنطا ثاني للأتصال الخط الساخن 121', 'ar', 1052, NULL, '2022-03-31 18:52:25', '2022-03-31 18:52:25'),
(228, 'زفتى', NULL, NULL, 'محافظة الغربية شركة جنوب الدلتا لتوزيع الكهرباء شارع كورنيش النيل طريق مصنع نسيج زفتى  وتخدم منطقة مدينة زفتى والقرى التابعة لها للأتصال الخط الساخن 121', 'ar', 1053, NULL, '2022-03-31 18:52:25', '2022-03-31 18:52:25'),
(229, 'سمنود', NULL, NULL, 'محافظة الغربية شركة جنوب الدلتا لتوزيع الكهرباء وأبور النور ش ترعة الساحل وتخدم منطقة مدينة سمنود والقرى التابعة لها للأتصال الخط الساخن 121', 'ar', 1054, NULL, '2022-03-31 18:52:25', '2022-03-31 18:52:25'),
(230, 'قطور', NULL, NULL, 'محافظة الغربية شركة جنوب الدلتا لتوزيع الكهرباء شارع عامر الدلتوني أمام المحكمة وتخدم منطقة مدينة قطور والقرى التابعة لها للأتصال الخط الساخن 121', 'ar', 1055, NULL, '2022-03-31 18:52:25', '2022-03-31 18:52:25'),
(231, 'كفر الزيات', NULL, NULL, 'محافظة الغربية شركة جنوب الدلتا لتوزيع الكهرباء شارع جراهم أمام المستشفى القديم وتخدم منطقة مدينة كفر الزيات والقرى التابعة لها للأتصال الخط الساخن 121', 'ar', 1056, NULL, '2022-03-31 18:52:25', '2022-03-31 18:52:25'),
(232, 'مركز المحلة', NULL, NULL, 'محافظة الغربية شركة جنوب الدلتا لتوزيع الكهرباء وابور النور ش طريق محطة زفتى وتخدم منطقة القرى التابعة لمدينة المحلة الكبرى للأتصال الخط الساخن 121', 'ar', 1057, NULL, '2022-03-31 18:52:25', '2022-03-31 18:52:25'),
(233, 'مركز طنطا', NULL, NULL, 'محافظة الغربية شركة جنوب الدلتا لتوزيع الكهرباء شارع الشهيد مصطفى أبو زهرة أمام شركة الزيوت وتخدم منطقة القرى التابعة لمدينة طنطا للأتصال الخط الساخن 121', 'ar', 1058, NULL, '2022-03-31 18:52:25', '2022-03-31 18:52:25'),
(234, 'قطاع شبكات شمال الشرقية', NULL, NULL, 'محافظة الشرقية شركة القناة لتوزيع الكهرباء شارع النقراشي بجوار مدرسة صلاح سالم أبو كبير وتخدم منطقة شمال الشرقية المركز الرئيسي للأتصال الخط الساخن 121', 'ar', 1059, NULL, '2022-03-31 18:52:25', '2022-03-31 18:52:25'),
(235, 'هندسة أبو كبير', NULL, NULL, 'محافظة الشرقية شركة القناة لتوزيع الكهرباء أبوكبير شوق الشركة حي سوارس أبو كبير وتخدم منطقة أبوكبير للأتصال الخط الساخن 121', 'ar', 1060, NULL, '2022-03-31 18:52:25', '2022-03-31 18:52:25'),
(236, 'هندسة الحسينية', NULL, NULL, 'محافظة الشرقية شركة القناة لتوزيع الكهرباء الحسينية شارع الشبكة منشأة شارة الحسينية وتخدم منطقة الحسينية للأتصال الخط الساخن 121', 'ar', 1061, NULL, '2022-03-31 18:52:25', '2022-03-31 18:52:25'),
(237, 'هندسة الخطارة', NULL, NULL, 'محافظة الشرقية شركة القناة لتوزيع الكهرباء شارع السيد حسين فاقوس وتخدم منطقة  الخطارة للأتصال الخط الساخن 121', 'ar', 1062, NULL, '2022-03-31 18:52:25', '2022-03-31 18:52:25'),
(238, 'هندسة أولاد صقر', NULL, NULL, 'محافظة الشرقية شركة القناة لتوزيع الكهرباء أولاد صقر شارع المحكمة أولاد صقر وتخدم منطقة  أولاد صقر للأتصال الخط الساخن 121', 'ar', 1063, NULL, '2022-03-31 18:52:25', '2022-03-31 18:52:25'),
(239, 'هندسة صان الحجر', NULL, NULL, 'محافظة الشرقية شركة القناة لتوزيع الكهرباء الحسينية صان الحجر وتخدم منطقة صان الحجر للأتصال الخط الساخن 121', 'ar', 1064, NULL, '2022-03-31 18:52:25', '2022-03-31 18:52:25'),
(240, 'هندسة فاقوس', NULL, NULL, 'محافظة الشرقية شركة القناة لتوزيع الكهرباء شارع السيد حسين فاقوس وتخدم منطقة فاقوس للأتصال الخط الساخن 121', 'ar', 1065, NULL, '2022-03-31 18:52:25', '2022-03-31 18:52:25'),
(241, 'هندسة كفر صقر', NULL, NULL, 'محافظة الشرقية شركة القناة لتوزيع الكهرباء شارع البحر حي النصر كفر سقر وتخدم منطقة كفر سقر للأتصال الخط الساخن 121', 'ar', 1066, NULL, '2022-03-31 18:52:25', '2022-03-31 18:52:25'),
(242, 'هندسة ههيا', NULL, NULL, 'محافظة الشرقية شركة القناة لتوزيع الكهرباء ههيا شارع البحر مساكن العساكرة بلوك 2 ههيا وتخدم منطقة  ههيا للأتصال الخط الساخن 121', 'ar', 1067, NULL, '2022-03-31 18:52:25', '2022-03-31 18:52:25'),
(243, 'قطاع شبكات وسط الشرقية', NULL, NULL, 'محافظة الشرقية شركة القناة لتوزيع الكهرباء أوسط الزقازيق خلف مبنى الديوان العام للمحافظة وتخدم منطقة وسط الشرقية المركز الرئيسي  للأتصال الخط الساخن 121', 'ar', 1068, NULL, '2022-03-31 18:52:25', '2022-03-31 18:52:25'),
(244, 'هندسة أبو حماد', NULL, NULL, 'محافظة الشرقية شركة القناة لتوزيع الكهرباء أبوحماد طريق أبو حماد الإسماعيلية وتخدم منطقة أبو حماد  للأتصال الخط الساخن 121', 'ar', 1069, NULL, '2022-03-31 18:52:25', '2022-03-31 18:52:25'),
(245, 'هندسة القرين', NULL, NULL, 'محافظة الشرقية شركة القناة لتوزيع الكهرباء مدينة القرين بجوار مجلس المدينة ومدرسة الصنايع وتخدم منطقة  القرين للأتصال الخط الساخن 121', 'ar', 1070, NULL, '2022-03-31 18:52:25', '2022-03-31 18:52:25'),
(246, 'هندسة القنايات', NULL, NULL, 'محافظة الشرقية شركة القناة لتوزيع الكهرباء القنيات بجوار قسم الشرطة وتخدم منطقة  القنايات للأتصال الخط الساخن 121', 'ar', 1071, NULL, '2022-03-31 18:52:25', '2022-03-31 18:52:25'),
(247, 'هندسة جامعة الزقازيق', NULL, NULL, 'محافظة الشرقية شركة القناة لتوزيع الكهرباء وسط الزقازيق حي الزهور خلف مديرية الإسكان وتخدم منطقة جامعة الزقازيق للأتصال الخط الساخن 121', 'ar', 1072, NULL, '2022-03-31 18:52:25', '2022-03-31 18:52:25'),
(248, 'هندسة شرق الزقازيق', NULL, NULL, 'محافظة الشرقية شركة القناة لتوزيع الكهرباء وسط الزقازيق الحسينية ش الشهيد طيار الزقازيق وتخدم منطقة  شرق الزقازيق للأتصال الخط الساخن 121', 'ar', 1073, NULL, '2022-03-31 18:52:25', '2022-03-31 18:52:25'),
(249, 'هندسة غرب الزقازيق', NULL, NULL, 'محافظة الشرقية شركة القناة لتوزيع الكهرباء وسط الزقازيق القومية خلف المصرية بلازا وتخدم منطقة غرب الزقازيق للأتصال الخط الساخن 121', 'ar', 1074, NULL, '2022-03-31 18:52:25', '2022-03-31 18:52:25'),
(250, 'هندسة قرى الزقازيق', NULL, NULL, 'محافظة الشرقية شركة القناة لتوزيع الكهرباء وسط الزقازيق الزراعة بجوار موقف الاتوبيس وتخدم منطقة قرى الزقازيق للأتصال الخط الساخن 121', 'ar', 1075, NULL, '2022-03-31 18:52:25', '2022-03-31 18:52:25'),
(251, 'هندسة وسط الزقازيق', NULL, NULL, 'محافظة الشرقية شركة القناة لتوزيع الكهرباء وسط الزقازيق ميدان الصاغة وتخدم منطقة وسط الزقازيق للأتصال الخط الساخن 121', 'ar', 1076, NULL, '2022-03-31 18:52:25', '2022-03-31 18:52:25'),
(252, 'قطاع شبكات جنوب الشرقية', NULL, NULL, 'محافظة الشرقية شركة القناة لتوزيع الكهرباء خلف مبنى الديوان العام للمحافظة وتخدم منطقة جنوب الشرقية المركز الرئيسي للأتصال الخط الساخن 121', 'ar', 1077, NULL, '2022-03-31 18:52:25', '2022-03-31 18:52:25'),
(253, 'هندسة الإبراهيمية', NULL, NULL, 'محافظة الشرقية شركة القناة لتوزيع الكهرباء الإبراهيمية ش بور سعيد بجوار الإدارة البيطرية وتخدم منطقة الإبراهيمية للأتصال الخط الساخن 121', 'ar', 1078, NULL, '2022-03-31 18:52:25', '2022-03-31 18:52:25'),
(254, 'هندسة البر الشرقي', NULL, NULL, 'محافظة الشرقية شركة القناة لتوزيع الكهرباء طريق بلبيس مصر الصحراوي بجوار محطة محولات بلبيس وتخدم منطقة  البر الشرقي للأتصال الخط الساخن 121', 'ar', 1079, NULL, '2022-03-31 18:52:25', '2022-03-31 18:52:25'),
(255, 'هندسة أنشاص', NULL, NULL, 'محافظة الشرقية شركة القناة لتوزيع الكهرباء انشاص بجوار الوحدة المحلية بانشاص وتخدم منطقة  أنشاص للأتصال الخط الساخن 121', 'ar', 1080, NULL, '2022-03-31 18:52:25', '2022-03-31 18:52:25'),
(256, 'هندسة بلبيس', NULL, NULL, 'محافظة الشرقية شركة القناة لتوزيع الكهرباء مدينة بلبيش بجوار مجلس المدينة وتخدم منطقة بلبيس للأتصال الخط الساخن 121', 'ar', 1081, NULL, '2022-03-31 18:52:25', '2022-03-31 18:52:25'),
(257, 'هندسة ديرب نجم', NULL, NULL, 'محافظة الشرقية شركة القناة لتوزيع الكهرباء ديرب نجم بجوار مدرسة الإعدادية بنات طريق الإبراهيمية وتخدم منطقة  ديرب نجم للأتصال الخط الساخن 121', 'ar', 1082, NULL, '2022-03-31 18:52:25', '2022-03-31 18:52:25'),
(258, 'هندسة شرق منيا القمح', NULL, NULL, 'محافظة الشرقية شركة القناة لتوزيع الكهرباء مينا القمح شارت الدكتور محمد مندور متفرع من ش سعد زغلول وتخدم منطقة  شرق منيا القمح  للأتصال الخط الساخن 121', 'ar', 1083, NULL, '2022-03-31 18:52:25', '2022-03-31 18:52:25'),
(259, 'هندسة غرب منيا القمح', NULL, NULL, 'محافظة الشرقية شركة القناة لتوزيع الكهرباء منيا القمح بجوار مجلس المدينة وتخدم منطقة  غرب منيا القمح للأتصال الخط الساخن 121', 'ar', 1084, NULL, '2022-03-31 18:52:25', '2022-03-31 18:52:25'),
(260, 'هندسة مشتول السوق', NULL, NULL, 'محافظة الشرقية شركة القناة لتوزيع الكهرباء مشتول السوق ش المدينة المنورة وتخدم منطقة  مشتول السوق للأتصال الخط الساخن 121', 'ar', 1085, NULL, '2022-03-31 18:52:25', '2022-03-31 18:52:25'),
(261, 'قطاع شبكات شمال سيناء', NULL, NULL, 'محافظة شمال سيناء شركة القناة لتوزيع الكهرباء العريش شارع الجيس العريش وتخدم منطقة شمال سيناء المركز الرئيسي للأتصال الخط الساخن 121', 'ar', 1086, NULL, '2022-03-31 18:52:25', '2022-03-31 18:52:25'),
(262, 'هندسة الحسنة', NULL, NULL, 'محافظة شمال سيناء شركة القناة لتوزيع الكهرباء شمال سيناء الحسنة وتخدم منطقة  الحسنه للأتصال الخط الساخن 121', 'ar', 1087, NULL, '2022-03-31 18:52:25', '2022-03-31 18:52:25'),
(263, 'هندسة الشيخ زويد', NULL, NULL, 'محافظة شمال سيناء شركة القناة لتوزيع الكهرباء الشيخ زويد الشارع العام بجوار السنترال وتخدم منطقة  الشيخ زويد للأتصال الخط الساخن 121', 'ar', 1088, NULL, '2022-03-31 18:52:25', '2022-03-31 18:52:25'),
(264, 'هندسة العريش', NULL, NULL, 'محافظة شمال سيناء شركة القناة لتوزيع الكهرباء العريش شارع الجيش أمام المستشفى العام وتخدم منطقة  العريش للأتصال الخط الساخن 121', 'ar', 1089, NULL, '2022-03-31 18:52:25', '2022-03-31 18:52:25'),
(265, 'هندسة المساعيد', NULL, NULL, 'محافظة شمال سيناء شركة القناة لتوزيع الكهرباء المساعيد العريش ش الفاتح أمام قرية ظلال النخيل وتخدم منطقة  المساعيد للأتصال الخط الساخن 121', 'ar', 1090, NULL, '2022-03-31 18:52:25', '2022-03-31 18:52:25'),
(266, 'هندسة بئر العبد', NULL, NULL, 'محافظة شمال سيناء شركة القناة لتوزيع الكهرباء بئر العبد الشارع الرئيسي بجوار موقف الأتوبيس وتخدم منطقة  بئر العبد للأتصال الخط الساخن 121', 'ar', 1091, NULL, '2022-03-31 18:52:25', '2022-03-31 18:52:25'),
(267, 'هندسة رفح', NULL, NULL, 'محافظة شمال سيناء شركة القناة لتوزيع الكهرباء رفح الشارع العام وتخدم منطقة  رفح للأتصال الخط الساخن 121', 'ar', 1092, NULL, '2022-03-31 18:52:25', '2022-03-31 18:52:25'),
(268, 'هندسة رمانة', NULL, NULL, 'محافظة شمال سيناء شركة القناة لتوزيع الكهرباء رفح قرية 6 أكتوبر بجوار محطة الديزل وتخدم منطقة  رمانة للأتصال الخط الساخن 121', 'ar', 1093, NULL, '2022-03-31 18:52:25', '2022-03-31 18:52:25'),
(269, 'هندسة نخل', NULL, NULL, 'محافظة شمال سيناء شركة القناة لتوزيع الكهرباء شمال سيناء نخل وتخدم منطقة  نخل للأتصال الخط الساخن 121', 'ar', 1094, NULL, '2022-03-31 18:52:25', '2022-03-31 18:52:25'),
(270, 'الشئون التجارية المركزية', NULL, NULL, 'محافظة أسيوط شركة مصر الوسطي لتوزيع الكهرباء الاربعين بجوار مستشفى اليامان وتخدم منطقة  مدينة أسيوط للأتصال الخط الساخن 121', 'ar', 1095, NULL, '2022-03-31 18:52:25', '2022-03-31 18:52:25'),
(271, 'ابنوب', NULL, NULL, 'محافظة أسيوط شركة مصر الوسطي لتوزيع الكهرباء  شارع بورسعيد بجوار مدرسة ابنوب الصناعية وتخدم منطقة  قرى ابنوب للأتصال الخط الساخن 121', 'ar', 1096, NULL, '2022-03-31 18:52:25', '2022-03-31 18:52:25'),
(272, 'أبو تيج', NULL, NULL, 'محافظة أسيوط شركة مصر الوسطي لتوزيع الكهرباء  شارع الجلاء أبو تيج وتخدم منطقة قرى ابوتيج للأتصال الخط الساخن 121', 'ar', 1097, NULL, '2022-03-31 18:52:25', '2022-03-31 18:52:25'),
(273, 'البدارى', NULL, NULL, 'محافظة أسيوط شركة مصر الوسطي لتوزيع الكهرباء شارع السيما خلف مركز شرطة البداري وتخدم منطقة  قرى البدارى للأتصال الخط الساخن 121', 'ar', 1098, NULL, '2022-03-31 18:52:25', '2022-03-31 18:52:25'),
(274, 'الغنايم', NULL, NULL, 'محافظة أسيوط شركة مصر الوسطي لتوزيع الكهرباء الغنايم أسيوط وتخدم منطقة  قرى الغنايم للأتصال الخط الساخن 121', 'ar', 1099, NULL, '2022-03-31 18:52:25', '2022-03-31 18:52:25'),
(275, 'الفتح', NULL, NULL, 'محافظة أسيوط شركة مصر الوسطي لتوزيع الكهرباء مركز الفتح أول كوبري بني مر وتخدم منطقة  قرى الفتح للأتصال الخط الساخن 121', 'ar', 1100, NULL, '2022-03-31 18:52:25', '2022-03-31 18:52:25'),
(276, 'القوصية', NULL, NULL, 'محافظة أسيوط شركة مصر الوسطي لتوزيع الكهرباء شارع المستشفى أمام مستشفى القوصية المركزي وتخدم منطقة  قرى القوصية للأتصال الخط الساخن 121', 'ar', 1101, NULL, '2022-03-31 18:52:25', '2022-03-31 18:52:25'),
(277, 'المركز بحري', NULL, NULL, 'محافظة أسيوط شركة مصر الوسطي لتوزيع الكهرباء منقباد طريق أسيوط القاهرة الزراعي وتخدم منطقة  قرى بحرى للأتصال الخط الساخن 121', 'ar', 1102, NULL, '2022-03-31 18:52:25', '2022-03-31 18:52:25'),
(278, 'المركز جنوب ', NULL, NULL, 'محافظة أسيوط شركة مصر الوسطي لتوزيع الكهرباء الأربعين بجوار مستشفى الإيمان وتخدم منطقة  قرى جنوب المركز للأتصال الخط الساخن 121', 'ar', 1103, NULL, '2022-03-31 18:52:25', '2022-03-31 18:52:25'),
(279, 'ديروط', NULL, NULL, 'محافظة أسيوط شركة مصر الوسطي لتوزيع الكهرباء شارع بورسعيد بجوار محطة المياة وتخدم منطقة قرى ديروط للأتصال الخط الساخن 121', 'ar', 1104, NULL, '2022-03-31 18:52:25', '2022-03-31 18:52:25'),
(280, 'ساحل سليم', NULL, NULL, 'محافظة أسيوط شركة مصر الوسطي لتوزيع الكهرباء شارع الجمهوري خلف مجلس المدينة وتخدم منطقة قرى ساحل سليم للأتصال الخط الساخن 121', 'ar', 1105, NULL, '2022-03-31 18:52:25', '2022-03-31 18:52:25'),
(281, 'شرق', NULL, NULL, 'محافظة أسيوط شركة مصر الوسطي لتوزيع الكهرباء أسيوط شرق محطة السكة الحديد وتخدم منطقة  قرى شرق المحطة للأتصال الخط الساخن 121', 'ar', 1106, NULL, '2022-03-31 18:52:25', '2022-03-31 18:52:25'),
(282, 'صدفا', NULL, NULL, 'محافظة أسيوط شركة مصر الوسطي لتوزيع الكهرباء شارع أبو العباس صدفا وتخدم منطقة  قرى صدفا للأتصال الخط الساخن 121', 'ar', 1107, NULL, '2022-03-31 18:52:25', '2022-03-31 18:52:25'),
(283, 'غرب', NULL, NULL, 'محافظة أسيوط شركة مصر الوسطي لتوزيع الكهرباء الأربعين بجوار مستشفى الإيمان وتخدم منطقة قرى غرب للأتصال الخط الساخن 121', 'ar', 1108, NULL, '2022-03-31 18:52:25', '2022-03-31 18:52:25'),
(284, 'مبنى القطاع ', NULL, NULL, 'محافظة أسيوط شركة مصر الوسطي لتوزيع الكهرباء شارع التحكم المركز شرق المحطة أسيوط وتخدم منطقة مدينة أسيوط للأتصال الخط الساخن 121', 'ar', 1109, NULL, '2022-03-31 18:52:25', '2022-03-31 18:52:25'),
(285, 'منفلوط', NULL, NULL, 'محافظة أسيوط شركة مصر الوسطي لتوزيع الكهرباء شارع الجوفار بجوار النادي الرياضي وتخدم منطقة  قرى منفلوط للأتصال الخط الساخن 121', 'ar', 1110, NULL, '2022-03-31 18:52:25', '2022-03-31 18:52:25'),
(286, 'أبوقرقاص', NULL, NULL, 'محافظة المنيا شركة مصر الوسطي لتوزيع الكهرباء شارع بورسعيد الفكرية بجوار مجلس مدينة أبوقرقاص وتخدم منطقة  قرى أبو قرقاص للأتصال الخط الساخن 121', 'ar', 1111, NULL, '2022-03-31 18:52:25', '2022-03-31 18:52:25'),
(287, 'العدوة', NULL, NULL, 'محافظة المنيا شركة مصر الوسطي لتوزيع الكهرباء أمام مستشفى العدوة بجوار السنترال العدوة وتخدم منطقة  قرى العدوة للأتصال الخط الساخن 121', 'ar', 1112, NULL, '2022-03-31 18:52:25', '2022-03-31 18:52:25'),
(288, 'المنيا شرق', NULL, NULL, 'محافظة المنيا شركة مصر الوسطي لتوزيع الكهرباء شارع طه حسين بجوار شرطة الكهرباء المنيا وتخدم منطقة  قرى شرق المنيا للأتصال الخط الساخن 121', 'ar', 1113, NULL, '2022-03-31 18:52:25', '2022-03-31 18:52:25'),
(289, 'المنيا غرب', NULL, NULL, 'محافظة المنيا شركة مصر الوسطي لتوزيع الكهرباء ش بين الشواني طريق مصر أسوان الزراعي المنيا وتخدم منطقة  قرى غرب المنيا للأتصال الخط الساخن 121', 'ar', 1114, NULL, '2022-03-31 18:52:25', '2022-03-31 18:52:25'),
(290, 'بني مزار', NULL, NULL, 'محافظة المنيا شركة مصر الوسطي لتوزيع الكهرباء شارع الجمهورية بجوار النتسرال وتخدم منطقة  قرى نبي مزار للأتصال الخط الساخن 121', 'ar', 1115, NULL, '2022-03-31 18:52:25', '2022-03-31 18:52:25'),
(291, 'دير مواس', NULL, NULL, 'محافظة المنيا شركة مصر الوسطي لتوزيع الكهرباء 20شارع صلاح عبد الحكيم ديرمواس وتخدم منطقة قرى ديرومواس للأتصال الخط الساخن 121', 'ar', 1116, NULL, '2022-03-31 18:52:25', '2022-03-31 18:52:25'),
(292, 'سمالوط', NULL, NULL, 'محافظة المنيا شركة مصر الوسطي لتوزيع الكهرباء طريق مصر أسوان بجوار مركز شرطة سمالوط وتخدم منطقة قرى سمالوط للأتصال الخط الساخن 121', 'ar', 1117, NULL, '2022-03-31 18:52:25', '2022-03-31 18:52:25'),
(293, 'مدينة ملوي', NULL, NULL, 'محافظة المنيا شركة مصر الوسطي لتوزيع الكهرباء شارع وابور النور خلف حديقة مبارك ملوي وتخدم منطقة  مدينة ملوي للأتصال الخط الساخن 121', 'ar', 1118, NULL, '2022-03-31 18:52:25', '2022-03-31 18:52:25'),
(294, 'مركز المنيا', NULL, NULL, 'محافظة المنيا شركة مصر الوسطي لتوزيع الكهرباء أرض المولد أبو هلال أمام قوات الأمن المنيا وتخدم منطقة  قرى المنيا للأتصال الخط الساخن 121', 'ar', 1119, NULL, '2022-03-31 18:52:25', '2022-03-31 18:52:25'),
(295, 'مركز ملوي', NULL, NULL, 'محافظة المنيا شركة مصر الوسطي لتوزيع الكهرباء أخر شارع المجيدي ملوي وتخدم منطقة قرى ملوي للأتصال الخط الساخن 121', 'ar', 1120, NULL, '2022-03-31 18:52:25', '2022-03-31 18:52:25'),
(296, 'مطاي', NULL, NULL, 'محافظة المنيا شركة مصر الوسطي لتوزيع الكهرباء طريق مصر أسوان بجوار جامع أبو بكر وتخدم منطقة  قرى مطاي للأتصال الخط الساخن 121', 'ar', 1121, NULL, '2022-03-31 18:52:25', '2022-03-31 18:52:25'),
(297, 'مغاغة', NULL, NULL, 'محافظة المنيا شركة مصر الوسطي لتوزيع الكهرباء طريق مصر أسوان خلف محطة المياة مغاغة وتخدم منطقة  قرى مغافة للأتصال الخط الساخن 121', 'ar', 1122, NULL, '2022-03-31 18:52:25', '2022-03-31 18:52:25'),
(298, 'الساحل الشمالي 25 يناير', NULL, NULL, 'محافظة مطروح شركة البحيرة لتوزيع الكهرباء الإدارة العامة للساحل الشمالي وتخدم منطقة  قرية 25 يناير للأتصال الخط الساخن 121', 'ar', 1123, NULL, '2022-03-31 18:52:25', '2022-03-31 18:52:25'),
(299, 'السلوم الشئون التجارية', NULL, NULL, 'محافظة مطروح شركة البحيرة لتوزيع الكهرباء السلوم وتخدم منطقة  السلوم والنجوع التابعة لها  للأتصال الخط الساخن 121', 'ar', 1124, NULL, '2022-03-31 18:52:25', '2022-03-31 18:52:25'),
(300, 'الضبعة', NULL, NULL, 'محافظة مطروح شركة البحيرة لتوزيع الكهرباء الضبعة وتخدم منطقة  الضبعة وفوكة وأولاد علواني للأتصال الخط الساخن 121', 'ar', 1125, NULL, '2022-03-31 18:52:25', '2022-03-31 18:52:25'),
(301, 'العلمين', NULL, NULL, 'محافظة مطروح شركة البحيرة لتوزيع الكهرباء العلمين وتخدم منطقة مدينة العلمين والنجوع التابعة للأتصال الخط الساخن 121', 'ar', 1126, NULL, '2022-03-31 18:52:25', '2022-03-31 18:52:25'),
(302, 'المنتزة', NULL, NULL, 'محافظة مطروح شركة البحيرة لتوزيع الكهرباء المنتزة وتخدم منطقة  قرية أولاد جبريل والرويسات والقرى السياحية التابعة للأتصال الخط الساخن 121', 'ar', 1127, NULL, '2022-03-31 18:52:25', '2022-03-31 18:52:25'),
(303, 'سيدي راني الشئون التجارية', NULL, NULL, 'محافظة مطروح شركة البحيرة لتوزيع الكهرباء سيدي براني وتخدم منطقة  سيد براني والنجوع التابعة لها للأتصال الخط الساخن 121', 'ar', 1128, NULL, '2022-03-31 18:52:25', '2022-03-31 18:52:25'),
(304, 'سيدي عبد الرحمن ', NULL, NULL, 'محافظة مطروح شركة البحيرة لتوزيع الكهرباء سيدي عبد الرحمن وتخدم منطقة  سيدي عبد الرحمن والنجوع التابعة الها للأتصال الخط الساخن 121', 'ar', 1129, NULL, '2022-03-31 18:52:25', '2022-03-31 18:52:25'),
(305, 'سيوة', NULL, NULL, 'محافظة مطروح شركة البحيرة لتوزيع الكهرباء سيوة وتخدم منطقة  سيوة والنجوع التابعة لها للأتصال الخط الساخن 121', 'ar', 1130, NULL, '2022-03-31 18:52:25', '2022-03-31 18:52:25'),
(306, 'مارينا - موزع (ج) - ك 98', NULL, NULL, 'محافظة مطروح شركة البحيرة لتوزيع الكهرباء مارينا - موزع (ج) ك98 وتخدم منطقة  قرية مارينا السياحية للأتصال الخط الساخن 121', 'ar', 1131, NULL, '2022-03-31 18:52:25', '2022-03-31 18:52:25'),
(307, 'مطروح شرق', NULL, NULL, 'محافظة مطروح شركة البحيرة لتوزيع الكهرباء مطروح شرق وتخدم منطقة  شرق مطروح للأتصال الخط الساخن 121', 'ar', 1132, NULL, '2022-03-31 18:52:25', '2022-03-31 18:52:25'),
(308, 'مطروح غرب', NULL, NULL, 'محافظة مطروح شركة البحيرة لتوزيع الكهرباء مطروح غرب وتخدم منطقة  غرب مطروح للأتصال الخط الساخن 121', 'ar', 1133, NULL, '2022-03-31 18:52:25', '2022-03-31 18:52:25'),
(309, 'قطاع شبكات السويس', NULL, NULL, 'محافظة السويس شركة القناة لتوزيع الكهرباء كفر أحمد عبده طريق ناصر السويس وتخدم منطقة  السويس المركز الرئيسي للأتصال الخط الساخن 121', 'ar', 1134, NULL, '2022-03-31 18:52:25', '2022-03-31 18:52:25'),
(310, 'هندسة الأربعين', NULL, NULL, 'محافظة السويس شركة القناة لتوزيع الكهرباء شارع الشهداء ومظلوم وابور النور والأربعين وتخدم منطقة الأربعين للأتصال الخط الساخن 121', 'ar', 1135, NULL, '2022-03-31 18:52:25', '2022-03-31 18:52:25'),
(311, 'هندسة الجناين', NULL, NULL, 'محافظة السويس شركة القناة لتوزيع الكهرباء ك 10 طريق الإسماعيلية قرية عامر العمدة الجنايو وتخدم منطقة  الجناين للأتصال الخط الساخن 121', 'ar', 1136, NULL, '2022-03-31 18:52:25', '2022-03-31 18:52:25'),
(312, 'هندسة الخليج', NULL, NULL, 'محافظة السويس شركة القناة لتوزيع الكهرباء الاتكة طريق السخنة أمام ميناء الاتكة عناقة وتخدم منطقة  الخليج للأتصال الخط الساخن 121', 'ar', 1137, NULL, '2022-03-31 18:52:25', '2022-03-31 18:52:25'),
(313, 'هندسة السويس', NULL, NULL, 'محافظة السويس شركة القناة لتوزيع الكهرباء الخور بجوار الصرف الصحي الغريب السويس وتخدم منطقة السويس للأتصال الخط الساخن 121', 'ar', 1138, NULL, '2022-03-31 18:52:25', '2022-03-31 18:52:25'),
(314, 'هندسة فيصل', NULL, NULL, 'محافظة السويس شركة القناة لتوزيع الكهرباء السويس الحرفين فيصل وتخدم منطقة  فيص للأتصال الخط الساخن 121', 'ar', 1139, NULL, '2022-03-31 18:52:25', '2022-03-31 18:52:25'),
(315, 'الزرقا', NULL, NULL, 'محافظة دمياط شركة شمال الدلتا لتوزيع الكهرباء الزرقا بجوار كوبري الزرقا وتخدم منطقة الزرقا للأتصال الخط الساخن 121', 'ar', 1140, NULL, '2022-03-31 18:52:25', '2022-03-31 18:52:25'),
(316, 'جنوب دمياط', NULL, NULL, 'محافظة دمياط شركة شمال الدلتا لتوزيع الكهرباء دمياط أمام كوبري المعلمين بجوار شركة المياة وتخدم منطقة  دمياط للأتصال الخط الساخن 121', 'ar', 1141, NULL, '2022-03-31 18:52:25', '2022-03-31 18:52:25'),
(317, 'شمال دمياط', NULL, NULL, 'محافظة دمياط شركة شمال الدلتا لتوزيع الكهرباء دمياط تحت الكوبري العلوي بجوار مجلس حي رابع وتخدم منطقة  دمياط للأتصال الخط الساخن 121', 'ar', 1142, NULL, '2022-03-31 18:52:25', '2022-03-31 18:52:25'),
(318, 'عزبة البرج', NULL, NULL, 'محافظة دمياط شركة شمال الدلتا لتوزيع الكهرباء عزبة البرج شارع البنك الأهلي بجوار بنزينة عزبة البرج وتخدم منطقة  عزبة البرج للأتصال الخط الساخن 121', 'ar', 1143, NULL, '2022-03-31 18:52:25', '2022-03-31 18:52:25'),
(319, 'كفر سعد', NULL, NULL, 'محافظة دمياط شركة شمال الدلتا لتوزيع الكهرباء كفر سعد بجوار سنترال كفر سعد وتخدم منطقة  كفر سعد للأتصال الخط الساخن 121', 'ar', 1144, NULL, '2022-03-31 18:52:25', '2022-03-31 18:52:25'),
(320, 'الروضة', NULL, NULL, 'محافظة دمياط شركة شمال الدلتا لتوزيع الكهرباء طريق فارسكور وتخدم منطقة  الروضة للأتصال الخط الساخن 121', 'ar', 1145, NULL, '2022-03-31 18:52:25', '2022-03-31 18:52:25'),
(321, 'الشعراء', NULL, NULL, 'محافظة دمياط شركة شمال الدلتا لتوزيع الكهرباء الشعراء بجوار موقف الشعراء أمام كازينو المهندسين وتخدم منطقة  الشعراء للأتصال الخط الساخن 121', 'ar', 1146, NULL, '2022-03-31 18:52:25', '2022-03-31 18:52:25'),
(322, 'فارسكور', NULL, NULL, 'محافظة دمياط شركة شمال الدلتا لتوزيع الكهرباء فارسكور شارع البحر وتخدم منطقة  فارسكور للأتصال الخط الساخن 121', 'ar', 1147, NULL, '2022-03-31 18:52:25', '2022-03-31 18:52:25'),
(323, 'كفر البطيخ', NULL, NULL, 'محافظة دمياط شركة شمال الدلتا لتوزيع الكهرباء كفر البطيخ طريق دمياط بجوار الكوبري العلوي وتخدم منطقة كفر البطيخ للأتصال الخط الساخن 121', 'ar', 1148, NULL, '2022-03-31 18:52:25', '2022-03-31 18:52:25'),
(324, 'رأس البر', NULL, NULL, 'محافظة دمياط شركة شمال الدلتا لتوزيع الكهرباء 9ش 49 أمام شارع بور سعيد رأس البر للأتصال الخط الساخن 121', 'ar', 1149, NULL, '2022-03-31 18:52:25', '2022-03-31 18:52:25'),
(325, 'الجمالية', NULL, NULL, 'محافظة الدقهلية شركة شمال الدلتا لتوزيع الكهرباء شارع الإمام منسي بجوار السنترال وتخدم منقطة مدينة الجمالية للأتصال الخط الساخن 121', 'ar', 1150, NULL, '2022-03-31 18:52:25', '2022-03-31 18:52:25'),
(326, 'قرى السنبلاوين', NULL, NULL, 'محافظة الدقهلية شركة شمال الدلتا لتوزيع الكهرباء عزبة صقر سوق السمك وتخدم منقطة  قرى السنبلاوين وضواحيها للأتصال الخط الساخن 121', 'ar', 1151, NULL, '2022-03-31 18:52:25', '2022-03-31 18:52:25'),
(327, 'مدينة السنبلاوين', NULL, NULL, 'محافظة الدقهلية شركة شمال الدلتا لتوزيع الكهرباء عزبة صقر سوق السمك وتخدم منقطة  مدينة السنبلاوين للأتصال الخط الساخن 121', 'ar', 1152, NULL, '2022-03-31 18:52:25', '2022-03-31 18:52:25'),
(328, 'المطرية', NULL, NULL, 'محافظة الدقهلية شركة شمال الدلتا لتوزيع الكهرباء شارع الشرقية والأمين أمام مدرسة أحمد ماهر وتخدم منقطة  مدينة المطرية للأتصال الخط الساخن 121', 'ar', 1153, NULL, '2022-03-31 18:52:25', '2022-03-31 18:52:25'),
(329, 'قرى المنزلة', NULL, NULL, 'محافظة الدقهلية شركة شمال الدلتا لتوزيع الكهرباء شارع الجلاء ومطلوم بجوار سوق السمك وتخدم منقطة قرى المنزلة وضواحيها للأتصال الخط الساخن 121', 'ar', 1154, NULL, '2022-03-31 18:52:25', '2022-03-31 18:52:25'),
(330, 'مدينة المنزلة', NULL, NULL, 'محافظة الدقهلية شركة شمال الدلتا لتوزيع الكهرباء شارع الجلاء ومظلوم بجارو سوق السمك وتخدم منقطة  مدينة المنزلة للأتصال الخط الساخن 121', 'ar', 1155, NULL, '2022-03-31 18:52:25', '2022-03-31 18:52:25'),
(331, 'مدينة أجا', NULL, NULL, 'محافظة الدقهلية شركة شمال الدلتا لتوزيع الكهرباء شارع الجلاء وتخدم منقطة  مدينة أجا للأتصال الخط الساخن 121', 'ar', 1156, NULL, '2022-03-31 18:52:25', '2022-03-31 18:52:25'),
(332, 'بني عبيد', NULL, NULL, 'محافظة الدقهلية شركة شمال الدلتا لتوزيع الكهرباء مدخل مدينة بني عبيد بجوار المعهد الديني وتخدم منقطة  مدينة بني عبيد للأتصال الخط الساخن 121', 'ar', 1157, NULL, '2022-03-31 18:52:25', '2022-03-31 18:52:25'),
(333, 'تمي الأمديد', NULL, NULL, 'محافظة الدقهلية شركة شمال الدلتا لتوزيع الكهرباء شارع هشام المسري بجوار الإدارة التعليمية وتخدم منقطة  مدينة تمى الأمديد للأتصال الخط الساخن 121', 'ar', 1158, NULL, '2022-03-31 18:52:25', '2022-03-31 18:52:25'),
(334, 'جمصة', NULL, NULL, 'محافظة الدقهلية شركة شمال الدلتا لتوزيع الكهرباء المنطقة الصناعية 15 مايو وتخدم منقطة  مدينة جمصة للأتصال الخط الساخن 121', 'ar', 1159, NULL, '2022-03-31 18:52:25', '2022-03-31 18:52:25'),
(335, 'قرى شربين', NULL, NULL, 'محافظة الدقهلية شركة شمال الدلتا لتوزيع الكهرباء شارع البحر بجوار مجلس مدينة شربين وتخدم منقطة قرى شربين وضواحيها للأتصال الخط الساخن 121', 'ar', 1160, NULL, '2022-03-31 18:52:25', '2022-03-31 18:52:25'),
(336, 'شرق المنصورة', NULL, NULL, 'محافظة الدقهلية شركة شمال الدلتا لتوزيع الكهرباء المختلط 1 شارع فريدة حسان وتخدم منقطة  شرق مدينة المنصورة للأتصال الخط الساخن 121', 'ar', 1161, NULL, '2022-03-31 18:52:25', '2022-03-31 18:52:25'),
(337, 'غرب المنصورة', NULL, NULL, 'محافظة الدقهلية شركة شمال الدلتا لتوزيع الكهرباء المنصورة ميدان مشعل وتخدم منقطة  غرب مدينة المنصورة للأتصال الخط الساخن 121', 'ar', 1162, NULL, '2022-03-31 18:52:25', '2022-03-31 18:52:25'),
(338, 'طلخا', NULL, NULL, 'محافظة الدقهلية شركة شمال الدلتا لتوزيع الكهرباء شارع فريدة حسان خلف قسم شرطة طلخا وتخدم منقطة مدينة طلخا للأتصال الخط الساخن 121', 'ar', 1163, NULL, '2022-03-31 18:52:25', '2022-03-31 18:52:25'),
(339, 'ميت سلسيل', NULL, NULL, 'محافظة الدقهلية شركة شمال الدلتا لتوزيع الكهرباء شارع طريق المنصورة بجوار محكمة ميت سلسسل وتخدم منقطة  مدينة ميت سلسيل للأتصال الخط الساخن 121', 'ar', 1164, NULL, '2022-03-31 18:52:25', '2022-03-31 18:52:25'),
(340, 'قرى ميت غمر', NULL, NULL, 'محافظة الدقهلية شركة شمال الدلتا لتوزيع الكهرباء شارع جسر النيل أمام محطة المحولات القديمة وتخدم منقطة  قرى ميت غمر وضواحيها  للأتصال الخط الساخن 121', 'ar', 1165, NULL, '2022-03-31 18:52:25', '2022-03-31 18:52:25'),
(341, 'مدينة ميت غمر', NULL, NULL, 'محافظة الدقهلية شركة شمال الدلتا لتوزيع الكهرباء شارع جسر النيل أمام محطة المحولات القديمة وتخدم منقطة  مدينة ميت غمر للأتصال الخط الساخن 121', 'ar', 1166, NULL, '2022-03-31 18:52:25', '2022-03-31 18:52:25'),
(342, 'نبروة', NULL, NULL, 'محافظة الدقهلية شركة شمال الدلتا لتوزيع الكهرباء شارع الجمهورية خلف النادي الرياضي وتخدم منقطة  مدينة نبروة للأتصال الخط الساخن 121', 'ar', 1167, NULL, '2022-03-31 18:52:25', '2022-03-31 18:52:25'),
(343, 'الستاموني', NULL, NULL, 'محافظة الدقهلية شركة شمال الدلتا لتوزيع الكهرباء عزبة أبو عشري شارع البنك وتخدم منقطة  مدينة الستاموني للأتصال الخط الساخن 121', 'ar', 1168, NULL, '2022-03-31 18:52:25', '2022-03-31 18:52:25'),
(344, 'قرى بلقاس', NULL, NULL, 'محافظة الدقهلية شركة شمال الدلتا لتوزيع الكهرباء شارع مجلس المدينة وتخدم منقطة  قرى بلقاس وضواحيها للأتصال الخط الساخن 121', 'ar', 1169, NULL, '2022-03-31 18:52:25', '2022-03-31 18:52:25'),
(345, 'مدينة بلقاس', NULL, NULL, 'محافظة الدقهلية شركة شمال الدلتا لتوزيع الكهرباء شارع مجلس المدينة وتخدم منقطة  مدينة بلقاس للأتصال الخط الساخن 121', 'ar', 1170, NULL, '2022-03-31 18:52:25', '2022-03-31 18:52:25'),
(346, 'دكرنس', NULL, NULL, 'محافظة الدقهلية شركة شمال الدلتا لتوزيع الكهرباء شارع مجلس المدينة بجوار مستشفى الحميات وتخدم منقطة  مدينة دكرنس للأتصال الخط الساخن 121', 'ar', 1171, NULL, '2022-03-31 18:52:25', '2022-03-31 18:52:25'),
(347, 'مدينة شربين', NULL, NULL, 'محافظة الدقهلية شركة شمال الدلتا لتوزيع الكهرباء شارع البحر بجوار مجلس مدينة شربين وتخدم منقطة  مدينة شربين للأتصال الخط الساخن 121', 'ar', 1172, NULL, '2022-03-31 18:52:25', '2022-03-31 18:52:25'),
(348, 'قرى المنصورة 1', NULL, NULL, 'محافظة الدقهلية شركة شمال الدلتا لتوزيع الكهرباء طريق المنصورة اجا بجوار مصنع الراتنجات وتخدم منقطة  قرى المنصورة للأتصال الخط الساخن 121', 'ar', 1173, NULL, '2022-03-31 18:52:25', '2022-03-31 18:52:25'),
(349, 'قرى المنصورة 2', NULL, NULL, 'محافظة الدقهلية شركة شمال الدلتا لتوزيع الكهرباء شارع عبد السلام عارف خلف الاستاد الرياضي وتخدم منقطة قرى المنصورة للأتصال الخط الساخن 121', 'ar', 1174, NULL, '2022-03-31 18:52:25', '2022-03-31 18:52:25'),
(350, 'كوم النور', NULL, NULL, 'محافظة الدقهلية شركة شمال الدلتا لتوزيع الكهرباء شارع جسر النيل أمام محطة المحولات القديمة وتخدم منقطة مدينة كوم النور التابعة لمدينة ميت غمر للأتصال الخط الساخن 121', 'ar', 1175, NULL, '2022-03-31 18:52:25', '2022-03-31 18:52:25'),
(351, 'مينة النصر', NULL, NULL, 'محافظة الدقهلية شركة شمال الدلتا لتوزيع الكهرباء شارع المستشفى العام طريق منية النصر البجلات وتخدم منقطة  منية النصر والقرى التابعة للأتصال الخط الساخن 121', 'ar', 1176, NULL, '2022-03-31 18:52:25', '2022-03-31 18:52:25'),
(352, 'قطاع شبكات البحر الأحمر', NULL, NULL, 'محافظة البحر الأحمر شركة القناة لتوزيع الكهرباء بجوار مبنى ديوان عام المحافظة الغردقة  وتخدم منقطة البحر الأحمر المركز الرئيسي للأتصال الخط الساخن 121', 'ar', 1177, NULL, '2022-03-31 18:52:25', '2022-03-31 18:52:25'),
(353, 'هندسة جنوب الغردقة المدارس', NULL, NULL, 'محافظة البحر الأحمر شركة القناة لتوزيع الكهرباء الغردقة السقاله شارع المدارس خلف السنترال السياحي وتخدم منقطة  الغردقة المدارس للأتصال الخط الساخن 121', 'ar', 1178, NULL, '2022-03-31 18:52:25', '2022-03-31 18:52:25'),
(354, 'هندسة القصير', NULL, NULL, 'محافظة البحر الأحمر شركة القناة لتوزيع الكهرباء القصير شارع العاشر من رمضان وتخدم منقطة  القصير للأتصال الخط الساخن 121', 'ar', 1179, NULL, '2022-03-31 18:52:25', '2022-03-31 18:52:25'),
(355, 'هندسة رأس غارب الزعفرانه', NULL, NULL, 'محافظة البحر الأحمر شركة القناة لتوزيع الكهرباء غارب شارع الملك سعود وتخدم منقطة  رأس غارب الزعفرانه للأتصال الخط الساخن 121', 'ar', 1180, NULL, '2022-03-31 18:52:25', '2022-03-31 18:52:25'),
(356, 'هندسة سفاجا', NULL, NULL, 'محافظة البحر الأحمر شركة القناة لتوزيع الكهرباء سفاجا شارع مجلس المدينة وتخدم منقطة سفاجا للأتصال الخط الساخن 121', 'ar', 1181, NULL, '2022-03-31 18:52:25', '2022-03-31 18:52:25'),
(357, 'هندسة شمال الغرقة', NULL, NULL, 'محافظة البحر الأحمر شركة القناة لتوزيع الكهرباء الغردقة شارع الشهر العقاري حفر الباطن وتخدم منقطة  شمال الغردقة للأتصال الخط الساخن 121', 'ar', 1182, NULL, '2022-03-31 18:52:25', '2022-03-31 18:52:25'),
(358, 'هندسة مرسى علم', NULL, NULL, 'محافظة البحر الأحمر شركة القناة لتوزيع الكهرباء مرى علم بجوار موقف البيجو وتخدم منقطة  مرسى علم للأتصال الخط الساخن 121', 'ar', 1183, NULL, '2022-03-31 18:52:25', '2022-03-31 18:52:25'),
(359, 'هندسة وسط الغردقة الاستاد', NULL, NULL, 'محافظة البحر الأحمر شركة القناة لتوزيع الكهرباء الغردقة الدهار شارع المصالح وتخدم منقطة  وسط الغردقة الاستاد للأتصال الخط الساخن 121', 'ar', 1184, NULL, '2022-03-31 18:52:25', '2022-04-03 09:51:34'),
(360, 'أبو تشت', NULL, NULL, 'محافظة قنا شركة مصر العليا لتوزيع الكهرباء شارع عرابي وتخدم منقطة  مدينة أبو تشت وقراها للأتصال الخط الساخن 121', 'ar', 1185, NULL, '2022-03-31 18:52:25', '2022-03-31 18:52:25'),
(361, 'قوص شرق', NULL, NULL, 'محافظة قنا شركة مصر العليا لتوزيع الكهرباء شارع مدرسة الشهداء وتخدم منقطة  قرى شرق قوص للأتصال الخط الساخن 121', 'ar', 1186, NULL, '2022-03-31 18:52:25', '2022-03-31 18:52:25'),
(362, 'قفط', NULL, NULL, 'محافظة قنا شركة مصر العليا لتوزيع الكهرباء شارع الثورة وتخدم منقطة  مدينة فقط للأتصال الخط الساخن 121', 'ar', 1187, NULL, '2022-03-31 18:52:25', '2022-03-31 18:52:25'),
(363, 'قنا غرب', NULL, NULL, 'محافظة قنا شركة مصر العليا لتوزيع الكهرباء شارع كوبري دنرة وتخدم منقطة  مدن غرب قنا للأتصال الخط الساخن 121', 'ar', 1188, NULL, '2022-03-31 18:52:25', '2022-03-31 18:52:25'),
(364, 'قنا شرق', NULL, NULL, 'محافظة قنا شركة مصر العليا لتوزيع الكهرباء شارع طريق مصنع الغزل وتخدم منقطة  مدن شرق قنا للأتصال الخط الساخن 121', 'ar', 1189, NULL, '2022-03-31 18:52:25', '2022-03-31 18:52:25'),
(365, 'الوقف', NULL, NULL, 'محافظة قنا شركة مصر العليا لتوزيع الكهرباء شارع طراد النيل بجوار مجلس المدينة وتخدم منقطة  مدينة الوقف للأتصال الخط الساخن 121', 'ar', 1190, NULL, '2022-03-31 18:52:25', '2022-03-31 18:52:25'),
(366, 'فرشوط', NULL, NULL, 'محافظة قنا شركة مصر العليا لتوزيع الكهرباء شارع الشهيد أحمد بدوي وتخدم منقطة  مدينة فرشوط للأتصال الخط الساخن 121', 'ar', 1191, NULL, '2022-03-31 18:52:25', '2022-03-31 18:52:25'),
(367, 'نجع حمادي شمال', NULL, NULL, 'محافظة قنا شركة مصر العليا لتوزيع الكهرباء بجوار كوبري السكة الحديد  وتخدم منقطة قرى شمال نجع حمادي للأتصال الخط الساخن 121', 'ar', 1192, NULL, '2022-03-31 18:52:25', '2022-03-31 18:52:25'),
(368, 'نجع حمادي جنوب', NULL, NULL, 'محافظة قنا شركة مصر العليا لتوزيع الكهرباء شارع الترعة الضمرانيه وتخدم منقطة  قرى جنوب نجع حمادي للأتصال الخط الساخن 121', 'ar', 1193, NULL, '2022-03-31 18:52:25', '2022-03-31 18:52:25'),
(369, 'نقادة', NULL, NULL, 'محافظة قنا شركة مصر العليا لتوزيع الكهرباء شارع 23 يوليو وتخدم منقطة  مدينة نقادة للأتصال الخط الساخن 121', 'ar', 1194, NULL, '2022-03-31 18:52:25', '2022-03-31 18:52:25'),
(370, 'دشنا', NULL, NULL, 'محافظة قنا شركة مصر العليا لتوزيع الكهرباء شارع كورنيش النيل وتخدم منقطة  مدينة دشنا للأتصال الخط الساخن 121', 'ar', 1195, NULL, '2022-03-31 18:52:25', '2022-03-31 18:52:25'),
(371, 'قوص غرب', NULL, NULL, 'محافظة قنا شركة مصر العليا لتوزيع الكهرباء شارع دقيق العيد وتخدم منقطة  مدينة قوص للأتصال الخط الساخن 121', 'ar', 1196, NULL, '2022-03-31 18:52:25', '2022-03-31 18:52:25'),
(372, 'الفشن', NULL, NULL, 'محافظة بني سويف شركة مصر الوسطي لتوزيع الكهرباء شارع الجبالة وتخدم منقطة  قرى الفشن للأتصال الخط الساخن 121', 'ar', 1197, NULL, '2022-03-31 18:52:25', '2022-03-31 18:52:25'),
(373, 'الواسطى', NULL, NULL, 'محافظة بني سويف شركة مصر الوسطي لتوزيع الكهرباء خلف مجلس المدينة وتخدم منقطة  قرى الوسطى للأتصال الخط الساخن 121', 'ar', 1198, NULL, '2022-03-31 18:52:25', '2022-03-31 18:52:25'),
(374, 'اهناسيا', NULL, NULL, 'محافظة بني سويف شركة مصر الوسطي لتوزيع الكهرباء شارع بنك القاهرة بجوار التأمينات الاجتماعية وتخدم منقطة  قرى اهناسيا للأتصال الخط الساخن 121', 'ar', 1199, NULL, '2022-03-31 18:52:25', '2022-03-31 18:52:25'),
(375, 'ببا', NULL, NULL, 'محافظة بني سويف شركة مصر الوسطي لتوزيع الكهرباء شارع الإبراهيمية خلف مركز الشباب وتخدم منقطة  قرى ببا للأتصال الخط الساخن 121', 'ar', 1200, NULL, '2022-03-31 18:52:25', '2022-03-31 18:52:25'),
(376, 'ديوان عام قطاع بني سويف', NULL, NULL, 'محافظة بني سويف شركة مصر الوسطي لتوزيع الكهرباء شارع عبد السلام عارف بجوار إدارة الحماية المدنية وتخدم منقطة  ديوان عام قطاع بني سويف للأتصال الخط الساخن 121', 'ar', 1201, NULL, '2022-03-31 18:52:25', '2022-03-31 18:52:25'),
(377, 'سمسطا', NULL, NULL, 'محافظة بني سويف شركة مصر الوسطي لتوزيع الكهرباء شارع الجلاء وتخدم منقطة  قرى سمسطا للأتصال الخط الساخن 121', 'ar', 1202, NULL, '2022-03-31 18:52:25', '2022-03-31 18:52:25'),
(378, 'شرق النيل', NULL, NULL, 'محافظة بني سويف شركة مصر الوسطي لتوزيع الكهرباء عمارة (و) الحي السكني الثاني وتخدم منقطة  قرى شرق النيل للأتصال الخط الساخن 121', 'ar', 1203, NULL, '2022-03-31 18:52:25', '2022-03-31 18:52:25'),
(379, 'مدينة بني سويف', NULL, NULL, 'محافظة بني سويف شركة مصر الوسطي لتوزيع الكهرباء ميدان المديرية وتخدم منقطة  مدينة بني سويف للأتصال الخط الساخن 121', 'ar', 1204, NULL, '2022-03-31 18:52:25', '2022-03-31 18:52:25'),
(380, 'مركز بني سويف', NULL, NULL, 'محافظة بني سويف شركة مصر الوسطي لتوزيع الكهرباء شارع عبد السلام عارف أمام مدرسة سان مارك وتخدم منقطة  قرى بني سويف للأتصال الخط الساخن 121', 'ar', 1205, NULL, '2022-03-31 18:52:25', '2022-03-31 18:52:25'),
(381, 'ناصر', NULL, NULL, 'محافظة بني سويف شركة مصر الوسطي لتوزيع الكهرباء الطريق السريع بجوار بنزينة هشام وتخدم منقطة  قرى ناصر للأتصال الخط الساخن 121', 'ar', 1206, NULL, '2022-03-31 18:52:25', '2022-03-31 18:52:25'),
(382, 'ابشواي', NULL, NULL, 'محافظة الفيوم شركة مصر الوسطي لتوزيع الكهرباء ابشواي شارع الجمهورية وتخدم منقطة  قرى ابسواي للأتصال الخط الساخن 121', 'ar', 1207, NULL, '2022-03-31 18:52:25', '2022-03-31 18:52:25'),
(383, 'اطسا شرق', NULL, NULL, 'محافظة الفيوم شركة مصر الوسطي لتوزيع الكهرباء أطسا شارع عمر بن الخطاب وتخدم منقطة  قرى شرق أطسا للأتصال الخط الساخن 121', 'ar', 1208, NULL, '2022-03-31 18:52:25', '2022-03-31 18:52:25'),
(384, 'اطسا غرب', NULL, NULL, 'محافظة الفيوم شركة مصر الوسطي لتوزيع الكهرباء اطسا شارع عمر بن الخطاب وتخدم منقطة  قرى غرب اطسا للأتصال الخط الساخن 121', 'ar', 1209, NULL, '2022-03-31 18:52:25', '2022-03-31 18:52:25'),
(385, 'دوان عام قطاع الفيوم', NULL, NULL, 'محافظة الفيوم شركة مصر الوسطي لتوزيع الكهرباء الفيوم كيمان فارس ميدان التريب وتخدم منقطة  ديوان عام القطاع للأتصال الخط الساخن 121', 'ar', 1210, NULL, '2022-03-31 18:52:25', '2022-03-31 18:52:25'),
(386, 'سنورس شرق', NULL, NULL, 'محافظة الفيوم شركة مصر الوسطي لتوزيع الكهرباء مدخل مدينة سنورس وتخدم منقطة  قرى سنورس شرق للأتصال الخط الساخن 121', 'ar', 1211, NULL, '2022-03-31 18:52:25', '2022-03-31 18:52:25'),
(387, 'سنورس غرب', NULL, NULL, 'محافظة الفيوم شركة مصر الوسطي لتوزيع الكهرباء مدخل مدينة سنورس وتخدم منقطة  قرى سنورس غرب للأتصال الخط الساخن 121', 'ar', 1212, NULL, '2022-03-31 18:52:25', '2022-03-31 18:52:25'),
(388, 'طامية شرق', NULL, NULL, 'محافظة الفيوم شركة مصر الوسطي لتوزيع الكهرباء مدينة طمية شارع 23 يوليو وتخدم منقطة  قرى شرق طامية للأتصال الخط الساخن 121', 'ar', 1213, NULL, '2022-03-31 18:52:25', '2022-03-31 18:52:25'),
(389, 'طامية غرب', NULL, NULL, 'محافظة الفيوم شركة مصر الوسطي لتوزيع الكهرباء مدينة طامية شاعر 23 يوليو وتخدم منقطة قرى غرب طامية للأتصال الخط الساخن 121', 'ar', 1214, NULL, '2022-03-31 18:52:25', '2022-03-31 18:52:25'),
(390, 'مدينة الفيوم شمال شرق', NULL, NULL, 'محافظة الفيوم شركة مصر الوسطي لتوزيع الكهرباء مساكن السد العالي خلف المدينة الصناعية  وتخدم منقطة قرى مدينة شمال شرق الفيوم للأتصال الخط الساخن 121', 'ar', 1215, NULL, '2022-03-31 18:52:25', '2022-03-31 18:52:25'),
(391, 'مدينة الفيوم شمال غرب', NULL, NULL, 'محافظة الفيوم شركة مصر الوسطي لتوزيع الكهرباء مساكن السد العالي خلف المدينة الصناعية  وتخدم منقطة قرى مدينة شمال غرب الفيوم للأتصال الخط الساخن 121', 'ar', 1216, NULL, '2022-03-31 18:52:25', '2022-03-31 18:52:25'),
(392, 'مدينة الفيوم جنوب', NULL, NULL, 'محافظة الفيوم شركة مصر الوسطي لتوزيع الكهرباء مساكن السد العالي خلف المدينة الصناعية  وتخدم منقطة قرى مدينة جنوب الفيوم للأتصال الخط الساخن 121', 'ar', 1217, NULL, '2022-03-31 18:52:25', '2022-03-31 18:52:25'),
(393, 'مركز الفيوم شرق', NULL, NULL, 'محافظة الفيوم شركة مصر الوسطي لتوزيع الكهرباء مساكن الجون عمارة 5 وتخدم منقطة  قرى شرق الفيوم للأتصال الخط الساخن 121', 'ar', 1218, NULL, '2022-03-31 18:52:25', '2022-03-31 18:52:25'),
(394, 'مركز الفيوم غرب', NULL, NULL, 'محافظة الفيوم شركة مصر الوسطي لتوزيع الكهرباء الحلافي بجوار الصالة الرياضية وتخدم منقطة  قرى غرب الفيوم للأتصال الخط الساخن 121', 'ar', 1219, NULL, '2022-03-31 18:52:25', '2022-03-31 18:52:25'),
(395, 'يوسف الصديق', NULL, NULL, 'محافظة الفيوم شركة مصر الوسطي لتوزيع الكهرباء ابشواي شارع الجمهورية وتخدم منقطة  قرى يوسف الصديق للأتصال الخط الساخن 121', 'ar', 1220, NULL, '2022-03-31 18:52:25', '2022-03-31 18:52:25'),
(396, 'اسنا شرق', NULL, NULL, 'محافظة الأقصر شركة مصر العليا لتوزيع الكهرباء شارع سيد الخضري وتخدم منقطة  قرى شرق اسنا للأتصال الخط الساخن 121', 'ar', 1221, NULL, '2022-03-31 18:52:25', '2022-03-31 18:52:25'),
(397, 'اسنا غرب', NULL, NULL, 'محافظة الأقصر شركة مصر العليا لتوزيع الكهرباء شارع اصفون بجاور المجلس القروي وتخدم منقطة  قرى غرب اسنا للأتصال الخط الساخن 121', 'ar', 1222, NULL, '2022-03-31 18:52:25', '2022-03-31 18:52:25'),
(398, 'الأقصر غرب', NULL, NULL, 'محافظة الأقصر شركة مصر العليا لتوزيع الكهرباء شارع الطريق السريع وتخدم منقطة  قرى غرب الأقصر للأتصال الخط الساخن 121', 'ar', 1223, NULL, '2022-03-31 18:52:25', '2022-03-31 18:52:25'),
(399, 'البياضية', NULL, NULL, 'محافظة الأقصر شركة مصر العليا لتوزيع الكهرباء شارع المستشفى البياضية وتخدم منقطة  مدينة البياضية للأتصال الخط الساخن 121', 'ar', 1224, NULL, '2022-03-31 18:52:25', '2022-03-31 18:52:25'),
(400, 'الزينية', NULL, NULL, 'محافظة الأقصر شركة مصر العليا لتوزيع الكهرباء بجوار الوحدة المحلية وتخدم منقطة مدينة الزينية للأتصال الخط الساخن 121', 'ar', 1225, NULL, '2022-03-31 18:52:25', '2022-03-31 18:52:25'),
(401, 'العديسات', NULL, NULL, 'محافظة الأقصر شركة مصر العليا لتوزيع الكهرباء طريق مصر أسوان وتخدم منقطة  مدينة العديسات للأتصال الخط الساخن 121', 'ar', 1226, NULL, '2022-03-31 18:52:25', '2022-03-31 18:52:25'),
(402, 'أرمنت', NULL, NULL, 'محافظة الأقصر شركة مصر العليا لتوزيع الكهرباء شارع الشهيد عبد الرحمن وتخدم منقطة  قرى أرمنت للأتصال الخط الساخن 121', 'ar', 1227, NULL, '2022-03-31 18:52:25', '2022-03-31 18:52:25'),
(403, 'جنوب الأقصر', NULL, NULL, 'محافظة الأقصر شركة مصر العليا لتوزيع الكهرباء شارع خالد بن الوليد الأقصر وتخدم منقطة  قرى جنوب الأقصر للأتصال الخط الساخن 121', 'ar', 1228, NULL, '2022-03-31 18:52:25', '2022-03-31 18:52:25'),
(404, 'شمال الأقصر', NULL, NULL, 'محافظة الأقصر شركة مصر العليا لتوزيع الكهرباء شرق السكة الحديد السواقي وتخدم منقطة  قرى شمال الأقصر للأتصال الخط الساخن 121', 'ar', 1229, NULL, '2022-03-31 18:52:25', '2022-03-31 18:52:25'),
(405, 'التجمع الأول', NULL, NULL, 'المدن الجديدة شركة شمال القاهرة لتوزيع الكهرباء ش التسعين الحي الثاني أمام المستشفى الجوي وتخدم منقطة  التجمع الأول بمدينة القاهرة الجديدة للأتصال الخط الساخن 121', 'ar', 1230, NULL, '2022-03-31 18:52:25', '2022-03-31 18:52:25'),
(406, 'التجمع الخامس', NULL, NULL, 'المدن الجديدة شركة شمال القاهرة لتوزيع الكهرباء ش التسعين الحي الثاني أمام المستشفى الجوي وتخدم منقطة  التجمع الخامس بمدينة القاهرة الجديدة للأتصال الخط الساخن 121', 'ar', 1231, NULL, '2022-03-31 18:52:25', '2022-03-31 18:52:25'),
(407, 'الرحاب', NULL, NULL, 'المدن الجديدة شركة شمال القاهرة لتوزيع الكهرباء المرحلة الراعبة خلف المدرسة الفرنسية الألمانية عمارة 32 سابقة التجهيز أمام مدرسة الحرمين وتخدم منطقة مدية الرحاب  للأتصال الخط الساخن 121', 'ar', 1232, NULL, '2022-03-31 18:52:25', '2022-03-31 18:52:25'),
(408, ' القطامية', NULL, NULL, 'المدن الجديدة شركة شمال القاهرة لتوزيع الكهرباء المرحلة الراعبة خلف المدرسة الفرنسية الألمانية عمارة 32 سابقة التجهيز أمام مدرسة الحرمين وتخدم منقطة مدينة القطامية للأتصال الخط الساخن 121', 'ar', 1233, NULL, '2022-03-31 18:52:25', '2022-03-31 18:52:25'),
(409, 'أكتوبر 1', NULL, NULL, 'المدن الجديدة شركة جنوب القاهرة لتوزيع الكهرباء الحي 12 أمام المحاورة الرابعة وتخدم منقطة الاحياء من 1-6 المنطقة الصناعية غرب طريق الواحات والمنطقة بين طريق الواحات وطريق الفيوم للأتصال الخط الساخن 121', 'ar', 1234, NULL, '2022-03-31 18:52:25', '2022-03-31 18:52:25'),
(410, 'أكتوبر 2', NULL, NULL, 'المدن الجديدة شركة جنوب القاهرة لتوزيع الكهرباء الحي 12 أمام المحاورة الرابعة وتخدم منقطة شرق طريق الواحات وغرب المحور والاحياء من 7-12', 'ar', 1235, NULL, '2022-03-31 18:52:25', '2022-03-31 18:52:25'),
(411, 'الشيخ زايد', NULL, NULL, 'المدن الجديدة شركة جنوب القاهرة لتوزيع الكهرباء الشيخ زايد خلف المستشفى العام وتخدم منقطة  مدينة الشيخ زايد للأتصال الخط الساخن 121', 'ar', 1236, NULL, '2022-03-31 18:52:25', '2022-03-31 18:52:25'),
(412, '15 مايو', NULL, NULL, 'المدن الجديدة شركة جنوب القاهرة لتوزيع الكهرباء المشروع الأمريكي مجاورة 3 بجوار السنترال وتخدم منقطة  مدينة 15 مايو المشروع الأمريكي عرب غنيم وعرب راشد وحلوان البلد والمثلث والتبين وكفر علو ومنشية جمال عبد الناصر والحكر الحري والقبلي  للأتصال الخط الساخن 121', 'ar', 1237, NULL, '2022-03-31 18:52:25', '2022-03-31 18:52:25'),
(413, 'برج العرب الجديد', NULL, NULL, 'المدن الجديدة شركة الأسكندرية لتوزيع الكهرباء طريق مطار برج العرب بجوار مستودع الأنابيب وتخدم منقطة  المناطق الصناعية ومساكن برج العرب الجديد وبهيج الهوارية والدفاع الجوي وأبو صويلح والقطعان للأتصال الخط الساخن 121', 'ar', 1238, NULL, '2022-03-31 18:52:25', '2022-03-31 18:52:25'),
(414, 'مدينة السادات ', NULL, NULL, 'المدن الجديدة شركة البحيرة لتوزيع الكهرباء مدينة السادات وتخدم منقطة  مدينة السادات للأتصال الخط الساخن 121', 'ar', 1239, NULL, '2022-03-31 18:52:25', '2022-03-31 18:52:25'),
(415, 'مدينة النوبارية الجديدة', NULL, NULL, 'المدن الجديدة شركة البحيرة لتوزيع الكهرباء مدينة النوبارية وتخدم منقطة  مدينة النوبارية الجديدة للأتصال الخط الساخن 121', 'ar', 1240, NULL, '2022-03-31 18:52:25', '2022-03-31 18:52:25'),
(416, 'قطاع المدن الجديدة', NULL, NULL, 'المدن الجديدة شركة القناة لتوزيع الكهرباء العاشر من رمضان المجاورة 42 منطقة البنوك وتخدم منقطة المدن الجديدة المركز الرئيسي  للأتصال الخط الساخن 121', 'ar', 1241, NULL, '2022-03-31 18:52:25', '2022-03-31 18:52:25'),
(417, 'هندسة شرق العاشر الجديدة', NULL, NULL, 'المدن الجديدة شركة القناة لتوزيع الكهرباء مركز حي السابع خلف حي الياسمين وتخدم منقطة  شرق العاشر الجديدة للأتصال الخط الساخن 121', 'ar', 1242, NULL, '2022-03-31 18:52:25', '2022-03-31 18:52:25'),
(418, 'هندسة هليوبليس', NULL, NULL, 'المدن الجديدة شركة القناة لتوزيع الكهرباء موزع الحي الأول خلف نادي جرين هيلز وتخدم منقطة  هليوبليس للأتصال الخط الساخن 121', 'ar', 1243, NULL, '2022-03-31 18:52:25', '2022-03-31 18:52:25'),
(419, 'الشروق', NULL, NULL, 'المدن الجديدة شركة القناة لتوزيع الكهرباء القاهرة مدينة الشروق بجوار مشاتل الجهاز وتخدم منقطة  الشروق للأتصال الخط الساخن 121', 'ar', 1244, NULL, '2022-03-31 18:52:25', '2022-03-31 18:52:25'),
(420, 'الصالحية', NULL, NULL, 'المدن الجديدة شركة القناة لتوزيع الكهرباء الشرقية مدينة الصالحية الجديدة المنطقة الصناعية 2 منطقةة الملثين وتخدم منقطة  الصالحية للأتصال الخط الساخن 121', 'ar', 1245, NULL, '2022-03-31 18:52:25', '2022-03-31 18:52:25'),
(421, 'الهايكستب', NULL, NULL, 'المدن الجديدة شركة القناة لتوزيع الكهرباء مدينة المستقبل أمام نادي الياسمين الاجتماعي خلف المطافي قطاع T وتخدم منقطة  الهايكستب للأتصال الخط الساخن 121', 'ar', 1246, NULL, '2022-03-31 18:52:25', '2022-03-31 18:52:25'),
(422, 'بدر', NULL, NULL, 'المدن الجديدة شركة القناة لتوزيع الكهرباء ك32 طريق القاهرة السويس الصحراوي أمام مصنع نوفال وتخدم منقطة  بدر للأتصال الخط الساخن 121', 'ar', 1247, NULL, '2022-03-31 18:52:25', '2022-03-31 18:52:25'),
(423, 'جنوب العاشر', NULL, NULL, 'المدن الجديدة شركة القناة لتوزيع الكهرباء المنطقة 3  ك62 طريق مصر الإسماعيلية الصحراويوتخدم منقطة  جنوب العاشر من رمضان للأتصال الخط الساخن 121', 'ar', 1248, NULL, '2022-03-31 18:52:25', '2022-03-31 18:52:25'),
(424, 'شرق العاشر القديمة', NULL, NULL, 'المدن الجديدة شركة القناة لتوزيع الكهرباء المنطقة 2 الحي 3 أمام مجاورة 20 بجوار مصنع ارما وتخدم منقطة  شرق العاشر من رمضان القديمة للأتصال الخط الساخن 121', 'ar', 1249, NULL, '2022-03-31 18:52:25', '2022-03-31 18:52:25'),
(425, 'شمال العاشر', NULL, NULL, 'المدن الجديدة شركة القناة لتوزيع الكهرباء المنطقة 3 بجوار مصر للطيران ك 59 طريق القاهرة الإسماعيلية وتخدم منقطة  شمال العاشر من رمضان للأتصال الخط الساخن 121', 'ar', 1250, NULL, '2022-03-31 18:52:25', '2022-03-31 18:52:25'),
(426, 'غرب العاشر', NULL, NULL, 'المدن الجديدة شركة القناة لتوزيع الكهرباء المجاورة 46 الحي 6 المنطقة الصناعية 1 بجوار مصنع ماك وتخدم منقطة  غرب العاشر من رمضان للأتصال الخط الساخن 121', 'ar', 1251, NULL, '2022-03-31 18:52:25', '2022-03-31 18:52:25'),
(427, 'وسط العاشر', NULL, NULL, 'المدن الجديدة شركة القناة لتوزيع الكهرباء مركز الحي الأول مبنى مجمع المصالح فوق بنك التعمير وتخدم منقطة  وسط العاشر من رمضان للأتصال الخط الساخن 121', 'ar', 1252, NULL, '2022-03-31 18:52:25', '2022-03-31 18:52:25'),
(428, 'دمياط الجديدة', NULL, NULL, 'المدن الجديدة شركة شمال الدلتا لتوزيع الكهرباء دمياط الجديدة حي أول المجاورة السادسة وتخدم منقطة  مدينة دمياط الجديدة للأتصال الخط الساخن 121', 'ar', 1253, NULL, '2022-03-31 18:52:25', '2022-03-31 18:52:25');
INSERT INTO `branch_translations` (`id`, `name`, `desc`, `note`, `address`, `locale`, `branch_id`, `deleted_at`, `created_at`, `updated_at`) VALUES
(429, 'أسيوط الجديدة', NULL, NULL, 'المدن الجديدة مصر الوسطي لتوزيع الكهرباء بجوار جهاز أسيوط الجديدة وتخدم منقطة  مدينة أسيوط الجديدة للأتصال الخط الساخن 121', 'ar', 1254, NULL, '2022-03-31 18:52:25', '2022-03-31 18:52:25'),
(430, 'المنيا الجديدة', NULL, NULL, 'المدن الجديدة مصر الوسطي لتوزيع الكهرباء أول الحي الخامس المنيا الجديدة وتخدم منقطة  قرى المنيا الجديدة للأتصال الخط الساخن 121', 'ar', 1255, NULL, '2022-03-31 18:52:25', '2022-03-31 18:52:25'),
(431, 'مدينة الفيوم الجديدة', NULL, NULL, ' المدن الجديدة مصر الوسطي لتوزيع الكهرباء طريق أسيوط الغربي للأتصال الخط الساخن 121', 'ar', 1256, NULL, '2022-03-31 18:52:25', '2022-03-31 18:52:25');

-- --------------------------------------------------------

--
-- Table structure for table `branch_videos`
--

CREATE TABLE `branch_videos` (
  `id` bigint UNSIGNED NOT NULL,
  `creator_id` bigint UNSIGNED NOT NULL,
  `branch_id` bigint UNSIGNED NOT NULL,
  `deleted_at` timestamp NULL DEFAULT NULL,
  `created_at` timestamp NULL DEFAULT NULL,
  `updated_at` timestamp NULL DEFAULT NULL
) ENGINE=InnoDB DEFAULT CHARSET=utf8mb4 COLLATE=utf8mb4_unicode_ci;

-- --------------------------------------------------------

--
-- Table structure for table `branch_video_translations`
--

CREATE TABLE `branch_video_translations` (
  `id` bigint UNSIGNED NOT NULL,
  `video` varchar(191) CHARACTER SET utf8mb4 COLLATE utf8mb4_unicode_ci NOT NULL,
  `locale` varchar(191) CHARACTER SET utf8mb4 COLLATE utf8mb4_unicode_ci NOT NULL,
  `branch_video_id` bigint UNSIGNED NOT NULL,
  `deleted_at` timestamp NULL DEFAULT NULL,
  `created_at` timestamp NULL DEFAULT NULL,
  `updated_at` timestamp NULL DEFAULT NULL
) ENGINE=InnoDB DEFAULT CHARSET=utf8mb4 COLLATE=utf8mb4_unicode_ci;

-- --------------------------------------------------------

--
-- Table structure for table `chats`
--

CREATE TABLE `chats` (
  `id` bigint UNSIGNED NOT NULL,
  `status` tinyint NOT NULL,
  `deaf_id` bigint UNSIGNED NOT NULL,
  `employee_id` bigint UNSIGNED NOT NULL,
  `created_at` timestamp NULL DEFAULT NULL,
  `updated_at` timestamp NULL DEFAULT NULL
) ENGINE=InnoDB DEFAULT CHARSET=utf8mb4 COLLATE=utf8mb4_unicode_ci;

--
-- Dumping data for table `chats`
--

INSERT INTO `chats` (`id`, `status`, `deaf_id`, `employee_id`, `created_at`, `updated_at`) VALUES
(1, 0, 6, 2, '2022-01-29 02:15:08', '2022-02-15 16:16:36'),
(2, 0, 7, 5, '2022-01-29 18:01:39', '2022-02-20 21:44:34'),
(3, 0, 8, 2, '2022-01-29 18:54:56', '2022-02-15 16:16:36'),
(4, 0, 12, 5, '2022-01-30 13:42:53', '2022-02-20 21:44:34'),
(5, 0, 13, 2, '2022-01-31 13:36:44', '2022-02-15 16:16:36'),
(6, 0, 20, 5, '2022-02-06 13:41:09', '2022-02-20 21:44:34'),
(7, 0, 16, 2, '2022-02-07 08:50:15', '2022-02-22 10:33:04'),
(8, 0, 22, 5, '2022-02-07 09:10:42', '2022-02-20 21:44:34'),
(9, 1, 21, 5, '2022-02-07 09:36:54', '2022-02-20 21:45:54'),
(10, 0, 23, 5, '2022-02-07 09:55:25', '2022-02-20 21:44:34'),
(11, 0, 24, 5, '2022-02-07 10:02:38', '2022-02-20 21:44:34'),
(12, 0, 16, 5, '2022-02-07 10:36:30', '2022-02-22 10:33:04'),
(13, 0, 22, 25, '2022-02-07 10:43:33', '2022-03-24 12:37:28'),
(14, 0, 16, 26, '2022-02-07 10:57:37', '2022-02-22 10:33:04'),
(15, 0, 27, 26, '2022-02-07 11:06:08', '2022-02-13 13:39:01'),
(16, 0, 29, 25, '2022-02-07 12:00:57', '2022-03-24 12:37:28'),
(17, 0, 21, 25, '2022-02-07 12:56:16', '2022-03-24 12:37:28'),
(18, 0, 30, 25, '2022-02-07 13:03:24', '2022-03-24 12:37:28'),
(19, 0, 16, 25, '2022-02-10 15:50:55', '2022-03-24 12:37:28'),
(20, 0, 34, 33, '2022-02-12 09:57:29', '2022-02-12 09:58:23'),
(21, 0, 35, 25, '2022-02-12 21:15:54', '2022-03-24 12:37:28'),
(22, 0, 35, 2, '2022-02-12 23:30:40', '2022-02-15 16:16:36'),
(23, 0, 39, 26, '2022-02-13 13:37:29', '2022-02-16 16:06:49'),
(24, 0, 39, 25, '2022-02-14 15:22:28', '2022-03-24 12:37:28'),
(25, 0, 39, 5, '2022-02-16 10:34:00', '2022-02-20 21:44:34'),
(26, 0, 21, 41, '2022-02-16 12:29:40', '2022-02-16 15:15:25'),
(27, 0, 42, 41, '2022-02-16 12:32:24', '2022-02-16 15:27:19'),
(28, 0, 39, 41, '2022-02-16 12:40:07', '2022-02-16 16:06:49'),
(29, 0, 43, 41, '2022-02-16 12:45:53', '2022-02-16 15:15:25'),
(30, 0, 43, 5, '2022-02-16 12:47:36', '2022-02-20 21:44:34'),
(31, 0, 43, 44, '2022-02-16 12:48:57', '2022-02-16 12:56:51'),
(32, 0, 42, 5, '2022-02-16 14:21:15', '2022-02-20 21:44:34'),
(33, 0, 42, 45, '2022-02-16 14:40:26', '2022-02-20 16:48:23'),
(34, 0, 39, 46, '2022-02-16 15:16:05', '2022-02-20 16:10:03'),
(35, 0, 47, 46, '2022-02-20 16:08:47', '2022-02-20 16:10:03'),
(36, 0, 48, 46, '2022-02-20 16:16:21', '2022-02-20 16:48:23'),
(37, 1, 48, 45, '2022-02-20 16:42:57', '2022-02-20 16:52:55'),
(38, 0, 57, 25, '2022-03-24 12:04:31', '2022-03-24 12:37:28'),
(39, 1, 55, 25, '2022-03-24 12:37:08', '2022-03-24 12:37:46');

-- --------------------------------------------------------

--
-- Table structure for table `cities`
--

CREATE TABLE `cities` (
  `id` bigint UNSIGNED NOT NULL,
  `state_id` bigint UNSIGNED NOT NULL,
  `creator_id` bigint UNSIGNED NOT NULL,
  `deleted_at` timestamp NULL DEFAULT NULL,
  `created_at` timestamp NULL DEFAULT NULL,
  `updated_at` timestamp NULL DEFAULT NULL
) ENGINE=InnoDB DEFAULT CHARSET=utf8mb4 COLLATE=utf8mb4_unicode_ci;

--
-- Dumping data for table `cities`
--

INSERT INTO `cities` (`id`, `state_id`, `creator_id`, `deleted_at`, `created_at`, `updated_at`) VALUES
(1, 1, 1, NULL, '2022-01-20 13:31:35', '2022-01-20 13:31:35'),
(2, 1, 1, NULL, '2022-01-20 13:31:35', '2022-01-20 13:31:35'),
(3, 1, 1, NULL, '2022-01-20 13:31:35', '2022-01-20 13:31:35'),
(4, 1, 1, NULL, '2022-01-20 13:31:35', '2022-01-20 13:31:35'),
(5, 1, 1, NULL, '2022-01-20 13:31:35', '2022-01-20 13:31:35'),
(6, 1, 1, NULL, '2022-01-20 13:31:35', '2022-01-20 13:31:35'),
(7, 1, 1, NULL, '2022-01-20 13:31:35', '2022-01-20 13:31:35'),
(8, 1, 1, NULL, '2022-01-20 13:31:35', '2022-01-20 13:31:35'),
(9, 1, 1, NULL, '2022-01-20 13:31:35', '2022-01-20 13:31:35'),
(10, 1, 1, NULL, '2022-01-20 13:31:35', '2022-01-20 13:31:35'),
(11, 1, 1, NULL, '2022-01-20 13:31:35', '2022-01-20 13:31:35'),
(12, 1, 1, NULL, '2022-01-20 13:31:35', '2022-01-20 13:31:35'),
(13, 1, 1, NULL, '2022-01-20 13:31:35', '2022-01-20 13:31:35'),
(14, 1, 1, NULL, '2022-01-20 13:31:35', '2022-01-20 13:31:35'),
(15, 1, 1, NULL, '2022-01-20 13:31:35', '2022-01-20 13:31:35'),
(16, 1, 1, NULL, '2022-01-20 13:31:35', '2022-01-20 13:31:35'),
(17, 1, 1, NULL, '2022-01-20 13:31:35', '2022-01-20 13:31:35'),
(18, 1, 1, NULL, '2022-01-20 13:31:35', '2022-01-20 13:31:35'),
(19, 1, 1, NULL, '2022-01-20 13:31:35', '2022-01-20 13:31:35'),
(20, 1, 1, NULL, '2022-01-20 13:31:35', '2022-01-20 13:31:35'),
(21, 1, 1, NULL, '2022-01-20 13:31:35', '2022-01-20 13:31:35'),
(22, 1, 1, NULL, '2022-01-20 13:31:35', '2022-01-20 13:31:35'),
(23, 1, 1, NULL, '2022-01-20 13:31:35', '2022-01-20 13:31:35'),
(24, 1, 1, NULL, '2022-01-20 13:31:35', '2022-01-20 13:31:35'),
(25, 1, 1, NULL, '2022-01-20 13:31:35', '2022-01-20 13:31:35'),
(26, 1, 1, NULL, '2022-01-20 13:31:35', '2022-01-20 13:31:35'),
(27, 2, 1, NULL, '2022-01-20 13:31:35', '2022-01-20 13:31:35'),
(28, 2, 1, NULL, '2022-01-20 13:31:35', '2022-01-20 13:31:35'),
(29, 2, 1, NULL, '2022-01-20 13:31:35', '2022-01-20 13:31:35'),
(30, 2, 1, NULL, '2022-01-20 13:31:35', '2022-01-20 13:31:35'),
(31, 2, 1, NULL, '2022-01-20 13:31:35', '2022-01-20 13:31:35'),
(32, 2, 1, NULL, '2022-01-20 13:31:35', '2022-01-20 13:31:35'),
(33, 2, 1, NULL, '2022-01-20 13:31:35', '2022-01-20 13:31:35'),
(34, 2, 1, NULL, '2022-01-20 13:31:35', '2022-01-20 13:31:35'),
(35, 2, 1, NULL, '2022-01-20 13:31:35', '2022-01-20 13:31:35'),
(36, 2, 1, NULL, '2022-01-20 13:31:35', '2022-01-20 13:31:35'),
(37, 2, 1, NULL, '2022-01-20 13:31:35', '2022-01-20 13:31:35'),
(38, 2, 1, NULL, '2022-01-20 13:31:35', '2022-01-20 13:31:35'),
(39, 2, 1, NULL, '2022-01-20 13:31:35', '2022-01-20 13:31:35'),
(40, 2, 1, NULL, '2022-01-20 13:31:35', '2022-01-20 13:31:35'),
(41, 2, 1, NULL, '2022-01-20 13:31:35', '2022-01-20 13:31:35'),
(42, 2, 1, NULL, '2022-01-20 13:31:35', '2022-01-20 13:31:35'),
(43, 2, 1, NULL, '2022-01-20 13:31:35', '2022-01-20 13:31:35'),
(44, 2, 1, NULL, '2022-01-20 13:31:35', '2022-01-20 13:31:35'),
(45, 2, 1, NULL, '2022-01-20 13:31:35', '2022-01-20 13:31:35'),
(46, 2, 1, NULL, '2022-01-20 13:31:35', '2022-01-20 13:31:35'),
(47, 2, 1, NULL, '2022-01-20 13:31:35', '2022-01-20 13:31:35'),
(48, 2, 1, NULL, '2022-01-20 13:31:35', '2022-01-20 13:31:35'),
(49, 2, 1, NULL, '2022-01-20 13:31:35', '2022-01-20 13:31:35'),
(50, 2, 1, NULL, '2022-01-20 13:31:35', '2022-01-20 13:31:35'),
(51, 2, 1, NULL, '2022-01-20 13:31:35', '2022-01-20 13:31:35'),
(52, 2, 1, NULL, '2022-01-20 13:31:35', '2022-01-20 13:31:35'),
(53, 2, 1, NULL, '2022-01-20 13:31:35', '2022-01-20 13:31:35'),
(54, 2, 1, NULL, '2022-01-20 13:31:35', '2022-01-20 13:31:35'),
(55, 3, 1, NULL, '2022-01-20 13:31:35', '2022-01-20 13:31:35'),
(56, 3, 1, NULL, '2022-01-20 13:31:35', '2022-01-20 13:31:35'),
(57, 3, 1, NULL, '2022-01-20 13:31:35', '2022-01-20 13:31:35'),
(58, 3, 1, NULL, '2022-01-20 13:31:35', '2022-01-20 13:31:35'),
(59, 3, 1, NULL, '2022-01-20 13:31:35', '2022-01-20 13:31:35'),
(60, 3, 1, NULL, '2022-01-20 13:31:35', '2022-01-20 13:31:35'),
(61, 3, 1, NULL, '2022-01-20 13:31:35', '2022-01-20 13:31:35'),
(62, 3, 1, NULL, '2022-01-20 13:31:36', '2022-01-20 13:31:36'),
(63, 3, 1, NULL, '2022-01-20 13:31:36', '2022-01-20 13:31:36'),
(64, 3, 1, NULL, '2022-01-20 13:31:36', '2022-01-20 13:31:36'),
(65, 3, 1, NULL, '2022-01-20 13:31:36', '2022-01-20 13:31:36'),
(66, 3, 1, NULL, '2022-01-20 13:31:36', '2022-01-20 13:31:36'),
(67, 3, 1, NULL, '2022-01-20 13:31:36', '2022-01-20 13:31:36'),
(68, 3, 1, NULL, '2022-01-20 13:31:36', '2022-01-20 13:31:36'),
(69, 3, 1, NULL, '2022-01-20 13:31:36', '2022-01-20 13:31:36'),
(70, 3, 1, NULL, '2022-01-20 13:31:36', '2022-01-20 13:31:36'),
(71, 3, 1, NULL, '2022-01-20 13:31:36', '2022-01-20 13:31:36'),
(72, 3, 1, NULL, '2022-01-20 13:31:36', '2022-01-20 13:31:36'),
(73, 3, 1, NULL, '2022-01-20 13:31:36', '2022-01-20 13:31:36'),
(74, 3, 1, NULL, '2022-01-20 13:31:36', '2022-01-20 13:31:36'),
(75, 3, 1, NULL, '2022-01-20 13:31:36', '2022-01-20 13:31:36'),
(76, 3, 1, NULL, '2022-01-20 13:31:36', '2022-01-20 13:31:36'),
(77, 3, 1, NULL, '2022-01-20 13:31:36', '2022-01-20 13:31:36'),
(78, 3, 1, NULL, '2022-01-20 13:31:36', '2022-01-20 13:31:36'),
(79, 3, 1, NULL, '2022-01-20 13:31:36', '2022-01-20 13:31:36'),
(80, 12, 1, NULL, '2022-01-20 13:31:36', '2022-01-20 13:31:36'),
(81, 12, 1, NULL, '2022-01-20 13:31:36', '2022-01-20 13:31:36'),
(82, 12, 1, NULL, '2022-01-20 13:31:36', '2022-01-20 13:31:36'),
(83, 12, 1, NULL, '2022-01-20 13:31:36', '2022-01-20 13:31:36'),
(84, 12, 1, NULL, '2022-01-20 13:31:36', '2022-01-20 13:31:36'),
(85, 12, 1, NULL, '2022-01-20 13:31:36', '2022-01-20 13:31:36'),
(86, 12, 1, NULL, '2022-01-20 13:31:36', '2022-01-20 13:31:36'),
(87, 12, 1, NULL, '2022-01-20 13:31:36', '2022-01-20 13:31:36'),
(88, 12, 1, NULL, '2022-01-20 13:31:36', '2022-01-20 13:31:36'),
(89, 12, 1, NULL, '2022-01-20 13:31:36', '2022-01-20 13:31:36'),
(90, 12, 1, NULL, '2022-01-20 13:31:36', '2022-01-20 13:31:36'),
(91, 12, 1, NULL, '2022-01-20 13:31:36', '2022-01-20 13:31:36'),
(92, 12, 1, NULL, '2022-01-20 13:31:36', '2022-01-20 13:31:36'),
(93, 12, 1, NULL, '2022-01-20 13:31:36', '2022-01-20 13:31:36'),
(94, 12, 1, NULL, '2022-01-20 13:31:36', '2022-01-20 13:31:36'),
(95, 27, 1, NULL, '2022-01-20 13:31:36', '2022-01-20 13:31:36'),
(96, 27, 1, NULL, '2022-01-20 13:31:36', '2022-01-20 13:31:36'),
(97, 27, 1, NULL, '2022-01-20 13:31:36', '2022-01-20 13:31:36'),
(98, 27, 1, NULL, '2022-01-20 13:31:36', '2022-01-20 13:31:36'),
(99, 27, 1, NULL, '2022-01-20 13:31:36', '2022-01-20 13:31:36'),
(100, 27, 1, NULL, '2022-01-20 13:31:36', '2022-01-20 13:31:36'),
(101, 27, 1, NULL, '2022-01-20 13:31:36', '2022-01-20 13:31:36'),
(102, 27, 1, NULL, '2022-01-20 13:31:36', '2022-01-20 13:31:36'),
(103, 27, 1, NULL, '2022-01-20 13:31:36', '2022-01-20 13:31:36'),
(104, 27, 1, NULL, '2022-01-20 13:31:36', '2022-01-20 13:31:36'),
(105, 27, 1, NULL, '2022-01-20 13:31:36', '2022-01-20 13:31:36'),
(106, 27, 1, NULL, '2022-01-20 13:31:36', '2022-01-20 13:31:36'),
(107, 27, 1, NULL, '2022-01-20 13:31:36', '2022-01-20 13:31:36'),
(108, 27, 1, NULL, '2022-01-20 13:31:36', '2022-01-20 13:31:36'),
(109, 27, 1, NULL, '2022-01-20 13:31:36', '2022-01-20 13:31:36'),
(110, 27, 1, NULL, '2022-01-20 13:31:36', '2022-01-20 13:31:36'),
(111, 27, 1, NULL, '2022-01-20 13:31:36', '2022-01-20 13:31:36'),
(112, 27, 1, NULL, '2022-01-20 13:31:36', '2022-01-20 13:31:36'),
(113, 22, 1, NULL, '2022-01-20 13:31:36', '2022-01-20 13:31:36'),
(114, 22, 1, NULL, '2022-01-20 13:31:36', '2022-01-20 13:31:36'),
(115, 22, 1, NULL, '2022-01-20 13:31:36', '2022-01-20 13:31:36'),
(116, 22, 1, NULL, '2022-01-20 13:31:36', '2022-01-20 13:31:36'),
(117, 22, 1, NULL, '2022-01-20 13:31:36', '2022-01-20 13:31:36'),
(118, 22, 1, NULL, '2022-01-20 13:31:36', '2022-01-20 13:31:36'),
(119, 22, 1, NULL, '2022-01-20 13:31:36', '2022-01-20 13:31:36'),
(120, 22, 1, NULL, '2022-01-20 13:31:36', '2022-01-20 13:31:36'),
(121, 22, 1, NULL, '2022-01-20 13:31:36', '2022-01-20 13:31:36'),
(122, 22, 1, NULL, '2022-01-20 13:31:36', '2022-01-20 13:31:36'),
(123, 22, 1, NULL, '2022-01-20 13:31:36', '2022-01-20 13:31:36'),
(124, 22, 1, NULL, '2022-01-20 13:31:36', '2022-01-20 13:31:36'),
(125, 22, 1, NULL, '2022-01-20 13:31:36', '2022-01-20 13:31:36'),
(126, 22, 1, NULL, '2022-01-20 13:31:36', '2022-01-20 13:31:36'),
(127, 22, 1, NULL, '2022-01-20 13:31:36', '2022-01-20 13:31:36'),
(128, 22, 1, NULL, '2022-01-20 13:31:36', '2022-01-20 13:31:36'),
(129, 22, 1, NULL, '2022-01-20 13:31:36', '2022-01-20 13:31:36'),
(130, 22, 1, NULL, '2022-01-20 13:31:36', '2022-01-20 13:31:36'),
(131, 10, 1, NULL, '2022-01-20 13:31:36', '2022-01-20 13:31:36'),
(132, 10, 1, NULL, '2022-01-20 13:31:36', '2022-01-20 13:31:36'),
(133, 10, 1, NULL, '2022-01-20 13:31:36', '2022-01-20 13:31:36'),
(134, 10, 1, NULL, '2022-01-20 13:31:36', '2022-01-20 13:31:36'),
(135, 10, 1, NULL, '2022-01-20 13:31:36', '2022-01-20 13:31:36'),
(136, 10, 1, NULL, '2022-01-20 13:31:36', '2022-01-20 13:31:36'),
(137, 10, 1, NULL, '2022-01-20 13:31:36', '2022-01-20 13:31:36'),
(138, 10, 1, NULL, '2022-01-20 13:31:36', '2022-01-20 13:31:36'),
(139, 10, 1, NULL, '2022-01-20 13:31:36', '2022-01-20 13:31:36'),
(140, 10, 1, NULL, '2022-01-20 13:31:36', '2022-01-20 13:31:36'),
(141, 10, 1, NULL, '2022-01-20 13:31:36', '2022-01-20 13:31:36'),
(142, 10, 1, NULL, '2022-01-20 13:31:36', '2022-01-20 13:31:36'),
(143, 15, 1, NULL, '2022-01-20 13:31:36', '2022-01-20 13:31:36'),
(144, 15, 1, NULL, '2022-01-20 13:31:36', '2022-01-20 13:31:36'),
(145, 15, 1, NULL, '2022-01-20 13:31:36', '2022-01-20 13:31:36'),
(146, 15, 1, NULL, '2022-01-20 13:31:36', '2022-01-20 13:31:36'),
(147, 15, 1, NULL, '2022-01-20 13:31:36', '2022-01-20 13:31:36'),
(148, 15, 1, NULL, '2022-01-20 13:31:36', '2022-01-20 13:31:36'),
(149, 15, 1, NULL, '2022-01-20 13:31:36', '2022-01-20 13:31:36'),
(150, 15, 1, NULL, '2022-01-20 13:31:36', '2022-01-20 13:31:36'),
(151, 21, 1, NULL, '2022-01-20 13:31:36', '2022-01-20 13:31:36'),
(152, 21, 1, NULL, '2022-01-20 13:31:36', '2022-01-20 13:31:36'),
(153, 21, 1, NULL, '2022-01-20 13:31:36', '2022-01-20 13:31:36'),
(154, 21, 1, NULL, '2022-01-20 13:31:36', '2022-01-20 13:31:36'),
(155, 21, 1, NULL, '2022-01-20 13:31:36', '2022-01-20 13:31:36'),
(156, 21, 1, NULL, '2022-01-20 13:31:36', '2022-01-20 13:31:36'),
(157, 21, 1, NULL, '2022-01-20 13:31:36', '2022-01-20 13:31:36'),
(158, 21, 1, NULL, '2022-01-20 13:31:36', '2022-01-20 13:31:36'),
(159, 21, 1, NULL, '2022-01-20 13:31:36', '2022-01-20 13:31:36'),
(160, 18, 1, NULL, '2022-01-20 13:31:36', '2022-01-20 13:31:36'),
(161, 18, 1, NULL, '2022-01-20 13:31:36', '2022-01-20 13:31:36'),
(162, 18, 1, NULL, '2022-01-20 13:31:36', '2022-01-20 13:31:36'),
(163, 18, 1, NULL, '2022-01-20 13:31:36', '2022-01-20 13:31:36'),
(164, 18, 1, NULL, '2022-01-20 13:31:37', '2022-01-20 13:31:37'),
(165, 18, 1, NULL, '2022-01-20 13:31:37', '2022-01-20 13:31:37'),
(166, 13, 1, NULL, '2022-01-20 13:31:37', '2022-01-20 13:31:37'),
(167, 13, 1, NULL, '2022-01-20 13:31:37', '2022-01-20 13:31:37'),
(168, 13, 1, NULL, '2022-01-20 13:31:37', '2022-01-20 13:31:37'),
(169, 13, 1, NULL, '2022-01-20 13:31:37', '2022-01-20 13:31:37'),
(170, 13, 1, NULL, '2022-01-20 13:31:37', '2022-01-20 13:31:37'),
(171, 13, 1, NULL, '2022-01-20 13:31:37', '2022-01-20 13:31:37'),
(172, 9, 1, NULL, '2022-01-20 13:31:37', '2022-01-20 13:31:37'),
(173, 9, 1, NULL, '2022-01-20 13:31:37', '2022-01-20 13:31:37'),
(174, 9, 1, NULL, '2022-01-20 13:31:37', '2022-01-20 13:31:37'),
(175, 9, 1, NULL, '2022-01-20 13:31:37', '2022-01-20 13:31:37'),
(176, 9, 1, NULL, '2022-01-20 13:31:37', '2022-01-20 13:31:37'),
(177, 9, 1, NULL, '2022-01-20 13:31:37', '2022-01-20 13:31:37'),
(178, 9, 1, NULL, '2022-01-20 13:31:37', '2022-01-20 13:31:37'),
(179, 9, 1, NULL, '2022-01-20 13:31:37', '2022-01-20 13:31:37'),
(180, 9, 1, NULL, '2022-01-20 13:31:37', '2022-01-20 13:31:37'),
(181, 9, 1, NULL, '2022-01-20 13:31:37', '2022-01-20 13:31:37'),
(182, 9, 1, NULL, '2022-01-20 13:31:37', '2022-01-20 13:31:37'),
(183, 9, 1, NULL, '2022-01-20 13:31:37', '2022-01-20 13:31:37'),
(184, 9, 1, NULL, '2022-01-20 13:31:37', '2022-01-20 13:31:37'),
(185, 9, 1, NULL, '2022-01-20 13:31:37', '2022-01-20 13:31:37'),
(186, 9, 1, NULL, '2022-01-20 13:31:37', '2022-01-20 13:31:37'),
(187, 6, 1, NULL, '2022-01-20 13:31:37', '2022-01-20 13:31:37'),
(188, 6, 1, NULL, '2022-01-20 13:31:37', '2022-01-20 13:31:37'),
(189, 6, 1, NULL, '2022-01-20 13:31:37', '2022-01-20 13:31:37'),
(190, 6, 1, NULL, '2022-01-20 13:31:37', '2022-01-20 13:31:37'),
(191, 6, 1, NULL, '2022-01-20 13:31:37', '2022-01-20 13:31:37'),
(192, 6, 1, NULL, '2022-01-20 13:31:37', '2022-01-20 13:31:37'),
(193, 6, 1, NULL, '2022-01-20 13:31:37', '2022-01-20 13:31:37'),
(194, 6, 1, NULL, '2022-01-20 13:31:37', '2022-01-20 13:31:37'),
(195, 6, 1, NULL, '2022-01-20 13:31:37', '2022-01-20 13:31:37'),
(196, 6, 1, NULL, '2022-01-20 13:31:37', '2022-01-20 13:31:37'),
(197, 6, 1, NULL, '2022-01-20 13:31:37', '2022-01-20 13:31:37'),
(198, 6, 1, NULL, '2022-01-20 13:31:37', '2022-01-20 13:31:37'),
(199, 6, 1, NULL, '2022-01-20 13:31:37', '2022-01-20 13:31:37'),
(200, 6, 1, NULL, '2022-01-20 13:31:37', '2022-01-20 13:31:37'),
(201, 6, 1, NULL, '2022-01-20 13:31:37', '2022-01-20 13:31:37'),
(202, 6, 1, NULL, '2022-01-20 13:31:37', '2022-01-20 13:31:37'),
(203, 6, 1, NULL, '2022-01-20 13:31:37', '2022-01-20 13:31:37'),
(204, 6, 1, NULL, '2022-01-20 13:31:37', '2022-01-20 13:31:37'),
(205, 6, 1, NULL, '2022-01-20 13:31:37', '2022-01-20 13:31:37'),
(206, 6, 1, NULL, '2022-01-20 13:31:37', '2022-01-20 13:31:37'),
(207, 6, 1, NULL, '2022-01-20 13:31:37', '2022-01-20 13:31:37'),
(208, 6, 1, NULL, '2022-01-20 13:31:37', '2022-01-20 13:31:37'),
(209, 6, 1, NULL, '2022-01-20 13:31:37', '2022-01-20 13:31:37'),
(210, 6, 1, NULL, '2022-01-20 13:31:37', '2022-01-20 13:31:37'),
(211, 6, 1, NULL, '2022-01-20 13:31:37', '2022-01-20 13:31:37'),
(212, 6, 1, NULL, '2022-01-20 13:31:37', '2022-01-20 13:31:37'),
(213, 6, 1, NULL, '2022-01-20 13:31:37', '2022-01-20 13:31:37'),
(214, 6, 1, NULL, '2022-01-20 13:31:37', '2022-01-20 13:31:37'),
(215, 6, 1, NULL, '2022-01-20 13:31:37', '2022-01-20 13:31:37'),
(216, 6, 1, NULL, '2022-01-20 13:31:37', '2022-01-20 13:31:37'),
(217, 6, 1, NULL, '2022-01-20 13:31:37', '2022-01-20 13:31:37'),
(218, 6, 1, NULL, '2022-01-20 13:31:37', '2022-01-20 13:31:37'),
(219, 6, 1, NULL, '2022-01-20 13:31:37', '2022-01-20 13:31:37'),
(220, 6, 1, NULL, '2022-01-20 13:31:37', '2022-01-20 13:31:37'),
(221, 8, 1, NULL, '2022-01-20 13:31:37', '2022-01-20 13:31:37'),
(222, 8, 1, NULL, '2022-01-20 13:31:37', '2022-01-20 13:31:37'),
(223, 8, 1, NULL, '2022-01-20 13:31:37', '2022-01-20 13:31:37'),
(224, 8, 1, NULL, '2022-01-20 13:31:37', '2022-01-20 13:31:37'),
(225, 8, 1, NULL, '2022-01-20 13:31:37', '2022-01-20 13:31:37'),
(226, 8, 1, NULL, '2022-01-20 13:31:37', '2022-01-20 13:31:37'),
(227, 8, 1, NULL, '2022-01-20 13:31:37', '2022-01-20 13:31:37'),
(228, 8, 1, NULL, '2022-01-20 13:31:37', '2022-01-20 13:31:37'),
(229, 8, 1, NULL, '2022-01-20 13:31:37', '2022-01-20 13:31:37'),
(230, 8, 1, NULL, '2022-01-20 13:31:37', '2022-01-20 13:31:37'),
(231, 8, 1, NULL, '2022-01-20 13:31:37', '2022-01-20 13:31:37'),
(232, 8, 1, NULL, '2022-01-20 13:31:37', '2022-01-20 13:31:37'),
(233, 8, 1, NULL, '2022-01-20 13:31:37', '2022-01-20 13:31:37'),
(234, 20, 1, NULL, '2022-01-20 13:31:37', '2022-01-20 13:31:37'),
(235, 20, 1, NULL, '2022-01-20 13:31:37', '2022-01-20 13:31:37'),
(236, 20, 1, NULL, '2022-01-20 13:31:37', '2022-01-20 13:31:37'),
(237, 20, 1, NULL, '2022-01-20 13:31:37', '2022-01-20 13:31:37'),
(238, 20, 1, NULL, '2022-01-20 13:31:37', '2022-01-20 13:31:37'),
(239, 20, 1, NULL, '2022-01-20 13:31:37', '2022-01-20 13:31:37'),
(240, 20, 1, NULL, '2022-01-20 13:31:37', '2022-01-20 13:31:37'),
(241, 20, 1, NULL, '2022-01-20 13:31:37', '2022-01-20 13:31:37'),
(242, 20, 1, NULL, '2022-01-20 13:31:37', '2022-01-20 13:31:37'),
(243, 20, 1, NULL, '2022-01-20 13:31:37', '2022-01-20 13:31:37'),
(244, 20, 1, NULL, '2022-01-20 13:31:37', '2022-01-20 13:31:37'),
(245, 20, 1, NULL, '2022-01-20 13:31:37', '2022-01-20 13:31:37'),
(246, 20, 1, NULL, '2022-01-20 13:31:37', '2022-01-20 13:31:37'),
(247, 20, 1, NULL, '2022-01-20 13:31:37', '2022-01-20 13:31:37'),
(248, 20, 1, NULL, '2022-01-20 13:31:37', '2022-01-20 13:31:37'),
(249, 20, 1, NULL, '2022-01-20 13:31:37', '2022-01-20 13:31:37'),
(250, 20, 1, NULL, '2022-01-20 13:31:37', '2022-01-20 13:31:37'),
(251, 20, 1, NULL, '2022-01-20 13:31:37', '2022-01-20 13:31:37'),
(252, 20, 1, NULL, '2022-01-20 13:31:37', '2022-01-20 13:31:37'),
(253, 20, 1, NULL, '2022-01-20 13:31:37', '2022-01-20 13:31:37'),
(254, 20, 1, NULL, '2022-01-20 13:31:37', '2022-01-20 13:31:37'),
(255, 20, 1, NULL, '2022-01-20 13:31:37', '2022-01-20 13:31:37'),
(256, 20, 1, NULL, '2022-01-20 13:31:37', '2022-01-20 13:31:37'),
(257, 20, 1, NULL, '2022-01-20 13:31:37', '2022-01-20 13:31:37'),
(258, 20, 1, NULL, '2022-01-20 13:31:37', '2022-01-20 13:31:37'),
(259, 20, 1, NULL, '2022-01-20 13:31:37', '2022-01-20 13:31:37'),
(260, 20, 1, NULL, '2022-01-20 13:31:37', '2022-01-20 13:31:37'),
(261, 26, 1, NULL, '2022-01-20 13:31:37', '2022-01-20 13:31:37'),
(262, 26, 1, NULL, '2022-01-20 13:31:37', '2022-01-20 13:31:37'),
(263, 26, 1, NULL, '2022-01-20 13:31:37', '2022-01-20 13:31:37'),
(264, 26, 1, NULL, '2022-01-20 13:31:37', '2022-01-20 13:31:37'),
(265, 26, 1, NULL, '2022-01-20 13:31:37', '2022-01-20 13:31:37'),
(266, 26, 1, NULL, '2022-01-20 13:31:37', '2022-01-20 13:31:37'),
(267, 26, 1, NULL, '2022-01-20 13:31:37', '2022-01-20 13:31:37'),
(268, 26, 1, NULL, '2022-01-20 13:31:37', '2022-01-20 13:31:37'),
(269, 26, 1, NULL, '2022-01-20 13:31:37', '2022-01-20 13:31:37'),
(270, 16, 1, NULL, '2022-01-20 13:31:37', '2022-01-20 13:31:37'),
(271, 16, 1, NULL, '2022-01-20 13:31:37', '2022-01-20 13:31:37'),
(272, 16, 1, NULL, '2022-01-20 13:31:37', '2022-01-20 13:31:37'),
(273, 16, 1, NULL, '2022-01-20 13:31:38', '2022-01-20 13:31:38'),
(274, 16, 1, NULL, '2022-01-20 13:31:38', '2022-01-20 13:31:38'),
(275, 16, 1, NULL, '2022-01-20 13:31:38', '2022-01-20 13:31:38'),
(276, 16, 1, NULL, '2022-01-20 13:31:38', '2022-01-20 13:31:38'),
(277, 16, 1, NULL, '2022-01-20 13:31:38', '2022-01-20 13:31:38'),
(278, 16, 1, NULL, '2022-01-20 13:31:38', '2022-01-20 13:31:38'),
(279, 16, 1, NULL, '2022-01-20 13:31:38', '2022-01-20 13:31:38'),
(280, 16, 1, NULL, '2022-01-20 13:31:38', '2022-01-20 13:31:38'),
(281, 16, 1, NULL, '2022-01-20 13:31:38', '2022-01-20 13:31:38'),
(282, 16, 1, NULL, '2022-01-20 13:31:38', '2022-01-20 13:31:38'),
(283, 16, 1, NULL, '2022-01-20 13:31:38', '2022-01-20 13:31:38'),
(284, 16, 1, NULL, '2022-01-20 13:31:38', '2022-01-20 13:31:38'),
(285, 16, 1, NULL, '2022-01-20 13:31:38', '2022-01-20 13:31:38'),
(286, 11, 1, NULL, '2022-01-20 13:31:38', '2022-01-20 13:31:38'),
(287, 11, 1, NULL, '2022-01-20 13:31:38', '2022-01-20 13:31:38'),
(288, 11, 1, NULL, '2022-01-20 13:31:38', '2022-01-20 13:31:38'),
(289, 11, 1, NULL, '2022-01-20 13:31:38', '2022-01-20 13:31:38'),
(290, 11, 1, NULL, '2022-01-20 13:31:38', '2022-01-20 13:31:38'),
(291, 11, 1, NULL, '2022-01-20 13:31:38', '2022-01-20 13:31:38'),
(292, 11, 1, NULL, '2022-01-20 13:31:38', '2022-01-20 13:31:38'),
(293, 11, 1, NULL, '2022-01-20 13:31:38', '2022-01-20 13:31:38'),
(294, 11, 1, NULL, '2022-01-20 13:31:38', '2022-01-20 13:31:38'),
(295, 11, 1, NULL, '2022-01-20 13:31:38', '2022-01-20 13:31:38'),
(296, 11, 1, NULL, '2022-01-20 13:31:38', '2022-01-20 13:31:38'),
(297, 11, 1, NULL, '2022-01-20 13:31:38', '2022-01-20 13:31:38'),
(298, 23, 1, NULL, '2022-01-20 13:31:38', '2022-01-20 13:31:38'),
(299, 23, 1, NULL, '2022-01-20 13:31:38', '2022-01-20 13:31:38'),
(300, 23, 1, NULL, '2022-01-20 13:31:38', '2022-01-20 13:31:38'),
(301, 23, 1, NULL, '2022-01-20 13:31:38', '2022-01-20 13:31:38'),
(302, 23, 1, NULL, '2022-01-20 13:31:38', '2022-01-20 13:31:38'),
(303, 23, 1, NULL, '2022-01-20 13:31:38', '2022-01-20 13:31:38'),
(304, 23, 1, NULL, '2022-01-20 13:31:38', '2022-01-20 13:31:38'),
(305, 23, 1, NULL, '2022-01-20 13:31:38', '2022-01-20 13:31:38'),
(306, 23, 1, NULL, '2022-01-20 13:31:38', '2022-01-20 13:31:38'),
(307, 23, 1, NULL, '2022-01-20 13:31:38', '2022-01-20 13:31:38'),
(308, 23, 1, NULL, '2022-01-20 13:31:38', '2022-01-20 13:31:38'),
(309, 14, 1, NULL, '2022-01-20 13:31:38', '2022-01-20 13:31:38'),
(310, 14, 1, NULL, '2022-01-20 13:31:38', '2022-01-20 13:31:38'),
(311, 14, 1, NULL, '2022-01-20 13:31:38', '2022-01-20 13:31:38'),
(312, 14, 1, NULL, '2022-01-20 13:31:38', '2022-01-20 13:31:38'),
(313, 14, 1, NULL, '2022-01-20 13:31:38', '2022-01-20 13:31:38'),
(314, 14, 1, NULL, '2022-01-20 13:31:38', '2022-01-20 13:31:38'),
(315, 19, 1, NULL, '2022-01-20 13:31:38', '2022-01-20 13:31:38'),
(316, 19, 1, NULL, '2022-01-20 13:31:38', '2022-01-20 13:31:38'),
(317, 19, 1, NULL, '2022-01-20 13:31:38', '2022-01-20 13:31:38'),
(318, 19, 1, NULL, '2022-01-20 13:31:38', '2022-01-20 13:31:38'),
(319, 19, 1, NULL, '2022-01-20 13:31:38', '2022-01-20 13:31:38'),
(320, 19, 1, NULL, '2022-01-20 13:31:38', '2022-01-20 13:31:38'),
(321, 19, 1, NULL, '2022-01-20 13:31:38', '2022-01-20 13:31:38'),
(322, 19, 1, NULL, '2022-01-20 13:31:38', '2022-01-20 13:31:38'),
(323, 19, 1, NULL, '2022-01-20 13:31:38', '2022-01-20 13:31:38'),
(324, 19, 1, NULL, '2022-01-20 13:31:38', '2022-01-20 13:31:38'),
(325, 4, 1, NULL, '2022-01-20 13:31:38', '2022-01-20 13:31:38'),
(326, 4, 1, NULL, '2022-01-20 13:31:38', '2022-01-20 13:31:38'),
(327, 4, 1, NULL, '2022-01-20 13:31:38', '2022-01-20 13:31:38'),
(328, 4, 1, NULL, '2022-01-20 13:31:38', '2022-01-20 13:31:38'),
(329, 4, 1, NULL, '2022-01-20 13:31:38', '2022-01-20 13:31:38'),
(330, 4, 1, NULL, '2022-01-20 13:31:38', '2022-01-20 13:31:38'),
(331, 4, 1, NULL, '2022-01-20 13:31:38', '2022-01-20 13:31:38'),
(332, 4, 1, NULL, '2022-01-20 13:31:38', '2022-01-20 13:31:38'),
(333, 4, 1, NULL, '2022-01-20 13:31:38', '2022-01-20 13:31:38'),
(334, 4, 1, NULL, '2022-01-20 13:31:38', '2022-01-20 13:31:38'),
(335, 4, 1, NULL, '2022-01-20 13:31:38', '2022-01-20 13:31:38'),
(336, 4, 1, NULL, '2022-01-20 13:31:38', '2022-01-20 13:31:38'),
(337, 4, 1, NULL, '2022-01-20 13:31:38', '2022-01-20 13:31:38'),
(338, 4, 1, NULL, '2022-01-20 13:31:38', '2022-01-20 13:31:38'),
(339, 4, 1, NULL, '2022-01-20 13:31:38', '2022-01-20 13:31:38'),
(340, 4, 1, NULL, '2022-01-20 13:31:38', '2022-01-20 13:31:38'),
(341, 4, 1, NULL, '2022-01-20 13:31:38', '2022-01-20 13:31:38'),
(342, 4, 1, NULL, '2022-01-20 13:31:38', '2022-01-20 13:31:38'),
(343, 4, 1, NULL, '2022-01-20 13:31:38', '2022-01-20 13:31:38'),
(344, 4, 1, NULL, '2022-01-20 13:31:38', '2022-01-20 13:31:38'),
(345, 4, 1, NULL, '2022-01-20 13:31:38', '2022-01-20 13:31:38'),
(346, 4, 1, NULL, '2022-01-20 13:31:38', '2022-01-20 13:31:38'),
(347, 4, 1, NULL, '2022-01-20 13:31:38', '2022-01-20 13:31:38'),
(348, 4, 1, NULL, '2022-01-20 13:31:38', '2022-01-20 13:31:38'),
(349, 4, 1, NULL, '2022-01-20 13:31:38', '2022-01-20 13:31:38'),
(350, 4, 1, NULL, '2022-01-20 13:31:38', '2022-01-20 13:31:38'),
(351, 5, 1, NULL, '2022-01-20 13:31:38', '2022-01-20 13:31:38'),
(352, 5, 1, NULL, '2022-01-20 13:31:38', '2022-01-20 13:31:38'),
(353, 5, 1, NULL, '2022-01-20 13:31:38', '2022-01-20 13:31:38'),
(354, 5, 1, NULL, '2022-01-20 13:31:38', '2022-01-20 13:31:38'),
(355, 5, 1, NULL, '2022-01-20 13:31:38', '2022-01-20 13:31:38'),
(356, 5, 1, NULL, '2022-01-20 13:31:38', '2022-01-20 13:31:38'),
(357, 5, 1, NULL, '2022-01-20 13:31:38', '2022-01-20 13:31:38'),
(358, 5, 1, NULL, '2022-01-20 13:31:38', '2022-01-20 13:31:38'),
(359, 25, 1, NULL, '2022-01-20 13:31:38', '2022-01-20 13:31:38'),
(360, 25, 1, NULL, '2022-01-20 13:31:38', '2022-01-20 13:31:38'),
(361, 25, 1, NULL, '2022-01-20 13:31:38', '2022-01-20 13:31:38'),
(362, 25, 1, NULL, '2022-01-20 13:31:38', '2022-01-20 13:31:38'),
(363, 25, 1, NULL, '2022-01-20 13:31:38', '2022-01-20 13:31:38'),
(364, 25, 1, NULL, '2022-01-20 13:31:38', '2022-01-20 13:31:38'),
(365, 25, 1, NULL, '2022-01-20 13:31:38', '2022-01-20 13:31:38'),
(366, 25, 1, NULL, '2022-01-20 13:31:38', '2022-01-20 13:31:38'),
(367, 25, 1, NULL, '2022-01-20 13:31:38', '2022-01-20 13:31:38'),
(368, 25, 1, NULL, '2022-01-20 13:31:38', '2022-01-20 13:31:38'),
(369, 25, 1, NULL, '2022-01-20 13:31:38', '2022-01-20 13:31:38'),
(370, 25, 1, NULL, '2022-01-20 13:31:38', '2022-01-20 13:31:38'),
(371, 17, 1, NULL, '2022-01-20 13:31:38', '2022-01-20 13:31:38'),
(372, 17, 1, NULL, '2022-01-20 13:31:38', '2022-01-20 13:31:38'),
(373, 17, 1, NULL, '2022-01-20 13:31:38', '2022-01-20 13:31:38'),
(374, 17, 1, NULL, '2022-01-20 13:31:38', '2022-01-20 13:31:38'),
(375, 17, 1, NULL, '2022-01-20 13:31:38', '2022-01-20 13:31:38'),
(376, 17, 1, NULL, '2022-01-20 13:31:38', '2022-01-20 13:31:38'),
(377, 17, 1, NULL, '2022-01-20 13:31:38', '2022-01-20 13:31:38'),
(378, 17, 1, NULL, '2022-01-20 13:31:38', '2022-01-20 13:31:38'),
(379, 17, 1, NULL, '2022-01-20 13:31:38', '2022-01-20 13:31:38'),
(380, 17, 1, NULL, '2022-01-20 13:31:38', '2022-01-20 13:31:38'),
(381, 7, 1, NULL, '2022-01-20 13:31:38', '2022-01-20 13:31:38'),
(382, 7, 1, NULL, '2022-01-20 13:31:38', '2022-01-20 13:31:38'),
(383, 7, 1, NULL, '2022-01-20 13:31:38', '2022-01-20 13:31:38'),
(384, 7, 1, NULL, '2022-01-20 13:31:38', '2022-01-20 13:31:38'),
(385, 7, 1, NULL, '2022-01-20 13:31:38', '2022-01-20 13:31:38'),
(386, 7, 1, NULL, '2022-01-20 13:31:38', '2022-01-20 13:31:38'),
(387, 7, 1, NULL, '2022-01-20 13:31:38', '2022-01-20 13:31:38'),
(388, 7, 1, NULL, '2022-01-20 13:31:38', '2022-01-20 13:31:38'),
(389, 7, 1, NULL, '2022-01-20 13:31:38', '2022-01-20 13:31:38'),
(390, 7, 1, NULL, '2022-01-20 13:31:39', '2022-01-20 13:31:39'),
(391, 7, 1, NULL, '2022-01-20 13:31:39', '2022-01-20 13:31:39'),
(392, 7, 1, NULL, '2022-01-20 13:31:39', '2022-01-20 13:31:39'),
(393, 7, 1, NULL, '2022-01-20 13:31:39', '2022-01-20 13:31:39'),
(394, 7, 1, NULL, '2022-01-20 13:31:39', '2022-01-20 13:31:39'),
(395, 24, 1, NULL, '2022-01-20 13:31:39', '2022-01-20 13:31:39'),
(396, 24, 1, NULL, '2022-01-20 13:31:39', '2022-01-20 13:31:39'),
(397, 24, 1, NULL, '2022-01-20 13:31:39', '2022-01-20 13:31:39'),
(398, 24, 1, NULL, '2022-01-20 13:31:39', '2022-01-20 13:31:39'),
(399, 24, 1, NULL, '2022-01-20 13:31:39', '2022-01-20 13:31:39'),
(400, 24, 1, NULL, '2022-01-20 13:31:39', '2022-01-20 13:31:39'),
(401, 24, 1, NULL, '2022-01-20 13:31:39', '2022-01-20 13:31:39'),
(402, 24, 1, NULL, '2022-01-20 13:31:39', '2022-01-20 13:31:39'),
(403, 24, 1, NULL, '2022-01-20 13:31:39', '2022-01-20 13:31:39'),
(404, 1, 1, NULL, '2022-01-20 13:31:39', '2022-01-20 13:31:39'),
(405, 1, 1, NULL, '2022-01-20 13:31:39', '2022-01-20 13:31:39'),
(406, 1, 1, NULL, '2022-01-20 13:31:39', '2022-01-20 13:31:39'),
(407, 2, 1, NULL, '2022-01-20 13:31:39', '2022-01-20 13:31:39'),
(408, 2, 1, NULL, '2022-01-20 13:31:39', '2022-01-20 13:31:39'),
(409, 2, 1, NULL, '2022-01-20 13:31:39', '2022-01-20 13:31:39'),
(410, 1, 1, NULL, '2022-01-20 13:31:39', '2022-01-20 13:31:39'),
(411, 3, 1, NULL, '2022-01-20 13:31:39', '2022-01-20 13:31:39'),
(412, 10, 1, NULL, '2022-01-20 13:31:39', '2022-01-20 13:31:39'),
(413, 28, 1, NULL, '2022-03-20 14:06:13', '2022-03-20 14:06:13');

-- --------------------------------------------------------

--
-- Table structure for table `city_translations`
--

CREATE TABLE `city_translations` (
  `id` bigint UNSIGNED NOT NULL,
  `name` varchar(191) CHARACTER SET utf8mb4 COLLATE utf8mb4_unicode_ci NOT NULL,
  `city_id` bigint UNSIGNED NOT NULL,
  `locale` varchar(191) CHARACTER SET utf8mb4 COLLATE utf8mb4_unicode_ci NOT NULL,
  `deleted_at` timestamp NULL DEFAULT NULL,
  `created_at` timestamp NULL DEFAULT NULL,
  `updated_at` timestamp NULL DEFAULT NULL
) ENGINE=InnoDB DEFAULT CHARSET=utf8mb4 COLLATE=utf8mb4_unicode_ci;

--
-- Dumping data for table `city_translations`
--

INSERT INTO `city_translations` (`id`, `name`, `city_id`, `locale`, `deleted_at`, `created_at`, `updated_at`) VALUES
(1, 'السلام', 1, 'ar', NULL, '2022-01-20 13:31:35', '2022-01-20 13:31:35'),
(2, 'العباسيه والظاهر', 2, 'ar', NULL, '2022-01-20 13:31:35', '2022-01-20 13:31:35'),
(3, 'المرج وعزبة النخل', 3, 'ar', NULL, '2022-01-20 13:31:35', '2022-01-20 13:31:35'),
(4, 'النهضة', 4, 'ar', NULL, '2022-01-20 13:31:35', '2022-01-20 13:31:35'),
(5, 'حلمية الزيتون', 5, 'ar', NULL, '2022-01-20 13:31:35', '2022-01-20 13:31:35'),
(6, 'المطريه', 6, 'ar', NULL, '2022-01-20 13:31:35', '2022-01-20 13:31:35'),
(7, 'روض الفرج', 7, 'ar', NULL, '2022-01-20 13:31:35', '2022-01-20 13:31:35'),
(8, 'الشرابية', 8, 'ar', NULL, '2022-01-20 13:31:35', '2022-01-20 13:31:35'),
(9, 'شبرا مصر', 9, 'ar', NULL, '2022-01-20 13:31:35', '2022-01-20 13:31:35'),
(10, 'مدينة نصر شرق', 10, 'ar', NULL, '2022-01-20 13:31:35', '2022-01-20 13:31:35'),
(11, 'مدينة نصر غرب', 11, 'ar', NULL, '2022-01-20 13:31:35', '2022-01-20 13:31:35'),
(12, 'شروق مدينة نصر', 12, 'ar', NULL, '2022-01-20 13:31:35', '2022-01-20 13:31:35'),
(13, 'مصر الجديدة والنزهة', 13, 'ar', NULL, '2022-01-20 13:31:35', '2022-01-20 13:31:35'),
(14, 'جمعية أحمد عرابي', 14, 'ar', NULL, '2022-01-20 13:31:35', '2022-01-20 13:31:35'),
(15, 'كبار المشتركين', 15, 'ar', NULL, '2022-01-20 13:31:35', '2022-01-20 13:31:35'),
(16, 'البساتين (1)', 16, 'ar', NULL, '2022-01-20 13:31:35', '2022-01-20 13:31:35'),
(17, 'البساتين (2)', 17, 'ar', NULL, '2022-01-20 13:31:35', '2022-01-20 13:31:35'),
(18, 'السيدة زينب', 18, 'ar', NULL, '2022-01-20 13:31:35', '2022-01-20 13:31:35'),
(19, 'القلعه', 19, 'ar', NULL, '2022-01-20 13:31:35', '2022-01-20 13:31:35'),
(20, 'المعادي (1)', 20, 'ar', NULL, '2022-01-20 13:31:35', '2022-01-20 13:31:35'),
(21, 'المعادي (2)', 21, 'ar', NULL, '2022-01-20 13:31:35', '2022-01-20 13:31:35'),
(22, 'دار السلام', 22, 'ar', NULL, '2022-01-20 13:31:35', '2022-01-20 13:31:35'),
(23, 'المقطم (أ)', 23, 'ar', NULL, '2022-01-20 13:31:35', '2022-01-20 13:31:35'),
(24, 'المقطم(ب)', 24, 'ar', NULL, '2022-01-20 13:31:35', '2022-01-20 13:31:35'),
(25, 'حلوان', 25, 'ar', NULL, '2022-01-20 13:31:35', '2022-01-20 13:31:35'),
(26, 'غرب القاهرة', 26, 'ar', NULL, '2022-01-20 13:31:35', '2022-01-20 13:31:35'),
(27, 'الجيزة', 27, 'ar', NULL, '2022-01-20 13:31:35', '2022-01-20 13:31:35'),
(28, 'العمرانية (1)', 28, 'ar', NULL, '2022-01-20 13:31:35', '2022-01-20 13:31:35'),
(29, 'العمرانية (2)', 29, 'ar', NULL, '2022-01-20 13:31:35', '2022-01-20 13:31:35'),
(30, 'الطالبية (1)', 30, 'ar', NULL, '2022-01-20 13:31:35', '2022-01-20 13:31:35'),
(31, 'الطالبية(2)', 31, 'ar', NULL, '2022-01-20 13:31:35', '2022-01-20 13:31:35'),
(32, 'نصر الدين', 32, 'ar', NULL, '2022-01-20 13:31:35', '2022-01-20 13:31:35'),
(33, 'الدقي', 33, 'ar', NULL, '2022-01-20 13:31:35', '2022-01-20 13:31:35'),
(34, 'المهندسين', 34, 'ar', NULL, '2022-01-20 13:31:35', '2022-01-20 13:31:35'),
(35, 'امبابه', 35, 'ar', NULL, '2022-01-20 13:31:35', '2022-01-20 13:31:35'),
(36, 'الوراق (1)', 36, 'ar', NULL, '2022-01-20 13:31:35', '2022-01-20 13:31:35'),
(37, 'الوراق (2)', 37, 'ar', NULL, '2022-01-20 13:31:35', '2022-01-20 13:31:35'),
(38, 'المنيرة الغربية', 38, 'ar', NULL, '2022-01-20 13:31:35', '2022-01-20 13:31:35'),
(39, 'بشتيل (1)', 39, 'ar', NULL, '2022-01-20 13:31:35', '2022-01-20 13:31:35'),
(40, 'بشتيل (2)', 40, 'ar', NULL, '2022-01-20 13:31:35', '2022-01-20 13:31:35'),
(41, 'بولاق (1)', 41, 'ar', NULL, '2022-01-20 13:31:35', '2022-01-20 13:31:35'),
(42, 'بولاق (2)', 42, 'ar', NULL, '2022-01-20 13:31:35', '2022-01-20 13:31:35'),
(43, 'فيصل (1)', 43, 'ar', NULL, '2022-01-20 13:31:35', '2022-01-20 13:31:35'),
(44, 'فيصل (2)', 44, 'ar', NULL, '2022-01-20 13:31:35', '2022-01-20 13:31:35'),
(45, 'الصف', 45, 'ar', NULL, '2022-01-20 13:31:35', '2022-01-20 13:31:35'),
(46, 'العياط', 46, 'ar', NULL, '2022-01-20 13:31:35', '2022-01-20 13:31:35'),
(47, 'المنصورية', 47, 'ar', NULL, '2022-01-20 13:31:35', '2022-01-20 13:31:35'),
(48, 'الواحات', 48, 'ar', NULL, '2022-01-20 13:31:35', '2022-01-20 13:31:35'),
(49, 'أطفيح', 49, 'ar', NULL, '2022-01-20 13:31:35', '2022-01-20 13:31:35'),
(50, 'أوسيم (1)', 50, 'ar', NULL, '2022-01-20 13:31:35', '2022-01-20 13:31:35'),
(51, 'أوسيم (2)', 51, 'ar', NULL, '2022-01-20 13:31:35', '2022-01-20 13:31:35'),
(52, 'كرداسة', 52, 'ar', NULL, '2022-01-20 13:31:35', '2022-01-20 13:31:35'),
(53, 'منشاة القناطر', 53, 'ar', NULL, '2022-01-20 13:31:35', '2022-01-20 13:31:35'),
(54, 'وردان', 54, 'ar', NULL, '2022-01-20 13:31:35', '2022-01-20 13:31:35'),
(55, 'البيطاش', 55, 'ar', NULL, '2022-01-20 13:31:35', '2022-01-20 13:31:35'),
(56, 'بيانكي', 56, 'ar', NULL, '2022-01-20 13:31:35', '2022-01-20 13:31:35'),
(57, 'الساحل الشمالي', 57, 'ar', NULL, '2022-01-20 13:31:35', '2022-01-20 13:31:35'),
(58, 'برج العرب القديم', 58, 'ar', NULL, '2022-01-20 13:31:35', '2022-01-20 13:31:35'),
(59, 'الحمام', 59, 'ar', NULL, '2022-01-20 13:31:35', '2022-01-20 13:31:35'),
(60, 'الهانوفيل', 60, 'ar', NULL, '2022-01-20 13:31:35', '2022-01-20 13:31:35'),
(61, 'خورشيد البحرية', 61, 'ar', NULL, '2022-01-20 13:31:35', '2022-01-20 13:31:35'),
(62, 'خورشيد القبلية', 62, 'ar', NULL, '2022-01-20 13:31:36', '2022-01-20 13:31:36'),
(63, 'أبو قير', 63, 'ar', NULL, '2022-01-20 13:31:36', '2022-01-20 13:31:36'),
(64, 'سيدي بشر', 64, 'ar', NULL, '2022-01-20 13:31:36', '2022-01-20 13:31:36'),
(65, 'المندرة', 65, 'ar', NULL, '2022-01-20 13:31:36', '2022-01-20 13:31:36'),
(66, 'الإبراهيمية', 66, 'ar', NULL, '2022-01-20 13:31:36', '2022-01-20 13:31:36'),
(67, 'النصر', 67, 'ar', NULL, '2022-01-20 13:31:36', '2022-01-20 13:31:36'),
(68, 'محرم بك', 68, 'ar', NULL, '2022-01-20 13:31:36', '2022-01-20 13:31:36'),
(69, 'وسط المدينة', 69, 'ar', NULL, '2022-01-20 13:31:36', '2022-01-20 13:31:36'),
(70, 'سموحة', 70, 'ar', NULL, '2022-01-20 13:31:36', '2022-01-20 13:31:36'),
(71, 'أبيس', 71, 'ar', NULL, '2022-01-20 13:31:36', '2022-01-20 13:31:36'),
(72, 'باكوس', 72, 'ar', NULL, '2022-01-20 13:31:36', '2022-01-20 13:31:36'),
(73, 'السيوف', 73, 'ar', NULL, '2022-01-20 13:31:36', '2022-01-20 13:31:36'),
(74, 'سابا باشا', 74, 'ar', NULL, '2022-01-20 13:31:36', '2022-01-20 13:31:36'),
(75, 'الجلاء', 75, 'ar', NULL, '2022-01-20 13:31:36', '2022-01-20 13:31:36'),
(76, 'الدخيلة', 76, 'ar', NULL, '2022-01-20 13:31:36', '2022-01-20 13:31:36'),
(77, 'العامرية', 77, 'ar', NULL, '2022-01-20 13:31:36', '2022-01-20 13:31:36'),
(78, 'القباري', 78, 'ar', NULL, '2022-01-20 13:31:36', '2022-01-20 13:31:36'),
(79, 'مرغم', 79, 'ar', NULL, '2022-01-20 13:31:36', '2022-01-20 13:31:36'),
(80, 'الخانكة', 80, 'ar', NULL, '2022-01-20 13:31:36', '2022-01-20 13:31:36'),
(81, 'الخصوص', 81, 'ar', NULL, '2022-01-20 13:31:36', '2022-01-20 13:31:36'),
(82, 'العبور', 82, 'ar', NULL, '2022-01-20 13:31:36', '2022-01-20 13:31:36'),
(83, 'القناطر الخيرية', 83, 'ar', NULL, '2022-01-20 13:31:36', '2022-01-20 13:31:36'),
(84, 'بهتيم', 84, 'ar', NULL, '2022-01-20 13:31:36', '2022-01-20 13:31:36'),
(85, 'شبرا الخيمة', 85, 'ar', NULL, '2022-01-20 13:31:36', '2022-01-20 13:31:36'),
(86, 'قري الخانكه', 86, 'ar', NULL, '2022-01-20 13:31:36', '2022-01-20 13:31:36'),
(87, 'شبين القناطر', 87, 'ar', NULL, '2022-01-20 13:31:36', '2022-01-20 13:31:36'),
(88, 'طوخ', 88, 'ar', NULL, '2022-01-20 13:31:36', '2022-01-20 13:31:36'),
(89, 'قها', 89, 'ar', NULL, '2022-01-20 13:31:36', '2022-01-20 13:31:36'),
(90, 'كفر شكر', 90, 'ar', NULL, '2022-01-20 13:31:36', '2022-01-20 13:31:36'),
(91, 'مدينة بنها', 91, 'ar', NULL, '2022-01-20 13:31:36', '2022-01-20 13:31:36'),
(92, 'مركز بنها', 92, 'ar', NULL, '2022-01-20 13:31:36', '2022-01-20 13:31:36'),
(93, 'قليوب', 93, 'ar', NULL, '2022-01-20 13:31:36', '2022-01-20 13:31:36'),
(94, 'مركز قليوب', 94, 'ar', NULL, '2022-01-20 13:31:36', '2022-01-20 13:31:36'),
(95, 'العسيرات', 95, 'ar', NULL, '2022-01-20 13:31:36', '2022-01-20 13:31:36'),
(96, 'مدينة المراغة', 96, 'ar', NULL, '2022-01-20 13:31:36', '2022-01-20 13:31:36'),
(97, 'المنشاة', 97, 'ar', NULL, '2022-01-20 13:31:36', '2022-01-20 13:31:36'),
(98, 'أخميم', 98, 'ar', NULL, '2022-01-20 13:31:36', '2022-01-20 13:31:36'),
(99, 'شمال البلينا', 99, 'ar', NULL, '2022-01-20 13:31:36', '2022-01-20 13:31:36'),
(100, 'جنوب البلينا', 100, 'ar', NULL, '2022-01-20 13:31:36', '2022-01-20 13:31:36'),
(101, 'جهينة', 101, 'ar', NULL, '2022-01-20 13:31:36', '2022-01-20 13:31:36'),
(102, 'دار السلام', 102, 'ar', NULL, '2022-01-20 13:31:36', '2022-01-20 13:31:36'),
(103, 'ساقلته', 103, 'ar', NULL, '2022-01-20 13:31:36', '2022-01-20 13:31:36'),
(104, 'طما', 104, 'ar', NULL, '2022-01-20 13:31:36', '2022-01-20 13:31:36'),
(105, 'مدينة جرجا', 105, 'ar', NULL, '2022-01-20 13:31:36', '2022-01-20 13:31:36'),
(106, 'مركز جرجا', 106, 'ar', NULL, '2022-01-20 13:31:36', '2022-01-20 13:31:36'),
(107, 'مدينة سوهاج شرق', 107, 'ar', NULL, '2022-01-20 13:31:36', '2022-01-20 13:31:36'),
(108, 'مدينة سوهاج غرب', 108, 'ar', NULL, '2022-01-20 13:31:36', '2022-01-20 13:31:36'),
(109, 'مركز سوهاج جنوب', 109, 'ar', NULL, '2022-01-20 13:31:36', '2022-01-20 13:31:36'),
(110, 'مركز سوهاج شمال', 110, 'ar', NULL, '2022-01-20 13:31:36', '2022-01-20 13:31:36'),
(111, 'مدينة طهطا', 111, 'ar', NULL, '2022-01-20 13:31:36', '2022-01-20 13:31:36'),
(112, 'مركز طهطا', 112, 'ar', NULL, '2022-01-20 13:31:36', '2022-01-20 13:31:36'),
(113, 'الحامول مدينة', 113, 'ar', NULL, '2022-01-20 13:31:36', '2022-01-20 13:31:36'),
(114, 'الرياض', 114, 'ar', NULL, '2022-01-20 13:31:36', '2022-01-20 13:31:36'),
(115, 'بلطيم', 115, 'ar', NULL, '2022-01-20 13:31:36', '2022-01-20 13:31:36'),
(116, 'بيلا', 116, 'ar', NULL, '2022-01-20 13:31:36', '2022-01-20 13:31:36'),
(117, 'سيدي سالم قري', 117, 'ar', NULL, '2022-01-20 13:31:36', '2022-01-20 13:31:36'),
(118, 'فوة', 118, 'ar', NULL, '2022-01-20 13:31:36', '2022-01-20 13:31:36'),
(119, 'كفر الشيخ مدينة', 119, 'ar', NULL, '2022-01-20 13:31:36', '2022-01-20 13:31:36'),
(120, 'الحامول قري', 120, 'ar', NULL, '2022-01-20 13:31:36', '2022-01-20 13:31:36'),
(121, 'الكراكات', 121, 'ar', NULL, '2022-01-20 13:31:36', '2022-01-20 13:31:36'),
(122, 'برج البرلس', 122, 'ar', NULL, '2022-01-20 13:31:36', '2022-01-20 13:31:36'),
(123, 'دسوق قري جنوب', 123, 'ar', NULL, '2022-01-20 13:31:36', '2022-01-20 13:31:36'),
(124, 'دسوق قري شمال', 124, 'ar', NULL, '2022-01-20 13:31:36', '2022-01-20 13:31:36'),
(125, 'دسوق مدينة', 125, 'ar', NULL, '2022-01-20 13:31:36', '2022-01-20 13:31:36'),
(126, 'سيدي سالم مدينة', 126, 'ar', NULL, '2022-01-20 13:31:36', '2022-01-20 13:31:36'),
(127, 'قلين', 127, 'ar', NULL, '2022-01-20 13:31:36', '2022-01-20 13:31:36'),
(128, 'كفر الشيخ قري شرق', 128, 'ar', NULL, '2022-01-20 13:31:36', '2022-01-20 13:31:36'),
(129, 'كفر الشيخ قري غرب', 129, 'ar', NULL, '2022-01-20 13:31:36', '2022-01-20 13:31:36'),
(130, 'مطوبس', 130, 'ar', NULL, '2022-01-20 13:31:36', '2022-01-20 13:31:36'),
(131, 'الباجور', 131, 'ar', NULL, '2022-01-20 13:31:36', '2022-01-20 13:31:36'),
(132, 'الشهداء', 132, 'ar', NULL, '2022-01-20 13:31:36', '2022-01-20 13:31:36'),
(133, 'بركة السبع', 133, 'ar', NULL, '2022-01-20 13:31:36', '2022-01-20 13:31:36'),
(134, 'تلا', 134, 'ar', NULL, '2022-01-20 13:31:36', '2022-01-20 13:31:36'),
(135, 'سرس الليان', 135, 'ar', NULL, '2022-01-20 13:31:36', '2022-01-20 13:31:36'),
(136, 'قويسنا شرق', 136, 'ar', NULL, '2022-01-20 13:31:36', '2022-01-20 13:31:36'),
(137, 'قويسنا غرب', 137, 'ar', NULL, '2022-01-20 13:31:36', '2022-01-20 13:31:36'),
(138, 'أشمون ', 138, 'ar', NULL, '2022-01-20 13:31:36', '2022-01-20 13:31:36'),
(139, 'شبين الكوم', 139, 'ar', NULL, '2022-01-20 13:31:36', '2022-01-20 13:31:36'),
(140, 'مركز أشمون', 140, 'ar', NULL, '2022-01-20 13:31:36', '2022-01-20 13:31:36'),
(141, 'مركز شبين الكوم', 141, 'ar', NULL, '2022-01-20 13:31:36', '2022-01-20 13:31:36'),
(142, 'منوف', 142, 'ar', NULL, '2022-01-20 13:31:36', '2022-01-20 13:31:36'),
(143, 'ادفو', 143, 'ar', NULL, '2022-01-20 13:31:36', '2022-01-20 13:31:36'),
(144, 'أسوان جنوب', 144, 'ar', NULL, '2022-01-20 13:31:36', '2022-01-20 13:31:36'),
(145, 'أسوان شرق', 145, 'ar', NULL, '2022-01-20 13:31:36', '2022-01-20 13:31:36'),
(146, 'أسوان شمال', 146, 'ar', NULL, '2022-01-20 13:31:36', '2022-01-20 13:31:36'),
(147, 'أبو سمبل السياحية', 147, 'ar', NULL, '2022-01-20 13:31:36', '2022-01-20 13:31:36'),
(148, 'دراو', 148, 'ar', NULL, '2022-01-20 13:31:36', '2022-01-20 13:31:36'),
(149, 'كوم امبو', 149, 'ar', NULL, '2022-01-20 13:31:36', '2022-01-20 13:31:36'),
(150, 'نصر النوبة', 150, 'ar', NULL, '2022-01-20 13:31:36', '2022-01-20 13:31:36'),
(151, 'قطاع شبكات جنوب سيناء', 151, 'ar', NULL, '2022-01-20 13:31:36', '2022-01-20 13:31:36'),
(152, 'هندسه ابورديس', 152, 'ar', NULL, '2022-01-20 13:31:36', '2022-01-20 13:31:36'),
(153, 'هندسة دهب', 153, 'ar', NULL, '2022-01-20 13:31:36', '2022-01-20 13:31:36'),
(154, 'هندسة رأس سدر', 154, 'ar', NULL, '2022-01-20 13:31:36', '2022-01-20 13:31:36'),
(155, 'هندسة شرم الشيخ', 155, 'ar', NULL, '2022-01-20 13:31:36', '2022-01-20 13:31:36'),
(156, 'هندسة طابا', 156, 'ar', NULL, '2022-01-20 13:31:36', '2022-01-20 13:31:36'),
(157, 'هندسة طور سيناء', 157, 'ar', NULL, '2022-01-20 13:31:36', '2022-01-20 13:31:36'),
(158, 'هندسة كاترين', 158, 'ar', NULL, '2022-01-20 13:31:36', '2022-01-20 13:31:36'),
(159, 'هندسة نويبع', 159, 'ar', NULL, '2022-01-20 13:31:36', '2022-01-20 13:31:36'),
(160, 'قطاع شبكات بورسعيد', 160, 'ar', NULL, '2022-01-20 13:31:36', '2022-01-20 13:31:36'),
(161, 'هندسة بورسعيد', 161, 'ar', NULL, '2022-01-20 13:31:36', '2022-01-20 13:31:36'),
(162, 'هندسة الجنوب والضواحي', 162, 'ar', NULL, '2022-01-20 13:31:36', '2022-01-20 13:31:36'),
(163, 'هندسة الزهور', 163, 'ar', NULL, '2022-01-20 13:31:36', '2022-01-20 13:31:36'),
(164, 'هندسة المناخ', 164, 'ar', NULL, '2022-01-20 13:31:37', '2022-01-20 13:31:37'),
(165, 'هندسة بورفؤاد', 165, 'ar', NULL, '2022-01-20 13:31:37', '2022-01-20 13:31:37'),
(166, 'الخارجة', 166, 'ar', NULL, '2022-01-20 13:31:37', '2022-01-20 13:31:37'),
(167, 'الداخلة', 167, 'ar', NULL, '2022-01-20 13:31:37', '2022-01-20 13:31:37'),
(168, 'العوينات', 168, 'ar', NULL, '2022-01-20 13:31:37', '2022-01-20 13:31:37'),
(169, 'باريس', 169, 'ar', NULL, '2022-01-20 13:31:37', '2022-01-20 13:31:37'),
(170, 'بلاط', 170, 'ar', NULL, '2022-01-20 13:31:37', '2022-01-20 13:31:37'),
(171, 'الفرافره', 171, 'ar', NULL, '2022-01-20 13:31:37', '2022-01-20 13:31:37'),
(172, 'قطاع شبكات الاسماعيلية', 172, 'ar', NULL, '2022-01-20 13:31:37', '2022-01-20 13:31:37'),
(173, 'هندسة الاسماعيلية أول', 173, 'ar', NULL, '2022-01-20 13:31:37', '2022-01-20 13:31:37'),
(174, 'هندسة الأسماعيلية ثاني', 174, 'ar', NULL, '2022-01-20 13:31:37', '2022-01-20 13:31:37'),
(175, 'هندسة أبو صوير', 175, 'ar', NULL, '2022-01-20 13:31:37', '2022-01-20 13:31:37'),
(176, 'هندسة أبو عطوة', 176, 'ar', NULL, '2022-01-20 13:31:37', '2022-01-20 13:31:37'),
(177, 'هندسة التل الكبير', 177, 'ar', NULL, '2022-01-20 13:31:37', '2022-01-20 13:31:37'),
(178, 'هندسة الشيخ زايد', 178, 'ar', NULL, '2022-01-20 13:31:37', '2022-01-20 13:31:37'),
(179, 'هندسة الفردان', 179, 'ar', NULL, '2022-01-20 13:31:37', '2022-01-20 13:31:37'),
(180, 'هندسة القصاصين', 180, 'ar', NULL, '2022-01-20 13:31:37', '2022-01-20 13:31:37'),
(181, 'هندسة القنطرة غرب', 181, 'ar', NULL, '2022-01-20 13:31:37', '2022-01-20 13:31:37'),
(182, 'هندسة القنطرة شرق', 182, 'ar', NULL, '2022-01-20 13:31:37', '2022-01-20 13:31:37'),
(183, 'هندسة المستقبل', 183, 'ar', NULL, '2022-01-20 13:31:37', '2022-01-20 13:31:37'),
(184, 'هندسة الملاك', 184, 'ar', NULL, '2022-01-20 13:31:37', '2022-01-20 13:31:37'),
(185, 'هندسة شرق البحيرات', 185, 'ar', NULL, '2022-01-20 13:31:37', '2022-01-20 13:31:37'),
(186, 'هندسة فايد', 186, 'ar', NULL, '2022-01-20 13:31:37', '2022-01-20 13:31:37'),
(187, 'بنجر السكر', 187, 'ar', NULL, '2022-01-20 13:31:37', '2022-01-20 13:31:37'),
(188, 'البستان', 188, 'ar', NULL, '2022-01-20 13:31:37', '2022-01-20 13:31:37'),
(189, 'التحدي', 189, 'ar', NULL, '2022-01-20 13:31:37', '2022-01-20 13:31:37'),
(190, 'التحرير بدر', 190, 'ar', NULL, '2022-01-20 13:31:37', '2022-01-20 13:31:37'),
(191, 'الدلنجات', 191, 'ar', NULL, '2022-01-20 13:31:37', '2022-01-20 13:31:37'),
(192, 'الدواجن', 192, 'ar', NULL, '2022-01-20 13:31:37', '2022-01-20 13:31:37'),
(193, 'الرحمانية', 193, 'ar', NULL, '2022-01-20 13:31:37', '2022-01-20 13:31:37'),
(194, 'الصفا والمروة', 194, 'ar', NULL, '2022-01-20 13:31:37', '2022-01-20 13:31:37'),
(195, 'المحمودية', 195, 'ar', NULL, '2022-01-20 13:31:37', '2022-01-20 13:31:37'),
(196, 'النصر 3', 196, 'ar', NULL, '2022-01-20 13:31:37', '2022-01-20 13:31:37'),
(197, 'إدفينا', 197, 'ar', NULL, '2022-01-20 13:31:37', '2022-01-20 13:31:37'),
(198, 'إدكو', 198, 'ar', NULL, '2022-01-20 13:31:37', '2022-01-20 13:31:37'),
(199, 'إيتاي البارود', 199, 'ar', NULL, '2022-01-20 13:31:37', '2022-01-20 13:31:37'),
(200, 'أبو المطامير', 200, 'ar', NULL, '2022-01-20 13:31:37', '2022-01-20 13:31:37'),
(201, 'أبو بكر', 201, 'ar', NULL, '2022-01-20 13:31:37', '2022-01-20 13:31:37'),
(202, 'أبو حمص شرق', 202, 'ar', NULL, '2022-01-20 13:31:37', '2022-01-20 13:31:37'),
(203, 'أبو حمص غرب', 203, 'ar', NULL, '2022-01-20 13:31:37', '2022-01-20 13:31:37'),
(204, 'أحمد بدوي', 204, 'ar', NULL, '2022-01-20 13:31:37', '2022-01-20 13:31:37'),
(205, 'بندر دمنهور شرق', 205, 'ar', NULL, '2022-01-20 13:31:37', '2022-01-20 13:31:37'),
(206, 'بندر دمنهور غرب', 206, 'ar', NULL, '2022-01-20 13:31:37', '2022-01-20 13:31:37'),
(207, 'بندر كفر الدوار شرق', 207, 'ar', NULL, '2022-01-20 13:31:37', '2022-01-20 13:31:37'),
(208, 'بندر كفر الدوار غرب', 208, 'ar', NULL, '2022-01-20 13:31:37', '2022-01-20 13:31:37'),
(209, 'حوش عيسي', 209, 'ar', NULL, '2022-01-20 13:31:37', '2022-01-20 13:31:37'),
(210, 'رشيد', 210, 'ar', NULL, '2022-01-20 13:31:37', '2022-01-20 13:31:37'),
(211, 'سيدي غازي', 211, 'ar', NULL, '2022-01-20 13:31:37', '2022-01-20 13:31:37'),
(212, 'شبراخيت', 212, 'ar', NULL, '2022-01-20 13:31:37', '2022-01-20 13:31:37'),
(213, 'شمال التحرير', 213, 'ar', NULL, '2022-01-20 13:31:37', '2022-01-20 13:31:37'),
(214, 'غرب النوبارية', 214, 'ar', NULL, '2022-01-20 13:31:37', '2022-01-20 13:31:37'),
(215, 'كفر داود', 215, 'ar', NULL, '2022-01-20 13:31:37', '2022-01-20 13:31:37'),
(216, 'كوم حمادة', 216, 'ar', NULL, '2022-01-20 13:31:37', '2022-01-20 13:31:37'),
(217, 'مركز دمنهور', 217, 'ar', NULL, '2022-01-20 13:31:37', '2022-01-20 13:31:37'),
(218, 'مركز كفر الدوار', 218, 'ar', NULL, '2022-01-20 13:31:37', '2022-01-20 13:31:37'),
(219, 'مريوط', 219, 'ar', NULL, '2022-01-20 13:31:37', '2022-01-20 13:31:37'),
(220, 'وداي النطرون', 220, 'ar', NULL, '2022-01-20 13:31:37', '2022-01-20 13:31:37'),
(221, 'السنطة', 221, 'ar', NULL, '2022-01-20 13:31:37', '2022-01-20 13:31:37'),
(222, 'أول المحلة', 222, 'ar', NULL, '2022-01-20 13:31:37', '2022-01-20 13:31:37'),
(223, 'أول طنطا', 223, 'ar', NULL, '2022-01-20 13:31:37', '2022-01-20 13:31:37'),
(224, 'بسيون', 224, 'ar', NULL, '2022-01-20 13:31:37', '2022-01-20 13:31:37'),
(225, 'بشبيش', 225, 'ar', NULL, '2022-01-20 13:31:37', '2022-01-20 13:31:37'),
(226, 'ثاني المحلة', 226, 'ar', NULL, '2022-01-20 13:31:37', '2022-01-20 13:31:37'),
(227, 'ثاني طنطا', 227, 'ar', NULL, '2022-01-20 13:31:37', '2022-01-20 13:31:37'),
(228, 'زفتي', 228, 'ar', NULL, '2022-01-20 13:31:37', '2022-01-20 13:31:37'),
(229, 'سمنود', 229, 'ar', NULL, '2022-01-20 13:31:37', '2022-01-20 13:31:37'),
(230, 'قطور', 230, 'ar', NULL, '2022-01-20 13:31:37', '2022-01-20 13:31:37'),
(231, 'كفر الزيات', 231, 'ar', NULL, '2022-01-20 13:31:37', '2022-01-20 13:31:37'),
(232, 'مركز المحلة', 232, 'ar', NULL, '2022-01-20 13:31:37', '2022-01-20 13:31:37'),
(233, 'مركز طنطا', 233, 'ar', NULL, '2022-01-20 13:31:37', '2022-01-20 13:31:37'),
(234, 'قطاع شبكات شمال الشرقية', 234, 'ar', NULL, '2022-01-20 13:31:37', '2022-01-20 13:31:37'),
(235, 'هندسة أبو كبير', 235, 'ar', NULL, '2022-01-20 13:31:37', '2022-01-20 13:31:37'),
(236, 'هندسة الحسينية', 236, 'ar', NULL, '2022-01-20 13:31:37', '2022-01-20 13:31:37'),
(237, 'هندسة الخطارة', 237, 'ar', NULL, '2022-01-20 13:31:37', '2022-01-20 13:31:37'),
(238, 'هندسة أولاد صقر', 238, 'ar', NULL, '2022-01-20 13:31:37', '2022-01-20 13:31:37'),
(239, 'هندسة صان الحجر', 239, 'ar', NULL, '2022-01-20 13:31:37', '2022-01-20 13:31:37'),
(240, 'هندسة فاقوس', 240, 'ar', NULL, '2022-01-20 13:31:37', '2022-01-20 13:31:37'),
(241, 'هندسة كفر صقر', 241, 'ar', NULL, '2022-01-20 13:31:37', '2022-01-20 13:31:37'),
(242, 'هندسة ههيا', 242, 'ar', NULL, '2022-01-20 13:31:37', '2022-01-20 13:31:37'),
(243, 'قطاع شبكات وسط الشرقية', 243, 'ar', NULL, '2022-01-20 13:31:37', '2022-01-20 13:31:37'),
(244, 'هندسة ابو حماد', 244, 'ar', NULL, '2022-01-20 13:31:37', '2022-01-20 13:31:37'),
(245, 'هندسة القرين', 245, 'ar', NULL, '2022-01-20 13:31:37', '2022-01-20 13:31:37'),
(246, 'هندسة القنايات', 246, 'ar', NULL, '2022-01-20 13:31:37', '2022-01-20 13:31:37'),
(247, 'هندسة جامعة الزقازيق', 247, 'ar', NULL, '2022-01-20 13:31:37', '2022-01-20 13:31:37'),
(248, 'هندسة شرق الزقازيق', 248, 'ar', NULL, '2022-01-20 13:31:37', '2022-01-20 13:31:37'),
(249, 'هندسة غرب الزقازيق', 249, 'ar', NULL, '2022-01-20 13:31:37', '2022-01-20 13:31:37'),
(250, 'هندسة قري الزقازيق', 250, 'ar', NULL, '2022-01-20 13:31:37', '2022-01-20 13:31:37'),
(251, 'هندسة وسط الزقازيق', 251, 'ar', NULL, '2022-01-20 13:31:37', '2022-01-20 13:31:37'),
(252, 'قطاع شبكات جنوب الشرقية', 252, 'ar', NULL, '2022-01-20 13:31:37', '2022-01-20 13:31:37'),
(253, 'هندسة الابراهيمية', 253, 'ar', NULL, '2022-01-20 13:31:37', '2022-01-20 13:31:37'),
(254, 'هندسة البر الشرقي', 254, 'ar', NULL, '2022-01-20 13:31:37', '2022-01-20 13:31:37'),
(255, 'هندسة أنشاص', 255, 'ar', NULL, '2022-01-20 13:31:37', '2022-01-20 13:31:37'),
(256, 'هندسة بلبيس', 256, 'ar', NULL, '2022-01-20 13:31:37', '2022-01-20 13:31:37'),
(257, 'هندسة ديرب نجم', 257, 'ar', NULL, '2022-01-20 13:31:37', '2022-01-20 13:31:37'),
(258, 'هندسة شرق منيا القمح', 258, 'ar', NULL, '2022-01-20 13:31:37', '2022-01-20 13:31:37'),
(259, 'هندسة غرب منيا القمح', 259, 'ar', NULL, '2022-01-20 13:31:37', '2022-01-20 13:31:37'),
(260, 'هندسة مشتول السوق', 260, 'ar', NULL, '2022-01-20 13:31:37', '2022-01-20 13:31:37'),
(261, 'قطاع شبكات شمال سيناء', 261, 'ar', NULL, '2022-01-20 13:31:37', '2022-01-20 13:31:37'),
(262, 'هندسة الحسنه', 262, 'ar', NULL, '2022-01-20 13:31:37', '2022-01-20 13:31:37'),
(263, 'هندسة الشيخ زويد', 263, 'ar', NULL, '2022-01-20 13:31:37', '2022-01-20 13:31:37'),
(264, 'هندسة العريش', 264, 'ar', NULL, '2022-01-20 13:31:37', '2022-01-20 13:31:37'),
(265, 'هندسة المساعيد', 265, 'ar', NULL, '2022-01-20 13:31:37', '2022-01-20 13:31:37'),
(266, 'هندسة بئر العبد', 266, 'ar', NULL, '2022-01-20 13:31:37', '2022-01-20 13:31:37'),
(267, 'هندسة رفح', 267, 'ar', NULL, '2022-01-20 13:31:37', '2022-01-20 13:31:37'),
(268, 'هندسة رمانة', 268, 'ar', NULL, '2022-01-20 13:31:37', '2022-01-20 13:31:37'),
(269, 'هندسة نخل', 269, 'ar', NULL, '2022-01-20 13:31:37', '2022-01-20 13:31:37'),
(270, 'الشئون التجارية المركزية', 270, 'ar', NULL, '2022-01-20 13:31:37', '2022-01-20 13:31:37'),
(271, 'ابنوب', 271, 'ar', NULL, '2022-01-20 13:31:37', '2022-01-20 13:31:37'),
(272, 'ابو تيج', 272, 'ar', NULL, '2022-01-20 13:31:37', '2022-01-20 13:31:37'),
(273, 'البداري', 273, 'ar', NULL, '2022-01-20 13:31:38', '2022-01-20 13:31:38'),
(274, 'الغنايم', 274, 'ar', NULL, '2022-01-20 13:31:38', '2022-01-20 13:31:38'),
(275, 'الفتح', 275, 'ar', NULL, '2022-01-20 13:31:38', '2022-01-20 13:31:38'),
(276, 'القوصية', 276, 'ar', NULL, '2022-01-20 13:31:38', '2022-01-20 13:31:38'),
(277, 'المركز بحري', 277, 'ar', NULL, '2022-01-20 13:31:38', '2022-01-20 13:31:38'),
(278, 'المركز جنوب', 278, 'ar', NULL, '2022-01-20 13:31:38', '2022-01-20 13:31:38'),
(279, 'ديروط', 279, 'ar', NULL, '2022-01-20 13:31:38', '2022-01-20 13:31:38'),
(280, 'ساحل سليم', 280, 'ar', NULL, '2022-01-20 13:31:38', '2022-01-20 13:31:38'),
(281, 'شرق', 281, 'ar', NULL, '2022-01-20 13:31:38', '2022-01-20 13:31:38'),
(282, 'صدفا', 282, 'ar', NULL, '2022-01-20 13:31:38', '2022-01-20 13:31:38'),
(283, 'غرب ', 283, 'ar', NULL, '2022-01-20 13:31:38', '2022-01-20 13:31:38'),
(284, 'مبني القطاع', 284, 'ar', NULL, '2022-01-20 13:31:38', '2022-01-20 13:31:38'),
(285, 'منفلوط', 285, 'ar', NULL, '2022-01-20 13:31:38', '2022-01-20 13:31:38'),
(286, 'ابو قرقاص', 286, 'ar', NULL, '2022-01-20 13:31:38', '2022-01-20 13:31:38'),
(287, 'العدوة', 287, 'ar', NULL, '2022-01-20 13:31:38', '2022-01-20 13:31:38'),
(288, 'المنيا شرق', 288, 'ar', NULL, '2022-01-20 13:31:38', '2022-01-20 13:31:38'),
(289, 'المنيا غرب', 289, 'ar', NULL, '2022-01-20 13:31:38', '2022-01-20 13:31:38'),
(290, 'بني مزار', 290, 'ar', NULL, '2022-01-20 13:31:38', '2022-01-20 13:31:38'),
(291, 'ديرمواس', 291, 'ar', NULL, '2022-01-20 13:31:38', '2022-01-20 13:31:38'),
(292, 'سمالوط', 292, 'ar', NULL, '2022-01-20 13:31:38', '2022-01-20 13:31:38'),
(293, 'مدينة ملوي', 293, 'ar', NULL, '2022-01-20 13:31:38', '2022-01-20 13:31:38'),
(294, 'مركز المنيا', 294, 'ar', NULL, '2022-01-20 13:31:38', '2022-01-20 13:31:38'),
(295, 'مركز ملوي', 295, 'ar', NULL, '2022-01-20 13:31:38', '2022-01-20 13:31:38'),
(296, 'مطاي', 296, 'ar', NULL, '2022-01-20 13:31:38', '2022-01-20 13:31:38'),
(297, 'مغاغة', 297, 'ar', NULL, '2022-01-20 13:31:38', '2022-01-20 13:31:38'),
(298, 'الساحل الشمالي (25 يناير)', 298, 'ar', NULL, '2022-01-20 13:31:38', '2022-01-20 13:31:38'),
(299, 'السلوم (الشئون التجارية)', 299, 'ar', NULL, '2022-01-20 13:31:38', '2022-01-20 13:31:38'),
(300, 'الضبعه', 300, 'ar', NULL, '2022-01-20 13:31:38', '2022-01-20 13:31:38'),
(301, 'العلمين', 301, 'ar', NULL, '2022-01-20 13:31:38', '2022-01-20 13:31:38'),
(302, 'المنتزة', 302, 'ar', NULL, '2022-01-20 13:31:38', '2022-01-20 13:31:38'),
(303, 'سيدي براني', 303, 'ar', NULL, '2022-01-20 13:31:38', '2022-01-20 13:31:38'),
(304, 'سيدي عبدالرحمن', 304, 'ar', NULL, '2022-01-20 13:31:38', '2022-01-20 13:31:38'),
(305, 'سيوة', 305, 'ar', NULL, '2022-01-20 13:31:38', '2022-01-20 13:31:38'),
(306, 'مارينا - موزع (ج) - ك 98', 306, 'ar', NULL, '2022-01-20 13:31:38', '2022-01-20 13:31:38'),
(307, 'مطروح شرق (الشئون الإدارية)', 307, 'ar', NULL, '2022-01-20 13:31:38', '2022-01-20 13:31:38'),
(308, 'مطروح غرب', 308, 'ar', NULL, '2022-01-20 13:31:38', '2022-01-20 13:31:38'),
(309, 'قطاع شبكات السويس', 309, 'ar', NULL, '2022-01-20 13:31:38', '2022-01-20 13:31:38'),
(310, 'هندسة الاربعين', 310, 'ar', NULL, '2022-01-20 13:31:38', '2022-01-20 13:31:38'),
(311, 'هندسة الجناين', 311, 'ar', NULL, '2022-01-20 13:31:38', '2022-01-20 13:31:38'),
(312, 'هندسة الخليج', 312, 'ar', NULL, '2022-01-20 13:31:38', '2022-01-20 13:31:38'),
(313, 'هندسة السويس', 313, 'ar', NULL, '2022-01-20 13:31:38', '2022-01-20 13:31:38'),
(314, 'هندسة فيصل', 314, 'ar', NULL, '2022-01-20 13:31:38', '2022-01-20 13:31:38'),
(315, 'الزرقا', 315, 'ar', NULL, '2022-01-20 13:31:38', '2022-01-20 13:31:38'),
(316, 'جنوب دمياط ', 316, 'ar', NULL, '2022-01-20 13:31:38', '2022-01-20 13:31:38'),
(317, 'شمال دمياط', 317, 'ar', NULL, '2022-01-20 13:31:38', '2022-01-20 13:31:38'),
(318, 'عزبة البرج', 318, 'ar', NULL, '2022-01-20 13:31:38', '2022-01-20 13:31:38'),
(319, 'كفر سعد', 319, 'ar', NULL, '2022-01-20 13:31:38', '2022-01-20 13:31:38'),
(320, 'الروضة', 320, 'ar', NULL, '2022-01-20 13:31:38', '2022-01-20 13:31:38'),
(321, 'الشعراء', 321, 'ar', NULL, '2022-01-20 13:31:38', '2022-01-20 13:31:38'),
(322, 'فارسكور', 322, 'ar', NULL, '2022-01-20 13:31:38', '2022-01-20 13:31:38'),
(323, 'كفر البطيخ', 323, 'ar', NULL, '2022-01-20 13:31:38', '2022-01-20 13:31:38'),
(324, 'رأس البر', 324, 'ar', NULL, '2022-01-20 13:31:38', '2022-01-20 13:31:38'),
(325, 'الجمالية', 325, 'ar', NULL, '2022-01-20 13:31:38', '2022-01-20 13:31:38'),
(326, 'قري السنبلاوين', 326, 'ar', NULL, '2022-01-20 13:31:38', '2022-01-20 13:31:38'),
(327, 'مدينة السنبلاوين', 327, 'ar', NULL, '2022-01-20 13:31:38', '2022-01-20 13:31:38'),
(328, 'المطرية', 328, 'ar', NULL, '2022-01-20 13:31:38', '2022-01-20 13:31:38'),
(329, 'قري المنزلة', 329, 'ar', NULL, '2022-01-20 13:31:38', '2022-01-20 13:31:38'),
(330, 'مدينة أجا', 330, 'ar', NULL, '2022-01-20 13:31:38', '2022-01-20 13:31:38'),
(331, 'بني عبيد', 331, 'ar', NULL, '2022-01-20 13:31:38', '2022-01-20 13:31:38'),
(332, 'تمي الأمديد', 332, 'ar', NULL, '2022-01-20 13:31:38', '2022-01-20 13:31:38'),
(333, 'جمصه', 333, 'ar', NULL, '2022-01-20 13:31:38', '2022-01-20 13:31:38'),
(334, 'قري شبين', 334, 'ar', NULL, '2022-01-20 13:31:38', '2022-01-20 13:31:38'),
(335, 'شرق المنصورة', 335, 'ar', NULL, '2022-01-20 13:31:38', '2022-01-20 13:31:38'),
(336, 'غرب المنصورة', 336, 'ar', NULL, '2022-01-20 13:31:38', '2022-01-20 13:31:38'),
(337, 'طلخا', 337, 'ar', NULL, '2022-01-20 13:31:38', '2022-01-20 13:31:38'),
(338, 'ميت سلسيل', 338, 'ar', NULL, '2022-01-20 13:31:38', '2022-01-20 13:31:38'),
(339, 'قري ميت غمر', 339, 'ar', NULL, '2022-01-20 13:31:38', '2022-01-20 13:31:38'),
(340, 'مدينة ميت غمر', 340, 'ar', NULL, '2022-01-20 13:31:38', '2022-01-20 13:31:38'),
(341, 'نبروة', 341, 'ar', NULL, '2022-01-20 13:31:38', '2022-01-20 13:31:38'),
(342, 'الستاموني', 342, 'ar', NULL, '2022-01-20 13:31:38', '2022-01-20 13:31:38'),
(343, 'قري بلقاس', 343, 'ar', NULL, '2022-01-20 13:31:38', '2022-01-20 13:31:38'),
(344, 'مدينة بلقاس', 344, 'ar', NULL, '2022-01-20 13:31:38', '2022-01-20 13:31:38'),
(345, 'دكرنس', 345, 'ar', NULL, '2022-01-20 13:31:38', '2022-01-20 13:31:38'),
(346, 'مدينة شربين', 346, 'ar', NULL, '2022-01-20 13:31:38', '2022-01-20 13:31:38'),
(347, 'قري المنصورة (1)', 347, 'ar', NULL, '2022-01-20 13:31:38', '2022-01-20 13:31:38'),
(348, 'قري المنصورة (2)', 348, 'ar', NULL, '2022-01-20 13:31:38', '2022-01-20 13:31:38'),
(349, 'كوم النور', 349, 'ar', NULL, '2022-01-20 13:31:38', '2022-01-20 13:31:38'),
(350, 'منية النصر', 350, 'ar', NULL, '2022-01-20 13:31:38', '2022-01-20 13:31:38'),
(351, 'قطاع شبكات البحر الأحمر', 351, 'ar', NULL, '2022-01-20 13:31:38', '2022-01-20 13:31:38'),
(352, 'هندسة جنوب الغردقه (المدارس)', 352, 'ar', NULL, '2022-01-20 13:31:38', '2022-01-20 13:31:38'),
(353, 'هندسة القصير', 353, 'ar', NULL, '2022-01-20 13:31:38', '2022-01-20 13:31:38'),
(354, 'هندسة راس غارب (الزعفرانه)', 354, 'ar', NULL, '2022-01-20 13:31:38', '2022-01-20 13:31:38'),
(355, 'هندسة سفاجا', 355, 'ar', NULL, '2022-01-20 13:31:38', '2022-01-20 13:31:38'),
(356, 'هندسة شمال الغردقه', 356, 'ar', NULL, '2022-01-20 13:31:38', '2022-01-20 13:31:38'),
(357, 'هندسة مرسي علم', 357, 'ar', NULL, '2022-01-20 13:31:38', '2022-01-20 13:31:38'),
(358, 'هندسة وسط الغردقه (الاستاد)', 358, 'ar', NULL, '2022-01-20 13:31:38', '2022-01-20 13:31:38'),
(359, 'ابوتشت', 359, 'ar', NULL, '2022-01-20 13:31:38', '2022-01-20 13:31:38'),
(360, 'قوص شرق', 360, 'ar', NULL, '2022-01-20 13:31:38', '2022-01-20 13:31:38'),
(361, 'قفط', 361, 'ar', NULL, '2022-01-20 13:31:38', '2022-01-20 13:31:38'),
(362, 'قنا غرب', 362, 'ar', NULL, '2022-01-20 13:31:38', '2022-01-20 13:31:38'),
(363, 'قنا شرق', 363, 'ar', NULL, '2022-01-20 13:31:38', '2022-01-20 13:31:38'),
(364, 'الوقف', 364, 'ar', NULL, '2022-01-20 13:31:38', '2022-01-20 13:31:38'),
(365, 'فرشوط', 365, 'ar', NULL, '2022-01-20 13:31:38', '2022-01-20 13:31:38'),
(366, 'نجع حمادي شمال', 366, 'ar', NULL, '2022-01-20 13:31:38', '2022-01-20 13:31:38'),
(367, 'نجع حمادي جنوب', 367, 'ar', NULL, '2022-01-20 13:31:38', '2022-01-20 13:31:38'),
(368, 'نقادة', 368, 'ar', NULL, '2022-01-20 13:31:38', '2022-01-20 13:31:38'),
(369, 'دشنا', 369, 'ar', NULL, '2022-01-20 13:31:38', '2022-01-20 13:31:38'),
(370, 'قوص غرب', 370, 'ar', NULL, '2022-01-20 13:31:38', '2022-01-20 13:31:38'),
(371, 'الفشن', 371, 'ar', NULL, '2022-01-20 13:31:38', '2022-01-20 13:31:38'),
(372, 'الواسطي', 372, 'ar', NULL, '2022-01-20 13:31:38', '2022-01-20 13:31:38'),
(373, 'اهناسيا', 373, 'ar', NULL, '2022-01-20 13:31:38', '2022-01-20 13:31:38'),
(374, 'ببا', 374, 'ar', NULL, '2022-01-20 13:31:38', '2022-01-20 13:31:38'),
(375, 'ديوان عام قطاع بني سويف', 375, 'ar', NULL, '2022-01-20 13:31:38', '2022-01-20 13:31:38'),
(376, 'سمسطا', 376, 'ar', NULL, '2022-01-20 13:31:38', '2022-01-20 13:31:38'),
(377, 'شرق النيل', 377, 'ar', NULL, '2022-01-20 13:31:38', '2022-01-20 13:31:38'),
(378, 'مدينة بني سويف', 378, 'ar', NULL, '2022-01-20 13:31:38', '2022-01-20 13:31:38'),
(379, 'مركز بني سويف', 379, 'ar', NULL, '2022-01-20 13:31:38', '2022-01-20 13:31:38'),
(380, 'ناصر', 380, 'ar', NULL, '2022-01-20 13:31:38', '2022-01-20 13:31:38'),
(381, 'ابشواي', 381, 'ar', NULL, '2022-01-20 13:31:38', '2022-01-20 13:31:38'),
(382, 'اطسا شرق', 382, 'ar', NULL, '2022-01-20 13:31:38', '2022-01-20 13:31:38'),
(383, 'اطسا غرب', 383, 'ar', NULL, '2022-01-20 13:31:38', '2022-01-20 13:31:38'),
(384, 'ديوان عام قطاع الفيوم', 384, 'ar', NULL, '2022-01-20 13:31:38', '2022-01-20 13:31:38'),
(385, 'سنورس شرق', 385, 'ar', NULL, '2022-01-20 13:31:38', '2022-01-20 13:31:38'),
(386, 'سنورس غرب', 386, 'ar', NULL, '2022-01-20 13:31:38', '2022-01-20 13:31:38'),
(387, 'طامية شرق', 387, 'ar', NULL, '2022-01-20 13:31:38', '2022-01-20 13:31:38'),
(388, 'طامية غرب', 388, 'ar', NULL, '2022-01-20 13:31:38', '2022-01-20 13:31:38'),
(389, 'مدينة الفيوم / شمال شرق', 389, 'ar', NULL, '2022-01-20 13:31:39', '2022-01-20 13:31:39'),
(390, 'مدينة الفيوم / شمال غرب', 390, 'ar', NULL, '2022-01-20 13:31:39', '2022-01-20 13:31:39'),
(391, 'مدينة الفيوم جنوب', 391, 'ar', NULL, '2022-01-20 13:31:39', '2022-01-20 13:31:39'),
(392, 'مدينة الفيوم شرق', 392, 'ar', NULL, '2022-01-20 13:31:39', '2022-01-20 13:31:39'),
(393, 'مدينة الفيوم غرب', 393, 'ar', NULL, '2022-01-20 13:31:39', '2022-01-20 13:31:39'),
(394, 'يوسف الصديق', 394, 'ar', NULL, '2022-01-20 13:31:39', '2022-01-20 13:31:39'),
(395, 'اسنا شرق', 395, 'ar', NULL, '2022-01-20 13:31:39', '2022-01-20 13:31:39'),
(396, 'اسنا غرب', 396, 'ar', NULL, '2022-01-20 13:31:39', '2022-01-20 13:31:39'),
(397, 'الأقصر غرب', 397, 'ar', NULL, '2022-01-20 13:31:39', '2022-01-20 13:31:39'),
(398, 'البياضية', 398, 'ar', NULL, '2022-01-20 13:31:39', '2022-01-20 13:31:39'),
(399, 'الزينية', 399, 'ar', NULL, '2022-01-20 13:31:39', '2022-01-20 13:31:39'),
(400, 'العديسات', 400, 'ar', NULL, '2022-01-20 13:31:39', '2022-01-20 13:31:39'),
(401, 'أرمنت', 401, 'ar', NULL, '2022-01-20 13:31:39', '2022-01-20 13:31:39'),
(402, 'جنوب الأقصر', 402, 'ar', NULL, '2022-01-20 13:31:39', '2022-01-20 13:31:39'),
(403, 'شمال الأقصر', 403, 'ar', NULL, '2022-01-20 13:31:39', '2022-01-20 13:31:39'),
(404, 'التجمع الأول', 404, 'ar', NULL, '2022-01-20 13:31:39', '2022-01-20 13:31:39'),
(405, 'التجمع الخامس', 405, 'ar', NULL, '2022-01-20 13:31:39', '2022-01-20 13:31:39'),
(406, 'الرحاب القطامية', 406, 'ar', NULL, '2022-01-20 13:31:39', '2022-01-20 13:31:39'),
(407, 'أكتوبر (1)', 407, 'ar', NULL, '2022-01-20 13:31:39', '2022-01-20 13:31:39'),
(408, 'أكتوبر (2)', 408, 'ar', NULL, '2022-01-20 13:31:39', '2022-01-20 13:31:39'),
(409, 'الشيخ زايد ', 409, 'ar', NULL, '2022-01-20 13:31:39', '2022-01-20 13:31:39'),
(410, '15 - مايو', 410, 'ar', NULL, '2022-01-20 13:31:39', '2022-01-20 13:31:39'),
(411, 'برج العرب الجديد', 411, 'ar', NULL, '2022-01-20 13:31:39', '2022-01-20 13:31:39'),
(412, 'مدينة السادات', 412, 'ar', NULL, '2022-01-20 13:31:39', '2022-01-20 13:31:39'),
(413, 'المدن الجديدة', 413, 'ar', NULL, '2022-03-20 14:09:04', '2022-03-20 14:09:04');

-- --------------------------------------------------------

--
-- Table structure for table `countries`
--

CREATE TABLE `countries` (
  `id` bigint UNSIGNED NOT NULL,
  `flag` varchar(191) CHARACTER SET utf8mb4 COLLATE utf8mb4_unicode_ci NOT NULL,
  `creator_id` bigint UNSIGNED NOT NULL,
  `deleted_at` timestamp NULL DEFAULT NULL,
  `created_at` timestamp NULL DEFAULT NULL,
  `updated_at` timestamp NULL DEFAULT NULL
) ENGINE=InnoDB DEFAULT CHARSET=utf8mb4 COLLATE=utf8mb4_unicode_ci;

--
-- Dumping data for table `countries`
--

INSERT INTO `countries` (`id`, `flag`, `creator_id`, `deleted_at`, `created_at`, `updated_at`) VALUES
(1, 'flag.png', 1, NULL, '2022-01-20 13:31:34', '2022-01-20 13:31:34');

-- --------------------------------------------------------

--
-- Table structure for table `country_translations`
--

CREATE TABLE `country_translations` (
  `id` bigint UNSIGNED NOT NULL,
  `name` varchar(191) CHARACTER SET utf8mb4 COLLATE utf8mb4_unicode_ci NOT NULL,
  `country_id` bigint UNSIGNED NOT NULL,
  `locale` varchar(191) CHARACTER SET utf8mb4 COLLATE utf8mb4_unicode_ci NOT NULL,
  `deleted_at` timestamp NULL DEFAULT NULL,
  `created_at` timestamp NULL DEFAULT NULL,
  `updated_at` timestamp NULL DEFAULT NULL
) ENGINE=InnoDB DEFAULT CHARSET=utf8mb4 COLLATE=utf8mb4_unicode_ci;

--
-- Dumping data for table `country_translations`
--

INSERT INTO `country_translations` (`id`, `name`, `country_id`, `locale`, `deleted_at`, `created_at`, `updated_at`) VALUES
(1, 'مصر', 1, 'ar', NULL, '2022-01-20 13:31:34', '2022-01-20 13:31:34'),
(2, 'Egypt', 1, 'en', NULL, '2022-01-20 13:31:34', '2022-01-20 13:31:34');

-- --------------------------------------------------------

--
-- Table structure for table `documents`
--

CREATE TABLE `documents` (
  `id` bigint UNSIGNED NOT NULL,
  `order` int DEFAULT NULL,
  `creator_id` bigint UNSIGNED NOT NULL,
  `service_id` bigint UNSIGNED NOT NULL,
  `deleted_at` timestamp NULL DEFAULT NULL,
  `created_at` timestamp NULL DEFAULT NULL,
  `updated_at` timestamp NULL DEFAULT NULL
) ENGINE=InnoDB DEFAULT CHARSET=utf8mb4 COLLATE=utf8mb4_unicode_ci;

--
-- Dumping data for table `documents`
--

INSERT INTO `documents` (`id`, `order`, `creator_id`, `service_id`, `deleted_at`, `created_at`, `updated_at`) VALUES
(1, 1, 1, 2, NULL, '2022-01-22 07:41:50', '2022-01-22 07:41:50'),
(2, 2, 1, 2, NULL, '2022-01-22 07:41:50', '2022-01-22 07:41:50'),
(3, 1, 1, 3, NULL, '2022-01-22 07:41:50', '2022-01-22 07:41:50'),
(4, 2, 1, 3, NULL, '2022-01-22 07:41:50', '2022-01-22 07:41:50'),
(5, 1, 1, 5, NULL, '2022-01-22 07:41:50', '2022-01-22 07:41:50'),
(6, 2, 1, 5, NULL, '2022-01-22 07:41:50', '2022-01-22 07:41:50'),
(7, 3, 1, 5, NULL, '2022-01-22 07:41:50', '2022-01-22 07:41:50'),
(8, 4, 1, 5, NULL, '2022-01-22 07:41:50', '2022-01-22 07:41:50'),
(9, 1, 1, 6, NULL, '2022-01-22 07:41:50', '2022-01-22 07:41:50'),
(10, 2, 1, 6, NULL, '2022-01-22 07:41:50', '2022-01-22 07:41:50'),
(11, 1, 1, 7, NULL, '2022-01-22 07:41:50', '2022-01-22 07:41:50'),
(12, 2, 1, 7, NULL, '2022-01-22 07:41:50', '2022-01-22 07:41:50'),
(13, 3, 1, 7, NULL, '2022-01-22 07:41:50', '2022-01-22 07:41:50'),
(14, 1, 1, 8, NULL, '2022-01-22 07:41:50', '2022-01-22 07:41:50'),
(15, 2, 1, 8, NULL, '2022-01-22 07:41:50', '2022-01-22 07:41:50'),
(16, 3, 1, 8, NULL, '2022-01-22 07:41:50', '2022-01-22 07:41:50'),
(17, 4, 1, 8, NULL, '2022-01-22 07:41:50', '2022-01-22 07:41:50'),
(18, 1, 1, 9, NULL, '2022-01-22 07:41:50', '2022-01-22 07:41:50'),
(19, 2, 1, 9, NULL, '2022-01-22 07:41:50', '2022-01-22 07:41:50'),
(20, 3, 1, 9, NULL, '2022-01-22 07:41:50', '2022-01-22 07:41:50'),
(21, 4, 1, 9, NULL, '2022-01-22 07:41:50', '2022-01-22 07:41:50'),
(22, 1, 1, 10, NULL, '2022-01-22 07:41:50', '2022-01-22 07:41:50'),
(23, 2, 1, 10, NULL, '2022-01-22 07:41:50', '2022-01-22 07:41:50'),
(24, 1, 1, 11, NULL, '2022-01-22 07:41:50', '2022-01-22 07:41:50'),
(25, 2, 1, 11, NULL, '2022-01-22 07:41:50', '2022-01-22 07:41:50'),
(26, 1, 1, 12, NULL, '2022-01-22 07:41:50', '2022-01-22 07:41:50'),
(27, 2, 1, 12, NULL, '2022-01-22 07:41:50', '2022-01-22 07:41:50'),
(28, 3, 1, 12, NULL, '2022-01-22 07:41:50', '2022-01-22 07:41:50'),
(29, 1, 1, 13, NULL, '2022-01-22 07:41:50', '2022-01-22 07:41:50'),
(30, 2, 1, 13, NULL, '2022-01-22 07:41:50', '2022-01-22 07:41:50'),
(31, 3, 1, 13, NULL, '2022-01-22 07:41:50', '2022-01-22 07:41:50'),
(32, 4, 1, 13, NULL, '2022-01-22 07:41:50', '2022-01-22 07:41:50'),
(33, 5, 1, 13, NULL, '2022-01-22 07:41:50', '2022-01-22 07:41:50'),
(34, 1, 1, 14, NULL, '2022-01-22 07:41:50', '2022-01-22 07:41:50'),
(35, 2, 1, 14, NULL, '2022-01-22 07:41:50', '2022-01-22 07:41:50'),
(36, 3, 1, 14, NULL, '2022-01-22 07:41:50', '2022-01-22 07:41:50'),
(37, 1, 1, 15, NULL, '2022-01-22 07:41:50', '2022-01-22 07:41:50'),
(38, 2, 1, 15, NULL, '2022-01-22 07:41:50', '2022-01-22 07:41:50'),
(39, 3, 1, 15, NULL, '2022-01-22 07:41:50', '2022-01-22 07:41:50'),
(40, 4, 1, 15, NULL, '2022-01-22 07:41:50', '2022-01-22 07:41:50'),
(41, 1, 1, 16, NULL, '2022-01-22 07:41:50', '2022-01-22 07:41:50'),
(42, 2, 1, 16, NULL, '2022-01-22 07:41:50', '2022-01-22 07:41:50'),
(43, 3, 1, 16, NULL, '2022-01-22 07:41:50', '2022-01-22 07:41:50'),
(44, 4, 1, 16, NULL, '2022-01-22 07:41:50', '2022-01-22 07:41:50'),
(45, 5, 1, 16, NULL, '2022-01-22 07:41:50', '2022-01-22 07:41:50'),
(46, 1, 1, 17, NULL, '2022-01-22 07:41:50', '2022-01-22 07:41:50'),
(47, 2, 1, 17, NULL, '2022-01-22 07:41:50', '2022-01-22 07:41:50'),
(48, 3, 1, 17, NULL, '2022-01-22 07:41:50', '2022-01-22 07:41:50'),
(49, 1, 1, 18, NULL, '2022-01-22 07:41:50', '2022-01-22 07:41:50'),
(50, 1, 1, 19, NULL, '2022-01-22 07:41:50', '2022-01-22 07:41:50'),
(51, 1, 1, 20, NULL, '2022-01-22 07:41:50', '2022-01-22 07:41:50'),
(52, 2, 1, 20, NULL, '2022-01-22 07:41:50', '2022-01-22 07:41:50'),
(53, 3, 1, 20, NULL, '2022-01-22 07:41:50', '2022-01-22 07:41:50'),
(54, 1, 1, 21, NULL, '2022-01-22 07:41:50', '2022-01-22 07:41:50'),
(55, 2, 1, 21, NULL, '2022-01-22 07:41:50', '2022-01-22 07:41:50'),
(56, 3, 1, 21, NULL, '2022-01-22 07:41:50', '2022-01-22 07:41:50'),
(57, 4, 1, 21, NULL, '2022-01-22 07:41:50', '2022-01-22 07:41:50'),
(58, 1, 1, 22, NULL, '2022-01-22 07:41:50', '2022-01-22 07:41:50'),
(59, 2, 1, 22, NULL, '2022-01-22 07:41:50', '2022-01-22 07:41:50'),
(60, 1, 1, 23, NULL, '2022-01-22 07:41:50', '2022-01-22 07:41:50'),
(61, 1, 1, 24, NULL, '2022-01-22 07:41:50', '2022-01-22 07:41:50'),
(62, 1, 1, 25, NULL, '2022-01-22 07:41:50', '2022-01-22 07:41:50'),
(63, 1, 1, 26, NULL, '2022-01-22 07:41:50', '2022-01-22 07:41:50'),
(64, 2, 1, 26, NULL, '2022-01-22 07:41:50', '2022-01-22 07:41:50'),
(65, 3, 1, 26, NULL, '2022-01-22 07:41:50', '2022-01-22 07:41:50'),
(66, 1, 1, 27, NULL, '2022-01-22 07:41:51', '2022-01-22 07:41:51'),
(67, 2, 1, 27, NULL, '2022-01-22 07:41:51', '2022-01-22 07:41:51'),
(68, 1, 1, 29, NULL, '2022-01-22 07:41:51', '2022-01-22 07:41:51'),
(69, 1, 1, 30, NULL, '2022-01-22 07:41:51', '2022-01-22 07:41:51'),
(70, 1, 1, 31, NULL, '2022-01-22 07:41:51', '2022-01-22 07:41:51'),
(71, 2, 1, 31, NULL, '2022-01-22 07:41:51', '2022-01-22 07:41:51'),
(72, 1, 1, 32, NULL, '2022-01-22 07:41:51', '2022-01-22 07:41:51');

-- --------------------------------------------------------

--
-- Table structure for table `document_images`
--

CREATE TABLE `document_images` (
  `id` bigint UNSIGNED NOT NULL,
  `image` varchar(191) CHARACTER SET utf8mb4 COLLATE utf8mb4_unicode_ci NOT NULL,
  `document_id` bigint UNSIGNED NOT NULL,
  `creator_id` bigint UNSIGNED NOT NULL,
  `deleted_at` timestamp NULL DEFAULT NULL,
  `created_at` timestamp NULL DEFAULT NULL,
  `updated_at` timestamp NULL DEFAULT NULL
) ENGINE=InnoDB DEFAULT CHARSET=utf8mb4 COLLATE=utf8mb4_unicode_ci;

--
-- Dumping data for table `document_images`
--

INSERT INTO `document_images` (`id`, `image`, `document_id`, `creator_id`, `deleted_at`, `created_at`, `updated_at`) VALUES
(1, '1.jpg', 1, 1, NULL, '2022-01-22 07:45:41', '2022-01-22 07:45:41'),
(2, '2.jpg', 2, 1, NULL, '2022-01-22 07:45:41', '2022-01-22 07:45:41'),
(3, '3.jpg', 3, 1, NULL, '2022-01-22 07:45:41', '2022-01-22 07:45:41'),
(4, '4.jpg', 4, 1, NULL, '2022-01-22 07:45:41', '2022-01-22 07:45:41'),
(5, '5.jpg', 5, 1, NULL, '2022-01-22 07:45:41', '2022-01-22 07:45:41'),
(6, '6.jpg', 6, 1, NULL, '2022-01-22 07:45:41', '2022-01-22 07:45:41'),
(7, '7.jpg', 7, 1, NULL, '2022-01-22 07:45:41', '2022-01-22 07:45:41'),
(8, '8.jpg', 8, 1, NULL, '2022-01-22 07:45:41', '2022-01-22 07:45:41'),
(9, '9.jpg', 9, 1, NULL, '2022-01-22 07:45:41', '2022-01-22 07:45:41'),
(10, '10.png', 10, 1, NULL, '2022-01-22 07:45:41', '2022-01-22 07:45:41'),
(11, '11.jpg', 11, 1, NULL, '2022-01-22 07:45:41', '2022-01-22 07:45:41'),
(12, '12.png', 12, 1, NULL, '2022-01-22 07:45:41', '2022-01-22 07:45:41'),
(13, '13.png', 13, 1, NULL, '2022-01-22 07:45:41', '2022-01-22 07:45:41'),
(14, '14.jpg', 14, 1, NULL, '2022-01-22 07:45:41', '2022-01-22 07:45:41'),
(15, '15.png', 15, 1, NULL, '2022-01-22 07:45:41', '2022-01-22 07:45:41'),
(16, '16.jpg', 16, 1, NULL, '2022-01-22 07:45:41', '2022-01-22 07:45:41'),
(17, '17.png', 17, 1, NULL, '2022-01-22 07:45:41', '2022-01-22 07:45:41'),
(18, '18.jpg', 18, 1, NULL, '2022-01-22 07:45:41', '2022-01-22 07:45:41'),
(19, '19.jpg', 19, 1, NULL, '2022-01-22 07:45:41', '2022-01-22 07:45:41'),
(20, '20.png', 20, 1, NULL, '2022-01-22 07:45:41', '2022-01-22 07:45:41'),
(21, '21.png', 21, 1, NULL, '2022-01-22 07:45:41', '2022-01-22 07:45:41'),
(22, '22.jpg', 22, 1, NULL, '2022-01-22 07:45:41', '2022-01-22 07:45:41'),
(23, '23.png', 23, 1, NULL, '2022-01-22 07:45:41', '2022-01-22 07:45:41'),
(24, '24.jpg', 24, 1, NULL, '2022-01-22 07:45:41', '2022-01-22 07:45:41'),
(25, '25.png', 25, 1, NULL, '2022-01-22 07:45:41', '2022-01-22 07:45:41'),
(26, '26.jpg', 26, 1, NULL, '2022-01-22 07:45:41', '2022-01-22 07:45:41'),
(27, '27.png', 27, 1, NULL, '2022-01-22 07:45:41', '2022-01-22 07:45:41'),
(28, '28.png', 28, 1, NULL, '2022-01-22 07:45:41', '2022-01-22 07:45:41'),
(29, '29.png', 29, 1, NULL, '2022-01-22 07:45:41', '2022-01-22 07:45:41'),
(30, '30.jpg', 30, 1, NULL, '2022-01-22 07:45:41', '2022-01-22 07:45:41'),
(31, '31.jpg', 31, 1, NULL, '2022-01-22 07:45:41', '2022-01-22 07:45:41'),
(32, '32.jpg', 32, 1, NULL, '2022-01-22 07:45:41', '2022-01-22 07:45:41'),
(33, '33.jpg', 33, 1, NULL, '2022-01-22 07:45:41', '2022-01-22 07:45:41'),
(34, '34.jpg', 34, 1, NULL, '2022-01-22 07:45:41', '2022-01-22 07:45:41'),
(35, '35.png', 35, 1, NULL, '2022-01-22 07:45:41', '2022-01-22 07:45:41'),
(36, '36.jpg', 36, 1, NULL, '2022-01-22 07:45:41', '2022-01-22 07:45:41'),
(37, '37.jpg', 37, 1, NULL, '2022-01-22 07:45:41', '2022-01-22 07:45:41'),
(38, '38.jpg', 38, 1, NULL, '2022-01-22 07:45:41', '2022-01-22 07:45:41'),
(39, '39.jpg', 39, 1, NULL, '2022-01-22 07:45:41', '2022-01-22 07:45:41'),
(40, '40.jpg', 40, 1, NULL, '2022-01-22 07:45:41', '2022-01-22 07:45:41'),
(41, '41.jpg', 41, 1, NULL, '2022-01-22 07:45:41', '2022-01-22 07:45:41'),
(42, '42.jpg', 42, 1, NULL, '2022-01-22 07:45:41', '2022-01-22 07:45:41'),
(43, '43.jpg', 43, 1, NULL, '2022-01-22 07:45:41', '2022-01-22 07:45:41'),
(44, '44.jpg', 44, 1, NULL, '2022-01-22 07:45:41', '2022-01-22 07:45:41'),
(45, '45.jpg', 45, 1, NULL, '2022-01-22 07:45:41', '2022-01-22 07:45:41'),
(46, '46.jpg', 46, 1, NULL, '2022-01-22 07:45:41', '2022-01-22 07:45:41'),
(47, '47.png', 47, 1, NULL, '2022-01-22 07:45:41', '2022-01-22 07:45:41'),
(48, '48.jpg', 48, 1, NULL, '2022-01-22 07:45:41', '2022-01-22 07:45:41'),
(49, '49.jpg', 49, 1, NULL, '2022-01-22 07:45:41', '2022-01-22 07:45:41'),
(50, '50.png', 50, 1, NULL, '2022-01-22 07:45:41', '2022-01-22 07:45:41'),
(51, '51.jpg', 51, 1, NULL, '2022-01-22 07:45:41', '2022-01-22 07:45:41'),
(52, '52.png', 52, 1, NULL, '2022-01-22 07:45:41', '2022-01-22 07:45:41'),
(53, '53.jpg', 53, 1, NULL, '2022-01-22 07:45:41', '2022-01-22 07:45:41'),
(54, '54.jpg', 54, 1, NULL, '2022-01-22 07:45:41', '2022-01-22 07:45:41'),
(55, '55.jpg', 55, 1, NULL, '2022-01-22 07:45:41', '2022-01-22 07:45:41'),
(56, '56.jpg', 56, 1, NULL, '2022-01-22 07:45:41', '2022-01-22 07:45:41'),
(57, '57.jpg', 57, 1, NULL, '2022-01-22 07:45:41', '2022-01-22 07:45:41'),
(58, '58.jpg', 58, 1, NULL, '2022-01-22 07:45:41', '2022-01-22 07:45:41'),
(59, '59.jpg', 59, 1, NULL, '2022-01-22 07:45:41', '2022-01-22 07:45:41'),
(60, '60.png', 60, 1, NULL, '2022-01-22 07:45:41', '2022-01-22 07:45:41'),
(61, '61.png', 61, 1, NULL, '2022-01-22 07:45:41', '2022-01-22 07:45:41'),
(62, '62.jpg', 62, 1, NULL, '2022-01-22 07:45:41', '2022-01-22 07:45:41'),
(63, '63.jpg', 63, 1, NULL, '2022-01-22 07:45:41', '2022-01-22 07:45:41'),
(64, '64.png', 64, 1, NULL, '2022-01-22 07:45:41', '2022-01-22 07:45:41'),
(65, '65.jpg', 65, 1, NULL, '2022-01-22 07:45:41', '2022-01-22 07:45:41'),
(66, '66.jpg', 66, 1, NULL, '2022-01-22 07:45:41', '2022-01-22 07:45:41'),
(67, '67.jpg', 67, 1, NULL, '2022-01-22 07:45:41', '2022-01-22 07:45:41'),
(68, '68.png', 68, 1, NULL, '2022-01-22 07:45:41', '2022-01-22 07:45:41'),
(69, '69.png', 69, 1, NULL, '2022-01-22 07:45:41', '2022-01-22 07:45:41'),
(70, '70.png', 70, 1, NULL, '2022-01-22 07:45:41', '2022-01-22 07:45:41'),
(71, '71.png', 71, 1, NULL, '2022-01-22 07:45:41', '2022-01-22 07:45:41'),
(72, '72.png', 72, 1, NULL, '2022-01-22 07:45:41', '2022-01-22 07:45:41');

-- --------------------------------------------------------

--
-- Table structure for table `document_translations`
--

CREATE TABLE `document_translations` (
  `id` bigint UNSIGNED NOT NULL,
  `title` varchar(191) CHARACTER SET utf8mb4 COLLATE utf8mb4_unicode_ci NOT NULL,
  `desc` text CHARACTER SET utf8mb4 COLLATE utf8mb4_unicode_ci,
  `locale` varchar(191) CHARACTER SET utf8mb4 COLLATE utf8mb4_unicode_ci NOT NULL,
  `document_id` bigint UNSIGNED NOT NULL,
  `deleted_at` timestamp NULL DEFAULT NULL,
  `created_at` timestamp NULL DEFAULT NULL,
  `updated_at` timestamp NULL DEFAULT NULL
) ENGINE=InnoDB DEFAULT CHARSET=utf8mb4 COLLATE=utf8mb4_unicode_ci;

--
-- Dumping data for table `document_translations`
--

INSERT INTO `document_translations` (`id`, `title`, `desc`, `locale`, `document_id`, `deleted_at`, `created_at`, `updated_at`) VALUES
(1, 'بطاقة الرقم القومي', NULL, 'ar', 1, NULL, '2022-01-22 07:41:50', '2022-01-22 07:41:50'),
(2, 'حضور المنتفع او من له صفة قانونية', NULL, 'ar', 2, NULL, '2022-01-22 07:41:50', '2022-01-22 07:41:50'),
(3, 'بطاقة الرقم القومي', NULL, 'ar', 3, NULL, '2022-01-22 07:41:50', '2022-01-22 07:41:50'),
(4, 'حضور المنتفع او من له صفة قانونية', NULL, 'ar', 4, NULL, '2022-01-22 07:41:50', '2022-01-22 07:41:50'),
(5, 'بطاقة الرقم القومي', NULL, 'ar', 5, NULL, '2022-01-22 07:41:50', '2022-01-22 07:41:50'),
(6, 'سند الحيازه', NULL, 'ar', 6, NULL, '2022-01-22 07:41:50', '2022-01-22 07:41:50'),
(7, 'موافقة الحي او الجهة الإدارية المختصة أو مقايسة العقار', NULL, 'ar', 7, NULL, '2022-01-22 07:41:50', '2022-01-22 07:41:50'),
(8, 'في حالة النشاط التجاري يضاف البطاقة الضريبيه - السجل التجاري او اقرار كتابي من العميل بأنه جاري في استخراج التراخيص', NULL, 'ar', 8, NULL, '2022-01-22 07:41:50', '2022-03-02 15:43:57'),
(9, 'بطاقة الرقم القومي', NULL, 'ar', 9, NULL, '2022-01-22 07:41:50', '2022-01-22 07:41:50'),
(10, 'إيصال سداد الممارسة أو محضر المخالفة أو أن يكون مدرجاً بكشوف حصر المخالفين التي تعدها شركات التوزيع', NULL, 'ar', 10, NULL, '2022-01-22 07:41:50', '2022-01-22 07:41:50'),
(11, 'بطاقة الرقم القومي', NULL, 'ar', 11, NULL, '2022-01-22 07:41:50', '2022-01-22 07:41:50'),
(12, 'طلب من المنتفع او مذكرة من القارئ / المحصل والتأكيد بتقرير المعاينة الفنية', NULL, 'ar', 12, NULL, '2022-01-22 07:41:50', '2022-01-22 07:41:50'),
(13, 'بيانات الحساب', NULL, 'ar', 13, NULL, '2022-01-22 07:41:50', '2022-01-22 07:41:50'),
(14, 'بطاقة الرقم القومي', NULL, 'ar', 14, NULL, '2022-01-22 07:41:50', '2022-01-22 07:41:50'),
(15, 'طلب من المنتفع', NULL, 'ar', 15, NULL, '2022-01-22 07:41:50', '2022-01-22 07:41:50'),
(16, 'محضر شرطة بفقد العداد', NULL, 'ar', 16, NULL, '2022-01-22 07:41:50', '2022-01-22 07:41:50'),
(17, 'بيانات الحساب', NULL, 'ar', 17, NULL, '2022-01-22 07:41:50', '2022-01-22 07:41:50'),
(18, 'بطاقة الرقم القومي', NULL, 'ar', 18, NULL, '2022-01-22 07:41:50', '2022-01-22 07:41:50'),
(19, 'سند الحيازة', NULL, 'ar', 19, NULL, '2022-01-22 07:41:50', '2022-01-22 07:41:50'),
(20, 'تنازل رسمي من المشترك السابق أو توكيل', NULL, 'ar', 20, NULL, '2022-01-22 07:41:50', '2022-01-22 07:41:50'),
(21, 'بيانات الحساب', NULL, 'ar', 21, NULL, '2022-01-22 07:41:50', '2022-01-22 07:41:50'),
(22, 'بطاقة الرقم القومي', NULL, 'ar', 22, NULL, '2022-01-22 07:41:50', '2022-01-22 07:41:50'),
(23, 'بيانات الحساب', NULL, 'ar', 23, NULL, '2022-01-22 07:41:50', '2022-01-22 07:41:50'),
(24, 'بطاقة الرقم القومي', NULL, 'ar', 24, NULL, '2022-01-22 07:41:50', '2022-01-22 07:41:50'),
(25, 'بيانات الحساب', NULL, 'ar', 25, NULL, '2022-01-22 07:41:50', '2022-01-22 07:41:50'),
(26, 'بطاقة الرقم القومي', NULL, 'ar', 26, NULL, '2022-01-22 07:41:50', '2022-01-22 07:41:50'),
(27, 'بيانات الحساب', NULL, 'ar', 27, NULL, '2022-01-22 07:41:50', '2022-01-22 07:41:50'),
(28, 'بيانات بالأحمال المطلوب تعذيتها', NULL, 'ar', 28, NULL, '2022-01-22 07:41:50', '2022-01-22 07:41:50'),
(29, 'طلب تعديل توصيلة', NULL, 'ar', 29, NULL, '2022-01-22 07:41:50', '2022-01-22 07:41:50'),
(30, 'بطاقة الرقم القومي', NULL, 'ar', 30, NULL, '2022-01-22 07:41:50', '2022-01-22 07:41:50'),
(31, 'التصاريح المطلوبة', NULL, 'ar', 31, NULL, '2022-01-22 07:41:50', '2022-01-22 07:41:50'),
(32, 'فاتورة كهرباء حديثة في حالة التوصيلة الداخليه', NULL, 'ar', 32, NULL, '2022-01-22 07:41:50', '2022-01-22 07:41:50'),
(33, 'إيصال سداد المقايسة في حالة التوصيلة الخارجيه', NULL, 'ar', 33, NULL, '2022-01-22 07:41:50', '2022-01-22 07:41:50'),
(34, 'بطاقة الرقم القومي', NULL, 'ar', 34, NULL, '2022-01-22 07:41:50', '2022-01-22 07:41:50'),
(35, 'نموذج طلب تقسيط مديونية', NULL, 'ar', 35, NULL, '2022-01-22 07:41:50', '2022-01-22 07:41:50'),
(36, 'فاتورة كهرباء حديثة', NULL, 'ar', 36, NULL, '2022-01-22 07:41:50', '2022-01-22 07:41:50'),
(37, 'بطاقة الرقم القومي', NULL, 'ar', 37, NULL, '2022-01-22 07:41:50', '2022-01-22 07:41:50'),
(38, 'الرخصة والرسومات المعمارية', NULL, 'ar', 38, NULL, '2022-01-22 07:41:50', '2022-01-22 07:41:50'),
(39, 'خطاب من الجهة الإداريه المختصة بالموافقة علي التوصيل', NULL, 'ar', 39, NULL, '2022-01-22 07:41:50', '2022-01-22 07:41:50'),
(40, 'سند الحيازة أو الملكية', NULL, 'ar', 40, NULL, '2022-01-22 07:41:50', '2022-01-22 07:41:50'),
(41, 'بطاقة الرقم القومي', NULL, 'ar', 41, NULL, '2022-01-22 07:41:50', '2022-01-22 07:41:50'),
(42, 'سند الحيازة', NULL, 'ar', 42, NULL, '2022-01-22 07:41:50', '2022-01-22 07:41:50'),
(43, 'البطاقة الضريبيه', NULL, 'ar', 43, NULL, '2022-01-22 07:41:50', '2022-01-22 07:41:50'),
(44, 'السجل التجاري', NULL, 'ar', 44, NULL, '2022-01-22 07:41:50', '2022-01-22 07:41:50'),
(45, 'خطاب الجهة الإداريه المختصة بالموافقة علي توصيل الكهرباء', NULL, 'ar', 45, NULL, '2022-01-22 07:41:50', '2022-01-22 07:41:50'),
(46, 'بطاقة الرقم القومي', NULL, 'ar', 46, NULL, '2022-01-22 07:41:50', '2022-01-22 07:41:50'),
(47, 'طلب العميل بتركيب عداد بصفة مؤقتة', NULL, 'ar', 47, NULL, '2022-01-22 07:41:50', '2022-01-22 07:41:50'),
(48, 'موافقة الجهة الادارية المختصة علي التوصيل المؤقت', NULL, 'ar', 48, NULL, '2022-01-22 07:41:50', '2022-01-22 07:41:50'),
(49, 'بطاقة الرقم القومي', NULL, 'ar', 49, NULL, '2022-01-22 07:41:50', '2022-01-22 07:41:50'),
(50, 'بيانات الحساب', NULL, 'ar', 50, NULL, '2022-01-22 07:41:50', '2022-01-22 07:41:50'),
(51, 'بطاقة الرقم القومي', NULL, 'ar', 51, NULL, '2022-01-22 07:41:50', '2022-01-22 07:41:50'),
(52, 'بيانات الحساب في حالة التقسيط', NULL, 'ar', 52, NULL, '2022-01-22 07:41:50', '2022-01-22 07:41:50'),
(53, 'طلب شراء لمبات', NULL, 'ar', 53, NULL, '2022-01-22 07:41:50', '2022-01-22 07:41:50'),
(54, 'بطاقة الرقم القومي', NULL, 'ar', 54, NULL, '2022-01-22 07:41:50', '2022-01-22 07:41:50'),
(55, 'إيصال كهرباء حديث', NULL, 'ar', 55, NULL, '2022-01-22 07:41:50', '2022-01-22 07:41:50'),
(56, 'البطاقة الضريبيه الخاصة به في حالة النشاط التجاري والصناعي', NULL, 'ar', 56, NULL, '2022-01-22 07:41:50', '2022-01-22 07:41:50'),
(57, 'موافقة الجهة الادارية المختصة', NULL, 'ar', 57, NULL, '2022-01-22 07:41:50', '2022-01-22 07:41:50'),
(58, 'بطاقة الرقم القومي', NULL, 'ar', 58, NULL, '2022-01-22 07:41:50', '2022-01-22 07:41:50'),
(59, 'الايصال الخاطئ', NULL, 'ar', 59, NULL, '2022-01-22 07:41:50', '2022-01-22 07:41:50'),
(60, 'بيانات الحساب', NULL, 'ar', 60, NULL, '2022-01-22 07:41:50', '2022-01-22 07:41:50'),
(61, 'بيانات الحساب', NULL, 'ar', 61, NULL, '2022-01-22 07:41:50', '2022-01-22 07:41:50'),
(62, 'كارت شحن', NULL, 'ar', 62, NULL, '2022-01-22 07:41:50', '2022-01-22 07:41:50'),
(63, 'بطاقة الرقم القومي', NULL, 'ar', 63, NULL, '2022-01-22 07:41:50', '2022-01-22 07:41:50'),
(64, 'ايصال شحن سابق او كود المشترك', NULL, 'ar', 64, NULL, '2022-01-22 07:41:50', '2022-01-22 07:41:50'),
(65, 'اقرار كتابي بفقد الكارت', NULL, 'ar', 65, NULL, '2022-01-22 07:41:50', '2022-01-22 07:41:50'),
(66, 'بطاقة الرقم القومي', NULL, 'ar', 66, NULL, '2022-01-22 07:41:51', '2022-01-22 07:41:51'),
(67, 'فاتورة كهرباء حديثة', NULL, 'ar', 67, NULL, '2022-01-22 07:41:51', '2022-01-22 07:41:51'),
(68, 'بيانات الحساب', NULL, 'ar', 68, NULL, '2022-01-22 07:41:51', '2022-01-22 07:41:51'),
(69, 'بيانات الحساب', NULL, 'ar', 69, NULL, '2022-01-22 07:41:51', '2022-01-22 07:41:51'),
(70, 'بيانات الحساب', NULL, 'ar', 70, NULL, '2022-01-22 07:41:51', '2022-01-22 07:41:51'),
(71, 'رقم السداد الألكتروني', NULL, 'ar', 71, NULL, '2022-01-22 07:41:51', '2022-01-22 07:41:51'),
(72, 'بيانات الحساب', NULL, 'ar', 72, NULL, '2022-01-22 07:41:51', '2022-01-22 07:41:51');

-- --------------------------------------------------------

--
-- Table structure for table `document_translation_media`
--

CREATE TABLE `document_translation_media` (
  `id` bigint UNSIGNED NOT NULL,
  `document_translation_id` bigint UNSIGNED NOT NULL,
  `title_sound` varchar(191) CHARACTER SET utf8mb4 COLLATE utf8mb4_unicode_ci DEFAULT NULL,
  `title_video` varchar(191) CHARACTER SET utf8mb4 COLLATE utf8mb4_unicode_ci DEFAULT NULL,
  `desc_sound` varchar(191) CHARACTER SET utf8mb4 COLLATE utf8mb4_unicode_ci DEFAULT NULL,
  `desc_video` varchar(191) CHARACTER SET utf8mb4 COLLATE utf8mb4_unicode_ci DEFAULT NULL,
  `deleted_at` timestamp NULL DEFAULT NULL,
  `created_at` timestamp NULL DEFAULT NULL,
  `updated_at` timestamp NULL DEFAULT NULL
) ENGINE=InnoDB DEFAULT CHARSET=utf8mb4 COLLATE=utf8mb4_unicode_ci;

--
-- Dumping data for table `document_translation_media`
--

INSERT INTO `document_translation_media` (`id`, `document_translation_id`, `title_sound`, `title_video`, `desc_sound`, `desc_video`, `deleted_at`, `created_at`, `updated_at`) VALUES
(73, 1, '1.mp3', '1.webm', NULL, NULL, NULL, '2022-01-22 09:14:53', '2022-01-22 09:14:53'),
(74, 2, '2.mp3', '2.webm', NULL, NULL, NULL, '2022-01-22 09:14:53', '2022-01-22 09:14:53'),
(75, 3, '3.mp3', '3.webm', NULL, NULL, NULL, '2022-01-22 09:14:53', '2022-01-22 09:14:53'),
(76, 4, '4.mp3', '4.webm', NULL, NULL, NULL, '2022-01-22 09:14:53', '2022-01-22 09:14:53'),
(77, 5, '5.mp3', '5.webm', NULL, NULL, NULL, '2022-01-22 09:14:53', '2022-01-22 09:14:53'),
(78, 6, '6.mp3', '6.webm', NULL, NULL, NULL, '2022-01-22 09:14:53', '2022-01-22 09:14:53'),
(79, 7, '7.mp3', '7.webm', NULL, NULL, NULL, '2022-01-22 09:14:53', '2022-01-22 09:14:53'),
(80, 8, '8.mp3', '8.webm', NULL, NULL, NULL, '2022-01-22 09:14:53', '2022-01-22 09:14:53'),
(81, 9, '9.mp3', '9.webm', NULL, NULL, NULL, '2022-01-22 09:14:53', '2022-01-22 09:14:53'),
(82, 10, '10.mp3', '10.webm', NULL, NULL, NULL, '2022-01-22 09:14:53', '2022-01-22 09:14:53'),
(83, 11, '11.mp3', '11.webm', NULL, NULL, NULL, '2022-01-22 09:14:53', '2022-01-22 09:14:53'),
(84, 12, '12.mp3', '12.webm', NULL, NULL, NULL, '2022-01-22 09:14:53', '2022-01-22 09:14:53'),
(85, 13, '13.mp3', '13.webm', NULL, NULL, NULL, '2022-01-22 09:14:53', '2022-01-22 09:14:53'),
(86, 14, '14.mp3', '14.webm', NULL, NULL, NULL, '2022-01-22 09:14:53', '2022-01-22 09:14:53'),
(87, 15, '15.mp3', '15.webm', NULL, NULL, NULL, '2022-01-22 09:14:53', '2022-01-22 09:14:53'),
(88, 16, '16.mp3', '16.webm', NULL, NULL, NULL, '2022-01-22 09:14:53', '2022-01-22 09:14:53'),
(89, 17, '17.mp3', '17.webm', NULL, NULL, NULL, '2022-01-22 09:14:53', '2022-01-22 09:14:53'),
(90, 18, '18.mp3', '18.webm', NULL, NULL, NULL, '2022-01-22 09:14:53', '2022-01-22 09:14:53'),
(91, 19, '19.mp3', '19.webm', NULL, NULL, NULL, '2022-01-22 09:14:53', '2022-01-22 09:14:53'),
(92, 20, '20.mp3', '20.webm', NULL, NULL, NULL, '2022-01-22 09:14:53', '2022-01-22 09:14:53'),
(93, 21, '21.mp3', '21.webm', NULL, NULL, NULL, '2022-01-22 09:14:53', '2022-01-22 09:14:53'),
(94, 22, '22.mp3', '22.webm', NULL, NULL, NULL, '2022-01-22 09:14:53', '2022-01-22 09:14:53'),
(95, 23, '23.mp3', '23.webm', NULL, NULL, NULL, '2022-01-22 09:14:53', '2022-01-22 09:14:53'),
(96, 24, '24.mp3', '24.webm', NULL, NULL, NULL, '2022-01-22 09:14:53', '2022-01-22 09:14:53'),
(97, 25, '25.mp3', '25.webm', NULL, NULL, NULL, '2022-01-22 09:14:53', '2022-01-22 09:14:53'),
(98, 26, '26.mp3', '26.webm', NULL, NULL, NULL, '2022-01-22 09:14:53', '2022-01-22 09:14:53'),
(99, 27, '27.mp3', '27.webm', NULL, NULL, NULL, '2022-01-22 09:14:53', '2022-01-22 09:14:53'),
(100, 28, '28.mp3', '28.webm', NULL, NULL, NULL, '2022-01-22 09:14:53', '2022-01-22 09:14:53'),
(101, 29, '29.mp3', '29.webm', NULL, NULL, NULL, '2022-01-22 09:14:53', '2022-01-22 09:14:53'),
(102, 30, '30.mp3', '30.webm', NULL, NULL, NULL, '2022-01-22 09:14:53', '2022-01-22 09:14:53'),
(103, 31, '31.mp3', '31.webm', NULL, NULL, NULL, '2022-01-22 09:14:53', '2022-01-22 09:14:53'),
(104, 32, '32.mp3', '32.webm', NULL, NULL, NULL, '2022-01-22 09:14:53', '2022-01-22 09:14:53'),
(105, 33, '33.mp3', '33.webm', NULL, NULL, NULL, '2022-01-22 09:14:53', '2022-01-22 09:14:53'),
(106, 34, '34.mp3', '34.webm', NULL, NULL, NULL, '2022-01-22 09:14:53', '2022-01-22 09:14:53'),
(107, 35, '35.mp3', '35.webm', NULL, NULL, NULL, '2022-01-22 09:14:53', '2022-01-22 09:14:53'),
(108, 36, '36.mp3', '36.webm', NULL, NULL, NULL, '2022-01-22 09:14:53', '2022-01-22 09:14:53'),
(109, 37, '37.mp3', '37.webm', NULL, NULL, NULL, '2022-01-22 09:14:53', '2022-01-22 09:14:53'),
(110, 38, '38.mp3', '38.webm', NULL, NULL, NULL, '2022-01-22 09:14:53', '2022-01-22 09:14:53'),
(111, 39, '39.mp3', '39.webm', NULL, NULL, NULL, '2022-01-22 09:14:53', '2022-01-22 09:14:53'),
(112, 40, '40.mp3', '40.webm', NULL, NULL, NULL, '2022-01-22 09:14:53', '2022-01-22 09:14:53'),
(113, 41, '41.mp3', '41.webm', NULL, NULL, NULL, '2022-01-22 09:14:53', '2022-01-22 09:14:53'),
(114, 42, '42.mp3', '42.webm', NULL, NULL, NULL, '2022-01-22 09:14:53', '2022-01-22 09:14:53'),
(115, 43, '43.mp3', '43.webm', NULL, NULL, NULL, '2022-01-22 09:14:53', '2022-01-22 09:14:53'),
(116, 44, '44.mp3', '44.webm', NULL, NULL, NULL, '2022-01-22 09:14:53', '2022-01-22 09:14:53'),
(117, 45, '45.mp3', '45.webm', NULL, NULL, NULL, '2022-01-22 09:14:53', '2022-01-22 09:14:53'),
(118, 46, '46.mp3', '46.webm', NULL, NULL, NULL, '2022-01-22 09:14:53', '2022-01-22 09:14:53'),
(119, 47, '47.mp3', '47.webm', NULL, NULL, NULL, '2022-01-22 09:14:53', '2022-01-22 09:14:53'),
(120, 48, '48.mp3', '48.webm', NULL, NULL, NULL, '2022-01-22 09:14:53', '2022-01-22 09:14:53'),
(121, 49, '49.mp3', '49.webm', NULL, NULL, NULL, '2022-01-22 09:14:53', '2022-01-22 09:14:53'),
(122, 50, '50.mp3', '50.webm', NULL, NULL, NULL, '2022-01-22 09:14:53', '2022-01-22 09:14:53'),
(123, 51, '51.mp3', '51.webm', NULL, NULL, NULL, '2022-01-22 09:14:53', '2022-01-22 09:14:53'),
(124, 52, '52.mp3', '52.webm', NULL, NULL, NULL, '2022-01-22 09:14:53', '2022-01-22 09:14:53'),
(125, 53, '53.mp3', '53.webm', NULL, NULL, NULL, '2022-01-22 09:14:53', '2022-01-22 09:14:53'),
(126, 54, '54.mp3', '54.webm', NULL, NULL, NULL, '2022-01-22 09:14:53', '2022-01-22 09:14:53'),
(127, 55, '55.mp3', '55.webm', NULL, NULL, NULL, '2022-01-22 09:14:53', '2022-01-22 09:14:53'),
(128, 56, '56.mp3', '56.webm', NULL, NULL, NULL, '2022-01-22 09:14:53', '2022-01-22 09:14:53'),
(129, 57, '57.mp3', '57.webm', NULL, NULL, NULL, '2022-01-22 09:14:53', '2022-01-22 09:14:53'),
(130, 58, '58.mp3', '58.webm', NULL, NULL, NULL, '2022-01-22 09:14:53', '2022-01-22 09:14:53'),
(131, 59, '59.mp3', '59.webm', NULL, NULL, NULL, '2022-01-22 09:14:53', '2022-01-22 09:14:53'),
(132, 60, '60.mp3', '60.webm', NULL, NULL, NULL, '2022-01-22 09:14:53', '2022-01-22 09:14:53'),
(133, 61, '61.mp3', '61.webm', NULL, NULL, NULL, '2022-01-22 09:14:53', '2022-01-22 09:14:53'),
(134, 62, '62.mp3', '62.webm', NULL, NULL, NULL, '2022-01-22 09:14:53', '2022-01-22 09:14:53'),
(135, 63, '63.mp3', '63.webm', NULL, NULL, NULL, '2022-01-22 09:14:53', '2022-01-22 09:14:53'),
(136, 64, '64.mp3', '64.webm', NULL, NULL, NULL, '2022-01-22 09:14:53', '2022-01-22 09:14:53'),
(137, 65, '65.mp3', '65.webm', NULL, NULL, NULL, '2022-01-22 09:14:53', '2022-01-22 09:14:53'),
(138, 66, '66.mp3', '66.webm', NULL, NULL, NULL, '2022-01-22 09:14:53', '2022-01-22 09:14:53'),
(139, 67, '67.mp3', '67.webm', NULL, NULL, NULL, '2022-01-22 09:14:53', '2022-01-22 09:14:53'),
(140, 68, '68.mp3', '68.webm', NULL, NULL, NULL, '2022-01-22 09:14:53', '2022-01-22 09:14:53'),
(141, 69, '69.mp3', '69.webm', NULL, NULL, NULL, '2022-01-22 09:14:53', '2022-01-22 09:14:53'),
(142, 70, '70.mp3', '70.webm', NULL, NULL, NULL, '2022-01-22 09:14:53', '2022-01-22 09:14:53'),
(143, 71, '71.mp3', '71.webm', NULL, NULL, NULL, '2022-01-22 09:14:53', '2022-01-22 09:14:53'),
(144, 72, '72.mp3', '72.webm', NULL, NULL, NULL, '2022-01-22 09:14:53', '2022-01-22 09:14:53');

-- --------------------------------------------------------

--
-- Table structure for table `failed_jobs`
--

CREATE TABLE `failed_jobs` (
  `id` bigint UNSIGNED NOT NULL,
  `uuid` varchar(191) CHARACTER SET utf8mb4 COLLATE utf8mb4_unicode_ci NOT NULL,
  `connection` text CHARACTER SET utf8mb4 COLLATE utf8mb4_unicode_ci NOT NULL,
  `queue` text CHARACTER SET utf8mb4 COLLATE utf8mb4_unicode_ci NOT NULL,
  `payload` longtext CHARACTER SET utf8mb4 COLLATE utf8mb4_unicode_ci NOT NULL,
  `exception` longtext CHARACTER SET utf8mb4 COLLATE utf8mb4_unicode_ci NOT NULL,
  `failed_at` timestamp NOT NULL DEFAULT CURRENT_TIMESTAMP
) ENGINE=InnoDB DEFAULT CHARSET=utf8mb4 COLLATE=utf8mb4_unicode_ci;

-- --------------------------------------------------------

--
-- Table structure for table `faqs`
--

CREATE TABLE `faqs` (
  `id` bigint UNSIGNED NOT NULL,
  `order` int DEFAULT NULL,
  `creator_id` bigint UNSIGNED NOT NULL,
  `service_id` bigint UNSIGNED NOT NULL,
  `deleted_at` timestamp NULL DEFAULT NULL,
  `created_at` timestamp NULL DEFAULT NULL,
  `updated_at` timestamp NULL DEFAULT NULL
) ENGINE=InnoDB DEFAULT CHARSET=utf8mb4 COLLATE=utf8mb4_unicode_ci;

--
-- Dumping data for table `faqs`
--

INSERT INTO `faqs` (`id`, `order`, `creator_id`, `service_id`, `deleted_at`, `created_at`, `updated_at`) VALUES
(1, 1, 1, 2, NULL, '2022-01-22 08:02:40', '2022-01-22 08:02:40'),
(2, 2, 1, 2, NULL, '2022-01-22 08:02:40', '2022-01-22 08:02:40'),
(3, 3, 1, 3, NULL, '2022-01-22 08:02:40', '2022-01-22 08:02:40'),
(4, 4, 1, 3, NULL, '2022-01-22 08:02:40', '2022-01-22 08:02:40'),
(5, 5, 1, 5, NULL, '2022-01-22 08:02:40', '2022-01-22 08:02:40'),
(6, 6, 1, 5, NULL, '2022-01-22 08:02:40', '2022-01-22 08:02:40'),
(7, 7, 1, 6, NULL, '2022-01-22 08:02:40', '2022-01-22 08:02:40'),
(8, 8, 1, 6, NULL, '2022-01-22 08:02:40', '2022-01-22 08:02:40'),
(9, 9, 1, 6, NULL, '2022-01-22 08:02:40', '2022-01-22 08:02:40'),
(10, 10, 1, 7, NULL, '2022-01-22 08:02:40', '2022-01-22 08:02:40'),
(11, 11, 1, 7, NULL, '2022-01-22 08:02:40', '2022-01-22 08:02:40'),
(12, 12, 1, 7, NULL, '2022-01-22 08:02:40', '2022-01-22 08:02:40'),
(13, 13, 1, 8, NULL, '2022-01-22 08:02:40', '2022-01-22 08:02:40'),
(14, 14, 1, 8, NULL, '2022-01-22 08:02:40', '2022-01-22 08:02:40'),
(15, 15, 1, 8, NULL, '2022-01-22 08:02:40', '2022-01-22 08:02:40'),
(16, 16, 1, 9, NULL, '2022-01-22 08:02:40', '2022-01-22 08:02:40'),
(17, 17, 1, 9, NULL, '2022-01-22 08:02:40', '2022-01-22 08:02:40'),
(18, 18, 1, 9, NULL, '2022-01-22 08:02:40', '2022-01-22 08:02:40'),
(19, 19, 1, 10, NULL, '2022-01-22 08:02:40', '2022-01-22 08:02:40'),
(20, 20, 1, 10, NULL, '2022-01-22 08:02:40', '2022-01-22 08:02:40'),
(21, 21, 1, 10, NULL, '2022-01-22 08:02:40', '2022-01-22 08:02:40'),
(22, 22, 1, 10, NULL, '2022-01-22 08:02:40', '2022-01-22 08:02:40'),
(23, 23, 1, 10, NULL, '2022-01-22 08:02:40', '2022-01-22 08:02:40'),
(24, 24, 1, 11, NULL, '2022-01-22 08:02:40', '2022-01-22 08:02:40'),
(25, 25, 1, 12, NULL, '2022-01-22 08:02:40', '2022-01-22 08:02:40'),
(26, 26, 1, 12, NULL, '2022-01-22 08:02:40', '2022-01-22 08:02:40'),
(27, 27, 1, 12, NULL, '2022-01-22 08:02:40', '2022-01-22 08:02:40'),
(28, 28, 1, 13, NULL, '2022-01-22 08:02:40', '2022-01-22 08:02:40'),
(29, 29, 1, 13, NULL, '2022-01-22 08:02:40', '2022-01-22 08:02:40'),
(30, 30, 1, 13, NULL, '2022-01-22 08:02:40', '2022-01-22 08:02:40'),
(31, 31, 1, 14, NULL, '2022-01-22 08:02:40', '2022-01-22 08:02:40'),
(32, 32, 1, 14, NULL, '2022-01-22 08:02:40', '2022-01-22 08:02:40'),
(33, 33, 1, 14, NULL, '2022-01-22 08:02:40', '2022-01-22 08:02:40'),
(34, 34, 1, 15, NULL, '2022-01-22 08:02:40', '2022-01-22 08:02:40'),
(35, 35, 1, 15, NULL, '2022-01-22 08:02:40', '2022-01-22 08:02:40'),
(36, 36, 1, 15, NULL, '2022-01-22 08:02:40', '2022-01-22 08:02:40'),
(37, 37, 1, 16, NULL, '2022-01-22 08:02:40', '2022-01-22 08:02:40'),
(38, 38, 1, 16, NULL, '2022-01-22 08:02:40', '2022-01-22 08:02:40'),
(39, 39, 1, 16, NULL, '2022-01-22 08:02:40', '2022-01-22 08:02:40'),
(40, 40, 1, 17, NULL, '2022-01-22 08:02:40', '2022-01-22 08:02:40'),
(41, 41, 1, 17, NULL, '2022-01-22 08:02:40', '2022-01-22 08:02:40'),
(42, 42, 1, 17, NULL, '2022-01-22 08:02:40', '2022-01-22 08:02:40'),
(43, 43, 1, 19, NULL, '2022-01-22 08:02:40', '2022-01-22 08:02:40'),
(44, 44, 1, 19, NULL, '2022-01-22 08:02:40', '2022-01-22 08:02:40'),
(45, 45, 1, 19, NULL, '2022-01-22 08:02:40', '2022-01-22 08:02:40'),
(46, 46, 1, 20, NULL, '2022-01-22 08:02:40', '2022-01-22 08:02:40'),
(47, 47, 1, 20, NULL, '2022-01-22 08:02:40', '2022-01-22 08:02:40'),
(48, 48, 1, 20, NULL, '2022-01-22 08:02:40', '2022-01-22 08:02:40'),
(49, 49, 1, 21, NULL, '2022-01-22 08:02:40', '2022-01-22 08:02:40'),
(50, 50, 1, 21, NULL, '2022-01-22 08:02:40', '2022-01-22 08:02:40'),
(51, 51, 1, 21, NULL, '2022-01-22 08:02:40', '2022-01-22 08:02:40'),
(52, 52, 1, 22, NULL, '2022-01-22 08:02:40', '2022-01-22 08:02:40'),
(53, 53, 1, 22, NULL, '2022-01-22 08:02:40', '2022-01-22 08:02:40'),
(54, 54, 1, 22, NULL, '2022-01-22 08:02:40', '2022-01-22 08:02:40'),
(55, 55, 1, 23, NULL, '2022-01-22 08:02:40', '2022-01-22 08:02:40'),
(56, 56, 1, 23, NULL, '2022-01-22 08:02:41', '2022-01-22 08:02:41'),
(57, 57, 1, 23, NULL, '2022-01-22 08:02:41', '2022-01-22 08:02:41'),
(58, 58, 1, 24, NULL, '2022-01-22 08:02:41', '2022-01-22 08:02:41'),
(59, 59, 1, 24, NULL, '2022-01-22 08:02:41', '2022-01-22 08:02:41'),
(60, 60, 1, 25, NULL, '2022-01-22 08:02:41', '2022-01-22 08:02:41'),
(61, 61, 1, 25, NULL, '2022-01-22 08:02:41', '2022-01-22 08:02:41'),
(62, 62, 1, 25, NULL, '2022-01-22 08:02:41', '2022-01-22 08:02:41'),
(63, 63, 1, 26, NULL, '2022-01-22 08:02:41', '2022-01-22 08:02:41'),
(64, 64, 1, 26, NULL, '2022-01-22 08:02:41', '2022-01-22 08:02:41'),
(65, 65, 1, 26, NULL, '2022-01-22 08:02:41', '2022-01-22 08:02:41'),
(66, 66, 1, 27, NULL, '2022-01-22 08:02:41', '2022-01-22 08:02:41'),
(67, 67, 1, 27, NULL, '2022-01-22 08:02:41', '2022-01-22 08:02:41'),
(68, 68, 1, 27, NULL, '2022-01-22 08:02:41', '2022-01-22 08:02:41'),
(69, 69, 1, 20, '2022-01-30 12:25:37', '2022-01-30 12:24:22', '2022-01-30 12:25:37');

-- --------------------------------------------------------

--
-- Table structure for table `faq_images`
--

CREATE TABLE `faq_images` (
  `id` bigint UNSIGNED NOT NULL,
  `image` varchar(191) CHARACTER SET utf8mb4 COLLATE utf8mb4_unicode_ci NOT NULL,
  `faq_id` bigint UNSIGNED NOT NULL,
  `creator_id` bigint UNSIGNED NOT NULL,
  `deleted_at` timestamp NULL DEFAULT NULL,
  `created_at` timestamp NULL DEFAULT NULL,
  `updated_at` timestamp NULL DEFAULT NULL
) ENGINE=InnoDB DEFAULT CHARSET=utf8mb4 COLLATE=utf8mb4_unicode_ci;

-- --------------------------------------------------------

--
-- Table structure for table `faq_translations`
--

CREATE TABLE `faq_translations` (
  `id` bigint UNSIGNED NOT NULL,
  `q_and_a` text CHARACTER SET utf8mb4 COLLATE utf8mb4_unicode_ci NOT NULL,
  `locale` varchar(191) CHARACTER SET utf8mb4 COLLATE utf8mb4_unicode_ci NOT NULL,
  `faq_id` bigint UNSIGNED NOT NULL,
  `deleted_at` timestamp NULL DEFAULT NULL,
  `created_at` timestamp NULL DEFAULT NULL,
  `updated_at` timestamp NULL DEFAULT NULL
) ENGINE=InnoDB DEFAULT CHARSET=utf8mb4 COLLATE=utf8mb4_unicode_ci;

--
-- Dumping data for table `faq_translations`
--

INSERT INTO `faq_translations` (`id`, `q_and_a`, `locale`, `faq_id`, `deleted_at`, `created_at`, `updated_at`) VALUES
(1, '<p>ما هي الإجراءات المطلوبة لاستخراج شهادة بيانات تعاقد / مصالحة ؟ قيام المشترك باستيفاء نموذج لطلب الشهادة<br />\r\nسداد الرسوم المقررة<br />\r\nاستلام الشهادة بعد التحقق من المستندات</p>', 'ar', 1, NULL, '2022-01-22 08:02:40', '2022-01-30 12:21:40'),
(2, 'ما هي الفترة الزمنية لاستخراج شهادة بيانات  تعاقد / مصالحة ؟ الفترة الزمنية من طلب الخدمة حتي الوصول إليها 30 دقيقة', 'ar', 2, NULL, '2022-01-22 08:02:40', '2022-01-22 08:02:40'),
(3, '<p>ما هي الإجراءات المطلوبة لاستخراج شهادة بيانات استهلاك خلال فترة؟</p>\r\n\r\n<p>قيام المشترك باستيفاء نموذج لطلب الشهادة<br />\r\nسداد الرسوم المقررة<br />\r\nستلام الشهادة بعد التحقق من المستندات</p>', 'ar', 3, NULL, '2022-01-22 08:02:40', '2022-02-06 12:09:21'),
(4, '<p>ما هي الفترة الزمنية لاستخراج شهادة بيانات استهلاك خلال فترة؟ الفترة الزمنية من طلب الخدمة حتي الوصول إليها 60 دقيقة</p>', 'ar', 4, NULL, '2022-01-22 08:02:40', '2022-02-20 14:17:37'),
(5, 'ما هي الإجراءات المطلوبة لتركيب عداد قانوني لأول مرة؟ قيام المشترك باستيفاء نموزج الطلب<br>سداد الرسوم وقيمة المقايسه<br>التعاقد علي نموذج توريد الطاقه وتركيب العداد', 'ar', 5, NULL, '2022-01-22 08:02:40', '2022-01-22 08:02:40'),
(6, 'ما هي الفترة الزمنية لتركيب عداد قانوني لأول مرة؟ الفترة الزمنية من طلب الخدمة حتي الوصول إليها حتي 7 أيام عمل من تاريخ سداد المقاسيه والتعاقد', 'ar', 6, NULL, '2022-01-22 08:02:40', '2022-01-22 08:02:40'),
(7, 'ما هي الإجراءات المطلوبة لتركيب عداد كودي؟ قيام المشترك باستيفاء نموزج الطلب\nسداد الرسوم وقيمة المقايسه<br>تركيب العداد', 'ar', 7, NULL, '2022-01-22 08:02:40', '2022-01-22 08:02:40'),
(8, 'ما هي المستندات المطلوبة لتركيب عداد كودي؟ بطاقة الرقم القومي\nإيصال سداد الممارسة أو محضر المخالفة أو أن يكون مدرجاً بكشوف حصر المخالفين التي تعدها شركات التوزيع', 'ar', 8, NULL, '2022-01-22 08:02:40', '2022-01-22 08:02:40'),
(9, '<p>ما هي الفترة الزمنية لتركيب عداد كودي ؟ الفترة الزمنية من طلب الخدمة حتي الوصول إليها 7 أيام عمل من تاريخ سداد المقاسيه</p>', 'ar', 9, NULL, '2022-01-22 08:02:40', '2022-02-05 14:50:20'),
(10, 'ما هي الإجراءات المطلوبة لتركيب عداد بدل تالف ؟ استيفاء الطلب\nسداد الرسوم المقرره والتسويات المستحقة ان وجدت\nتركيب العداد', 'ar', 10, NULL, '2022-01-22 08:02:40', '2022-01-22 08:02:40'),
(11, '<p>ما هي الوثائق المطلوبة لتركيب عداد بدل تالف ؟ بطاقة الرقم القومي طلب من المنتفع او مذكرة من القارئ / المحصل والتأكيد بتقرير المعاينة الفنية<br />\r\nبيانات الحساب</p>', 'ar', 11, NULL, '2022-01-22 08:02:40', '2022-02-09 13:25:37'),
(12, 'ما هي الفترة الزمنية لتركيب عداد بدل تالف ؟ الفترة الزمنية من طلب الخدمة حتي الوصول إليها حتي 3 أيام من تاريخ سداد الرسوم', 'ar', 12, NULL, '2022-01-22 08:02:40', '2022-01-22 08:02:40'),
(13, '<p>ما هي الإجراءات المطلوبة لتركيب عداد بدل فاقد ؟</p>\r\n\r\n<p>استيفاء الطلب سداد الرسوم المقرره والتسويات المستحقة ان وجدت تركيب العداد</p>', 'ar', 13, NULL, '2022-01-22 08:02:40', '2022-02-06 12:10:20'),
(14, '<p>ما هي الوثائق المطلوبة لتركيب عداد بدل فاقد ؟ بطاقة الرقم القومي طلب من المنتفع<br />\r\nمحضر شرطة بفقد العداد بيانات الحساب</p>', 'ar', 14, NULL, '2022-01-22 08:02:40', '2022-02-09 13:25:54'),
(15, 'ما هي الفترة الزمنية لتركيب عداد بدل فاقد ؟ الفترة الزمنية من طلب الخدمة حتي الوصول إليها حتي 3 أيام من تاريخ تقديم محضر الشرطة', 'ar', 15, NULL, '2022-01-22 08:02:40', '2022-01-22 08:02:40'),
(16, 'ما هي الإجراءات المطلوبة لتغيير اسم صاحب العداد ؟ قيام المشترك باستيفاء نموذج الطلب\nحضور المنتفع الأصلي وتنازله امام المسؤول المختص\nسداد التسويات المستحقة ان وجدت', 'ar', 16, NULL, '2022-01-22 08:02:40', '2022-01-22 08:02:40'),
(17, '<p>ما هي الوثائق المطلوبة لتغيير اسم صاحب العداد ؟ بطاقة الرقم القومي سند الحيازة تنازل رسمي من المشترك السابق أو توكيل<br />\r\nبيانات الحساب</p>', 'ar', 17, NULL, '2022-01-22 08:02:40', '2022-02-09 13:26:17'),
(18, 'ما هي الفترة الزمنية لتغيير اسم صاحب العداد ؟ الفترة الزمنية من طلب الخدمة حتي الوصول إليها خلال 60 دقيقة', 'ar', 18, NULL, '2022-01-22 08:02:40', '2022-01-22 08:02:40'),
(19, 'ما هي الإجراءات المطلوبة لطلب فحص عداد ؟ استيفاء استمارة طلب الفحص\nرفع العداد وفحصه بالمعمل\nعمل اجراءات تصفية الحساب والتسوية وفقا لقراءة رفع العداد وتقرير المعمل\nسداد الرسوم المقرره', 'ar', 19, NULL, '2022-01-22 08:02:40', '2022-01-22 08:02:40'),
(20, '<p>ما هي الوثائق المطلوبة لطلب فحص عداد ؟ بطاقة الرقم القومي بيانات الحساب</p>', 'ar', 20, NULL, '2022-01-22 08:02:40', '2022-02-09 13:26:36'),
(21, 'ما هي الفترة الزمنية لطلب فحص عداد ؟ الفترة الزمنية من طلب الخدمة حتي الوصول إليها حتي 3 أيام من سداد رسم الفحص', 'ar', 21, NULL, '2022-01-22 08:02:40', '2022-01-22 08:02:40'),
(22, 'ما هي الإجراءات المطلوبة لطلب رفع عداد ؟ استيفاء استمارة طلب الرفع\nسداد الرسوم المقررة وجميع المستحقات علي العداد إن وجدت\nرفع العداد في حالة تمكين الشركة من الرفع', 'ar', 22, NULL, '2022-01-22 08:02:40', '2022-01-22 08:02:40'),
(23, '<p>ما هي الوثائق المطلوبة لطلب رفع عداد ؟ بطاقة الرقم القومي بيانات الحساب</p>', 'ar', 23, NULL, '2022-01-22 08:02:40', '2022-02-09 13:27:00'),
(24, 'ما هي الفترة الزمنية لطلب رفع عداد ؟ الفترة الزمنية من طلب الخدمة حتي الوصول إليها حتي 3 أيام عمل', 'ar', 24, NULL, '2022-01-22 08:02:40', '2022-01-22 08:02:40'),
(25, 'ما هي الإجراءات المطلوبة لاستبدال عداد بقدرة أكبر ؟ استيفاء النموذج المخصص لزيادة القدرة\nمعاينة الاحمال والتوصيلات علي الطبيعه\nتصفية مديونية العداد القديم\nسداد الرسوم وتكاليف المقايسة المقررة', 'ar', 25, NULL, '2022-01-22 08:02:40', '2022-01-22 08:02:40'),
(26, '<p>ما هي الوثائق المطلوبة لاستبدال عداد بقدرة أكبر ؟ بطاقة الرقم القومي بيانات الحساب بيانات بالأحمال المطلوب تعذيتها</p>', 'ar', 26, NULL, '2022-01-22 08:02:40', '2022-02-09 13:27:14'),
(27, 'ما هي الفترة الزمنية لاستبدال عداد بقدرة أكبر ؟ الفترة الزمنية من طلب الخدمة حتي الوصول إليها حتي 7 أيام عمل من سداد قيمة المقاسيه', 'ar', 27, NULL, '2022-01-22 08:02:40', '2022-01-22 08:02:40'),
(28, 'ما هي الإجراءات المطلوبة لتعديل توصيلة ؟ إستيفاء الطلب<br>إجراء المعاينه اللازمة علي الطبيعة\nإعداد المقايسة وتكاليفها وسداد الرسوم المقررة\nتنفيذ التعديل وإنهاء الطلب', 'ar', 28, NULL, '2022-01-22 08:02:40', '2022-01-22 08:02:40'),
(29, '<p>ما هي الوثائق المطلوبة لتعديل توصيلة ؟ طلب تعديل توصيلة<br />\r\nبطاقة الرقم القومي التصاريح المطلوبة فاتورة كهرباء حديثة في حالة التوصيلة الداخليه</p>', 'ar', 29, NULL, '2022-01-22 08:02:40', '2022-02-09 13:22:56'),
(30, 'ما هي الفترة الزمنية لتعديل توصيلة ؟ الفترة الزمنية من طلب الخدمة حتي الوصول إليها حتي 3 أيام عمل من تاريخ سداد قيمة المقاسيه', 'ar', 30, NULL, '2022-01-22 08:02:40', '2022-01-22 08:02:40'),
(31, 'ما هي الإجراءات المطلوبة لجدولة مديونية علي أقساط شهرية ؟ استيفاء نموذج طلب تقسيط مديونية\nدفع مبلغ 30% كدفعة مقدمة كحد  أدني ', 'ar', 31, NULL, '2022-01-22 08:02:40', '2022-01-22 08:02:40'),
(32, '<p>ما هي الوثائق المطلوبة لجدولة مديونية علي أقساط شهرية ؟ بطاقة الرقم القومي نموذج طلب تقسيط مديونية فاتورة كهرباء حديثة</p>', 'ar', 32, NULL, '2022-01-22 08:02:40', '2022-02-09 13:28:51'),
(33, 'ما هي الفترة الزمنية لجدولة مديونية علي أقساط شهرية ؟ الفترة الزمنية من طلب الخدمة حتي الوصول إليها خلال 30 دقيقة', 'ar', 33, NULL, '2022-01-22 08:02:40', '2022-01-22 08:02:40'),
(34, 'ما هي الإجراءات المطلوبة لتوصيل التيار الكهربائي للمباني السكنية القانونية ؟ قيام المشترك باستيفاء طلب توصيل الكهرباء<br>إجراء المعاينة على الطبيعة وحساب تكلفة المقايسة و إدراجها للسداد<br>قيام المشترك بسداد قيمة المقايسة واستخراج التصاريح اللازمة للحفر في حالة طلبها<br>تنفيذ المقايسة والانتهاء من الطلب', 'ar', 34, NULL, '2022-01-22 08:02:40', '2022-01-22 08:02:40'),
(35, '<p>ما هي الوثائق المطلوبة لتوصيل التيار الكهربائي للمباني السكنية القانونية ؟ بطاقة الرقم القومي الرخصة والرسومات المعمارية<br />\r\nخطاب من الجهة الإداريه المختصة بالموافقة علي التوصيل سند الحيازة أو الملكية</p>', 'ar', 35, NULL, '2022-01-22 08:02:40', '2022-02-09 13:29:08'),
(36, 'ما هي الفترة الزمنية لتوصيل التيار الكهربائي للمباني السكنية القانونية ؟ الفترة الزمنية من طلب الخدمة حتي الوصول إليها كما يلي :\nتقديم الطلب - يوم واحد\nعمل المعاينة وإعداد المقاسية وإدراجها للسداد - 8 أيام من تاريخ تقديم الطلب\nتنفيذ المقايسة وتركيب العداد - 9 أيام بعد سداد المقايسة واستخراج تصاريح الحفر\nإجمالي المدة 18 يوم', 'ar', 36, NULL, '2022-01-22 08:02:40', '2022-01-22 08:02:40'),
(37, 'ما هي الإجراءات المطلوبة لتوصيل التيار للمنشأت الاستثمارية ؟ قيام المشترك باستيفاء طلب توصيل الكهرباء<br>إجراء المعاينة على الطبيعة وحساب تكلفة المقايسة و إدراجها للسداد<br>قيام المشترك بسداد قيمة المقايسة واستخراج التصاريح اللازمة للحفر في حالة طلبها<br>تنفيذ المقايسة والانتهاء من الطلب', 'ar', 37, NULL, '2022-01-22 08:02:40', '2022-01-22 08:02:40'),
(38, '<p>ما هي الوثائق المطلوبة لتوصيل التيار للمنشأت الاستثمارية ؟ بطاقة الرقم القومي سند الحيازة<br />\r\nالبطاقة الضريبيه السجل التجاري خطاب الجهة الإداريه المختصة بالموافقة علي توصيل الكهرباء</p>', 'ar', 38, NULL, '2022-01-22 08:02:40', '2022-02-09 13:30:19'),
(39, 'ما هي الفترة الزمنية لتوصيل التيار للمنشأت الاستثمارية ؟ الفترة الزمنية من طلب الخدمة حتي الوصول إليها كما يلي :\nتقديم الطلب - يوم واحد\nعمل المعاينة وإعداد المقاسية وإدراجها للسداد - 8 أيام من تاريخ تقديم الطلب\nتنفيذ المقايسة وتركيب العداد - 9 أيام بعد سداد المقايسة واستخراج تصاريح الحفر\nإجمالي المدة 18 يوم', 'ar', 39, NULL, '2022-01-22 08:02:40', '2022-01-22 08:02:40'),
(40, 'ما هي الإجراءات المطلوبة لتوصيل تيار مؤقت ؟ قيام المشترك باستيفاء طلب توصيل الكهرباء.<br>\nإجراء المعاينة على الطبيعة وحساب تكلفة المقايسة و إدراجها للسداد<br>قيام المشترك بسداد قيمة المقايسة واستخراج التصاريح اللازمة للحفر في حالة طلبها\nتنفيذ المقايسة وتركيب العداد والانتهاء من الطلب', 'ar', 40, NULL, '2022-01-22 08:02:40', '2022-01-22 08:02:40'),
(41, '<p>ما هي الوثائق المطلوبة لتوصيل تيار مؤقت ؟ بطاقة الرقم القومي<br />\r\nطلب العميل بتركيب عداد بصفة مؤقتة موافقة الجهة الادارية المختصة علي التوصيل المؤقت</p>', 'ar', 41, NULL, '2022-01-22 08:02:40', '2022-02-09 13:30:47'),
(42, 'ما هي الفترة الزمنية لتوصيل تيار مؤقت ؟ الفترة الزمنية من طلب الخدمة حتي الوصول إليها 3 أيام من تاريخ سداد المقايسة واستخراج التصاريح اللازمة', 'ar', 42, NULL, '2022-01-22 08:02:40', '2022-01-22 08:02:40'),
(43, 'ما هي الإجراءات المطلوبة لسداد دفعه مقدمة تحت الحساب ؟ توريد قيمة الدفعة المقدمة للخزينه\nاستلام ايصال بما تم سدادة', 'ar', 43, NULL, '2022-01-22 08:02:40', '2022-01-22 08:02:40'),
(44, '<p>ما هي الوثائق المطلوبة لسداد دفعه مقدمة تحت الحساب ؟ بيانات الحساب</p>', 'ar', 44, NULL, '2022-01-22 08:02:40', '2022-02-09 13:31:23'),
(45, 'ما هي الفترة الزمنية لسداد دفعه مقدمة تحت الحساب ؟ الفترة الزمنية من طلب الخدمة حتي الوصول إليها فورا', 'ar', 45, NULL, '2022-01-22 08:02:40', '2022-01-22 08:02:40'),
(46, 'ما هي الإجراءات المطلوبة لشراء لمبات LED ؟ استيفاء طلب شراء لمبات LED\nسداد المديونية المتاخرة في حالة التقسيط', 'ar', 46, NULL, '2022-01-22 08:02:40', '2022-01-22 08:02:40'),
(47, '<p>ما هي الوثائق المطلوبة لسداد دفعه مقدمة تحت الحساب ؟ بطاقة الرقم القومي<br />\r\nبيانات الحساب في حالة التقسيط طلب شراء لمبات</p>', 'ar', 47, NULL, '2022-01-22 08:02:40', '2022-02-09 13:31:56'),
(48, 'ما هي الفترة الزمنية لسداد دفعه مقدمة تحت الحساب ؟ الفترة الزمنية من طلب الخدمة حتي الوصول إليها 15 دقيقة', 'ar', 48, NULL, '2022-01-22 08:02:40', '2022-01-22 08:02:40'),
(49, 'ما هي الإجراءات<br>لتغيير نوع النشاط المتعاقد عليه ؟ استيفاء نموذج الطلب\nالمعاينة علي الطبيعة\nسداد الرسوم المقررة', 'ar', 49, NULL, '2022-01-22 08:02:40', '2022-01-22 08:02:40'),
(50, '<p>ما هي الوثائق المطلوبة لتغيير نوع النشاط المتعاقد عليه<br />\r\n؟ بطاقة الرقم القومي إيصال كهرباء حديث البطاقة الضريبيه الخاصة به في حالة النشاط التجاري والصناعي موافقة الجهة الادارية المختصة</p>', 'ar', 50, NULL, '2022-01-22 08:02:40', '2022-02-09 13:32:17'),
(51, 'ما هي الفترة الزمنية لتغيير نوع النشاط المتعاقد عليه<br>؟ الفترة الزمنية من طلب الخدمة حتي الوصول إليها 30 دقيقة', 'ar', 51, NULL, '2022-01-22 08:02:40', '2022-01-22 08:02:40'),
(52, 'ما هي الإجراءات<br>لتصحيح قراءة خاطئة ؟ المعاينة علي الطبيعة لفحص العداد ظاهريا\nتعديل القراءة طبقا للقراءة علي الطبيعة\nفي حالة الخطأ يتم إلغاء الإيصالات الخاطئة وتعديلها', 'ar', 52, NULL, '2022-01-22 08:02:40', '2022-01-22 08:02:40'),
(53, '<p>ما هي الوثائق المطلوبة لتصحيح قراءة خاطئة<br />\r\n؟ بطاقة الرقم القومي الايصال الخاطئ</p>', 'ar', 53, NULL, '2022-01-22 08:02:40', '2022-02-09 13:32:38'),
(54, 'ما هي الفترة الزمنية لتصحيح قراءة خاطئة<br>؟ الفترة الزمنية من طلب الخدمة حتي الوصول إليها فورا', 'ar', 54, NULL, '2022-01-22 08:02:40', '2022-01-22 08:02:40'),
(55, 'ما هي الإجراءات المطلوبة للإبلاغ عن قراءة العداد ؟ يمكن للمواطن إبلاغ قراءة العداد بنفسه من خلال قنوات متعدده من ضمنها :\n- الخط الساخن 121 الذي يعمل علي مدار الساعة\n- الموقع الألكتروني لشركات التوزيع', 'ar', 55, NULL, '2022-01-22 08:02:40', '2022-01-22 08:02:40'),
(56, '<p>ما هي الوثائق المطلوبة المطلوبة للإبلاغ عن قراءة العداد<br />\r\n؟ بيانات الحساب</p>', 'ar', 56, NULL, '2022-01-22 08:02:41', '2022-02-09 13:33:12'),
(57, 'ما هي الفترة الزمنية المطلوبة للإبلاغ عن قراءة العداد<br>؟ الفترة الزمنية من طلب الخدمة حتي الوصول إليها فورا', 'ar', 57, NULL, '2022-01-22 08:02:41', '2022-01-22 08:02:41'),
(58, '<p>ما هي الوثائق المطلوبة المطلوبة لسداد الفواتير عن طريق منافذ السداد الالكتروني ؟ بيانات الحساب</p>', 'ar', 58, NULL, '2022-01-22 08:02:41', '2022-02-09 13:33:29'),
(59, 'ما هي الفترة الزمنية المطلوبة<br>لسداد الفواتير عن طريق منافذ السداد الالكتروني<br>؟ الفترة الزمنية من طلب الخدمة حتي الوصول إليها فورا', 'ar', 59, NULL, '2022-01-22 08:02:41', '2022-01-22 08:02:41'),
(60, 'ما هي الإجراءات المطلوبة لشحن كارت مسبق الدفع ؟ تقديم كارت الشحن\nشحن الكارت بالقيمة المسددة طبقا للإيصال', 'ar', 60, NULL, '2022-01-22 08:02:41', '2022-01-22 08:02:41'),
(61, '<p>ما هي الوثائق المطلوبة المطلوبة لشحن كارت مسبق الدفع<br />\r\n؟ كارت شحن</p>', 'ar', 61, NULL, '2022-01-22 08:02:41', '2022-02-09 13:33:53'),
(62, 'ما هي الفترة الزمنية المطلوبة لشحن كارت مسبق الدفع<br>؟ الفترة الزمنية من طلب الخدمة حتي الوصول إليها فورا', 'ar', 62, NULL, '2022-01-22 08:02:41', '2022-01-22 08:02:41'),
(63, 'ما هي الإجراءات المطلوبة لاستخراج کارت شحن بدل تالف او بدل فاقد ؟ استيفاء طلب استخراج كارت شحن بدل تالف او بدل فاقد\nسداد الرسوم المقررة', 'ar', 63, NULL, '2022-01-22 08:02:41', '2022-01-22 08:02:41'),
(64, '<p>ما هي الوثائق المطلوبة المطلوبة لاستخراج کارت شحن بدل تالف او بدل فاقد<br />\r\n؟ بطاقة الرقم القومي ايصال شحن سابق او كود المشترك<br />\r\nاقرار كتابي بفقد الكارت</p>', 'ar', 64, NULL, '2022-01-22 08:02:41', '2022-02-09 13:34:10'),
(65, 'ما هي الفترة الزمنية المطلوبة لاستخراج کارت شحن بدل تالف او بدل فاقد<br>؟ الفترة الزمنية من طلب الخدمة حتي الوصول إليها 25 دقيقة', 'ar', 65, NULL, '2022-01-22 08:02:41', '2022-01-22 08:02:41'),
(66, 'ما هي الإجراءات المطلوبة لتصحيح اسم وبيانات مشترك ؟ طلب من المنتفع بالتعديل المطلوب\nمراجعة الملف', 'ar', 66, NULL, '2022-01-22 08:02:41', '2022-01-22 08:02:41'),
(67, '<p>ما هي الوثائق المطلوبة المطلوبة لتصحيح اسم وبيانات مشترك<br />\r\n؟ بطاقة الرقم القومي فاتورة كهرباء حديثة</p>', 'ar', 67, NULL, '2022-01-22 08:02:41', '2022-02-09 13:22:23'),
(68, 'ما هي الفترة الزمنية المطلوبة لتصحيح اسم وبيانات مشترك<br>؟ الفترة الزمنية من طلب الخدمة حتي الوصول إليها فورا', 'ar', 68, NULL, '2022-01-22 08:02:41', '2022-01-22 08:02:41'),
(69, '<p>ما هي المده&nbsp;الزمنيه اللازمه ؟</p>\r\n\r\n<p>خمس ايام&nbsp;</p>', 'ar', 69, NULL, '2022-01-30 12:24:22', '2022-01-30 12:24:22');

-- --------------------------------------------------------

--
-- Table structure for table `faq_translation_media`
--

CREATE TABLE `faq_translation_media` (
  `id` bigint UNSIGNED NOT NULL,
  `faq_translation_id` bigint UNSIGNED NOT NULL,
  `q_and_a_sound` varchar(191) CHARACTER SET utf8mb4 COLLATE utf8mb4_unicode_ci DEFAULT NULL,
  `q_and_a_video` varchar(191) CHARACTER SET utf8mb4 COLLATE utf8mb4_unicode_ci DEFAULT NULL,
  `deleted_at` timestamp NULL DEFAULT NULL,
  `created_at` timestamp NULL DEFAULT NULL,
  `updated_at` timestamp NULL DEFAULT NULL
) ENGINE=InnoDB DEFAULT CHARSET=utf8mb4 COLLATE=utf8mb4_unicode_ci;

--
-- Dumping data for table `faq_translation_media`
--

INSERT INTO `faq_translation_media` (`id`, `faq_translation_id`, `q_and_a_sound`, `q_and_a_video`, `deleted_at`, `created_at`, `updated_at`) VALUES
(1, 1, '1.mp3', '1.webm', NULL, '2022-01-22 08:09:42', '2022-01-22 08:09:42'),
(2, 2, '2.mp3', '2.webm', NULL, '2022-01-22 08:09:42', '2022-01-22 08:09:42'),
(3, 3, '3.mp3', '3.webm', NULL, '2022-01-22 08:09:42', '2022-01-22 08:09:42'),
(4, 4, '4.mp3', '4.webm', NULL, '2022-01-22 08:09:42', '2022-01-22 08:09:42'),
(5, 5, '5.mp3', '5.webm', NULL, '2022-01-22 08:09:42', '2022-01-22 08:09:42'),
(6, 6, '6.mp3', '6.webm', NULL, '2022-01-22 08:09:42', '2022-01-22 08:09:42'),
(7, 7, '7.mp3', '7.webm', NULL, '2022-01-22 08:09:42', '2022-01-22 08:09:42'),
(8, 8, '8.mp3', '8.webm', NULL, '2022-01-22 08:09:42', '2022-01-22 08:09:42'),
(9, 9, '9.mp3', '9.webm', NULL, '2022-01-22 08:09:42', '2022-01-22 08:09:42'),
(10, 10, '10.mp3', '10.webm', NULL, '2022-01-22 08:09:42', '2022-01-22 08:09:42'),
(11, 11, '11.mp3', '11.webm', NULL, '2022-01-22 08:09:42', '2022-01-22 08:09:42'),
(12, 12, '12.mp3', '12.webm', NULL, '2022-01-22 08:09:42', '2022-01-22 08:09:42'),
(13, 13, '13.mp3', '13.webm', NULL, '2022-01-22 08:09:42', '2022-01-22 08:09:42'),
(14, 14, '14.mp3', '14.webm', NULL, '2022-01-22 08:09:42', '2022-01-22 08:09:42'),
(15, 15, '15.mp3', '15.webm', NULL, '2022-01-22 08:09:42', '2022-01-22 08:09:42'),
(16, 16, '16.mp3', '16.webm', NULL, '2022-01-22 08:09:42', '2022-01-22 08:09:42'),
(17, 17, '17.mp3', '17.webm', NULL, '2022-01-22 08:09:42', '2022-01-22 08:09:42'),
(18, 18, '18.mp3', '18.webm', NULL, '2022-01-22 08:09:42', '2022-01-22 08:09:42'),
(19, 19, '19.mp3', '19.webm', NULL, '2022-01-22 08:09:42', '2022-01-22 08:09:42'),
(20, 20, '20.mp3', '20.webm', NULL, '2022-01-22 08:09:42', '2022-01-22 08:09:42'),
(21, 21, '21.mp3', '21.webm', NULL, '2022-01-22 08:09:42', '2022-01-22 08:09:42'),
(22, 22, '22.mp3', '22.webm', NULL, '2022-01-22 08:09:42', '2022-01-22 08:09:42'),
(23, 23, '23.mp3', '23.webm', NULL, '2022-01-22 08:09:42', '2022-01-22 08:09:42'),
(24, 24, '24.mp3', '24.webm', NULL, '2022-01-22 08:09:42', '2022-01-22 08:09:42'),
(25, 25, '25.mp3', '25.webm', NULL, '2022-01-22 08:09:42', '2022-01-22 08:09:42'),
(26, 26, '26.mp3', '26.webm', NULL, '2022-01-22 08:09:42', '2022-01-22 08:09:42'),
(27, 27, '27.mp3', '27.webm', NULL, '2022-01-22 08:09:42', '2022-01-22 08:09:42'),
(28, 28, '28.mp3', '28.webm', NULL, '2022-01-22 08:09:42', '2022-01-22 08:09:42'),
(29, 29, '29.mp3', '29.webm', NULL, '2022-01-22 08:09:42', '2022-01-22 08:09:42'),
(30, 30, '30.mp3', '30.webm', NULL, '2022-01-22 08:09:42', '2022-01-22 08:09:42'),
(31, 31, '31.mp3', '31.webm', NULL, '2022-01-22 08:09:42', '2022-01-22 08:09:42'),
(32, 32, '32.mp3', '32.webm', NULL, '2022-01-22 08:09:42', '2022-01-22 08:09:42'),
(33, 33, '33.mp3', '33.webm', NULL, '2022-01-22 08:09:42', '2022-01-22 08:09:42'),
(34, 34, '34.mp3', '34.webm', NULL, '2022-01-22 08:09:42', '2022-01-22 08:09:42'),
(35, 35, '35.mp3', '35.webm', NULL, '2022-01-22 08:09:42', '2022-01-22 08:09:42'),
(36, 36, '36.mp3', '36.webm', NULL, '2022-01-22 08:09:42', '2022-01-22 08:09:42'),
(37, 37, '37.mp3', '37.webm', NULL, '2022-01-22 08:09:42', '2022-01-22 08:09:42'),
(38, 38, '38.mp3', '38.webm', NULL, '2022-01-22 08:09:42', '2022-01-22 08:09:42'),
(39, 39, '39.mp3', '39.webm', NULL, '2022-01-22 08:09:42', '2022-01-22 08:09:42'),
(40, 40, '40.mp3', '40.webm', NULL, '2022-01-22 08:09:42', '2022-01-22 08:09:42'),
(41, 41, '41.mp3', '41.webm', NULL, '2022-01-22 08:09:42', '2022-01-22 08:09:42'),
(42, 42, '42.mp3', '42.webm', NULL, '2022-01-22 08:09:42', '2022-01-22 08:09:42'),
(43, 43, '43.mp3', '43.webm', NULL, '2022-01-22 08:09:42', '2022-01-22 08:09:42'),
(44, 44, '44.mp3', '44.webm', NULL, '2022-01-22 08:09:42', '2022-01-22 08:09:42'),
(45, 45, '45.mp3', '45.webm', NULL, '2022-01-22 08:09:42', '2022-01-22 08:09:42'),
(46, 46, '46.mp3', '46.webm', NULL, '2022-01-22 08:09:42', '2022-01-22 08:09:42'),
(47, 47, '47.mp3', '47.webm', NULL, '2022-01-22 08:09:42', '2022-01-22 08:09:42'),
(48, 48, '48.mp3', '48.webm', NULL, '2022-01-22 08:09:42', '2022-01-22 08:09:42'),
(49, 49, '49.mp3', '49.webm', NULL, '2022-01-22 08:09:42', '2022-01-22 08:09:42'),
(50, 50, '50.mp3', '50.webm', NULL, '2022-01-22 08:09:42', '2022-01-22 08:09:42'),
(51, 51, '51.mp3', '51.webm', NULL, '2022-01-22 08:09:42', '2022-01-22 08:09:42'),
(52, 52, '52.mp3', '52.webm', NULL, '2022-01-22 08:09:42', '2022-01-22 08:09:42'),
(53, 53, '53.mp3', '53.webm', NULL, '2022-01-22 08:09:42', '2022-01-22 08:09:42'),
(54, 54, '54.mp3', '54.webm', NULL, '2022-01-22 08:09:42', '2022-01-22 08:09:42'),
(55, 55, '55.mp3', '55.webm', NULL, '2022-01-22 08:09:42', '2022-01-22 08:09:42'),
(56, 56, '56.mp3', '56.webm', NULL, '2022-01-22 08:09:42', '2022-01-22 08:09:42'),
(57, 57, '57.mp3', '57.webm', NULL, '2022-01-22 08:09:42', '2022-01-22 08:09:42'),
(58, 58, '58.mp3', '58.webm', NULL, '2022-01-22 08:09:42', '2022-01-22 08:09:42'),
(59, 59, '59.mp3', '59.webm', NULL, '2022-01-22 08:09:42', '2022-01-22 08:09:42'),
(60, 60, '60.mp3', '60.webm', NULL, '2022-01-22 08:09:42', '2022-01-22 08:09:42'),
(61, 61, '61.mp3', '61.webm', NULL, '2022-01-22 08:09:42', '2022-01-22 08:09:42'),
(62, 62, '62.mp3', '62.webm', NULL, '2022-01-22 08:09:42', '2022-01-22 08:09:42'),
(63, 63, '63.mp3', '63.webm', NULL, '2022-01-22 08:09:42', '2022-01-22 08:09:42'),
(64, 64, '64.mp3', '64.webm', NULL, '2022-01-22 08:09:42', '2022-01-22 08:09:42'),
(65, 65, '65.mp3', '65.webm', NULL, '2022-01-22 08:09:42', '2022-01-22 08:09:42'),
(66, 66, '66.mp3', '66.webm', NULL, '2022-01-22 08:09:42', '2022-01-22 08:09:42'),
(67, 67, '67.mp3', '67.webm', NULL, '2022-01-22 08:09:42', '2022-01-22 08:09:42'),
(68, 68, '68.mp3', '68.webm', NULL, '2022-01-22 08:09:42', '2022-01-22 08:09:42');

-- --------------------------------------------------------

--
-- Table structure for table `foundations`
--

CREATE TABLE `foundations` (
  `id` bigint UNSIGNED NOT NULL,
  `website` varchar(191) CHARACTER SET utf8mb4 COLLATE utf8mb4_unicode_ci NOT NULL,
  `map` varchar(191) CHARACTER SET utf8mb4 COLLATE utf8mb4_unicode_ci NOT NULL,
  `phone` varchar(191) CHARACTER SET utf8mb4 COLLATE utf8mb4_unicode_ci NOT NULL,
  `email` varchar(191) CHARACTER SET utf8mb4 COLLATE utf8mb4_unicode_ci NOT NULL,
  `landline` varchar(191) CHARACTER SET utf8mb4 COLLATE utf8mb4_unicode_ci NOT NULL,
  `creator_id` bigint UNSIGNED NOT NULL,
  `deleted_at` timestamp NULL DEFAULT NULL,
  `created_at` timestamp NULL DEFAULT NULL,
  `updated_at` timestamp NULL DEFAULT NULL
) ENGINE=InnoDB DEFAULT CHARSET=utf8mb4 COLLATE=utf8mb4_unicode_ci;

--
-- Dumping data for table `foundations`
--

INSERT INTO `foundations` (`id`, `website`, `map`, `phone`, `email`, `landline`, `creator_id`, `deleted_at`, `created_at`, `updated_at`) VALUES
(1, 'sfsf', 'dfgdf', '01552211662', 'sdsdvsdv@sfgsf.sf', '2525255', 1, NULL, '2022-01-20 13:55:22', '2022-01-30 11:25:25');

-- --------------------------------------------------------

--
-- Table structure for table `foundation_images`
--

CREATE TABLE `foundation_images` (
  `id` bigint UNSIGNED NOT NULL,
  `creator_id` bigint UNSIGNED NOT NULL,
  `foundation_id` bigint UNSIGNED NOT NULL,
  `deleted_at` timestamp NULL DEFAULT NULL,
  `created_at` timestamp NULL DEFAULT NULL,
  `updated_at` timestamp NULL DEFAULT NULL
) ENGINE=InnoDB DEFAULT CHARSET=utf8mb4 COLLATE=utf8mb4_unicode_ci;

--
-- Dumping data for table `foundation_images`
--

INSERT INTO `foundation_images` (`id`, `creator_id`, `foundation_id`, `deleted_at`, `created_at`, `updated_at`) VALUES
(1, 1, 1, '2022-01-31 10:56:02', '2022-01-20 14:04:44', '2022-01-31 10:56:02'),
(2, 1, 1, '2022-01-31 12:39:08', '2022-01-30 11:25:41', '2022-01-31 12:39:08'),
(3, 1, 1, '2022-01-31 10:59:21', '2022-01-31 10:59:17', '2022-01-31 10:59:21'),
(4, 1, 1, NULL, '2022-01-31 12:39:03', '2022-01-31 12:39:03'),
(5, 1, 1, '2022-02-11 16:42:07', '2022-02-11 16:42:02', '2022-02-11 16:42:07');

-- --------------------------------------------------------

--
-- Table structure for table `foundation_image_translations`
--

CREATE TABLE `foundation_image_translations` (
  `id` bigint UNSIGNED NOT NULL,
  `image` varchar(191) CHARACTER SET utf8mb4 COLLATE utf8mb4_unicode_ci NOT NULL,
  `locale` varchar(191) CHARACTER SET utf8mb4 COLLATE utf8mb4_unicode_ci NOT NULL,
  `foundation_image_id` bigint UNSIGNED NOT NULL,
  `deleted_at` timestamp NULL DEFAULT NULL,
  `created_at` timestamp NULL DEFAULT NULL,
  `updated_at` timestamp NULL DEFAULT NULL
) ENGINE=InnoDB DEFAULT CHARSET=utf8mb4 COLLATE=utf8mb4_unicode_ci;

--
-- Dumping data for table `foundation_image_translations`
--

INSERT INTO `foundation_image_translations` (`id`, `image`, `locale`, `foundation_image_id`, `deleted_at`, `created_at`, `updated_at`) VALUES
(1, '1.jpg', 'ar', 1, NULL, '2022-01-20 14:04:44', '2022-01-20 14:04:44'),
(2, '100367957061f659958eea9.jpg', 'ar', 2, NULL, '2022-01-30 11:25:41', '2022-01-30 11:25:41'),
(3, '113804281061f7a4e536ae0.PNG', 'ar', 3, NULL, '2022-01-31 10:59:17', '2022-01-31 10:59:17'),
(4, '169183347761f7bc47cc4fb.PNG', 'ar', 4, NULL, '2022-01-31 12:39:03', '2022-01-31 12:39:03'),
(5, '694757927620675ba3a423.jpg', 'ar', 5, NULL, '2022-02-11 16:42:02', '2022-02-11 16:42:02');

-- --------------------------------------------------------

--
-- Table structure for table `foundation_sounds`
--

CREATE TABLE `foundation_sounds` (
  `id` bigint UNSIGNED NOT NULL,
  `creator_id` bigint UNSIGNED NOT NULL,
  `foundation_id` bigint UNSIGNED NOT NULL,
  `deleted_at` timestamp NULL DEFAULT NULL,
  `created_at` timestamp NULL DEFAULT NULL,
  `updated_at` timestamp NULL DEFAULT NULL
) ENGINE=InnoDB DEFAULT CHARSET=utf8mb4 COLLATE=utf8mb4_unicode_ci;

--
-- Dumping data for table `foundation_sounds`
--

INSERT INTO `foundation_sounds` (`id`, `creator_id`, `foundation_id`, `deleted_at`, `created_at`, `updated_at`) VALUES
(1, 1, 1, NULL, '2022-01-20 14:04:56', '2022-01-20 14:04:56'),
(2, 1, 1, '2022-01-31 10:58:59', '2022-01-30 11:45:37', '2022-01-31 10:58:59');

-- --------------------------------------------------------

--
-- Table structure for table `foundation_sound_translations`
--

CREATE TABLE `foundation_sound_translations` (
  `id` bigint UNSIGNED NOT NULL,
  `sound` varchar(191) CHARACTER SET utf8mb4 COLLATE utf8mb4_unicode_ci NOT NULL,
  `locale` varchar(191) CHARACTER SET utf8mb4 COLLATE utf8mb4_unicode_ci NOT NULL,
  `foundation_sound_id` bigint UNSIGNED NOT NULL,
  `deleted_at` timestamp NULL DEFAULT NULL,
  `created_at` timestamp NULL DEFAULT NULL,
  `updated_at` timestamp NULL DEFAULT NULL
) ENGINE=InnoDB DEFAULT CHARSET=utf8mb4 COLLATE=utf8mb4_unicode_ci;

--
-- Dumping data for table `foundation_sound_translations`
--

INSERT INTO `foundation_sound_translations` (`id`, `sound`, `locale`, `foundation_sound_id`, `deleted_at`, `created_at`, `updated_at`) VALUES
(1, '1.mp3', 'ar', 1, NULL, '2022-01-20 14:04:56', '2022-01-20 14:04:56'),
(2, '169581204661f65e41c30da.mp3', 'ar', 2, NULL, '2022-01-30 11:45:37', '2022-01-30 11:45:37');

-- --------------------------------------------------------

--
-- Table structure for table `foundation_translations`
--

CREATE TABLE `foundation_translations` (
  `id` bigint UNSIGNED NOT NULL,
  `name` varchar(191) CHARACTER SET utf8mb4 COLLATE utf8mb4_unicode_ci NOT NULL,
  `desc` text CHARACTER SET utf8mb4 COLLATE utf8mb4_unicode_ci NOT NULL,
  `locale` varchar(191) CHARACTER SET utf8mb4 COLLATE utf8mb4_unicode_ci NOT NULL,
  `foundation_id` bigint UNSIGNED NOT NULL,
  `deleted_at` timestamp NULL DEFAULT NULL,
  `created_at` timestamp NULL DEFAULT NULL,
  `updated_at` timestamp NULL DEFAULT NULL
) ENGINE=InnoDB DEFAULT CHARSET=utf8mb4 COLLATE=utf8mb4_unicode_ci;

--
-- Dumping data for table `foundation_translations`
--

INSERT INTO `foundation_translations` (`id`, `name`, `desc`, `locale`, `foundation_id`, `deleted_at`, `created_at`, `updated_at`) VALUES
(1, 'وزارة الكهرباء و الطاقة المتجددة', '<p>أنشئت هيئة كهرباء مصر عام 1976 لتكون مسئولة عن كافة محطات القوى الكهربائية وشبكات نقلها وتوزيعها. وفى عام 2000 صدر القانون 164 بتحويل هيئة كهرباء مصر إلى الشركة القابضة لكهرباء مصر التى صارت تتبعها خمس شركات لإنتاج الكهرباء وسبع شركات لتوزيع الكهرباء وشركة واحدة لنقل الكهرباء والتحكم فيها.</p>\r\n\r\n<p>فى عام 1984 تم إنشاء هيئة القطاع العام لتوزيع القوى االكهربية حيث تولت الإشراف على شركات توزيع الكهرباء . فى عام 1998 تم مرة أخرى نقل تبعية شركات توزيع الكهرباء إلى هيئة كهرباء مصر ، وتم دمج مناطق الكهرباء السبع وشركات توزيع الكهرباء فى سبع شركات مساهمة لإنتاج وتوزيع الطاقة االكهربية.</p>\r\n\r\n<p>فى يوليو عام 2001 تم إعادة هيكلة الشركة القابضة و الشركات التابعة لها حتى أصبح عدد الشركات التابعة ست عشرة شركة ست شركات إنتاج والشركة المصرية لنقل الكهرباء وتسع شركات توزيع.</p>', 'ar', 1, NULL, '2022-01-20 13:55:22', '2022-02-15 14:30:40');

-- --------------------------------------------------------

--
-- Table structure for table `foundation_videos`
--

CREATE TABLE `foundation_videos` (
  `id` bigint UNSIGNED NOT NULL,
  `creator_id` bigint UNSIGNED NOT NULL,
  `foundation_id` bigint UNSIGNED NOT NULL,
  `deleted_at` timestamp NULL DEFAULT NULL,
  `created_at` timestamp NULL DEFAULT NULL,
  `updated_at` timestamp NULL DEFAULT NULL
) ENGINE=InnoDB DEFAULT CHARSET=utf8mb4 COLLATE=utf8mb4_unicode_ci;

--
-- Dumping data for table `foundation_videos`
--

INSERT INTO `foundation_videos` (`id`, `creator_id`, `foundation_id`, `deleted_at`, `created_at`, `updated_at`) VALUES
(1, 1, 1, NULL, '2022-01-20 14:05:10', '2022-01-20 14:05:10'),
(2, 1, 1, '2022-01-31 10:58:47', '2022-01-30 13:01:00', '2022-01-31 10:58:47');

-- --------------------------------------------------------

--
-- Table structure for table `foundation_video_translations`
--

CREATE TABLE `foundation_video_translations` (
  `id` bigint UNSIGNED NOT NULL,
  `video` varchar(191) CHARACTER SET utf8mb4 COLLATE utf8mb4_unicode_ci NOT NULL,
  `locale` varchar(191) CHARACTER SET utf8mb4 COLLATE utf8mb4_unicode_ci NOT NULL,
  `foundation_video_id` bigint UNSIGNED NOT NULL,
  `deleted_at` timestamp NULL DEFAULT NULL,
  `created_at` timestamp NULL DEFAULT NULL,
  `updated_at` timestamp NULL DEFAULT NULL
) ENGINE=InnoDB DEFAULT CHARSET=utf8mb4 COLLATE=utf8mb4_unicode_ci;

--
-- Dumping data for table `foundation_video_translations`
--

INSERT INTO `foundation_video_translations` (`id`, `video`, `locale`, `foundation_video_id`, `deleted_at`, `created_at`, `updated_at`) VALUES
(1, '1.webm', 'ar', 1, NULL, '2022-01-20 14:05:10', '2022-01-20 14:05:10'),
(2, '44091418261f66fec8f15f.mp4', 'ar', 2, NULL, '2022-01-30 13:01:00', '2022-01-30 13:01:00');

-- --------------------------------------------------------

--
-- Table structure for table `messages`
--

CREATE TABLE `messages` (
  `id` bigint UNSIGNED NOT NULL,
  `chat_id` bigint UNSIGNED NOT NULL,
  `type` int NOT NULL,
  `message` text CHARACTER SET utf8mb4 COLLATE utf8mb4_unicode_ci NOT NULL,
  `deaf_view` tinyint NOT NULL DEFAULT '0',
  `employee_view` tinyint NOT NULL DEFAULT '0',
  `created_at` timestamp NULL DEFAULT NULL,
  `updated_at` timestamp NULL DEFAULT NULL
) ENGINE=InnoDB DEFAULT CHARSET=utf8mb4 COLLATE=utf8mb4_unicode_ci;

--
-- Dumping data for table `messages`
--

INSERT INTO `messages` (`id`, `chat_id`, `type`, `message`, `deaf_view`, `employee_view`, `created_at`, `updated_at`) VALUES
(1, 1, 1, 'مساء الخير', 1, 1, '2022-01-29 02:15:18', '2022-01-29 17:58:27'),
(2, 1, 2, 'مساء النور', 1, 1, '2022-01-29 02:15:44', '2022-01-29 17:58:27'),
(3, 2, 1, 'ترجم', 1, 1, '2022-01-29 18:01:58', '2022-02-06 13:38:16'),
(4, 2, 2, 'اوك', 1, 1, '2022-01-29 18:02:42', '2022-02-06 13:38:16'),
(5, 3, 1, 'اهلا', 1, 1, '2022-01-29 18:55:41', '2022-02-06 12:40:59'),
(6, 3, 2, 'بيك', 1, 1, '2022-01-29 18:55:48', '2022-02-06 12:40:59'),
(7, 3, 1, 'نورت', 1, 1, '2022-01-29 18:55:53', '2022-02-06 12:40:59'),
(8, 3, 2, 'شكراً', 1, 1, '2022-01-29 18:55:59', '2022-02-06 12:40:59'),
(9, 3, 2, 'أنا عايز شهادة بيانات تعاقد أو مصالحة', 1, 1, '2022-01-29 19:05:40', '2022-02-06 12:40:59'),
(10, 2, 2, 'عايز أشتري شهادة بيانات تعاقد أو مصالحة', 1, 1, '2022-01-29 20:04:01', '2022-02-06 13:38:16'),
(11, 2, 2, 'عايز أشتري خط', 1, 1, '2022-01-29 23:06:32', '2022-02-06 13:38:16'),
(12, 5, 2, 'كام تكلفة مبيعات لمبات LED', 1, 0, '2022-01-31 13:40:14', '2022-02-02 14:28:52'),
(13, 2, 2, 'عايز أطلع   تركيب عداد قانوني لأول مرة', 1, 1, '2022-02-05 11:35:25', '2022-02-06 13:38:16'),
(14, 2, 2, 'ايه الأجراءات   طلب فحص عداد', 1, 1, '2022-02-05 11:48:08', '2022-02-06 13:38:16'),
(15, 6, 2, 'عايز أقدم    تركيب عداد كودي', 1, 1, '2022-02-06 13:46:23', '2022-02-06 16:11:52'),
(16, 6, 1, 'ما تقدم', 1, 1, '2022-02-06 14:22:16', '2022-02-06 16:11:52'),
(17, 4, 1, 'ازيك', 1, 1, '2022-02-06 16:12:10', '2022-02-07 01:07:53'),
(18, 4, 2, 'عامل ايه يا زميلي', 1, 1, '2022-02-06 16:17:03', '2022-02-07 01:07:53'),
(19, 4, 1, 'فل', 0, 1, '2022-02-06 16:17:10', '2022-02-07 01:07:53'),
(20, 7, 2, 'عايز أشتري توصيل التيار الكهربائي للمباني السكنية القانونية', 1, 1, '2022-02-07 08:51:10', '2022-02-07 10:38:14'),
(21, 7, 1, 'لا', 1, 1, '2022-02-07 08:51:41', '2022-02-07 10:38:14'),
(22, 7, 2, 'عايز أشتري شهادة بيانات تعاقد أو مصالحة', 1, 1, '2022-02-07 08:52:09', '2022-02-07 10:38:14'),
(23, 8, 2, 'أهلاً', 1, 1, '2022-02-07 09:11:22', '2022-02-07 09:54:43'),
(24, 8, 1, 'وسهلا', 1, 1, '2022-02-07 09:11:37', '2022-02-07 09:54:43'),
(25, 8, 1, '..', 1, 1, '2022-02-07 09:12:01', '2022-02-07 09:54:43'),
(26, 8, 1, 'اوم', 1, 1, '2022-02-07 09:12:47', '2022-02-07 09:54:43'),
(27, 8, 1, 'اهلا', 1, 1, '2022-02-07 09:13:00', '2022-02-07 09:54:43'),
(28, 8, 2, 'عايز أشتري شهادة بيانات تعاقد أو مصالحة', 1, 1, '2022-02-07 09:13:16', '2022-02-07 09:54:43'),
(29, 8, 1, 'ما تشتري', 1, 1, '2022-02-07 09:13:45', '2022-02-07 09:54:43'),
(30, 8, 2, 'لا', 1, 1, '2022-02-07 09:20:47', '2022-02-07 09:54:43'),
(31, 8, 1, 'ليه', 1, 1, '2022-02-07 09:21:20', '2022-02-07 09:54:43'),
(32, 8, 2, 'كده', 1, 1, '2022-02-07 09:21:24', '2022-02-07 09:54:43'),
(33, 8, 1, 'Pphjdhvf', 1, 1, '2022-02-07 09:29:01', '2022-02-07 09:54:43'),
(34, 8, 2, 'اعا', 1, 1, '2022-02-07 09:29:07', '2022-02-07 09:54:43'),
(35, 8, 1, 'ايوه', 0, 1, '2022-02-07 09:37:01', '2022-02-07 09:54:43'),
(36, 8, 1, 'اااااا', 0, 1, '2022-02-07 09:39:30', '2022-02-07 09:54:43'),
(37, 8, 1, 'Hi', 0, 1, '2022-02-07 09:49:32', '2022-02-07 09:54:43'),
(38, 9, 1, 'ااا', 1, 1, '2022-02-07 09:50:12', '2022-02-20 21:45:55'),
(39, 9, 2, 'Hhhh', 1, 1, '2022-02-07 09:50:37', '2022-02-20 21:45:55'),
(40, 9, 1, 'اهلا', 1, 1, '2022-02-07 09:50:49', '2022-02-20 21:45:55'),
(41, 8, 1, 'اااه', 0, 1, '2022-02-07 09:53:31', '2022-02-07 09:54:43'),
(42, 8, 1, 'ايوه', 0, 1, '2022-02-07 09:53:41', '2022-02-07 09:54:43'),
(43, 8, 1, 'تااااا', 0, 1, '2022-02-07 09:54:21', '2022-02-07 09:54:43'),
(44, 8, 1, 'بلاب', 0, 1, '2022-02-07 09:54:33', '2022-02-07 09:54:43'),
(45, 10, 1, 'اهلا', 1, 1, '2022-02-07 09:55:31', '2022-02-07 10:02:34'),
(46, 10, 2, 'ا', 1, 1, '2022-02-07 09:55:43', '2022-02-07 10:02:34'),
(47, 10, 1, 'اااا', 1, 1, '2022-02-07 09:56:53', '2022-02-07 10:02:34'),
(48, 10, 1, 'انجز', 1, 1, '2022-02-07 09:57:12', '2022-02-07 10:02:34'),
(49, 11, 1, 'يا أصم', 1, 1, '2022-02-07 10:02:48', '2022-02-07 10:37:20'),
(50, 11, 1, 'ماشي', 1, 1, '2022-02-07 10:05:25', '2022-02-07 10:37:20'),
(51, 11, 1, 'هااا', 1, 1, '2022-02-07 10:06:20', '2022-02-07 10:37:20'),
(52, 11, 1, 'اهلا', 1, 1, '2022-02-07 10:07:00', '2022-02-07 10:37:20'),
(53, 11, 1, 'بيك', 1, 1, '2022-02-07 10:07:06', '2022-02-07 10:37:20'),
(54, 11, 2, 'عايز أقدم شهادة بيانات تعاقد أو مصالحة', 1, 1, '2022-02-07 10:08:25', '2022-02-07 10:37:20'),
(55, 7, 2, 'تت', 1, 1, '2022-02-07 10:24:01', '2022-02-07 10:38:14'),
(56, 7, 2, 'أزاي أجيب شهادة بيانات تعاقد أو مصالحة', 1, 1, '2022-02-07 10:31:25', '2022-02-07 10:38:14'),
(57, 13, 2, 'Hi', 1, 1, '2022-02-07 10:43:44', '2022-02-07 11:46:57'),
(58, 13, 2, 'Hihi', 1, 1, '2022-02-07 10:47:12', '2022-02-07 11:46:57'),
(59, 13, 2, 'عايز أقدم   تركيب عداد قانوني لأول مرة', 1, 1, '2022-02-07 10:50:01', '2022-02-07 11:46:57'),
(60, 13, 2, 'Hii', 1, 1, '2022-02-07 10:55:58', '2022-02-07 11:46:57'),
(61, 14, 2, 'صباح الخير', 1, 1, '2022-02-07 10:57:47', '2022-02-10 15:52:17'),
(62, 14, 1, 'صباح الخير', 1, 1, '2022-02-07 10:58:01', '2022-02-10 15:52:17'),
(63, 14, 2, 'عايز أقدم   تركيب عداد قانوني لأول مرة', 1, 1, '2022-02-07 10:58:56', '2022-02-10 15:52:17'),
(64, 14, 2, 'عايز أشتري شهادة بيانات تعاقد أو مصالحة', 1, 1, '2022-02-07 10:59:28', '2022-02-10 15:52:17'),
(65, 14, 2, 'لا', 1, 1, '2022-02-07 10:59:42', '2022-02-10 15:52:17'),
(66, 14, 1, 'لا', 1, 1, '2022-02-07 10:59:51', '2022-02-10 15:52:17'),
(67, 14, 2, 'ما هي مبيعات لمبات LED', 1, 1, '2022-02-07 11:00:12', '2022-02-10 15:52:17'),
(68, 13, 2, 'اهلا', 1, 1, '2022-02-07 11:03:35', '2022-02-07 11:46:57'),
(69, 13, 1, 'انول', 1, 1, '2022-02-07 11:03:40', '2022-02-07 11:46:57'),
(70, 13, 2, 'تاني', 1, 1, '2022-02-07 11:03:59', '2022-02-07 11:46:57'),
(71, 15, 2, 'صباح الخير', 1, 1, '2022-02-07 11:06:32', '2022-02-07 11:41:15'),
(72, 15, 1, 'اهلا', 1, 1, '2022-02-07 11:06:39', '2022-02-07 11:41:15'),
(73, 15, 2, 'عايز أشتري شهادة بيانات تعاقد أو مصالحة', 1, 1, '2022-02-07 11:07:40', '2022-02-07 11:41:15'),
(74, 13, 2, 'تلمةا', 1, 1, '2022-02-07 11:08:18', '2022-02-07 11:46:57'),
(75, 15, 2, 'صباح الخير', 1, 1, '2022-02-07 11:11:52', '2022-02-07 11:41:15'),
(76, 13, 1, 'عمنا', 1, 1, '2022-02-07 11:24:06', '2022-02-07 11:46:57'),
(77, 13, 2, 'هلغلغ', 1, 1, '2022-02-07 11:24:16', '2022-02-07 11:46:57'),
(78, 13, 2, 'عايز أقدم   تركيب عداد قانوني لأول مرة', 1, 1, '2022-02-07 11:24:45', '2022-02-07 11:46:57'),
(79, 13, 1, 'ابعت', 1, 1, '2022-02-07 11:36:09', '2022-02-07 11:46:57'),
(80, 13, 1, 'ابعت تاني', 1, 1, '2022-02-07 11:36:23', '2022-02-07 11:46:57'),
(81, 13, 1, 'هااا', 1, 1, '2022-02-07 11:37:12', '2022-02-07 11:46:57'),
(82, 13, 1, 'اشطا', 1, 1, '2022-02-07 11:38:14', '2022-02-07 11:46:57'),
(83, 13, 2, 'ابو', 1, 1, '2022-02-07 11:38:18', '2022-02-07 11:46:57'),
(84, 13, 1, 'عمنا', 1, 1, '2022-02-07 11:38:22', '2022-02-07 11:46:57'),
(85, 13, 2, 'علاىبمف', 1, 1, '2022-02-07 11:43:49', '2022-02-07 11:46:57'),
(86, 13, 1, 'بيك', 1, 1, '2022-02-07 11:43:58', '2022-02-07 11:46:57'),
(87, 16, 2, 'هل', 1, 1, '2022-02-07 12:02:07', '2022-02-07 12:56:12'),
(88, 16, 2, 'ايوه', 1, 1, '2022-02-07 12:13:47', '2022-02-07 12:56:12'),
(89, 16, 2, 'تمام', 1, 1, '2022-02-07 12:13:52', '2022-02-07 12:56:12'),
(90, 16, 2, 'الال', 1, 1, '2022-02-07 12:13:58', '2022-02-07 12:56:12'),
(91, 16, 2, 'اهلا', 1, 1, '2022-02-07 12:15:19', '2022-02-07 12:56:12'),
(92, 16, 1, 'للنيا', 1, 1, '2022-02-07 12:15:50', '2022-02-07 12:56:12'),
(93, 14, 2, 'اهلا وسهلا', 1, 1, '2022-02-07 12:18:29', '2022-02-10 15:52:17'),
(94, 14, 1, 'صباح الخير', 1, 1, '2022-02-07 12:18:40', '2022-02-10 15:52:17'),
(95, 14, 2, 'عايز أشتري شهادة بيانات تعاقد أو مصالحة', 1, 1, '2022-02-07 12:19:00', '2022-02-10 15:52:17'),
(96, 14, 2, 'عايز أطلع شهادة بيانات تعاقد أو مصالحة', 1, 1, '2022-02-07 12:20:12', '2022-02-10 15:52:17'),
(97, 14, 2, 'عايز أطلع شهادة بيانات تعاقد أو مصالحة', 1, 1, '2022-02-07 12:20:48', '2022-02-10 15:52:17'),
(98, 14, 1, 'لا', 1, 1, '2022-02-07 12:20:54', '2022-02-10 15:52:17'),
(99, 17, 1, 'Djdndj', 1, 1, '2022-02-07 12:56:22', '2022-02-14 15:22:28'),
(100, 17, 2, 'مرحبا', 1, 1, '2022-02-07 12:56:28', '2022-02-14 15:22:28'),
(101, 17, 2, 'عايز أقدم عايز أروح', 1, 1, '2022-02-07 12:56:51', '2022-02-14 15:22:28'),
(102, 17, 2, 'عايز أشتري شهادة بيانات تعاقد أو مصالحة', 1, 1, '2022-02-07 12:57:02', '2022-02-14 15:22:28'),
(103, 18, 2, 'اهلا', 1, 1, '2022-02-07 13:03:38', '2022-02-07 13:30:44'),
(104, 18, 1, 'بيك', 1, 1, '2022-02-07 13:03:45', '2022-02-07 13:30:44'),
(105, 18, 2, 'عايز أعرف    تركيب عداد بدل تالف', 1, 1, '2022-02-07 13:04:38', '2022-02-07 13:30:44'),
(106, 17, 2, 'عايز أشتري شهادة بيانات تعاقد أو مصالحة', 1, 1, '2022-02-07 13:57:48', '2022-02-14 15:22:28'),
(107, 17, 2, 'عايز أشتري فرع أو مركز معتمد', 1, 1, '2022-02-07 14:02:27', '2022-02-14 15:22:28'),
(108, 17, 2, 'ما هي مدة إستخراج   تركيب عداد قانوني لأول مرة', 1, 1, '2022-02-07 14:07:14', '2022-02-14 15:22:28'),
(109, 17, 2, 'صباح الخير', 1, 1, '2022-02-07 14:07:26', '2022-02-14 15:22:28'),
(110, 17, 1, 'صباح النور', 1, 1, '2022-02-07 14:07:54', '2022-02-14 15:22:28'),
(111, 19, 2, 'هاي', 1, 1, '2022-02-10 15:52:56', '2022-02-22 11:47:41'),
(112, 19, 1, 'هاي', 1, 1, '2022-02-10 15:53:04', '2022-02-22 11:47:41'),
(113, 19, 2, 'ايه الاخبار', 1, 1, '2022-02-10 15:53:11', '2022-02-22 11:47:41'),
(114, 19, 2, 'أنا عايز    تغيير اسم صاحب العداد', 1, 1, '2022-02-10 15:54:00', '2022-02-22 11:47:41'),
(115, 19, 1, 'تمام', 1, 1, '2022-02-10 16:12:25', '2022-02-22 11:47:41'),
(116, 19, 2, 'فل', 1, 1, '2022-02-10 16:12:31', '2022-02-22 11:47:41'),
(117, 17, 2, 'اهلا', 1, 1, '2022-02-11 18:57:56', '2022-02-14 15:22:28'),
(118, 17, 2, 'ا', 1, 1, '2022-02-11 19:55:52', '2022-02-14 15:22:28'),
(119, 17, 2, 'اا', 1, 1, '2022-02-11 19:56:32', '2022-02-14 15:22:28'),
(120, 17, 2, 'ف', 1, 1, '2022-02-11 19:57:37', '2022-02-14 15:22:28'),
(121, 17, 2, 'ا', 1, 1, '2022-02-11 19:59:44', '2022-02-14 15:22:28'),
(122, 17, 2, 'م', 1, 1, '2022-02-11 20:01:28', '2022-02-14 15:22:28'),
(123, 17, 2, 'س', 1, 1, '2022-02-11 20:02:16', '2022-02-14 15:22:28'),
(124, 17, 2, 'مم', 1, 1, '2022-02-11 20:03:11', '2022-02-14 15:22:28'),
(125, 17, 2, 'جرب', 1, 1, '2022-02-11 20:03:30', '2022-02-14 15:22:28'),
(126, 17, 2, 'تو', 1, 1, '2022-02-11 20:04:49', '2022-02-14 15:22:28'),
(127, 17, 2, 'اوك', 1, 1, '2022-02-11 20:05:38', '2022-02-14 15:22:28'),
(128, 17, 2, 'ماشي', 1, 1, '2022-02-11 20:06:50', '2022-02-14 15:22:28'),
(129, 17, 2, 'تمام', 1, 1, '2022-02-11 20:22:33', '2022-02-14 15:22:28'),
(130, 17, 2, 'جرب بوشر', 1, 1, '2022-02-11 20:30:43', '2022-02-14 15:22:28'),
(131, 17, 1, 'شغال؟', 1, 1, '2022-02-11 20:36:02', '2022-02-14 15:22:28'),
(132, 17, 1, 'اه سمع هناك', 1, 1, '2022-02-11 20:36:13', '2022-02-14 15:22:28'),
(133, 17, 1, 'تمام', 1, 1, '2022-02-11 23:01:54', '2022-02-14 15:22:28'),
(134, 17, 2, 'تيست', 1, 1, '2022-02-11 23:02:15', '2022-02-14 15:22:28'),
(135, 17, 1, 'ا', 1, 1, '2022-02-11 23:26:43', '2022-02-14 15:22:28'),
(136, 17, 1, 'ا', 1, 1, '2022-02-11 23:28:00', '2022-02-14 15:22:28'),
(137, 17, 2, 'اوك', 1, 1, '2022-02-11 23:33:35', '2022-02-14 15:22:28'),
(138, 17, 2, 'م', 1, 1, '2022-02-11 23:34:08', '2022-02-14 15:22:28'),
(139, 17, 1, 'اااا', 1, 1, '2022-02-11 23:34:42', '2022-02-14 15:22:28'),
(140, 17, 1, 'مم', 1, 1, '2022-02-11 23:35:48', '2022-02-14 15:22:28'),
(141, 17, 2, 'ت', 1, 1, '2022-02-11 23:36:17', '2022-02-14 15:22:28'),
(142, 17, 1, 'م', 1, 1, '2022-02-11 23:36:42', '2022-02-14 15:22:28'),
(143, 17, 1, 'اشطا', 1, 1, '2022-02-11 23:37:00', '2022-02-14 15:22:28'),
(144, 17, 2, 'تا', 1, 1, '2022-02-11 23:37:23', '2022-02-14 15:22:28'),
(145, 20, 2, 'from deaf', 1, 0, '2022-02-12 09:57:55', '2022-02-12 09:57:55'),
(146, 17, 2, 'م', 1, 1, '2022-02-12 10:09:46', '2022-02-14 15:22:28'),
(147, 17, 1, 'و', 1, 1, '2022-02-12 10:14:11', '2022-02-14 15:22:28'),
(148, 17, 2, 'ن', 1, 1, '2022-02-12 10:42:36', '2022-02-14 15:22:28'),
(149, 17, 2, 'م', 1, 1, '2022-02-12 10:42:58', '2022-02-14 15:22:28'),
(150, 17, 2, 'زز', 1, 1, '2022-02-12 10:44:13', '2022-02-14 15:22:28'),
(151, 17, 2, 'ددد', 1, 1, '2022-02-12 10:47:15', '2022-02-14 15:22:28'),
(152, 17, 2, 'ظ', 1, 1, '2022-02-12 10:51:22', '2022-02-14 15:22:28'),
(153, 17, 2, 'م', 1, 1, '2022-02-12 12:39:11', '2022-02-14 15:22:28'),
(154, 17, 1, 'M', 1, 1, '2022-02-12 12:54:55', '2022-02-14 15:22:28'),
(155, 17, 2, 'ن', 1, 1, '2022-02-12 12:58:12', '2022-02-14 15:22:28'),
(156, 17, 2, 'الببب', 1, 1, '2022-02-12 13:05:44', '2022-02-14 15:22:28'),
(157, 17, 2, 'تب', 1, 1, '2022-02-12 13:09:47', '2022-02-14 15:22:28'),
(158, 17, 2, 'from deaf', 1, 1, '2022-02-12 13:11:29', '2022-02-14 15:22:28'),
(159, 17, 2, 'from deaf', 1, 1, '2022-02-12 13:12:56', '2022-02-14 15:22:28'),
(160, 17, 2, 'from deaf', 1, 1, '2022-02-12 13:16:35', '2022-02-14 15:22:28'),
(161, 17, 2, 'ذ', 1, 1, '2022-02-12 13:16:45', '2022-02-14 15:22:28'),
(162, 17, 2, 'ااا', 1, 1, '2022-02-12 13:17:28', '2022-02-14 15:22:28'),
(163, 17, 2, 'مم', 1, 1, '2022-02-12 13:25:33', '2022-02-14 15:22:28'),
(164, 17, 2, 'مممممممم', 1, 1, '2022-02-12 13:26:18', '2022-02-14 15:22:28'),
(165, 17, 2, 'م.', 1, 1, '2022-02-12 13:26:33', '2022-02-14 15:22:28'),
(166, 17, 2, 'أنا عايز    تركيب عداد كودي', 1, 1, '2022-02-12 13:27:34', '2022-02-14 15:22:28'),
(167, 17, 2, 'تسيت', 1, 1, '2022-02-12 14:24:04', '2022-02-14 15:22:28'),
(168, 17, 1, 'تت', 1, 1, '2022-02-12 14:26:42', '2022-02-14 15:22:28'),
(169, 17, 2, 'ت', 1, 1, '2022-02-12 14:48:44', '2022-02-14 15:22:28'),
(170, 17, 2, 'مي', 1, 1, '2022-02-12 14:50:45', '2022-02-14 15:22:28'),
(171, 17, 1, 'انت', 1, 1, '2022-02-12 14:57:01', '2022-02-14 15:22:28'),
(172, 17, 2, 'دد', 1, 1, '2022-02-12 14:58:53', '2022-02-14 15:22:28'),
(173, 17, 1, 'ماشي', 1, 1, '2022-02-12 15:11:53', '2022-02-14 15:22:28'),
(174, 17, 1, 'مرتين', 1, 1, '2022-02-12 15:16:03', '2022-02-14 15:22:28'),
(175, 17, 1, 'ارسال', 1, 1, '2022-02-12 15:20:48', '2022-02-14 15:22:28'),
(176, 17, 1, 'جرب', 1, 1, '2022-02-12 15:25:13', '2022-02-14 15:22:28'),
(177, 17, 1, 'ت', 1, 1, '2022-02-12 15:28:21', '2022-02-14 15:22:28'),
(178, 17, 1, 'موظف', 1, 1, '2022-02-12 15:28:57', '2022-02-14 15:22:28'),
(179, 17, 2, 'اصم', 1, 1, '2022-02-12 15:30:29', '2022-02-14 15:22:28'),
(180, 17, 1, 'موظف', 1, 1, '2022-02-12 15:32:05', '2022-02-14 15:22:28'),
(181, 17, 2, 'جرب تاني', 1, 1, '2022-02-12 15:32:15', '2022-02-14 15:22:28'),
(182, 17, 1, 'ارسال', 1, 1, '2022-02-12 15:32:48', '2022-02-14 15:22:28'),
(183, 17, 1, 'ا', 1, 1, '2022-02-12 15:57:32', '2022-02-14 15:22:28'),
(184, 17, 1, 'تيست', 1, 1, '2022-02-12 15:58:49', '2022-02-14 15:22:28'),
(185, 17, 2, 'هاي', 1, 1, '2022-02-12 16:16:13', '2022-02-14 15:22:28'),
(186, 17, 1, 'باي', 1, 1, '2022-02-12 16:16:21', '2022-02-14 15:22:28'),
(187, 17, 1, 'تتتتت', 1, 1, '2022-02-12 16:26:12', '2022-02-14 15:22:28'),
(188, 17, 1, 'ماشي', 1, 1, '2022-02-12 16:26:23', '2022-02-14 15:22:28'),
(189, 17, 2, 'اوك', 1, 1, '2022-02-12 16:26:44', '2022-02-14 15:22:28'),
(190, 17, 1, 'فاضل ال اي دي بتاع الرساله يتظبط علشان الرساله متظهرش وتختفي', 1, 1, '2022-02-12 16:27:48', '2022-02-14 15:22:28'),
(191, 17, 2, 'ماشي يا موظف', 1, 1, '2022-02-12 16:30:53', '2022-02-14 15:22:28'),
(192, 17, 1, 'تمام يا اصم', 1, 1, '2022-02-12 16:31:25', '2022-02-14 15:22:28'),
(193, 17, 2, 'انا اصم', 1, 1, '2022-02-12 17:31:34', '2022-02-14 15:22:28'),
(194, 17, 1, 'وانا موظف', 1, 1, '2022-02-12 17:32:05', '2022-02-14 15:22:28'),
(195, 17, 2, 'مساء الخير', 1, 1, '2022-02-12 17:32:13', '2022-02-14 15:22:28'),
(196, 17, 1, 'مساء الزفت', 1, 1, '2022-02-12 17:32:26', '2022-02-14 15:22:28'),
(197, 17, 2, 'ليه كده طيب', 1, 1, '2022-02-12 17:33:38', '2022-02-14 15:22:28'),
(198, 17, 1, 'ايه الي زيك بيزعل', 1, 1, '2022-02-12 17:34:43', '2022-02-14 15:22:28'),
(199, 17, 2, 'انت بتعايرني ولا ايه', 1, 1, '2022-02-12 17:34:54', '2022-02-14 15:22:28'),
(200, 17, 1, 'لا يا عم اعايرك ليه اللهم احفظنا', 1, 1, '2022-02-12 17:36:01', '2022-02-14 15:22:28'),
(201, 17, 1, 'علي', 1, 1, '2022-02-12 21:25:58', '2022-02-14 15:22:28'),
(202, 21, 2, 'نعم', 1, 1, '2022-02-12 21:26:04', '2022-02-12 22:35:50'),
(203, 17, 1, 'غاا', 1, 1, '2022-02-12 21:26:22', '2022-02-14 15:22:28'),
(204, 21, 2, 'اهلا', 1, 1, '2022-02-12 21:26:48', '2022-02-12 22:35:50'),
(205, 21, 2, 'يابني', 1, 1, '2022-02-12 21:27:08', '2022-02-12 22:35:50'),
(206, 21, 1, 'عايز ايه', 1, 1, '2022-02-12 21:27:25', '2022-02-12 22:35:50'),
(207, 21, 1, 'عايزك', 1, 1, '2022-02-12 21:27:34', '2022-02-12 22:35:50'),
(208, 21, 2, 'ايه', 1, 1, '2022-02-12 21:28:34', '2022-02-12 22:35:50'),
(209, 21, 1, 'بي', 1, 1, '2022-02-12 21:28:39', '2022-02-12 22:35:50'),
(210, 21, 1, 'تمام', 1, 1, '2022-02-12 21:36:30', '2022-02-12 22:35:50'),
(211, 21, 1, 'احسن', 1, 1, '2022-02-12 21:39:02', '2022-02-12 22:35:50'),
(212, 21, 2, 'يسامحك', 1, 1, '2022-02-12 21:39:17', '2022-02-12 22:35:50'),
(213, 21, 2, 'عايز أعرف   تركيب عداد قانوني لأول مرة', 1, 1, '2022-02-12 21:40:42', '2022-02-12 22:35:50'),
(214, 21, 1, 'لا', 1, 1, '2022-02-12 21:44:16', '2022-02-12 22:35:50'),
(215, 21, 2, 'لول', 1, 0, '2022-02-12 22:35:56', '2022-02-12 22:35:56'),
(216, 22, 2, 'عايز أشتري   تركيب عداد قانوني لأول مرة', 1, 1, '2022-02-12 23:30:50', '2022-02-13 00:10:11'),
(217, 17, 2, 'عايز أشتري شهادة بيانات تعاقد أو مصالحة', 1, 1, '2022-02-13 00:09:24', '2022-02-14 15:22:28'),
(218, 23, 1, 'مرحبا', 0, 1, '2022-02-13 13:37:38', '2022-02-13 13:38:59'),
(219, 23, 2, 'مرحبا', 1, 1, '2022-02-13 13:37:44', '2022-02-13 13:38:59'),
(220, 23, 2, 'عايز أقدم شهادة بيانات تعاقد أو مصالحة', 1, 1, '2022-02-13 13:38:25', '2022-02-13 13:38:59'),
(221, 24, 2, 'ايه', 1, 1, '2022-02-14 15:22:44', '2022-02-15 15:49:09'),
(222, 24, 1, 'اهلا', 1, 1, '2022-02-14 15:23:09', '2022-02-15 15:49:09'),
(223, 24, 2, 'بيك', 1, 1, '2022-02-14 15:23:13', '2022-02-15 15:49:09'),
(224, 9, 2, 'اوك', 1, 1, '2022-02-14 22:41:56', '2022-02-20 21:45:55'),
(225, 9, 1, 'مصر', 1, 1, '2022-02-14 23:22:20', '2022-02-20 21:45:55'),
(226, 9, 1, 'تيست', 1, 1, '2022-02-14 23:28:11', '2022-02-20 21:45:55'),
(227, 9, 1, 'ت', 1, 1, '2022-02-14 23:29:05', '2022-02-20 21:45:55'),
(228, 9, 1, 'تت', 1, 1, '2022-02-14 23:30:48', '2022-02-20 21:45:55'),
(229, 9, 1, 'نمك', 1, 1, '2022-02-14 23:33:32', '2022-02-20 21:45:55'),
(230, 9, 1, 'دددد', 1, 1, '2022-02-14 23:37:14', '2022-02-20 21:45:55'),
(231, 9, 1, 'كطجح', 1, 1, '2022-02-14 23:38:08', '2022-02-20 21:45:55'),
(232, 9, 2, 'هاي', 1, 1, '2022-02-14 23:58:22', '2022-02-20 21:45:55'),
(233, 9, 1, 'هاي', 1, 1, '2022-02-14 23:58:36', '2022-02-20 21:45:55'),
(234, 9, 1, 'ماشي', 1, 1, '2022-02-15 00:00:30', '2022-02-20 21:45:55'),
(235, 9, 1, 'مم', 1, 1, '2022-02-15 00:01:24', '2022-02-20 21:45:55'),
(236, 9, 1, 'ممممممم', 1, 1, '2022-02-15 00:02:21', '2022-02-20 21:45:55'),
(237, 9, 1, 'هههه', 1, 1, '2022-02-15 00:04:08', '2022-02-20 21:45:55'),
(238, 9, 1, 'كك', 1, 1, '2022-02-15 00:07:41', '2022-02-20 21:45:55'),
(239, 9, 2, 'اصم', 1, 1, '2022-02-15 12:51:03', '2022-02-20 21:45:55'),
(240, 9, 1, 'موظف', 1, 1, '2022-02-15 12:51:11', '2022-02-20 21:45:55'),
(241, 9, 1, 'م', 1, 1, '2022-02-15 12:55:16', '2022-02-20 21:45:55'),
(242, 9, 1, 'كك', 1, 1, '2022-02-15 12:58:26', '2022-02-20 21:45:55'),
(243, 9, 1, 'تحديث', 1, 1, '2022-02-15 13:00:06', '2022-02-20 21:45:55'),
(244, 24, 2, 'اخبارك', 1, 1, '2022-02-15 15:33:00', '2022-02-15 15:49:09'),
(245, 24, 2, 'تمام', 1, 1, '2022-02-15 15:42:20', '2022-02-15 15:49:09'),
(246, 24, 2, 'عايز أروح   تركيب عداد قانوني لأول مرة', 1, 0, '2022-02-15 15:50:13', '2022-02-15 15:50:13'),
(247, 24, 2, 'أزاي أشترك في    طلب رفع عداد', 1, 0, '2022-02-15 15:50:40', '2022-02-15 15:50:40'),
(248, 24, 1, 'ماعرفش', 0, 1, '2022-02-15 15:51:44', '2022-02-15 15:51:44'),
(249, 9, 1, 'مص', 1, 1, '2022-02-15 16:36:37', '2022-02-20 21:45:55'),
(250, 9, 1, 'ر', 1, 1, '2022-02-15 16:36:41', '2022-02-20 21:45:55'),
(251, 9, 2, 'اخبار', 1, 1, '2022-02-15 16:38:09', '2022-02-20 21:45:55'),
(252, 9, 2, 'تمام؟', 1, 1, '2022-02-15 16:40:46', '2022-02-20 21:45:55'),
(253, 9, 1, 'لا', 1, 1, '2022-02-15 16:41:02', '2022-02-20 21:45:55'),
(254, 9, 1, 'م', 1, 1, '2022-02-15 16:57:17', '2022-02-20 21:45:55'),
(255, 9, 1, 'ك', 1, 1, '2022-02-15 16:58:42', '2022-02-20 21:45:55'),
(256, 9, 1, 'طط', 1, 1, '2022-02-15 16:59:21', '2022-02-20 21:45:55'),
(257, 9, 1, 'م', 1, 1, '2022-02-15 17:02:29', '2022-02-20 21:45:55'),
(258, 9, 1, 'طج', 1, 1, '2022-02-15 17:04:32', '2022-02-20 21:45:55'),
(259, 9, 2, 'كككك', 1, 1, '2022-02-15 17:04:53', '2022-02-20 21:45:55'),
(260, 9, 1, 'H', 1, 1, '2022-02-15 17:33:30', '2022-02-20 21:45:55'),
(261, 9, 1, 'K', 1, 1, '2022-02-15 17:37:11', '2022-02-20 21:45:55'),
(262, 9, 1, 'K', 1, 1, '2022-02-15 18:25:20', '2022-02-20 21:45:55'),
(263, 9, 1, 'Hi', 1, 1, '2022-02-15 18:25:33', '2022-02-20 21:45:55'),
(264, 9, 2, 'Bay', 1, 1, '2022-02-15 18:28:03', '2022-02-20 21:45:55'),
(265, 9, 1, 'Hi', 1, 1, '2022-02-15 18:33:48', '2022-02-20 21:45:55'),
(266, 9, 2, 'Bay', 1, 1, '2022-02-15 18:33:57', '2022-02-20 21:45:55'),
(267, 9, 1, 'Test', 1, 1, '2022-02-15 18:34:57', '2022-02-20 21:45:55'),
(268, 9, 2, 'Tmam', 1, 1, '2022-02-15 18:35:05', '2022-02-20 21:45:55'),
(269, 25, 2, 'يا موظف', 1, 1, '2022-02-16 10:34:15', '2022-02-16 10:38:22'),
(270, 25, 1, 'يا اصم', 1, 1, '2022-02-16 10:34:23', '2022-02-16 10:38:22'),
(271, 25, 2, 'الله يسامحك', 1, 1, '2022-02-16 10:34:34', '2022-02-16 10:38:22'),
(272, 9, 2, 'م', 1, 1, '2022-02-16 12:27:08', '2022-02-20 21:45:55'),
(273, 9, 1, 'M', 1, 1, '2022-02-16 12:27:20', '2022-02-20 21:45:55'),
(274, 27, 1, '..', 1, 1, '2022-02-16 12:40:00', '2022-02-16 13:14:59'),
(275, 28, 2, 'باشا', 1, 1, '2022-02-16 12:40:34', '2022-02-16 12:42:07'),
(276, 28, 1, 'حبيبي', 1, 1, '2022-02-16 12:40:45', '2022-02-16 12:42:07'),
(277, 29, 2, '..', 1, 1, '2022-02-16 12:46:09', '2022-02-16 15:14:05'),
(278, 30, 2, '..', 1, 0, '2022-02-16 12:47:44', '2022-02-16 12:47:44'),
(279, 32, 2, 'هاي', 1, 1, '2022-02-16 14:21:45', '2022-02-16 14:47:53'),
(280, 32, 1, 'Hi', 1, 1, '2022-02-16 14:22:21', '2022-02-16 14:47:53'),
(281, 32, 2, 'K', 1, 1, '2022-02-16 14:28:48', '2022-02-16 14:47:53'),
(282, 32, 1, 'Kk', 1, 1, '2022-02-16 14:29:01', '2022-02-16 14:47:53'),
(283, 32, 2, 'Op', 1, 1, '2022-02-16 14:38:19', '2022-02-16 14:47:53'),
(284, 32, 1, 'Hello', 1, 1, '2022-02-16 14:38:37', '2022-02-16 14:47:53'),
(285, 33, 2, 'هاي بهي', 1, 1, '2022-02-16 14:40:45', '2022-02-16 15:27:10'),
(286, 33, 1, 'Hi', 1, 1, '2022-02-16 14:40:52', '2022-02-16 15:27:10'),
(287, 33, 1, 'Token not changed', 1, 1, '2022-02-16 14:44:02', '2022-02-16 15:27:10'),
(288, 34, 2, 'اخويا', 1, 1, '2022-02-16 15:16:10', '2022-02-20 12:20:20'),
(289, 34, 1, '..', 1, 1, '2022-02-16 15:16:12', '2022-02-20 12:20:20'),
(290, 34, 1, 'اهلا', 1, 1, '2022-02-16 15:16:20', '2022-02-20 12:20:20'),
(291, 34, 2, 'باشا', 1, 1, '2022-02-16 15:17:03', '2022-02-20 12:20:20'),
(292, 34, 2, 'اخويا', 1, 1, '2022-02-16 15:17:32', '2022-02-20 12:20:20'),
(293, 34, 1, 'ظظظ', 1, 1, '2022-02-16 15:22:43', '2022-02-20 12:20:20'),
(294, 34, 2, 'أنا عايز   تركيب عداد قانوني لأول مرة', 1, 1, '2022-02-16 15:22:50', '2022-02-20 12:20:20'),
(295, 34, 1, 'ركب', 1, 1, '2022-02-16 15:22:57', '2022-02-20 12:20:20'),
(296, 34, 2, 'حبيبي', 1, 1, '2022-02-16 15:24:39', '2022-02-20 12:20:20'),
(297, 34, 1, 'ك.', 1, 1, '2022-02-16 15:24:51', '2022-02-20 12:20:20'),
(298, 34, 1, 'ع', 1, 1, '2022-02-16 15:24:54', '2022-02-20 12:20:20'),
(299, 34, 2, 'درش', 1, 1, '2022-02-16 16:06:14', '2022-02-20 12:20:20'),
(300, 34, 2, 'عمنا', 1, 1, '2022-02-16 16:06:17', '2022-02-20 12:20:20'),
(301, 34, 1, '!!', 1, 1, '2022-02-16 16:06:21', '2022-02-20 12:20:20'),
(302, 34, 2, 'ا', 1, 1, '2022-02-17 15:40:24', '2022-02-20 12:20:20'),
(303, 34, 2, 'يو', 1, 1, '2022-02-17 15:40:26', '2022-02-20 12:20:20'),
(304, 34, 2, 'انا عايز خدمه', 1, 1, '2022-02-17 15:40:33', '2022-02-20 12:20:20'),
(305, 34, 1, 'اتفضل', 1, 1, '2022-02-17 15:40:42', '2022-02-20 12:20:20'),
(306, 34, 1, 'تحت امرك', 1, 1, '2022-02-17 15:40:43', '2022-02-20 12:20:20'),
(307, 34, 1, 'معاك', 1, 1, '2022-02-17 15:41:13', '2022-02-20 12:20:20'),
(308, 36, 2, 'السلام عليكم', 1, 0, '2022-02-20 16:16:34', '2022-02-20 16:41:50'),
(309, 36, 2, 'ايه الاخبار', 1, 0, '2022-02-20 16:17:02', '2022-02-20 16:41:50'),
(310, 36, 1, 'وعليكم السلام', 1, 1, '2022-02-20 16:17:18', '2022-02-20 16:41:50'),
(311, 37, 2, 'اهلا', 1, 1, '2022-02-20 16:43:11', '2022-02-20 16:52:56'),
(312, 37, 1, 'بيك', 1, 1, '2022-02-20 16:43:29', '2022-02-20 16:52:56'),
(313, 37, 2, 'عامل ايه', 1, 1, '2022-02-20 16:43:34', '2022-02-20 16:52:56'),
(314, 37, 1, 'بخير', 1, 1, '2022-02-20 16:43:42', '2022-02-20 16:52:56'),
(315, 37, 2, 'اهلا', 1, 0, '2022-02-20 16:53:13', '2022-02-20 16:53:13'),
(316, 37, 1, 'اهلا بيك', 0, 1, '2022-02-20 16:53:33', '2022-02-20 16:53:33'),
(317, 37, 2, 'عايز أبعت   تركيب عداد قانوني لأول مرة', 1, 0, '2022-02-20 16:54:59', '2022-02-20 16:54:59'),
(318, 9, 1, 'انا ابراهيم', 0, 1, '2022-02-20 21:46:17', '2022-02-20 21:46:17'),
(319, 19, 2, 'عايز أشتري شهادة بيانات تعاقد أو مصالحة', 1, 1, '2022-02-22 09:42:20', '2022-02-22 11:47:41'),
(320, 19, 1, 'لا', 1, 1, '2022-02-22 09:42:50', '2022-02-22 11:47:41'),
(321, 19, 2, 'عايز أشتري شهادة بيانات تعاقد أو مصالحة', 1, 1, '2022-02-22 10:32:30', '2022-02-22 11:47:41'),
(322, 19, 1, 'لا', 1, 1, '2022-02-22 10:32:48', '2022-02-22 11:47:41'),
(323, 19, 1, 'صباح الجمال', 0, 1, '2022-02-22 11:48:05', '2022-02-22 11:48:05'),
(324, 19, 2, 'عايز أشتري شهادة بيانات تعاقد أو مصالحة', 1, 0, '2022-02-22 11:48:55', '2022-02-22 11:48:55'),
(325, 38, 1, 'تلاا', 0, 1, '2022-03-24 12:04:50', '2022-03-24 12:05:02'),
(326, 38, 2, 'نيياا', 1, 1, '2022-03-24 12:04:56', '2022-03-24 12:05:02'),
(327, 39, 1, 'اتن', 1, 1, '2022-03-24 12:37:22', '2022-03-24 19:22:59'),
(328, 39, 2, 'عايز أشتري    تركيب عداد بدل فاقد', 1, 1, '2022-03-24 12:37:52', '2022-03-24 19:22:59'),
(329, 39, 1, 'ابنتي', 0, 1, '2022-03-24 12:38:05', '2022-03-24 19:22:59'),
(330, 39, 1, 'انت', 0, 1, '2022-03-24 12:38:15', '2022-03-24 19:22:59'),
(331, 39, 1, 'الحمدلله', 0, 1, '2022-03-24 12:38:26', '2022-03-24 19:22:59');

-- --------------------------------------------------------

--
-- Table structure for table `migrations`
--

CREATE TABLE `migrations` (
  `id` int UNSIGNED NOT NULL,
  `migration` varchar(191) CHARACTER SET utf8mb4 COLLATE utf8mb4_unicode_ci NOT NULL,
  `batch` int NOT NULL
) ENGINE=InnoDB DEFAULT CHARSET=utf8mb4 COLLATE=utf8mb4_unicode_ci;

--
-- Dumping data for table `migrations`
--

INSERT INTO `migrations` (`id`, `migration`, `batch`) VALUES
(1, '2014_10_12_100000_create_password_resets_table', 1),
(2, '2018_09_12_99999_create_backupverify_table', 1),
(3, '2019_08_19_000000_create_failed_jobs_table', 1),
(4, '2019_12_14_000001_create_personal_access_tokens_table', 1),
(5, '2021_08_30_171953_create_user_socials_table', 1),
(6, '2021_12_20_131702_create_countries_table', 1),
(7, '2021_12_20_131723_create_country_translations_table', 1),
(8, '2021_12_20_131744_create_states_table', 1),
(9, '2021_12_20_131803_create_state_translations_table', 1),
(10, '2021_12_20_131824_create_cities_table', 1),
(11, '2021_12_20_131839_create_city_translations_table', 1),
(12, '2021_12_21_130239_create_foundations_table', 1),
(13, '2021_12_21_130634_create_foundation_translations_table', 1),
(14, '2021_12_21_130723_create_foundation_images_table', 1),
(15, '2021_12_21_130747_create_foundation_image_translations_table', 1),
(16, '2021_12_21_130802_create_foundation_videos_table', 1),
(17, '2021_12_21_130817_create_foundation_video_translations_table', 1),
(18, '2021_12_21_130834_create_foundation_sounds_table', 1),
(19, '2021_12_21_130849_create_foundation_sound_translations_table', 1),
(20, '2021_12_21_131338_create_branches_table', 1),
(21, '2021_12_21_131359_create_branch_translations_table', 1),
(22, '2021_12_21_131422_create_branch_images_table', 1),
(23, '2021_12_21_131445_create_branch_image_translations_table', 1),
(24, '2021_12_21_131502_create_branch_videos_table', 1),
(25, '2021_12_21_131520_create_branch_video_translations_table', 1),
(26, '2021_12_21_131537_create_branch_sounds_table', 1),
(27, '2021_12_21_131557_create_users_table', 1),
(28, '2021_12_21_131558_create_branch_sound_translations_table', 1),
(29, '2021_12_21_131558_create_chats_table', 1),
(30, '2021_12_21_131558_create_messages_table', 1),
(31, '2021_12_21_132157_create_services_table', 1),
(32, '2021_12_21_133711_create_service_translations_table', 1),
(33, '2021_12_21_135302_create_service_translation_media_table', 1),
(34, '2021_12_21_135345_create_service_images_table', 1),
(35, '2021_12_21_135411_create_branch_services_table', 1),
(36, '2021_12_21_135547_create_procedures_table', 1),
(37, '2021_12_21_135630_create_procedure_translations_table', 1),
(38, '2021_12_21_135644_create_procedure_translation_media_table', 1),
(39, '2021_12_21_135659_create_procedure_images_table', 1),
(40, '2021_12_21_140102_create_regulations_table', 1),
(41, '2021_12_21_140118_create_regulation_translations_table', 1),
(42, '2021_12_21_140131_create_regulation_translation_media_table', 1),
(43, '2021_12_21_140253_create_regulation_images_table', 1),
(44, '2021_12_21_140314_create_documents_table', 1),
(45, '2021_12_21_140348_create_document_translations_table', 1),
(46, '2021_12_21_140400_create_document_translation_media_table', 1),
(47, '2021_12_21_140416_create_document_images_table', 1),
(48, '2021_12_21_140445_create_faqs_table', 1),
(49, '2021_12_21_140500_create_faq_translations_table', 1),
(50, '2021_12_21_140534_create_faq_translation_media_table', 1),
(51, '2021_12_21_140548_create_faq_images_table', 1),
(52, '2021_12_21_140616_create_abouts_table', 1),
(53, '2021_12_21_140645_create_about_translations_table', 1),
(54, '2021_12_21_140702_create_about_videos_table', 1),
(55, '2021_12_21_140722_create_about_video_translations_table', 1),
(56, '2021_12_21_140743_create_about_sounds_table', 1),
(57, '2021_12_21_140805_create_about_sound_translations_table', 1),
(58, '2021_12_28_132855_create_arabic_dictionaries_table', 1),
(59, '2022_01_05_135129_create_arabic_dictionary_foundations_table', 1),
(60, '2022_01_05_140339_create_arabic_dictionary_media_table', 1),
(61, '2022_01_18_142820_create_permission_tables', 1),
(64, '2022_03_18_183213_create_state_sounds_table', 2),
(65, '2022_03_18_190929_create_state_sound_translations_table', 2);

-- --------------------------------------------------------

--
-- Table structure for table `model_has_permissions`
--

CREATE TABLE `model_has_permissions` (
  `permission_id` bigint UNSIGNED NOT NULL,
  `model_type` varchar(191) CHARACTER SET utf8mb4 COLLATE utf8mb4_unicode_ci NOT NULL,
  `model_id` bigint UNSIGNED NOT NULL
) ENGINE=InnoDB DEFAULT CHARSET=utf8mb4 COLLATE=utf8mb4_unicode_ci;

-- --------------------------------------------------------

--
-- Table structure for table `model_has_roles`
--

CREATE TABLE `model_has_roles` (
  `role_id` bigint UNSIGNED NOT NULL,
  `model_type` varchar(191) CHARACTER SET utf8mb4 COLLATE utf8mb4_unicode_ci NOT NULL,
  `model_id` bigint UNSIGNED NOT NULL
) ENGINE=InnoDB DEFAULT CHARSET=utf8mb4 COLLATE=utf8mb4_unicode_ci;

--
-- Dumping data for table `model_has_roles`
--

INSERT INTO `model_has_roles` (`role_id`, `model_type`, `model_id`) VALUES
(1, 'App\\Models\\User', 1),
(2, 'App\\Models\\User', 3),
(3, 'App\\Models\\User', 9),
(3, 'App\\Models\\User', 11),
(1, 'App\\Models\\User', 14);

-- --------------------------------------------------------

--
-- Table structure for table `password_resets`
--

CREATE TABLE `password_resets` (
  `email` varchar(191) CHARACTER SET utf8mb4 COLLATE utf8mb4_unicode_ci NOT NULL,
  `token` varchar(191) CHARACTER SET utf8mb4 COLLATE utf8mb4_unicode_ci NOT NULL,
  `created_at` timestamp NULL DEFAULT NULL
) ENGINE=InnoDB DEFAULT CHARSET=utf8mb4 COLLATE=utf8mb4_unicode_ci;

-- --------------------------------------------------------

--
-- Table structure for table `permissions`
--

CREATE TABLE `permissions` (
  `id` bigint UNSIGNED NOT NULL,
  `name` varchar(191) CHARACTER SET utf8mb4 COLLATE utf8mb4_unicode_ci NOT NULL,
  `guard_name` varchar(191) CHARACTER SET utf8mb4 COLLATE utf8mb4_unicode_ci NOT NULL,
  `created_at` timestamp NULL DEFAULT NULL,
  `updated_at` timestamp NULL DEFAULT NULL
) ENGINE=InnoDB DEFAULT CHARSET=utf8mb4 COLLATE=utf8mb4_unicode_ci;

--
-- Dumping data for table `permissions`
--

INSERT INTO `permissions` (`id`, `name`, `guard_name`, `created_at`, `updated_at`) VALUES
(2, 'زوي الاعاقة', 'web', NULL, NULL),
(3, 'الموظفين', 'web', NULL, NULL),
(4, 'المؤسسة', 'web', NULL, NULL),
(5, 'الصلاحيات', 'web', NULL, NULL),
(6, 'المشرفين', 'web', NULL, NULL),
(7, 'عن المشروع', 'web', NULL, NULL),
(8, 'الفروع', 'web', NULL, NULL),
(9, 'الخدمات', 'web', NULL, NULL),
(10, 'المستندات', 'web', NULL, NULL),
(11, 'الاسئلة الشائعة', 'web', NULL, NULL),
(12, 'الاجراءات', 'web', NULL, NULL),
(13, 'الشروط والاحكام', 'web', NULL, NULL),
(14, 'شيت اكسيل', 'web', NULL, NULL),
(15, 'القاموس', 'web', NULL, NULL);

-- --------------------------------------------------------

--
-- Table structure for table `personal_access_tokens`
--

CREATE TABLE `personal_access_tokens` (
  `id` bigint UNSIGNED NOT NULL,
  `tokenable_type` varchar(191) CHARACTER SET utf8mb4 COLLATE utf8mb4_unicode_ci NOT NULL,
  `tokenable_id` bigint UNSIGNED NOT NULL,
  `name` varchar(191) CHARACTER SET utf8mb4 COLLATE utf8mb4_unicode_ci NOT NULL,
  `token` varchar(64) CHARACTER SET utf8mb4 COLLATE utf8mb4_unicode_ci NOT NULL,
  `abilities` text CHARACTER SET utf8mb4 COLLATE utf8mb4_unicode_ci,
  `last_used_at` timestamp NULL DEFAULT NULL,
  `created_at` timestamp NULL DEFAULT NULL,
  `updated_at` timestamp NULL DEFAULT NULL
) ENGINE=InnoDB DEFAULT CHARSET=utf8mb4 COLLATE=utf8mb4_unicode_ci;

--
-- Dumping data for table `personal_access_tokens`
--

INSERT INTO `personal_access_tokens` (`id`, `tokenable_type`, `tokenable_id`, `name`, `token`, `abilities`, `last_used_at`, `created_at`, `updated_at`) VALUES
(3, 'App\\Models\\User', 6, 'khraba', 'e25adc1322d71c6e9b56c2a6dcd6b8e84dcca7b850e574da1de97ed86396b99e', '[\"user\"]', '2022-01-29 18:55:10', '2022-01-29 00:51:50', '2022-01-29 18:55:10'),
(4, 'App\\Models\\User', 7, 'khraba', 'a17662e8625f4c1bae6c9ba68103a87129b8283c400e236dae71088e3c8168c5', '[\"user\"]', '2022-02-06 23:45:20', '2022-01-29 18:01:28', '2022-02-06 23:45:20'),
(5, 'App\\Models\\User', 8, 'khraba', '2f87bb90d7be3cfc4a9daa5a0a38847c6b56e37180d30d8f37cbd177f39bb1d4', '[\"user\"]', '2022-02-01 18:00:10', '2022-01-29 18:54:35', '2022-02-01 18:00:10'),
(8, 'App\\Models\\User', 12, 'khraba', '46f5fec0fd9d8033a32e17c950840389964d852b8896d8331a7f37a5477abaa6', '[\"user\"]', '2022-02-16 19:08:52', '2022-01-30 11:41:42', '2022-02-16 19:08:52'),
(9, 'App\\Models\\User', 13, 'khraba', 'ad826e76af8b9736c2e2718e27803e41a0c79bf37d81ddcbc762eee16e1c236d', '[\"user\"]', '2022-02-02 14:28:52', '2022-01-31 13:33:39', '2022-02-02 14:28:52'),
(14, 'App\\Models\\User', 10, 'Basmety', '8cb24a151208ef49cffbbd93257130e77c2d784742d89f94e55125d19d7d05df', '[\"user\"]', NULL, '2022-01-31 15:54:04', '2022-01-31 15:54:04'),
(18, 'App\\Models\\User', 15, 'khraba', '4093c939f376e6fc3305b86450a0546d9c21736d0ee83c3c2f612ba5d07194ed', '[\"user\"]', NULL, '2022-02-02 15:22:45', '2022-02-02 15:22:45'),
(19, 'App\\Models\\User', 16, 'khraba', '4682badbc8be4519fdcaa08f5cdf110ae952782d09c962753868525f2d195853', '[\"user\"]', '2022-02-24 10:46:13', '2022-02-05 10:00:43', '2022-02-24 10:46:13'),
(20, 'App\\Models\\User', 17, 'khraba', '4bd86a9e570be16b29a1897082ad6cbc0343f184be220882ecf4ce086bea03dd', '[\"user\"]', NULL, '2022-02-06 00:52:05', '2022-02-06 00:52:05'),
(21, 'App\\Models\\User', 18, 'khraba', '742787bb4afc39eabc00ca29589f4366b9156cfc5830328ce14c086b9a45ad24', '[\"user\"]', NULL, '2022-02-06 11:26:45', '2022-02-06 11:26:45'),
(26, 'App\\Models\\User', 19, 'Basmety', '545ae8209e8eb5f029f3c83a03ed04f8f7b92078fd0a9d549c51401e59f3ad46', '[\"user\"]', NULL, '2022-02-06 12:00:42', '2022-02-06 12:00:42'),
(27, 'App\\Models\\User', 20, 'khraba', '58c16efab5cf0d56c5ef613e8e00f362f00827a272fc7fb8697b2492f0fa173b', '[\"user\"]', '2022-02-06 16:29:11', '2022-02-06 12:40:16', '2022-02-06 16:29:11'),
(28, 'App\\Models\\User', 21, 'khraba', '1a24feb233ac0fb25148be156efaa2c5a6429a836fff5c2700f32ba552cbe18e', '[\"user\"]', '2022-02-20 21:45:55', '2022-02-07 00:27:26', '2022-02-20 21:45:55'),
(30, 'App\\Models\\User', 22, 'khraba', '9fde06df8d39fb4dc35366214a3ec4874d3a56a44169a13cda98c63500317473', '[\"user\"]', '2022-02-07 11:44:42', '2022-02-07 09:03:48', '2022-02-07 11:44:42'),
(33, 'App\\Models\\User', 23, 'khraba', '141b17b425ebd6a6c1e97b1b695ae1034cea04c85bbbc529448126ab8d008ecf', '[\"user\"]', '2022-02-07 11:23:37', '2022-02-07 09:54:53', '2022-02-07 11:23:37'),
(34, 'App\\Models\\User', 24, 'khraba', 'fd2d4db96e3ec387a5cab12b26e7f6eb540d3782e96b26306980a4ad704d05bd', '[\"user\"]', '2022-02-07 11:59:45', '2022-02-07 10:02:23', '2022-02-07 11:59:45'),
(38, 'App\\Models\\User', 26, 'khraba', 'c55370e8671958bfb0bb4f41e8d055b86679dde5e0c29c4b85b999811233c2e9', '[\"user\"]', '2022-02-13 20:12:57', '2022-02-07 10:53:00', '2022-02-13 20:12:57'),
(41, 'App\\Models\\User', 27, 'khraba', '8bf9aef56465116c203aefc37645d8568e07fe54e8648bf2fa7ca40fb54a5824', '[\"user\"]', '2022-02-07 11:41:22', '2022-02-07 11:05:44', '2022-02-07 11:41:22'),
(44, 'App\\Models\\User', 28, 'khraba', '96bf12ddcee983d666f8962f9de10aa9e698976e992319a5926b714384dafc16', '[\"user\"]', NULL, '2022-02-07 11:51:19', '2022-02-07 11:51:19'),
(45, 'App\\Models\\User', 29, 'khraba', '1ca6a35307d091efa1e61f8a65336241dc100f7e8a6f054b02c39b97b2cc4548', '[\"user\"]', '2022-02-07 13:30:33', '2022-02-07 11:59:49', '2022-02-07 13:30:33'),
(46, 'App\\Models\\User', 30, 'khraba', '87aae923f18383d28213e7d5b7c10f92727d13cd087279341936e54c8edef869', '[\"user\"]', '2022-02-07 13:07:45', '2022-02-07 13:02:50', '2022-02-07 13:07:45'),
(47, 'App\\Models\\User', 31, 'khraba', '2a3b4ce2cabfeaaebc13837d6852709676768e561b3ad3de66ba040977e40f97', '[\"user\"]', NULL, '2022-02-07 13:23:30', '2022-02-07 13:23:30'),
(51, 'App\\Models\\User', 33, 'khraba', 'b9bc37a212f9cf9c6aab3477a830f086a044152ab82e18c2ee3bacb4a83a7af7', '[\"user\"]', '2022-02-15 16:21:03', '2022-02-12 09:56:04', '2022-02-15 16:21:03'),
(52, 'App\\Models\\User', 34, 'khraba', '80de889c148c69e45317c3bf7ee0c4e522bbfe22d6cc95a862dbc1ac6584ad42', '[\"user\"]', '2022-02-12 09:58:23', '2022-02-12 09:56:48', '2022-02-12 09:58:23'),
(53, 'App\\Models\\User', 35, 'khraba', '7cbe812913ca81a86587b11d0790ec0197099f2dbb1f5f05c799959e3bb26c49', '[\"user\"]', '2022-02-13 00:10:14', '2022-02-12 21:14:36', '2022-02-13 00:10:14'),
(55, 'App\\Models\\User', 36, 'khraba', '2b9e9bef78e91a17c8e02a924e7220d59f07d3fa445fa636edd2d21b048f3b11', '[\"user\"]', NULL, '2022-02-13 10:32:16', '2022-02-13 10:32:16'),
(56, 'App\\Models\\User', 37, 'khraba', 'e667f4addce58d8f8f611191ead4b5f1c4023622f9e6cf634ca4c8c333cadc8d', '[\"user\"]', NULL, '2022-02-13 10:32:41', '2022-02-13 10:32:41'),
(57, 'App\\Models\\User', 38, 'khraba', 'de641d6e9a9a9fdefc4d971bde144ffc612d4c63913b672cb935fc650f984ea5', '[\"user\"]', NULL, '2022-02-13 10:39:25', '2022-02-13 10:39:25'),
(58, 'App\\Models\\User', 39, 'khraba', '8124f3f98f61556258cac962d5518bc85902ade0424f03d13a10452043906f41', '[\"user\"]', '2022-02-18 16:00:10', '2022-02-13 13:37:24', '2022-02-18 16:00:10'),
(69, 'App\\Models\\User', 2, 'Basmety', '1dfc02247376516989da19d8bd1bfc90da0fc58463a59735f83d4f3ed603d82e', '[\"user\"]', '2022-02-15 17:31:13', '2022-02-15 16:16:36', '2022-02-15 17:31:13'),
(76, 'App\\Models\\User', 40, 'khraba', '3d923383c2c50617627d2715d557d61bf277f0bc355606b52b1742cd28642666', '[\"user\"]', NULL, '2022-02-15 19:54:15', '2022-02-15 19:54:15'),
(80, 'App\\Models\\User', 42, 'khraba', 'bcd08ad14fa077190ee610dda01bdb37f597c323694726ef1dc5b0c37ac8a9a4', '[\"user\"]', '2022-02-16 15:27:19', '2022-02-16 12:32:10', '2022-02-16 15:27:19'),
(81, 'App\\Models\\User', 43, 'khraba', '0650d3de36f1aa6a671ae258737279e1bbc9a8ca974f277e5b59e62f31fdcad4', '[\"user\"]', '2022-02-16 12:57:15', '2022-02-16 12:45:07', '2022-02-16 12:57:15'),
(87, 'App\\Models\\User', 44, 'Basmety', '494281f7fa4cccfcb50d1c1ec432f0778e73894bd32651f72fb748da429fe771', '[\"user\"]', NULL, '2022-02-16 12:56:51', '2022-02-16 12:56:51'),
(91, 'App\\Models\\User', 45, 'Basmety', '91018961b3fbb393190580da38cc010146a65471325871bc9c8c60cc746a4541', '[\"user\"]', '2022-02-20 16:53:33', '2022-02-16 14:44:50', '2022-02-20 16:53:33'),
(94, 'App\\Models\\User', 41, 'Basmety', '73194cef5f3ec84a0310cc144d29132e90ae24a87c8750532b75a949099b8136', '[\"user\"]', NULL, '2022-02-16 15:15:25', '2022-02-16 15:15:25'),
(95, 'App\\Models\\User', 46, 'Basmety', '57f038b8767b9b814f993aa2506bd189740f935107a2c1f319620157994f777f', '[\"user\"]', '2022-03-14 15:52:17', '2022-02-16 15:23:07', '2022-03-14 15:52:17'),
(96, 'App\\Models\\User', 47, 'khraba', 'fb57e7855d086b284288acd63d6ced2ae376b13f327c2ab810edafb6c58e7921', '[\"user\"]', '2022-02-20 16:10:03', '2022-02-20 16:08:40', '2022-02-20 16:10:03'),
(97, 'App\\Models\\User', 48, 'khraba', '8269f04ba747a8ec28bfa0cb484ab683cfbf19fa4baff65eadfe2cf25e0431fd', '[\"user\"]', '2022-02-20 16:54:59', '2022-02-20 16:16:16', '2022-02-20 16:54:59'),
(98, 'App\\Models\\User', 49, 'khraba', 'c0dadd1b013168f86abec8e6d5d79fed0ba795541e1e9af7638fdb2b4032508e', '[\"user\"]', '2022-02-22 14:58:33', '2022-02-20 17:02:27', '2022-02-22 14:58:33'),
(99, 'App\\Models\\User', 5, 'Basmety', '84acea8822b4c4c671a2d372724798fbdb7c59beedff0b7c50a5eb1ef168c576', '[\"user\"]', '2022-02-20 21:46:17', '2022-02-20 21:44:34', '2022-02-20 21:46:17'),
(100, 'App\\Models\\User', 50, 'khraba', 'd9344ff15360905078bf4a0654a3dde16a6f2c006ffb912e3ed41631621c4266', '[\"user\"]', NULL, '2022-02-22 14:56:21', '2022-02-22 14:56:21'),
(101, 'App\\Models\\User', 51, 'khraba', 'af222e61724dd65d70550bd2b0b5c10f411a0b375b276ae316d20a5d21292c1f', '[\"user\"]', NULL, '2022-02-22 15:06:05', '2022-02-22 15:06:05'),
(102, 'App\\Models\\User', 52, 'khraba', '79d120772fb545b2404aa0cd35eeb3a1be9def7f22a694e0d1f6c84efb00f033', '[\"user\"]', NULL, '2022-02-27 20:16:38', '2022-02-27 20:16:38'),
(103, 'App\\Models\\User', 53, 'khraba', '49e4dd08dd7a2bb192f252af72ee9de3c44426cd405c4a22cd59762370b83c96', '[\"user\"]', NULL, '2022-03-02 11:38:43', '2022-03-02 11:38:43'),
(104, 'App\\Models\\User', 54, 'khraba', '323a4e622724da86371ad032c8d1e85269d4ec59dc4f647d6a8c43e01b3843fe', '[\"user\"]', NULL, '2022-03-13 22:17:16', '2022-03-13 22:17:16'),
(105, 'App\\Models\\User', 55, 'khraba', '8d7ee8440586513c7522eda8540cf9dc16953c2dd31f894058842d83e417d04f', '[\"user\"]', '2022-03-24 12:37:52', '2022-03-21 13:35:40', '2022-03-24 12:37:52'),
(106, 'App\\Models\\User', 56, 'khraba', 'e832e249d02110408db664bcb63d0b634fe21bcfdf63ca6e766d033a10106be2', '[\"user\"]', NULL, '2022-03-24 11:12:46', '2022-03-24 11:12:46'),
(107, 'App\\Models\\User', 57, 'khraba', 'a00f344fd9b33198f899b32cde6dc279c06ee9d0e1de8c31c089e1aea232b2c1', '[\"user\"]', '2022-03-24 12:05:19', '2022-03-24 12:04:00', '2022-03-24 12:05:19'),
(108, 'App\\Models\\User', 25, 'Basmety', '436233979cd168a5892a75d969985e223e274ae02cdb63ac7cec26cecacfed21', '[\"user\"]', '2022-03-24 19:22:59', '2022-03-24 12:05:37', '2022-03-24 19:22:59');

-- --------------------------------------------------------

--
-- Table structure for table `procedures`
--

CREATE TABLE `procedures` (
  `id` bigint UNSIGNED NOT NULL,
  `order` int NOT NULL,
  `creator_id` bigint UNSIGNED NOT NULL,
  `service_id` bigint UNSIGNED NOT NULL,
  `deleted_at` timestamp NULL DEFAULT NULL,
  `created_at` timestamp NULL DEFAULT NULL,
  `updated_at` timestamp NULL DEFAULT NULL
) ENGINE=InnoDB DEFAULT CHARSET=utf8mb4 COLLATE=utf8mb4_unicode_ci;

--
-- Dumping data for table `procedures`
--

INSERT INTO `procedures` (`id`, `order`, `creator_id`, `service_id`, `deleted_at`, `created_at`, `updated_at`) VALUES
(1, 1, 1, 2, NULL, '2022-01-22 08:14:15', '2022-01-22 08:14:15'),
(2, 2, 1, 2, NULL, '2022-01-22 08:14:15', '2022-01-22 08:14:15'),
(3, 3, 1, 2, NULL, '2022-01-22 08:14:15', '2022-01-22 08:14:15'),
(4, 4, 1, 2, NULL, '2022-01-22 08:14:15', '2022-01-22 08:14:15'),
(5, 1, 1, 3, NULL, '2022-01-22 08:14:15', '2022-01-22 08:14:15'),
(6, 2, 1, 3, NULL, '2022-01-22 08:14:15', '2022-01-22 08:14:15'),
(7, 3, 1, 3, NULL, '2022-01-22 08:14:15', '2022-01-22 08:14:15'),
(8, 4, 1, 3, NULL, '2022-01-22 08:14:15', '2022-01-22 08:14:15'),
(9, 1, 1, 5, NULL, '2022-01-22 08:14:15', '2022-01-22 08:14:15'),
(10, 2, 1, 5, NULL, '2022-01-22 08:14:15', '2022-01-22 08:14:15'),
(11, 3, 1, 5, NULL, '2022-01-22 08:14:15', '2022-01-22 08:14:15'),
(12, 4, 1, 5, NULL, '2022-01-22 08:14:15', '2022-01-22 08:14:15'),
(13, 1, 1, 6, NULL, '2022-01-22 08:14:15', '2022-01-22 08:14:15'),
(14, 2, 1, 6, NULL, '2022-01-22 08:14:15', '2022-01-22 08:14:15'),
(15, 3, 1, 6, NULL, '2022-01-22 08:14:15', '2022-01-22 08:14:15'),
(16, 4, 1, 6, NULL, '2022-01-22 08:14:15', '2022-01-22 08:14:15'),
(17, 1, 1, 7, NULL, '2022-01-22 08:14:15', '2022-01-22 08:14:15'),
(18, 2, 1, 7, NULL, '2022-01-22 08:14:15', '2022-01-22 08:14:15'),
(19, 3, 1, 7, NULL, '2022-01-22 08:14:15', '2022-01-22 08:14:15'),
(20, 4, 1, 7, NULL, '2022-01-22 08:14:15', '2022-01-22 08:14:15'),
(21, 1, 1, 8, NULL, '2022-01-22 08:14:15', '2022-01-22 08:14:15'),
(22, 2, 1, 8, NULL, '2022-01-22 08:14:15', '2022-01-22 08:14:15'),
(23, 3, 1, 8, NULL, '2022-01-22 08:14:15', '2022-01-22 08:14:15'),
(24, 4, 1, 8, NULL, '2022-01-22 08:14:15', '2022-01-22 08:14:15'),
(25, 1, 1, 9, NULL, '2022-01-22 08:14:15', '2022-01-22 08:14:15'),
(26, 2, 1, 9, NULL, '2022-01-22 08:14:15', '2022-01-22 08:14:15'),
(27, 3, 1, 9, NULL, '2022-01-22 08:14:15', '2022-01-22 08:14:15'),
(28, 4, 1, 9, NULL, '2022-01-22 08:14:15', '2022-01-22 08:14:15'),
(29, 5, 1, 9, NULL, '2022-01-22 08:14:15', '2022-01-22 08:14:15'),
(30, 1, 1, 10, NULL, '2022-01-22 08:14:15', '2022-01-22 08:14:15'),
(31, 3, 1, 10, NULL, '2022-01-22 08:14:15', '2022-03-17 12:55:08'),
(32, 4, 1, 10, NULL, '2022-01-22 08:14:15', '2022-03-17 12:55:36'),
(33, 2, 1, 10, NULL, '2022-01-22 08:14:15', '2022-03-17 12:54:25'),
(34, 5, 1, 10, NULL, '2022-01-22 08:14:15', '2022-01-22 08:14:15'),
(35, 1, 1, 11, NULL, '2022-01-22 08:14:15', '2022-01-22 08:14:15'),
(36, 2, 1, 11, NULL, '2022-01-22 08:14:15', '2022-01-22 08:14:15'),
(37, 3, 1, 11, NULL, '2022-01-22 08:14:15', '2022-01-22 08:14:15'),
(38, 4, 1, 11, NULL, '2022-01-22 08:14:15', '2022-01-22 08:14:15'),
(39, 1, 1, 12, NULL, '2022-01-22 08:14:15', '2022-01-22 08:14:15'),
(40, 2, 1, 12, NULL, '2022-01-22 08:14:15', '2022-01-22 08:14:15'),
(41, 3, 1, 12, NULL, '2022-01-22 08:14:15', '2022-01-22 08:14:15'),
(42, 4, 1, 12, NULL, '2022-01-22 08:14:15', '2022-01-22 08:14:15'),
(43, 5, 1, 12, NULL, '2022-01-22 08:14:15', '2022-01-22 08:14:15'),
(44, 1, 1, 13, NULL, '2022-01-22 08:14:15', '2022-01-22 08:14:15'),
(45, 2, 1, 13, NULL, '2022-01-22 08:14:15', '2022-01-22 08:14:15'),
(46, 3, 1, 13, NULL, '2022-01-22 08:14:15', '2022-01-22 08:14:15'),
(47, 4, 1, 13, NULL, '2022-01-22 08:14:15', '2022-01-22 08:14:15'),
(48, 5, 1, 13, NULL, '2022-01-22 08:14:15', '2022-01-22 08:14:15'),
(49, 1, 1, 14, NULL, '2022-01-22 08:14:15', '2022-01-22 08:14:15'),
(50, 2, 1, 14, NULL, '2022-01-22 08:14:15', '2022-01-22 08:14:15'),
(51, 3, 1, 14, NULL, '2022-01-22 08:14:15', '2022-01-22 08:14:15'),
(52, 1, 1, 15, NULL, '2022-01-22 08:14:15', '2022-01-22 08:14:15'),
(53, 2, 1, 15, NULL, '2022-01-22 08:14:15', '2022-01-22 08:14:15'),
(54, 3, 1, 15, NULL, '2022-01-22 08:14:15', '2022-01-22 08:14:15'),
(55, 4, 1, 15, NULL, '2022-01-22 08:14:15', '2022-01-22 08:14:15'),
(56, 5, 1, 15, NULL, '2022-01-22 08:14:15', '2022-01-22 08:14:15'),
(57, 1, 1, 16, NULL, '2022-01-22 08:14:15', '2022-01-22 08:14:15'),
(58, 2, 1, 16, NULL, '2022-01-22 08:14:15', '2022-01-22 08:14:15'),
(59, 3, 1, 16, NULL, '2022-01-22 08:14:15', '2022-01-22 08:14:15'),
(60, 4, 1, 16, NULL, '2022-01-22 08:14:15', '2022-01-22 08:14:15'),
(61, 5, 1, 16, NULL, '2022-01-22 08:14:15', '2022-01-22 08:14:15'),
(62, 1, 1, 17, NULL, '2022-01-22 08:14:15', '2022-01-22 08:14:15'),
(63, 2, 1, 17, NULL, '2022-01-22 08:14:15', '2022-01-22 08:14:15'),
(64, 3, 1, 17, NULL, '2022-01-22 08:14:15', '2022-01-22 08:14:15'),
(65, 4, 1, 17, NULL, '2022-01-22 08:14:15', '2022-01-22 08:14:15'),
(66, 5, 1, 17, NULL, '2022-01-22 08:14:15', '2022-01-22 08:14:15'),
(67, 1, 1, 18, NULL, '2022-01-22 08:14:15', '2022-01-22 08:14:15'),
(68, 2, 1, 18, NULL, '2022-01-22 08:14:15', '2022-01-22 08:14:15'),
(69, 3, 1, 18, NULL, '2022-01-22 08:14:15', '2022-01-22 08:14:15'),
(70, 4, 1, 18, NULL, '2022-01-22 08:14:15', '2022-01-22 08:14:15'),
(71, 5, 1, 18, NULL, '2022-01-22 08:14:15', '2022-01-22 08:14:15'),
(72, 1, 1, 19, NULL, '2022-01-22 08:14:15', '2022-01-22 08:14:15'),
(73, 2, 1, 19, NULL, '2022-01-22 08:14:15', '2022-01-22 08:14:15'),
(74, 3, 1, 19, NULL, '2022-01-22 08:14:15', '2022-01-22 08:14:15'),
(75, 1, 1, 20, NULL, '2022-01-22 08:14:15', '2022-01-22 08:14:15'),
(76, 2, 1, 20, NULL, '2022-01-22 08:14:15', '2022-01-22 08:14:15'),
(77, 3, 1, 20, NULL, '2022-01-22 08:14:15', '2022-01-22 08:14:15'),
(78, 1, 1, 21, NULL, '2022-01-22 08:14:15', '2022-01-22 08:14:15'),
(79, 2, 1, 21, NULL, '2022-01-22 08:14:15', '2022-01-22 08:14:15'),
(80, 3, 1, 21, NULL, '2022-01-22 08:14:15', '2022-01-22 08:14:15'),
(81, 4, 1, 21, NULL, '2022-01-22 08:14:15', '2022-01-22 08:14:15'),
(82, 1, 1, 22, NULL, '2022-01-22 08:14:15', '2022-01-22 08:14:15'),
(83, 2, 1, 22, NULL, '2022-01-22 08:14:15', '2022-01-22 08:14:15'),
(84, 3, 1, 22, NULL, '2022-01-22 08:14:15', '2022-01-22 08:14:15'),
(85, 4, 1, 22, NULL, '2022-01-22 08:14:15', '2022-01-22 08:14:15'),
(86, 1, 1, 23, NULL, '2022-01-22 08:14:15', '2022-01-22 08:14:15'),
(87, 2, 1, 23, NULL, '2022-01-22 08:14:15', '2022-01-22 08:14:15'),
(88, 1, 1, 24, NULL, '2022-01-22 08:14:15', '2022-01-22 08:14:15'),
(89, 2, 1, 24, NULL, '2022-01-22 08:14:15', '2022-01-22 08:14:15'),
(90, 1, 1, 25, NULL, '2022-01-22 08:14:15', '2022-01-22 08:14:15'),
(91, 2, 1, 25, NULL, '2022-01-22 08:14:15', '2022-01-22 08:14:15'),
(92, 3, 1, 25, NULL, '2022-01-22 08:14:15', '2022-01-22 08:14:15'),
(93, 1, 1, 26, NULL, '2022-01-22 08:14:15', '2022-01-22 08:14:15'),
(94, 2, 1, 26, NULL, '2022-01-22 08:14:15', '2022-01-22 08:14:15'),
(95, 3, 1, 26, NULL, '2022-01-22 08:14:15', '2022-01-22 08:14:15'),
(96, 1, 1, 27, NULL, '2022-01-22 08:14:15', '2022-01-22 08:14:15'),
(97, 2, 1, 27, NULL, '2022-01-22 08:14:15', '2022-01-22 08:14:15'),
(98, 3, 1, 27, NULL, '2022-01-22 08:14:15', '2022-01-22 08:14:15'),
(99, 1, 1, 29, NULL, '2022-01-22 08:14:15', '2022-01-22 08:14:15'),
(100, 2, 1, 29, NULL, '2022-01-22 08:14:15', '2022-01-22 08:14:15'),
(101, 1, 1, 30, NULL, '2022-01-22 08:14:15', '2022-01-22 08:14:15'),
(102, 2, 1, 30, NULL, '2022-01-22 08:14:15', '2022-01-22 08:14:15'),
(103, 3, 1, 30, NULL, '2022-01-22 08:14:15', '2022-01-22 08:14:15'),
(104, 4, 1, 30, NULL, '2022-01-22 08:14:15', '2022-01-22 08:14:15'),
(105, 5, 1, 30, NULL, '2022-01-22 08:14:15', '2022-01-22 08:14:15'),
(106, 6, 1, 30, NULL, '2022-01-22 08:14:15', '2022-01-22 08:14:15'),
(107, 7, 1, 30, NULL, '2022-01-22 08:14:15', '2022-01-22 08:14:15'),
(108, 8, 1, 30, NULL, '2022-01-22 08:14:15', '2022-01-22 08:14:15'),
(109, 1, 1, 31, NULL, '2022-01-22 08:14:15', '2022-01-22 08:14:15'),
(110, 2, 1, 31, NULL, '2022-01-22 08:14:15', '2022-01-22 08:14:15'),
(111, 3, 1, 31, NULL, '2022-01-22 08:14:15', '2022-01-22 08:14:15'),
(112, 4, 1, 31, NULL, '2022-01-22 08:14:15', '2022-01-22 08:14:15'),
(113, 1, 1, 32, NULL, '2022-01-22 08:14:15', '2022-01-22 08:14:15'),
(114, 2, 1, 32, NULL, '2022-01-22 08:14:15', '2022-01-22 08:14:15'),
(115, 3, 1, 32, NULL, '2022-01-22 08:14:15', '2022-01-22 08:14:15'),
(116, 4, 1, 32, NULL, '2022-01-22 08:14:15', '2022-01-22 08:14:15'),
(117, 1, 1, 27, '2022-02-17 22:48:50', '2022-02-17 22:39:25', '2022-02-17 22:48:50');

-- --------------------------------------------------------

--
-- Table structure for table `procedure_images`
--

CREATE TABLE `procedure_images` (
  `id` bigint UNSIGNED NOT NULL,
  `image` varchar(191) CHARACTER SET utf8mb4 COLLATE utf8mb4_unicode_ci NOT NULL,
  `procedure_id` bigint UNSIGNED NOT NULL,
  `creator_id` bigint UNSIGNED NOT NULL,
  `deleted_at` timestamp NULL DEFAULT NULL,
  `created_at` timestamp NULL DEFAULT NULL,
  `updated_at` timestamp NULL DEFAULT NULL
) ENGINE=InnoDB DEFAULT CHARSET=utf8mb4 COLLATE=utf8mb4_unicode_ci;

--
-- Dumping data for table `procedure_images`
--

INSERT INTO `procedure_images` (`id`, `image`, `procedure_id`, `creator_id`, `deleted_at`, `created_at`, `updated_at`) VALUES
(1, '1.jpg', 1, 1, NULL, '2022-01-22 08:18:16', '2022-01-22 08:18:16'),
(2, '2.jpg', 2, 1, NULL, '2022-01-22 08:18:16', '2022-01-22 08:18:16'),
(3, '3.jpg', 3, 1, NULL, '2022-01-22 08:18:16', '2022-01-22 08:18:16'),
(4, '4.jpg', 4, 1, NULL, '2022-01-22 08:18:16', '2022-01-22 08:18:16'),
(5, '5.jpg', 5, 1, NULL, '2022-01-22 08:18:16', '2022-01-22 08:18:16'),
(6, '6.jpg', 6, 1, NULL, '2022-01-22 08:18:16', '2022-01-22 08:18:16'),
(7, '7.jpg', 7, 1, NULL, '2022-01-22 08:18:16', '2022-01-22 08:18:16'),
(8, '8.jpg', 8, 1, NULL, '2022-01-22 08:18:16', '2022-01-22 08:18:16'),
(9, '9.png', 9, 1, NULL, '2022-01-22 08:18:16', '2022-01-22 08:18:16'),
(10, '10.jpg', 10, 1, NULL, '2022-01-22 08:18:16', '2022-01-22 08:18:16'),
(11, '11.png', 11, 1, NULL, '2022-01-22 08:18:16', '2022-01-22 08:18:16'),
(12, '12.jpg', 12, 1, NULL, '2022-01-22 08:18:16', '2022-01-22 08:18:16'),
(13, '13.png', 13, 1, NULL, '2022-01-22 08:18:16', '2022-01-22 08:18:16'),
(14, '14.jpg', 14, 1, NULL, '2022-01-22 08:18:16', '2022-01-22 08:18:16'),
(15, '15.png', 15, 1, NULL, '2022-01-22 08:18:16', '2022-01-22 08:18:16'),
(16, '16.jpg', 16, 1, NULL, '2022-01-22 08:18:16', '2022-01-22 08:18:16'),
(17, '17.png', 17, 1, NULL, '2022-01-22 08:18:16', '2022-01-22 08:18:16'),
(18, '18.jpg', 18, 1, NULL, '2022-01-22 08:18:16', '2022-01-22 08:18:16'),
(19, '19.jpg', 19, 1, NULL, '2022-01-22 08:18:16', '2022-01-22 08:18:16'),
(20, '20.jpg', 20, 1, NULL, '2022-01-22 08:18:16', '2022-01-22 08:18:16'),
(21, '21.png', 21, 1, NULL, '2022-01-22 08:18:16', '2022-01-22 08:18:16'),
(22, '22.jpg', 22, 1, NULL, '2022-01-22 08:18:16', '2022-01-22 08:18:16'),
(23, '23.jpg', 23, 1, NULL, '2022-01-22 08:18:16', '2022-01-22 08:18:16'),
(24, '24.jpg', 24, 1, NULL, '2022-01-22 08:18:16', '2022-01-22 08:18:16'),
(25, '25.png', 25, 1, NULL, '2022-01-22 08:18:16', '2022-01-22 08:18:16'),
(26, '26.jpg', 26, 1, NULL, '2022-01-22 08:18:16', '2022-01-22 08:18:16'),
(27, '27.jpg', 27, 1, NULL, '2022-01-22 08:18:16', '2022-01-22 08:18:16'),
(28, '28.jpg', 28, 1, NULL, '2022-01-22 08:18:16', '2022-01-22 08:18:16'),
(29, '29.jpg', 29, 1, NULL, '2022-01-22 08:18:16', '2022-01-22 08:18:16'),
(30, '30.png', 30, 1, NULL, '2022-01-22 08:18:16', '2022-01-22 08:18:16'),
(31, '31.jpg', 31, 1, NULL, '2022-01-22 08:18:16', '2022-01-22 08:18:16'),
(32, '32.jpg', 32, 1, NULL, '2022-01-22 08:18:16', '2022-01-22 08:18:16'),
(33, '33.jpg', 33, 1, NULL, '2022-01-22 08:18:16', '2022-01-22 08:18:16'),
(34, '34.jpg', 34, 1, NULL, '2022-01-22 08:18:16', '2022-01-22 08:18:16'),
(35, '35.png', 35, 1, NULL, '2022-01-22 08:18:16', '2022-01-22 08:18:16'),
(36, '36.jpg', 36, 1, NULL, '2022-01-22 08:18:16', '2022-01-22 08:18:16'),
(37, '37.jpg', 37, 1, NULL, '2022-01-22 08:18:16', '2022-01-22 08:18:16'),
(38, '38.jpg', 38, 1, NULL, '2022-01-22 08:18:16', '2022-01-22 08:18:16'),
(39, '39.png', 39, 1, NULL, '2022-01-22 08:18:16', '2022-01-22 08:18:16'),
(40, '40.jpg', 40, 1, NULL, '2022-01-22 08:18:16', '2022-01-22 08:18:16'),
(41, '41.jpg', 41, 1, NULL, '2022-01-22 08:18:16', '2022-01-22 08:18:16'),
(42, '42.jpg', 42, 1, NULL, '2022-01-22 08:18:16', '2022-01-22 08:18:16'),
(43, '43.jpg', 43, 1, NULL, '2022-01-22 08:18:16', '2022-01-22 08:18:16'),
(44, '44.png', 44, 1, NULL, '2022-01-22 08:18:16', '2022-01-22 08:18:16'),
(45, '45.jpg', 45, 1, NULL, '2022-01-22 08:18:16', '2022-01-22 08:18:16'),
(46, '46.jpg', 46, 1, NULL, '2022-01-22 08:18:16', '2022-01-22 08:18:16'),
(47, '47.png', 47, 1, NULL, '2022-01-22 08:18:16', '2022-01-22 08:18:16'),
(48, '48.jpg', 48, 1, NULL, '2022-01-22 08:18:16', '2022-01-22 08:18:16'),
(49, '49.png', 49, 1, NULL, '2022-01-22 08:18:16', '2022-01-22 08:18:16'),
(50, '50.jpg', 50, 1, NULL, '2022-01-22 08:18:16', '2022-01-22 08:18:16'),
(51, '51.jpg', 51, 1, NULL, '2022-01-22 08:18:16', '2022-01-22 08:18:16'),
(52, '52.png', 52, 1, NULL, '2022-01-22 08:18:16', '2022-01-22 08:18:16'),
(53, '53.png', 53, 1, NULL, '2022-01-22 08:18:16', '2022-01-22 08:18:16'),
(54, '54.jpg', 54, 1, NULL, '2022-01-22 08:18:16', '2022-01-22 08:18:16'),
(55, '55.png', 55, 1, NULL, '2022-01-22 08:18:16', '2022-01-22 08:18:16'),
(56, '56.jpg', 56, 1, NULL, '2022-01-22 08:18:16', '2022-01-22 08:18:16'),
(57, '57.png', 57, 1, NULL, '2022-01-22 08:18:16', '2022-01-22 08:18:16'),
(58, '58.jpg', 58, 1, NULL, '2022-01-22 08:18:16', '2022-01-22 08:18:16'),
(59, '59.jpg', 59, 1, NULL, '2022-01-22 08:18:16', '2022-01-22 08:18:16'),
(60, '60.jpg', 60, 1, NULL, '2022-01-22 08:18:16', '2022-01-22 08:18:16'),
(61, '61.jpg', 61, 1, NULL, '2022-01-22 08:18:16', '2022-01-22 08:18:16'),
(62, '62.png', 62, 1, NULL, '2022-01-22 08:18:16', '2022-01-22 08:18:16'),
(63, '63.jpg', 63, 1, NULL, '2022-01-22 08:18:16', '2022-01-22 08:18:16'),
(64, '64.jpg', 64, 1, NULL, '2022-01-22 08:18:16', '2022-01-22 08:18:16'),
(65, '65.jpg', 65, 1, NULL, '2022-01-22 08:18:16', '2022-01-22 08:18:16'),
(66, '66.jpg', 66, 1, NULL, '2022-01-22 08:18:16', '2022-01-22 08:18:16'),
(67, '67.png', 67, 1, NULL, '2022-01-22 08:18:16', '2022-01-22 08:18:16'),
(68, '68.jpg', 68, 1, NULL, '2022-01-22 08:18:16', '2022-01-22 08:18:16'),
(69, '69.jpg', 69, 1, NULL, '2022-01-22 08:18:16', '2022-01-22 08:18:16'),
(70, '70.png', 70, 1, NULL, '2022-01-22 08:18:16', '2022-01-22 08:18:16'),
(71, '71.jpg', 71, 1, NULL, '2022-01-22 08:18:16', '2022-01-22 08:18:16'),
(72, '72.jpg', 72, 1, NULL, '2022-01-22 08:18:16', '2022-01-22 08:18:16'),
(73, '73.jpg', 73, 1, NULL, '2022-01-22 08:18:16', '2022-01-22 08:18:16'),
(74, '74.jpg', 74, 1, NULL, '2022-01-22 08:18:16', '2022-01-22 08:18:16'),
(75, '75.jpg', 75, 1, NULL, '2022-01-22 08:18:16', '2022-01-22 08:18:16'),
(76, '76.jpg', 76, 1, NULL, '2022-01-22 08:18:16', '2022-01-22 08:18:16'),
(77, '77.jpg', 77, 1, NULL, '2022-01-22 08:18:16', '2022-01-22 08:18:16'),
(78, '78.jpg', 78, 1, NULL, '2022-01-22 08:18:16', '2022-01-22 08:18:16'),
(79, '79.jpg', 79, 1, NULL, '2022-01-22 08:18:16', '2022-01-22 08:18:16'),
(80, '80.jpg', 80, 1, NULL, '2022-01-22 08:18:16', '2022-01-22 08:18:16'),
(81, '81.jpg', 81, 1, NULL, '2022-01-22 08:18:16', '2022-01-22 08:18:16'),
(82, '82.jpg', 82, 1, NULL, '2022-01-22 08:18:16', '2022-01-22 08:18:16'),
(83, '83.jpg', 83, 1, NULL, '2022-01-22 08:18:16', '2022-01-22 08:18:16'),
(84, '84.png', 84, 1, NULL, '2022-01-22 08:18:16', '2022-01-22 08:18:16'),
(85, '85.jpg', 85, 1, NULL, '2022-01-22 08:18:16', '2022-01-22 08:18:16'),
(86, '86.jpg', 86, 1, NULL, '2022-01-22 08:18:16', '2022-01-22 08:18:16'),
(87, '87.jpg', 87, 1, NULL, '2022-01-22 08:18:16', '2022-01-22 08:18:16'),
(88, '88.png', 88, 1, NULL, '2022-01-22 08:18:16', '2022-01-22 08:18:16'),
(89, '89.jpg', 89, 1, NULL, '2022-01-22 08:18:16', '2022-01-22 08:18:16'),
(90, '90.jpg', 90, 1, NULL, '2022-01-22 08:18:17', '2022-01-22 08:18:17'),
(91, '91.jpg', 91, 1, NULL, '2022-01-22 08:18:17', '2022-01-22 08:18:17'),
(92, '92.jpg', 92, 1, NULL, '2022-01-22 08:18:17', '2022-01-22 08:18:17'),
(93, '93.jpg', 93, 1, NULL, '2022-01-22 08:18:17', '2022-01-22 08:18:17'),
(94, '94.jpg', 94, 1, NULL, '2022-01-22 08:18:17', '2022-01-22 08:18:17'),
(95, '95.png', 95, 1, NULL, '2022-01-22 08:18:17', '2022-01-22 08:18:17'),
(96, '96.png', 96, 1, NULL, '2022-01-22 08:18:17', '2022-01-22 08:18:17'),
(97, '97.jpg', 97, 1, NULL, '2022-01-22 08:18:17', '2022-01-22 08:18:17'),
(98, '98.jpg', 98, 1, NULL, '2022-01-22 08:18:17', '2022-01-22 08:18:17'),
(99, '99.jpg', 99, 1, NULL, '2022-01-22 08:18:17', '2022-01-22 08:18:17'),
(100, '100.jpg', 100, 1, NULL, '2022-01-22 08:18:17', '2022-01-22 08:18:17'),
(101, '101.jpg', 101, 1, NULL, '2022-01-22 08:18:17', '2022-01-22 08:18:17'),
(102, '102.jpg', 102, 1, NULL, '2022-01-22 08:18:17', '2022-01-22 08:18:17'),
(103, '103.jpg', 103, 1, NULL, '2022-01-22 08:18:17', '2022-01-22 08:18:17'),
(104, '104.jpg', 104, 1, NULL, '2022-01-22 08:18:17', '2022-01-22 08:18:17'),
(105, '105.jpg', 105, 1, NULL, '2022-01-22 08:18:17', '2022-01-22 08:18:17'),
(106, '106.jpg', 106, 1, NULL, '2022-01-22 08:18:17', '2022-01-22 08:18:17'),
(107, '107.jpg', 107, 1, NULL, '2022-01-22 08:18:17', '2022-01-22 08:18:17'),
(108, '108.jpg', 108, 1, NULL, '2022-01-22 08:18:17', '2022-01-22 08:18:17'),
(109, '109.jpg', 109, 1, NULL, '2022-01-22 08:18:17', '2022-01-22 08:18:17'),
(110, '110.jpg', 110, 1, NULL, '2022-01-22 08:18:17', '2022-01-22 08:18:17'),
(111, '111.jpg', 111, 1, NULL, '2022-01-22 08:18:17', '2022-01-22 08:18:17'),
(112, '112.jpg', 112, 1, NULL, '2022-01-22 08:18:17', '2022-01-22 08:18:17'),
(113, '113.jpg', 113, 1, NULL, '2022-01-22 08:18:17', '2022-01-22 08:18:17'),
(114, '114.jpg', 114, 1, NULL, '2022-01-22 08:18:17', '2022-01-22 08:18:17'),
(115, '115.jpg', 115, 1, NULL, '2022-01-22 08:18:17', '2022-01-22 08:18:17'),
(116, '116.jpg', 116, 1, NULL, '2022-01-22 08:18:17', '2022-01-22 08:18:17'),
(117, '802877548620eb27d4fbe5.jpg', 117, 1, NULL, '2022-02-17 22:39:25', '2022-02-17 22:39:25'),
(118, '1010725923620eb27d5081a.jpg', 117, 1, NULL, '2022-02-17 22:39:25', '2022-02-17 22:39:25');

-- --------------------------------------------------------

--
-- Table structure for table `procedure_translations`
--

CREATE TABLE `procedure_translations` (
  `id` bigint UNSIGNED NOT NULL,
  `desc` text CHARACTER SET utf8mb4 COLLATE utf8mb4_unicode_ci NOT NULL,
  `locale` varchar(191) CHARACTER SET utf8mb4 COLLATE utf8mb4_unicode_ci NOT NULL,
  `procedure_id` bigint UNSIGNED NOT NULL,
  `deleted_at` timestamp NULL DEFAULT NULL,
  `created_at` timestamp NULL DEFAULT NULL,
  `updated_at` timestamp NULL DEFAULT NULL
) ENGINE=InnoDB DEFAULT CHARSET=utf8mb4 COLLATE=utf8mb4_unicode_ci;

--
-- Dumping data for table `procedure_translations`
--

INSERT INTO `procedure_translations` (`id`, `desc`, `locale`, `procedure_id`, `deleted_at`, `created_at`, `updated_at`) VALUES
(1, 'قيام المشترك باستيفاء نموذج لطلب الشهادة', 'ar', 1, NULL, '2022-01-22 08:14:15', '2022-01-22 08:14:15'),
(2, 'سداد الرسوم المقررة', 'ar', 2, NULL, '2022-01-22 08:14:15', '2022-01-22 08:14:15'),
(3, 'استلام الشهادة بعد التحقق من المستندات', 'ar', 3, NULL, '2022-01-22 08:14:15', '2022-01-22 08:14:15'),
(4, 'الفترة الزمنية من طلب الخدمة حتي الوصول إليها 30 دقيقة', 'ar', 4, NULL, '2022-01-22 08:14:15', '2022-01-22 08:14:15'),
(5, 'قيام المشترك باستيفاء نموذج لطلب الشهادة', 'ar', 5, NULL, '2022-01-22 08:14:15', '2022-01-22 08:14:15'),
(6, 'سداد الرسوم المقررة', 'ar', 6, NULL, '2022-01-22 08:14:15', '2022-01-22 08:14:15'),
(7, 'استلام الشهادة بعد التحقق من المستندات', 'ar', 7, NULL, '2022-01-22 08:14:15', '2022-01-22 08:14:15'),
(8, '<p>الفترة الزمنية من طلب الخدمة حتي الوصول إليها 60 دقيقة</p>', 'ar', 8, NULL, '2022-01-22 08:14:15', '2022-02-06 12:36:29'),
(9, '<p>قيام المشترك باستيفاء نموذج الطلب</p>', 'ar', 9, NULL, '2022-01-22 08:14:15', '2022-03-02 15:42:14'),
(10, 'سداد الرسوم وقيمة المقايسه', 'ar', 10, NULL, '2022-01-22 08:14:15', '2022-01-22 08:14:15'),
(11, 'التعاقد علي نموذج توريد الطاقه وتركيب العداد', 'ar', 11, NULL, '2022-01-22 08:14:15', '2022-01-22 08:14:15'),
(12, 'الفترة الزمنية من طلب الخدمة حتي الوصول إليها حتي 7 أيام عمل من تاريخ سداد المقاسيه والتعاقد', 'ar', 12, NULL, '2022-01-22 08:14:15', '2022-01-22 08:14:15'),
(13, 'قيام المشترك باستيفاء نموزج الطلب', 'ar', 13, NULL, '2022-01-22 08:14:15', '2022-01-22 08:14:15'),
(14, 'سداد رسوم وقيمة المقايسه', 'ar', 14, NULL, '2022-01-22 08:14:15', '2022-01-22 08:14:15'),
(15, 'تركيب العداد', 'ar', 15, NULL, '2022-01-22 08:14:15', '2022-01-22 08:14:15'),
(16, 'الفترة الزمنية من طلب الخدمة حتي الوصول إليها 7 أيام عمل من تاريخ سداد المقاسيه', 'ar', 16, NULL, '2022-01-22 08:14:15', '2022-01-22 08:14:15'),
(17, 'استيفاء الطلب', 'ar', 17, NULL, '2022-01-22 08:14:15', '2022-01-22 08:14:15'),
(18, 'سداد الرسوم المقرره والمديونية المستحقة ان وجدت', 'ar', 18, NULL, '2022-01-22 08:14:15', '2022-01-22 08:14:15'),
(19, 'رفع العداد التالف وتركيب العداد الجديد واعداد التسوية النهائية', 'ar', 19, NULL, '2022-01-22 08:14:15', '2022-01-22 08:14:15'),
(20, 'الفترة الزمنية من طلب الخدمة حتي الوصول إليها حتي 3 أيام من تاريخ سداد الرسوم', 'ar', 20, NULL, '2022-01-22 08:14:15', '2022-01-22 08:14:15'),
(21, 'استيفاء الطلب', 'ar', 21, NULL, '2022-01-22 08:14:15', '2022-01-22 08:14:15'),
(22, 'سداد الرسوم المقرره والتسويات المستحقة ان وجدت', 'ar', 22, NULL, '2022-01-22 08:14:15', '2022-01-22 08:14:15'),
(23, 'تركيب العداد', 'ar', 23, NULL, '2022-01-22 08:14:15', '2022-01-22 08:14:15'),
(24, 'الفترة الزمنية من طلب الخدمة حتي الوصول إليها حتي 3 أيام من تاريخ تقديم محضر الشرطة', 'ar', 24, NULL, '2022-01-22 08:14:15', '2022-01-22 08:14:15'),
(25, 'قيام المشترك باستيفاء نموذج الطلب', 'ar', 25, NULL, '2022-01-22 08:14:15', '2022-01-22 08:14:15'),
(26, 'حضور المنتفع الأصلي وتنازله امام المسؤول المختص', 'ar', 26, NULL, '2022-01-22 08:14:15', '2022-01-22 08:14:15'),
(27, 'سداد التسويات المستحقة ان وجدت', 'ar', 27, NULL, '2022-01-22 08:14:15', '2022-01-22 08:14:15'),
(28, 'سداد الرسوم المقررة والتعاقد علي نموذج عقد توريد الطاقة', 'ar', 28, NULL, '2022-01-22 08:14:15', '2022-01-22 08:14:15'),
(29, 'الفترة الزمنية من طلب الخدمة حتي الوصول إليها خلال 60 دقيقة', 'ar', 29, NULL, '2022-01-22 08:14:15', '2022-01-22 08:14:15'),
(30, 'استيفاء استمارة طلب الفحص', 'ar', 30, NULL, '2022-01-22 08:14:15', '2022-01-22 08:14:15'),
(31, '<p>رفع العداد وفحصه بالمعمل</p>', 'ar', 31, NULL, '2022-01-22 08:14:15', '2022-03-17 12:55:08'),
(32, '<p>عمل اجراءات تصفية الحساب والتسوية وفقا لقراءة رفع العداد وتقرير المعمل</p>', 'ar', 32, NULL, '2022-01-22 08:14:15', '2022-03-17 12:55:36'),
(33, '<p>سداد الرسوم المقرره</p>', 'ar', 33, NULL, '2022-01-22 08:14:15', '2022-03-17 12:54:25'),
(34, '<p>الفترة الزمنية من طلب الخدمة حتي الوصول إليها حتي 3 أيام من تاريخ سداد رسم الفحص</p>', 'ar', 34, NULL, '2022-01-22 08:14:15', '2022-03-01 14:48:25'),
(35, 'استيفاء استمارة طلب الرفع', 'ar', 35, NULL, '2022-01-22 08:14:15', '2022-01-22 08:14:15'),
(36, 'سداد الرسوم المقررة وجميع المستحقات علي العداد إن وجدت', 'ar', 36, NULL, '2022-01-22 08:14:15', '2022-01-22 08:14:15'),
(37, 'رفع العداد في حالة تمكين الشركة من الرفع', 'ar', 37, NULL, '2022-01-22 08:14:15', '2022-01-22 08:14:15'),
(38, 'الفترة الزمنية من طلب الخدمة حتي الوصول إليها حتي 3 أيام عمل', 'ar', 38, NULL, '2022-01-22 08:14:15', '2022-01-22 08:14:15'),
(39, 'استيفاء النموذج المخصص لزيادة القدرة', 'ar', 39, NULL, '2022-01-22 08:14:15', '2022-01-22 08:14:15'),
(40, 'معاينة الاحمال والتوصيلات علي الطبيعه', 'ar', 40, NULL, '2022-01-22 08:14:15', '2022-01-22 08:14:15'),
(41, 'تصفية مديونية العداد القديم', 'ar', 41, NULL, '2022-01-22 08:14:15', '2022-01-22 08:14:15'),
(42, 'سداد الرسوم وتكاليف المقايسة المقررة', 'ar', 42, NULL, '2022-01-22 08:14:15', '2022-01-22 08:14:15'),
(43, 'الفترة الزمنية من طلب الخدمة حتي الوصول إليها حتي 7 أيام عمل من سداد قيمة المقاسيه', 'ar', 43, NULL, '2022-01-22 08:14:15', '2022-01-22 08:14:15'),
(44, 'إستيفاء الطلب', 'ar', 44, NULL, '2022-01-22 08:14:15', '2022-01-22 08:14:15'),
(45, 'إجراء المعاينه اللازمة علي الطبيعة', 'ar', 45, NULL, '2022-01-22 08:14:15', '2022-01-22 08:14:15'),
(46, 'إعداد المقايسة وتكاليفها وسداد الرسوم المقررة', 'ar', 46, NULL, '2022-01-22 08:14:15', '2022-01-22 08:14:15'),
(47, 'تنفيذ التعديل وإنهاء الطلب', 'ar', 47, NULL, '2022-01-22 08:14:15', '2022-01-22 08:14:15'),
(48, 'الفترة الزمنية من طلب الخدمة حتي الوصول إليها حتي 3 أيام عمل من تاريخ سداد قيمة المقاسيه', 'ar', 48, NULL, '2022-01-22 08:14:15', '2022-01-22 08:14:15'),
(49, 'استيفاء نموذج طلب تقسيط مديونية', 'ar', 49, NULL, '2022-01-22 08:14:15', '2022-01-22 08:14:15'),
(50, 'دفع مبلغ 30% كدفعة مقدمة كحد  أدني ', 'ar', 50, NULL, '2022-01-22 08:14:15', '2022-01-22 08:14:15'),
(51, 'الفترة الزمنية من طلب الخدمة حتي الوصول إليها خلال 30 دقيقة', 'ar', 51, NULL, '2022-01-22 08:14:15', '2022-01-22 08:14:15'),
(52, 'قيام المشترك باستيفاء طلب توصيل الكهرباء', 'ar', 52, NULL, '2022-01-22 08:14:15', '2022-01-22 08:14:15'),
(53, 'إجراء المعاينة على الطبيعة وحساب تكلفة المقايسة و إدراجها للسداد', 'ar', 53, NULL, '2022-01-22 08:14:15', '2022-01-22 08:14:15'),
(54, 'قيام المشترك بسداد قيمة المقايسة واستخراج التصاريح اللازمة للحفر في حالة طلبها', 'ar', 54, NULL, '2022-01-22 08:14:15', '2022-01-22 08:14:15'),
(55, 'تنفيذ المقايسة والانتهاء من الطلب', 'ar', 55, NULL, '2022-01-22 08:14:15', '2022-01-22 08:14:15'),
(56, 'الفترة الزمنية من طلب الخدمة حتي الوصول إليها كما يلي :\nتقديم الطلب - يوم واحد عمل المعاينة وإعداد المقاسية وإدراجها للسداد - 8 أيام من تاريخ تقديم الطلب تنفيذ المقايسة وتركيب العداد - 9 أيام بعد سداد المقايسة واستخراج تصاريح الحفر إجمالي المدة 18 يوم', 'ar', 56, NULL, '2022-01-22 08:14:15', '2022-01-22 08:14:15'),
(57, 'قيام المشترك باستيفاء طلب توصيل الكهرباء', 'ar', 57, NULL, '2022-01-22 08:14:15', '2022-01-22 08:14:15'),
(58, 'إجراء المعاينة على الطبيعة وحساب تكلفة المقايسة و إدراجها للسداد', 'ar', 58, NULL, '2022-01-22 08:14:15', '2022-01-22 08:14:15'),
(59, 'قيام المشترك بسداد قيمة المقايسة واستخراج التصاريح اللازمة للحفر في حالة طلبها', 'ar', 59, NULL, '2022-01-22 08:14:15', '2022-01-22 08:14:15'),
(60, 'تنفيذ المقايسة والانتهاء من الطلب', 'ar', 60, NULL, '2022-01-22 08:14:15', '2022-01-22 08:14:15'),
(61, 'الفترة الزمنية من طلب الخدمة حتي الوصول إليها كما يلي :\nتقديم الطلب - يوم واحد عمل المعاينة وإعداد المقاسية وإدراجها للسداد - 8 أيام من تاريخ تقديم الطلب تنفيذ المقايسة وتركيب العداد - 9 أيام بعد سداد المقايسة واستخراج تصاريح الحفر إجمالي المدة 18 يوم', 'ar', 61, NULL, '2022-01-22 08:14:15', '2022-01-22 08:14:15'),
(62, 'قيام المشترك باستيفاء طلب توصيل الكهرباء.<br>', 'ar', 62, NULL, '2022-01-22 08:14:15', '2022-01-22 08:14:15'),
(63, 'إجراء المعاينة على الطبيعة وحساب تكلفة المقايسة و إدراجها للسداد', 'ar', 63, NULL, '2022-01-22 08:14:15', '2022-01-22 08:14:15'),
(64, 'قيام المشترك بسداد قيمة المقايسة واستخراج التصاريح اللازمة للحفر في حالة طلبها', 'ar', 64, NULL, '2022-01-22 08:14:15', '2022-01-22 08:14:15'),
(65, 'تنفيذ المقايسة وتركيب العداد والانتهاء من الطلب', 'ar', 65, NULL, '2022-01-22 08:14:15', '2022-01-22 08:14:15'),
(66, 'الفترة الزمنية من طلب الخدمة حتي الوصول إليها 3 أيام من تاريخ سداد المقايسة واستخراج التصاريح اللازمة', 'ar', 66, NULL, '2022-01-22 08:14:15', '2022-01-22 08:14:15'),
(67, 'قيام المشترك باستيفاء نموذج طلب تركيب عداد كودي مؤقت  طبقا لكشوف حصر تعدها شركات التوزيع أو من خلال محاضر المخالفات والممارسات المحررة عن طريق الجهة المختصة ', 'ar', 67, NULL, '2022-01-22 08:14:15', '2022-01-22 08:14:15'),
(68, 'إجــراء المعاينة على الطبيعة وحساب تكلفة المقايسة و إدراجها للسداد', 'ar', 68, NULL, '2022-01-22 08:14:15', '2022-01-22 08:14:15'),
(69, 'قيام المشترك بسداد قيمة المقايسة واستخراج التصاريح اللازمة لتأهيل الشبكة في حال طلبها', 'ar', 69, NULL, '2022-01-22 08:14:15', '2022-01-22 08:14:15'),
(70, 'تنفيذ المقايسة والانتهاء من الطلب', 'ar', 70, NULL, '2022-01-22 08:14:15', '2022-01-22 08:14:15'),
(71, 'الفترة الزمنية من طلب الخدمة حتي الوصول إليها كما يلي :\nتقديم الطلب - يوم واحد عمل المعاينة وإعداد المقاسية وإدراجها للسداد - 8 أيام من تاريخ تقديم الطلب تنفيذ المقايسة وتركيب العداد - 9 أيام بعد سداد المقايسة واستخراج تصاريح الحفر إجمالي المدة 18 يوم', 'ar', 71, NULL, '2022-01-22 08:14:15', '2022-01-22 08:14:15'),
(72, 'توريد قيمة الدفعة المقدمة للخزينه', 'ar', 72, NULL, '2022-01-22 08:14:15', '2022-01-22 08:14:15'),
(73, 'استلام ايصال بما تم سدادة', 'ar', 73, NULL, '2022-01-22 08:14:15', '2022-01-22 08:14:15'),
(74, 'الفترة الزمنية من طلب الخدمة حتي الوصول إليها فورا', 'ar', 74, NULL, '2022-01-22 08:14:15', '2022-01-22 08:14:15'),
(75, 'استيفاء طلب شراء لمبات LED', 'ar', 75, NULL, '2022-01-22 08:14:15', '2022-01-22 08:14:15'),
(76, 'سداد المديونية المتاخرة في حالة التقسيط', 'ar', 76, NULL, '2022-01-22 08:14:15', '2022-01-22 08:14:15'),
(77, 'الفترة الزمنية من طلب الخدمة حتي الوصول إليها 15 دقيقة', 'ar', 77, NULL, '2022-01-22 08:14:15', '2022-01-22 08:14:15'),
(78, 'استيفاء نموذج الطلب', 'ar', 78, NULL, '2022-01-22 08:14:15', '2022-01-22 08:14:15'),
(79, 'المعاينة علي الطبيعة', 'ar', 79, NULL, '2022-01-22 08:14:15', '2022-01-22 08:14:15'),
(80, 'سداد الرسوم المقررة', 'ar', 80, NULL, '2022-01-22 08:14:15', '2022-01-22 08:14:15'),
(81, 'الفترة الزمنية من طلب الخدمة حتي الوصول إليها 30 دقيقة', 'ar', 81, NULL, '2022-01-22 08:14:15', '2022-01-22 08:14:15'),
(82, 'المعاينة علي الطبيعة لفحص العداد ظاهريا', 'ar', 82, NULL, '2022-01-22 08:14:15', '2022-01-22 08:14:15'),
(83, 'تعديل القراءة طبقا للقراءة علي الطبيعة', 'ar', 83, NULL, '2022-01-22 08:14:15', '2022-01-22 08:14:15'),
(84, 'في حالة الخطأ يتم إلغاء الإيصالات الخاطئة وتعديلها', 'ar', 84, NULL, '2022-01-22 08:14:15', '2022-01-22 08:14:15'),
(85, 'الفترة الزمنية من طلب الخدمة حتي الوصول إليها فورا', 'ar', 85, NULL, '2022-01-22 08:14:15', '2022-01-22 08:14:15'),
(86, 'يمكن للمواطن إبلاغ قراءة العداد بنفسه من خلال قنوات متعدده من ضمنها : - الخط الساخن 121 الذي يعمل علي مدار الساعة - الموقع الألكتروني لشركات التوزيع', 'ar', 86, NULL, '2022-01-22 08:14:15', '2022-01-22 08:14:15'),
(87, 'الفترة الزمنية من طلب الخدمة حتي الوصول إليها فورا', 'ar', 87, NULL, '2022-01-22 08:14:15', '2022-01-22 08:14:15'),
(88, 'اتاحة السداد النقدي وغير النقدي لقيمة فواتير الكهرباء عبر منافذ السداد الألكتروني في أنحاء الجمهورية', 'ar', 88, NULL, '2022-01-22 08:14:15', '2022-01-22 08:14:15'),
(89, 'الفترة الزمنية من طلب الخدمة حتي الوصول إليها فورا', 'ar', 89, NULL, '2022-01-22 08:14:15', '2022-01-22 08:14:15'),
(90, 'تقديم كارت الشحن', 'ar', 90, NULL, '2022-01-22 08:14:15', '2022-01-22 08:14:15'),
(91, 'شحن الكارت بالقيمة المسددة طبقا للإيصال', 'ar', 91, NULL, '2022-01-22 08:14:15', '2022-01-22 08:14:15'),
(92, 'الفترة الزمنية من طلب الخدمة حتي الوصول إليها فورا', 'ar', 92, NULL, '2022-01-22 08:14:15', '2022-01-22 08:14:15'),
(93, 'استيفاء طلب استخراج كارت شحن بدل تالف او بدل فاقد', 'ar', 93, NULL, '2022-01-22 08:14:15', '2022-01-22 08:14:15'),
(94, 'سداد الرسوم المقررة', 'ar', 94, NULL, '2022-01-22 08:14:15', '2022-01-22 08:14:15'),
(95, 'الفترة الزمنية من طلب الخدمة حتي الوصول إليها 25 دقيقة', 'ar', 95, NULL, '2022-01-22 08:14:15', '2022-01-22 08:14:15'),
(96, 'طلب من المنتفع بالتعديل المطلوب', 'ar', 96, NULL, '2022-01-22 08:14:15', '2022-01-22 08:14:15'),
(97, 'مراجعة الملف', 'ar', 97, NULL, '2022-01-22 08:14:15', '2022-01-22 08:14:15'),
(98, '<p>الفترة الزمنية من طلب الخدمة حتي الوصول إليها 15 دقيقه</p>', 'ar', 98, NULL, '2022-01-22 08:14:15', '2022-03-02 15:41:46'),
(99, 'الاتصال بالخط الساخن 121', 'ar', 99, NULL, '2022-01-22 08:14:15', '2022-01-22 08:14:15'),
(100, 'يتم استقبال شكاوي المشتركين من انقطاعات وجودة التغذية الكهربائية او الشكاوي التجارية علي مدار اليوم  24/7  من خلال الاتصال علي الرقم الموحد علي مستوي الجمهورية', 'ar', 100, NULL, '2022-01-22 08:14:15', '2022-01-22 08:14:15'),
(101, 'تحميل تطبيق بإسم شكاوي فواتير الكهرباء من Google Play Store أو App Store', 'ar', 101, NULL, '2022-01-22 08:14:15', '2022-01-22 08:14:15'),
(102, 'اختيار الجهه  شركة النقل أو التوزيع  من واقع فاتورة الكهرباء حتي يتسني الرد علي الشكوي بسرعه', 'ar', 102, NULL, '2022-01-22 08:14:15', '2022-01-22 08:14:15'),
(103, 'إدخال رقم الموبايل الذي سيتم التواصل من خلاله مع المواطن', 'ar', 103, NULL, '2022-01-22 08:14:15', '2022-01-22 08:14:15'),
(104, 'تصوير الفاتورة التي يشتكي منها المواطن من خلال كاميرا الموبايل', 'ar', 104, NULL, '2022-01-22 08:14:15', '2022-01-22 08:14:15'),
(105, 'تحميل صورة الفاتورة - إضغط علي زر تحميل الفاتورة لتحميلها علي التطبيق', 'ar', 105, NULL, '2022-01-22 08:14:15', '2022-01-22 08:14:15'),
(106, 'تحميل صورة العداد  أختياري  يتم تحميل صورة عداد الكهرباء أو الأستمرار بدون تحميل.<br>', 'ar', 106, NULL, '2022-01-22 08:14:15', '2022-01-22 08:14:15'),
(107, 'تم استلام الشكوي - ستظهر رسالة باستلام الشكوي وجاري العمل علي حلها', 'ar', 107, NULL, '2022-01-22 08:14:15', '2022-01-22 08:14:15'),
(108, 'سيتم الاتصال بمقدم الشكوي واستكمال الشكوي والرد عليه', 'ar', 108, NULL, '2022-01-22 08:14:15', '2022-01-22 08:14:15'),
(109, 'إرسال رسالة نصية إلي رقم 91121', 'ar', 109, NULL, '2022-01-22 08:14:15', '2022-01-22 08:14:15'),
(110, 'سيتم استقبال رسالة بأنه تم استقبال الشكوي وجاري حلها', 'ar', 110, NULL, '2022-01-22 08:14:15', '2022-01-22 08:14:15'),
(111, 'في حالة وصول الرسالة بدون رقم السداد الألكتروني ستستلم رسالة لتصحيح تنسيق الرسالة', 'ar', 111, NULL, '2022-01-22 08:14:15', '2022-01-22 08:14:15'),
(112, 'سيتم استكمال بيانات الشكوي للرد عليك', 'ar', 112, NULL, '2022-01-22 08:14:15', '2022-01-22 08:14:15'),
(113, 'تسجيل شكوي علي الموقع مع تحديد نوع الشكوي والجهه المستقبلة للشكوي', 'ar', 113, NULL, '2022-01-22 08:14:15', '2022-01-22 08:14:15'),
(114, 'سيتم مراجعة الشكوي والتأكد من صحة الجهه المختصه ومراجعة تصنيف نوع الشكوي', 'ar', 114, NULL, '2022-01-22 08:14:15', '2022-01-22 08:14:15'),
(115, 'سيتم الرد علي الشكوي من خلال إتخاذ الأجراء المناسب لها', 'ar', 115, NULL, '2022-01-22 08:14:15', '2022-01-22 08:14:15'),
(116, 'يمكنك معرفة الرد من خلال البحث بالرقم وكود الشكوي', 'ar', 116, NULL, '2022-01-22 08:14:15', '2022-01-22 08:14:15'),
(117, '<p>اجراء تجريبي</p>', 'ar', 117, NULL, '2022-02-17 22:39:25', '2022-02-17 22:39:25');

-- --------------------------------------------------------

--
-- Table structure for table `procedure_translation_media`
--

CREATE TABLE `procedure_translation_media` (
  `id` bigint UNSIGNED NOT NULL,
  `procedure_translation_id` bigint UNSIGNED NOT NULL,
  `desc_sound` varchar(191) CHARACTER SET utf8mb4 COLLATE utf8mb4_unicode_ci DEFAULT NULL,
  `desc_video` varchar(191) CHARACTER SET utf8mb4 COLLATE utf8mb4_unicode_ci DEFAULT NULL,
  `deleted_at` timestamp NULL DEFAULT NULL,
  `created_at` timestamp NULL DEFAULT NULL,
  `updated_at` timestamp NULL DEFAULT NULL
) ENGINE=InnoDB DEFAULT CHARSET=utf8mb4 COLLATE=utf8mb4_unicode_ci;

--
-- Dumping data for table `procedure_translation_media`
--

INSERT INTO `procedure_translation_media` (`id`, `procedure_translation_id`, `desc_sound`, `desc_video`, `deleted_at`, `created_at`, `updated_at`) VALUES
(1, 1, '1.mp3', '1.webm', NULL, '2022-01-22 08:24:33', '2022-01-22 08:24:33'),
(2, 2, '2.mp3', '2.webm', NULL, '2022-01-22 08:24:33', '2022-01-22 08:24:33'),
(3, 3, '3.mp3', '3.webm', NULL, '2022-01-22 08:24:33', '2022-01-22 08:24:33'),
(4, 4, '4.mp3', '4.webm', NULL, '2022-01-22 08:24:33', '2022-01-22 08:24:33'),
(5, 5, '5.mp3', '5.webm', NULL, '2022-01-22 08:24:33', '2022-01-22 08:24:33'),
(6, 6, '6.mp3', '6.webm', NULL, '2022-01-22 08:24:33', '2022-01-22 08:24:33'),
(7, 7, '7.mp3', '7.webm', NULL, '2022-01-22 08:24:33', '2022-01-22 08:24:33'),
(8, 8, '8.mp3', '8.webm', NULL, '2022-01-22 08:24:33', '2022-01-22 08:24:33'),
(9, 9, '9.mp3', '9.webm', NULL, '2022-01-22 08:24:33', '2022-01-22 08:24:33'),
(10, 10, '10.mp3', '10.webm', NULL, '2022-01-22 08:24:33', '2022-01-22 08:24:33'),
(11, 11, '11.mp3', '11.webm', NULL, '2022-01-22 08:24:33', '2022-01-22 08:24:33'),
(12, 12, '12.mp3', '12.webm', NULL, '2022-01-22 08:24:33', '2022-01-22 08:24:33'),
(13, 13, '13.mp3', '13.webm', NULL, '2022-01-22 08:24:33', '2022-01-22 08:24:33'),
(14, 14, '14.mp3', '14.webm', NULL, '2022-01-22 08:24:33', '2022-01-22 08:24:33'),
(15, 15, '15.mp3', '15.webm', NULL, '2022-01-22 08:24:33', '2022-01-22 08:24:33'),
(16, 16, '16.mp3', '16.webm', NULL, '2022-01-22 08:24:33', '2022-01-22 08:24:33'),
(17, 17, '17.mp3', '17.webm', NULL, '2022-01-22 08:24:33', '2022-01-22 08:24:33'),
(18, 18, '18.mp3', '18.webm', NULL, '2022-01-22 08:24:33', '2022-01-22 08:24:33'),
(19, 19, '19.mp3', '19.webm', NULL, '2022-01-22 08:24:33', '2022-01-22 08:24:33'),
(20, 20, '20.mp3', '20.webm', NULL, '2022-01-22 08:24:33', '2022-01-22 08:24:33'),
(21, 21, '21.mp3', '21.webm', NULL, '2022-01-22 08:24:33', '2022-01-22 08:24:33'),
(22, 22, '22.mp3', '22.webm', NULL, '2022-01-22 08:24:33', '2022-01-22 08:24:33'),
(23, 23, '23.mp3', '23.webm', NULL, '2022-01-22 08:24:33', '2022-01-22 08:24:33'),
(24, 24, '24.mp3', '24.webm', NULL, '2022-01-22 08:24:33', '2022-01-22 08:24:33'),
(25, 25, '25.mp3', '25.webm', NULL, '2022-01-22 08:24:33', '2022-01-22 08:24:33'),
(26, 26, '26.mp3', '26.webm', NULL, '2022-01-22 08:24:33', '2022-01-22 08:24:33'),
(27, 27, '27.mp3', '27.webm', NULL, '2022-01-22 08:24:33', '2022-01-22 08:24:33'),
(28, 28, '28.mp3', '28.webm', NULL, '2022-01-22 08:24:33', '2022-01-22 08:24:33'),
(29, 29, '29.mp3', '29.webm', NULL, '2022-01-22 08:24:33', '2022-01-22 08:24:33'),
(30, 30, '30.mp3', '30.webm', NULL, '2022-01-22 08:24:33', '2022-01-22 08:24:33'),
(31, 31, '31.mp3', '31.webm', NULL, '2022-01-22 08:24:33', '2022-01-22 08:24:33'),
(32, 32, '32.mp3', '32.webm', NULL, '2022-01-22 08:24:33', '2022-01-22 08:24:33'),
(33, 33, '33.mp3', '33.webm', NULL, '2022-01-22 08:24:33', '2022-01-22 08:24:33'),
(34, 34, '34.mp3', '34.webm', NULL, '2022-01-22 08:24:33', '2022-01-22 08:24:33'),
(35, 35, '35.mp3', '35.webm', NULL, '2022-01-22 08:24:33', '2022-01-22 08:24:33'),
(36, 36, '36.mp3', '36.webm', NULL, '2022-01-22 08:24:33', '2022-01-22 08:24:33'),
(37, 37, '37.mp3', '37.webm', NULL, '2022-01-22 08:24:33', '2022-01-22 08:24:33'),
(38, 38, '38.mp3', '38.webm', NULL, '2022-01-22 08:24:33', '2022-01-22 08:24:33'),
(39, 39, '39.mp3', '39.webm', NULL, '2022-01-22 08:24:33', '2022-01-22 08:24:33'),
(40, 40, '40.mp3', '40.webm', NULL, '2022-01-22 08:24:33', '2022-01-22 08:24:33'),
(41, 41, '41.mp3', '41.webm', NULL, '2022-01-22 08:24:33', '2022-01-22 08:24:33'),
(42, 42, '42.mp3', '42.webm', NULL, '2022-01-22 08:24:33', '2022-01-22 08:24:33'),
(43, 43, '43.mp3', '43.webm', NULL, '2022-01-22 08:24:33', '2022-01-22 08:24:33'),
(44, 44, '44.mp3', '44.webm', NULL, '2022-01-22 08:24:33', '2022-01-22 08:24:33'),
(45, 45, '45.mp3', '45.webm', NULL, '2022-01-22 08:24:33', '2022-01-22 08:24:33'),
(46, 46, '46.mp3', '46.webm', NULL, '2022-01-22 08:24:33', '2022-01-22 08:24:33'),
(47, 47, '47.mp3', '47.webm', NULL, '2022-01-22 08:24:33', '2022-01-22 08:24:33'),
(48, 48, '48.mp3', '48.webm', NULL, '2022-01-22 08:24:33', '2022-01-22 08:24:33'),
(49, 49, '49.mp3', '49.webm', NULL, '2022-01-22 08:24:33', '2022-01-22 08:24:33'),
(50, 50, '50.mp3', '50.webm', NULL, '2022-01-22 08:24:33', '2022-01-22 08:24:33'),
(51, 51, '51.mp3', '51.webm', NULL, '2022-01-22 08:24:33', '2022-01-22 08:24:33'),
(52, 52, '52.mp3', '52.webm', NULL, '2022-01-22 08:24:33', '2022-01-22 08:24:33'),
(53, 53, '53.mp3', '53.webm', NULL, '2022-01-22 08:24:33', '2022-01-22 08:24:33'),
(54, 54, '54.mp3', '54.webm', NULL, '2022-01-22 08:24:33', '2022-01-22 08:24:33'),
(55, 55, '55.mp3', '55.webm', NULL, '2022-01-22 08:24:33', '2022-01-22 08:24:33'),
(56, 56, '56.mp3', '56.webm', NULL, '2022-01-22 08:24:33', '2022-01-22 08:24:33'),
(57, 57, '57.mp3', '57.webm', NULL, '2022-01-22 08:24:33', '2022-01-22 08:24:33'),
(58, 58, '58.mp3', '58.webm', NULL, '2022-01-22 08:24:33', '2022-01-22 08:24:33'),
(59, 59, '59.mp3', '59.webm', NULL, '2022-01-22 08:24:33', '2022-01-22 08:24:33'),
(60, 60, '60.mp3', '60.webm', NULL, '2022-01-22 08:24:33', '2022-01-22 08:24:33'),
(61, 61, '61.mp3', '61.webm', NULL, '2022-01-22 08:24:33', '2022-01-22 08:24:33'),
(62, 62, '62.mp3', '62.webm', NULL, '2022-01-22 08:24:33', '2022-01-22 08:24:33'),
(63, 63, '63.mp3', '63.webm', NULL, '2022-01-22 08:24:33', '2022-01-22 08:24:33'),
(64, 64, '64.mp3', '64.webm', NULL, '2022-01-22 08:24:33', '2022-01-22 08:24:33'),
(65, 65, '65.mp3', '65.webm', NULL, '2022-01-22 08:24:33', '2022-01-22 08:24:33'),
(66, 66, '66.mp3', '66.webm', NULL, '2022-01-22 08:24:33', '2022-01-22 08:24:33'),
(67, 67, '67.mp3', '67.webm', NULL, '2022-01-22 08:24:33', '2022-01-22 08:24:33'),
(68, 68, '68.mp3', '68.webm', NULL, '2022-01-22 08:24:33', '2022-01-22 08:24:33'),
(69, 69, '69.mp3', '69.webm', NULL, '2022-01-22 08:24:33', '2022-01-22 08:24:33'),
(70, 70, '70.mp3', '70.webm', NULL, '2022-01-22 08:24:33', '2022-01-22 08:24:33'),
(71, 71, '71.mp3', '71.webm', NULL, '2022-01-22 08:24:33', '2022-01-22 08:24:33'),
(72, 72, '72.mp3', '72.webm', NULL, '2022-01-22 08:24:33', '2022-01-22 08:24:33'),
(73, 73, '73.mp3', '73.webm', NULL, '2022-01-22 08:24:33', '2022-01-22 08:24:33'),
(74, 74, '74.mp3', '74.webm', NULL, '2022-01-22 08:24:33', '2022-01-22 08:24:33'),
(75, 75, '75.mp3', '75.webm', NULL, '2022-01-22 08:24:33', '2022-01-22 08:24:33'),
(76, 76, '76.mp3', '76.webm', NULL, '2022-01-22 08:24:33', '2022-01-22 08:24:33'),
(77, 77, '77.mp3', '77.webm', NULL, '2022-01-22 08:24:33', '2022-01-22 08:24:33'),
(78, 78, '78.mp3', '78.webm', NULL, '2022-01-22 08:24:33', '2022-01-22 08:24:33'),
(79, 79, '79.mp3', '79.webm', NULL, '2022-01-22 08:24:33', '2022-01-22 08:24:33'),
(80, 80, '80.mp3', '80.webm', NULL, '2022-01-22 08:24:33', '2022-01-22 08:24:33'),
(81, 81, '81.mp3', '81.webm', NULL, '2022-01-22 08:24:33', '2022-01-22 08:24:33'),
(82, 82, '82.mp3', '82.webm', NULL, '2022-01-22 08:24:33', '2022-01-22 08:24:33'),
(83, 83, '83.mp3', '83.webm', NULL, '2022-01-22 08:24:33', '2022-01-22 08:24:33'),
(84, 84, '84.mp3', '84.webm', NULL, '2022-01-22 08:24:33', '2022-01-22 08:24:33'),
(85, 85, '85.mp3', '85.webm', NULL, '2022-01-22 08:24:33', '2022-01-22 08:24:33'),
(86, 86, '86.mp3', '86.webm', NULL, '2022-01-22 08:24:33', '2022-01-22 08:24:33'),
(87, 87, '87.mp3', '87.webm', NULL, '2022-01-22 08:24:33', '2022-01-22 08:24:33'),
(88, 88, '88.mp3', '88.webm', NULL, '2022-01-22 08:24:33', '2022-01-22 08:24:33'),
(89, 89, '89.mp3', '89.webm', NULL, '2022-01-22 08:24:33', '2022-01-22 08:24:33'),
(90, 90, '90.mp3', '90.webm', NULL, '2022-01-22 08:24:33', '2022-01-22 08:24:33'),
(91, 91, '91.mp3', '91.webm', NULL, '2022-01-22 08:24:33', '2022-01-22 08:24:33'),
(92, 92, '92.mp3', '92.webm', NULL, '2022-01-22 08:24:33', '2022-01-22 08:24:33'),
(93, 93, '93.mp3', '93.webm', NULL, '2022-01-22 08:24:33', '2022-01-22 08:24:33'),
(94, 94, '94.mp3', '94.webm', NULL, '2022-01-22 08:24:33', '2022-01-22 08:24:33'),
(95, 95, '95.mp3', '95.webm', NULL, '2022-01-22 08:24:33', '2022-01-22 08:24:33'),
(96, 96, '96.mp3', '96.webm', NULL, '2022-01-22 08:24:33', '2022-01-22 08:24:33'),
(97, 97, '97.mp3', '97.webm', NULL, '2022-01-22 08:24:33', '2022-01-22 08:24:33'),
(98, 98, '98.mp3', '98.webm', NULL, '2022-01-22 08:24:33', '2022-01-22 08:24:33'),
(99, 99, '99.mp3', '99.webm', NULL, '2022-01-22 08:24:33', '2022-01-22 08:24:33'),
(100, 100, '100.mp3', '100.webm', NULL, '2022-01-22 08:24:33', '2022-01-22 08:24:33'),
(101, 101, '101.mp3', '101.webm', NULL, '2022-01-22 08:24:33', '2022-01-22 08:24:33'),
(102, 102, '102.mp3', '102.webm', NULL, '2022-01-22 08:24:33', '2022-01-22 08:24:33'),
(103, 103, '103.mp3', '103.webm', NULL, '2022-01-22 08:24:33', '2022-01-22 08:24:33'),
(104, 104, '104.mp3', '104.webm', NULL, '2022-01-22 08:24:33', '2022-01-22 08:24:33'),
(105, 105, '105.mp3', '105.webm', NULL, '2022-01-22 08:24:33', '2022-01-22 08:24:33'),
(106, 106, '106.mp3', '106.webm', NULL, '2022-01-22 08:24:33', '2022-01-22 08:24:33'),
(107, 107, '107.mp3', '107.webm', NULL, '2022-01-22 08:24:33', '2022-01-22 08:24:33'),
(108, 108, '108.mp3', '108.webm', NULL, '2022-01-22 08:24:33', '2022-01-22 08:24:33'),
(109, 109, '109.mp3', '109.webm', NULL, '2022-01-22 08:24:33', '2022-01-22 08:24:33'),
(110, 110, '110.mp3', '110.webm', NULL, '2022-01-22 08:24:33', '2022-01-22 08:24:33'),
(111, 111, '111.mp3', '111.webm', NULL, '2022-01-22 08:24:33', '2022-01-22 08:24:33'),
(112, 112, '112.mp3', '112.webm', NULL, '2022-01-22 08:24:33', '2022-01-22 08:24:33'),
(113, 113, '113.mp3', '113.webm', NULL, '2022-01-22 08:24:33', '2022-01-22 08:24:33'),
(114, 114, '114.mp3', '114.webm', NULL, '2022-01-22 08:24:33', '2022-01-22 08:24:33'),
(115, 115, '115.mp3', '115.webm', NULL, '2022-01-22 08:24:33', '2022-01-22 08:24:33'),
(116, 116, '116.mp3', '116.webm', NULL, '2022-01-22 08:24:33', '2022-01-22 08:24:33'),
(117, 117, '1329787825620eb27d5153d.mp3', NULL, NULL, '2022-02-17 22:39:25', '2022-02-17 22:39:25'),
(118, 117, '2084626162620eb27d522a2.mp3', NULL, NULL, '2022-02-17 22:39:25', '2022-02-17 22:39:25'),
(119, 117, NULL, '100843230620eb27d52ee8.webm', NULL, '2022-02-17 22:39:25', '2022-02-17 22:39:25');

-- --------------------------------------------------------

--
-- Table structure for table `regulations`
--

CREATE TABLE `regulations` (
  `id` bigint UNSIGNED NOT NULL,
  `creator_id` bigint UNSIGNED NOT NULL,
  `service_id` bigint UNSIGNED NOT NULL,
  `deleted_at` timestamp NULL DEFAULT NULL,
  `created_at` timestamp NULL DEFAULT NULL,
  `updated_at` timestamp NULL DEFAULT NULL
) ENGINE=InnoDB DEFAULT CHARSET=utf8mb4 COLLATE=utf8mb4_unicode_ci;

-- --------------------------------------------------------

--
-- Table structure for table `regulation_images`
--

CREATE TABLE `regulation_images` (
  `id` bigint UNSIGNED NOT NULL,
  `image` varchar(191) CHARACTER SET utf8mb4 COLLATE utf8mb4_unicode_ci NOT NULL,
  `regulation_id` bigint UNSIGNED NOT NULL,
  `creator_id` bigint UNSIGNED NOT NULL,
  `deleted_at` timestamp NULL DEFAULT NULL,
  `created_at` timestamp NULL DEFAULT NULL,
  `updated_at` timestamp NULL DEFAULT NULL
) ENGINE=InnoDB DEFAULT CHARSET=utf8mb4 COLLATE=utf8mb4_unicode_ci;

-- --------------------------------------------------------

--
-- Table structure for table `regulation_translations`
--

CREATE TABLE `regulation_translations` (
  `id` bigint UNSIGNED NOT NULL,
  `desc` text CHARACTER SET utf8mb4 COLLATE utf8mb4_unicode_ci NOT NULL,
  `locale` varchar(191) CHARACTER SET utf8mb4 COLLATE utf8mb4_unicode_ci NOT NULL,
  `regulation_id` bigint UNSIGNED NOT NULL,
  `deleted_at` timestamp NULL DEFAULT NULL,
  `created_at` timestamp NULL DEFAULT NULL,
  `updated_at` timestamp NULL DEFAULT NULL
) ENGINE=InnoDB DEFAULT CHARSET=utf8mb4 COLLATE=utf8mb4_unicode_ci;

-- --------------------------------------------------------

--
-- Table structure for table `regulation_translation_media`
--

CREATE TABLE `regulation_translation_media` (
  `id` bigint UNSIGNED NOT NULL,
  `regulation_translation_id` bigint UNSIGNED NOT NULL,
  `desc_sound` varchar(191) CHARACTER SET utf8mb4 COLLATE utf8mb4_unicode_ci DEFAULT NULL,
  `desc_video` varchar(191) CHARACTER SET utf8mb4 COLLATE utf8mb4_unicode_ci DEFAULT NULL,
  `deleted_at` timestamp NULL DEFAULT NULL,
  `created_at` timestamp NULL DEFAULT NULL,
  `updated_at` timestamp NULL DEFAULT NULL
) ENGINE=InnoDB DEFAULT CHARSET=utf8mb4 COLLATE=utf8mb4_unicode_ci;

-- --------------------------------------------------------

--
-- Table structure for table `roles`
--

CREATE TABLE `roles` (
  `id` bigint UNSIGNED NOT NULL,
  `name` varchar(191) CHARACTER SET utf8mb4 COLLATE utf8mb4_unicode_ci NOT NULL,
  `guard_name` varchar(191) CHARACTER SET utf8mb4 COLLATE utf8mb4_unicode_ci NOT NULL,
  `created_at` timestamp NULL DEFAULT NULL,
  `updated_at` timestamp NULL DEFAULT NULL
) ENGINE=InnoDB DEFAULT CHARSET=utf8mb4 COLLATE=utf8mb4_unicode_ci;

--
-- Dumping data for table `roles`
--

INSERT INTO `roles` (`id`, `name`, `guard_name`, `created_at`, `updated_at`) VALUES
(1, 'super-admin', 'web', '2022-01-20 13:31:39', '2022-01-20 13:31:39'),
(2, 'staff', 'web', '2022-01-26 16:47:17', '2022-01-26 16:47:17'),
(3, 'manager', 'web', '2022-01-29 20:09:06', '2022-01-29 20:09:06');

-- --------------------------------------------------------

--
-- Table structure for table `role_has_permissions`
--

CREATE TABLE `role_has_permissions` (
  `permission_id` bigint UNSIGNED NOT NULL,
  `role_id` bigint UNSIGNED NOT NULL
) ENGINE=InnoDB DEFAULT CHARSET=utf8mb4 COLLATE=utf8mb4_unicode_ci;

--
-- Dumping data for table `role_has_permissions`
--

INSERT INTO `role_has_permissions` (`permission_id`, `role_id`) VALUES
(2, 1),
(3, 1),
(4, 1),
(5, 1),
(6, 1),
(7, 1),
(8, 1),
(9, 1),
(10, 1),
(11, 1),
(12, 1),
(13, 1),
(14, 1),
(2, 2),
(3, 2),
(2, 3),
(3, 3),
(4, 3),
(6, 3),
(10, 3),
(13, 3);

-- --------------------------------------------------------

--
-- Table structure for table `services`
--

CREATE TABLE `services` (
  `id` bigint UNSIGNED NOT NULL,
  `parent_id` bigint UNSIGNED DEFAULT NULL,
  `creator_id` bigint UNSIGNED NOT NULL,
  `deleted_at` timestamp NULL DEFAULT NULL,
  `created_at` timestamp NULL DEFAULT NULL,
  `updated_at` timestamp NULL DEFAULT NULL
) ENGINE=InnoDB DEFAULT CHARSET=utf8mb4 COLLATE=utf8mb4_unicode_ci;

--
-- Dumping data for table `services`
--

INSERT INTO `services` (`id`, `parent_id`, `creator_id`, `deleted_at`, `created_at`, `updated_at`) VALUES
(2, NULL, 1, NULL, '2022-01-20 14:26:47', '2022-01-20 14:26:47'),
(3, NULL, 1, NULL, '2022-01-20 14:26:47', '2022-01-20 14:26:47'),
(4, NULL, 1, NULL, '2022-01-20 14:26:47', '2022-01-20 14:26:47'),
(5, 4, 1, NULL, '2022-01-20 14:26:47', '2022-01-20 14:26:47'),
(6, 4, 1, NULL, '2022-01-20 14:26:47', '2022-01-20 14:26:47'),
(7, 4, 1, NULL, '2022-01-20 14:26:47', '2022-01-20 14:26:47'),
(8, 4, 1, NULL, '2022-01-20 14:26:47', '2022-01-20 14:26:47'),
(9, NULL, 1, NULL, '2022-01-20 14:26:47', '2022-01-20 14:26:47'),
(10, NULL, 1, NULL, '2022-01-20 14:26:47', '2022-01-20 14:26:47'),
(11, NULL, 1, NULL, '2022-01-20 14:26:47', '2022-01-20 14:26:47'),
(12, NULL, 1, NULL, '2022-01-20 14:26:47', '2022-01-20 14:26:47'),
(13, NULL, 1, NULL, '2022-01-20 14:26:47', '2022-01-20 14:26:47'),
(14, NULL, 1, NULL, '2022-01-20 14:26:47', '2022-01-20 14:26:47'),
(15, NULL, 1, NULL, '2022-01-20 14:26:47', '2022-01-20 14:26:47'),
(16, NULL, 1, NULL, '2022-01-20 14:26:47', '2022-01-20 14:26:47'),
(17, NULL, 1, NULL, '2022-01-20 14:26:47', '2022-01-20 14:26:47'),
(18, NULL, 1, NULL, '2022-01-20 14:26:47', '2022-01-20 14:26:47'),
(19, NULL, 1, NULL, '2022-01-20 14:26:47', '2022-01-20 14:26:47'),
(20, NULL, 1, NULL, '2022-01-20 14:26:47', '2022-01-20 14:26:47'),
(21, NULL, 1, NULL, '2022-01-20 14:26:47', '2022-01-20 14:26:47'),
(22, NULL, 1, NULL, '2022-01-20 14:26:47', '2022-01-20 14:26:47'),
(23, NULL, 1, NULL, '2022-01-20 14:26:47', '2022-01-20 14:26:47'),
(24, NULL, 1, NULL, '2022-01-20 14:26:47', '2022-01-20 14:26:47'),
(25, NULL, 1, NULL, '2022-01-20 14:26:47', '2022-01-20 14:26:47'),
(26, NULL, 1, NULL, '2022-01-20 14:26:47', '2022-01-20 14:26:47'),
(27, NULL, 1, NULL, '2022-01-20 14:26:47', '2022-01-20 14:26:47'),
(28, NULL, 1, NULL, '2022-01-20 14:26:47', '2022-01-20 14:26:47'),
(29, 28, 1, NULL, '2022-01-20 14:26:47', '2022-01-20 14:26:47'),
(30, 28, 1, NULL, '2022-01-20 14:26:47', '2022-01-20 14:26:47'),
(31, 28, 1, NULL, '2022-01-20 14:26:47', '2022-01-20 14:26:47'),
(32, 28, 1, NULL, '2022-01-20 14:26:47', '2022-01-20 14:26:47'),
(33, NULL, 1, '2022-01-30 12:55:15', '2022-01-30 12:51:07', '2022-01-30 12:55:15'),
(34, NULL, 1, '2022-01-30 12:58:41', '2022-01-30 12:56:44', '2022-01-30 12:58:41');

-- --------------------------------------------------------

--
-- Table structure for table `service_images`
--

CREATE TABLE `service_images` (
  `id` bigint UNSIGNED NOT NULL,
  `image` varchar(191) CHARACTER SET utf8mb4 COLLATE utf8mb4_unicode_ci NOT NULL,
  `service_id` bigint UNSIGNED NOT NULL,
  `creator_id` bigint UNSIGNED NOT NULL,
  `deleted_at` timestamp NULL DEFAULT NULL,
  `created_at` timestamp NULL DEFAULT NULL,
  `updated_at` timestamp NULL DEFAULT NULL
) ENGINE=InnoDB DEFAULT CHARSET=utf8mb4 COLLATE=utf8mb4_unicode_ci;

--
-- Dumping data for table `service_images`
--

INSERT INTO `service_images` (`id`, `image`, `service_id`, `creator_id`, `deleted_at`, `created_at`, `updated_at`) VALUES
(1, '2.jpg', 2, 1, NULL, '2022-01-20 14:33:16', '2022-01-20 14:33:16'),
(2, '3.jpg', 3, 1, NULL, '2022-01-20 14:33:16', '2022-01-20 14:33:16'),
(3, '4.jpg', 4, 1, NULL, '2022-01-20 14:33:17', '2022-01-20 14:33:17'),
(4, '5.jpg', 5, 1, NULL, '2022-01-20 14:33:17', '2022-01-20 14:33:17'),
(5, '6.jpg', 6, 1, NULL, '2022-01-20 14:33:17', '2022-01-20 14:33:17'),
(6, '7.jpg', 7, 1, NULL, '2022-01-20 14:33:17', '2022-01-20 14:33:17'),
(7, '8.jpg', 8, 1, NULL, '2022-01-20 14:33:17', '2022-01-20 14:33:17'),
(8, '9.jpg', 9, 1, NULL, '2022-01-20 14:33:17', '2022-01-20 14:33:17'),
(9, '10.jpg', 10, 1, NULL, '2022-01-20 14:33:17', '2022-01-20 14:33:17'),
(10, '11.jpg', 11, 1, NULL, '2022-01-20 14:33:17', '2022-01-20 14:33:17'),
(11, '12.jpg', 12, 1, NULL, '2022-01-20 14:33:17', '2022-01-20 14:33:17'),
(12, '13.jpg', 13, 1, NULL, '2022-01-20 14:33:17', '2022-01-20 14:33:17'),
(13, '14.jpg', 14, 1, NULL, '2022-01-20 14:33:17', '2022-01-20 14:33:17'),
(14, '15.jpg', 15, 1, NULL, '2022-01-20 14:33:17', '2022-01-20 14:33:17'),
(15, '16.jpg', 16, 1, NULL, '2022-01-20 14:33:17', '2022-01-20 14:33:17'),
(16, '17.jpg', 17, 1, NULL, '2022-01-20 14:33:17', '2022-01-20 14:33:17'),
(17, '18.jpg', 18, 1, NULL, '2022-01-20 14:33:17', '2022-01-20 14:33:17'),
(18, '19.jpg', 19, 1, NULL, '2022-01-20 14:33:17', '2022-01-20 14:33:17'),
(19, '20.jpg', 20, 1, NULL, '2022-01-20 14:33:17', '2022-01-20 14:33:17'),
(20, '21.jpg', 21, 1, NULL, '2022-01-20 14:33:17', '2022-01-20 14:33:17'),
(21, '22.jpg', 22, 1, NULL, '2022-01-20 14:33:17', '2022-01-20 14:33:17'),
(22, '23.jpg', 23, 1, NULL, '2022-01-20 14:33:17', '2022-01-20 14:33:17'),
(23, '24.jpg', 24, 1, NULL, '2022-01-20 14:33:17', '2022-01-20 14:33:17'),
(24, '25.jpg', 25, 1, NULL, '2022-01-20 14:33:17', '2022-01-20 14:33:17'),
(25, '26.jpg', 26, 1, NULL, '2022-01-20 14:33:17', '2022-01-20 14:33:17'),
(26, '27.jpg', 27, 1, NULL, '2022-01-20 14:33:17', '2022-01-20 14:33:17'),
(27, '28.jpg', 28, 1, NULL, '2022-01-20 14:33:17', '2022-01-20 14:33:17'),
(28, '29.jpg', 29, 1, NULL, '2022-01-20 14:33:17', '2022-01-20 14:33:17'),
(29, '30.jpg', 30, 1, NULL, '2022-01-20 14:33:17', '2022-01-20 14:33:17'),
(30, '31.jpg', 31, 1, NULL, '2022-01-20 14:33:17', '2022-01-20 14:33:17'),
(31, '32.jpg', 32, 1, NULL, '2022-01-20 14:33:17', '2022-01-20 14:33:17'),
(32, '187672396661f66eed953a0.PNG', 34, 1, NULL, '2022-01-30 12:56:45', '2022-01-30 12:56:45');

-- --------------------------------------------------------

--
-- Table structure for table `service_translations`
--

CREATE TABLE `service_translations` (
  `id` bigint UNSIGNED NOT NULL,
  `title` varchar(191) CHARACTER SET utf8mb4 COLLATE utf8mb4_unicode_ci NOT NULL,
  `desc` varchar(191) CHARACTER SET utf8mb4 COLLATE utf8mb4_unicode_ci NOT NULL,
  `locale` varchar(191) CHARACTER SET utf8mb4 COLLATE utf8mb4_unicode_ci NOT NULL,
  `service_id` bigint UNSIGNED NOT NULL,
  `deleted_at` timestamp NULL DEFAULT NULL,
  `created_at` timestamp NULL DEFAULT NULL,
  `updated_at` timestamp NULL DEFAULT NULL
) ENGINE=InnoDB DEFAULT CHARSET=utf8mb4 COLLATE=utf8mb4_unicode_ci;

--
-- Dumping data for table `service_translations`
--

INSERT INTO `service_translations` (`id`, `title`, `desc`, `locale`, `service_id`, `deleted_at`, `created_at`, `updated_at`) VALUES
(1, 'شهادة بيانات تعاقد / مصالحة', '<p>طلب المشترك الحصول علي شهاده تفيد أنه متعاقد او متصالح مع شركة التوزيع</p>', 'ar', 2, NULL, '2022-01-20 14:26:47', '2022-01-22 10:58:50'),
(2, 'شهادة بيانات استهلاك خلال فترة', '<p>طلب المشترك الحصول علي شهاده تفيد استهلاكة خلال فترة</p>', 'ar', 3, NULL, '2022-01-20 14:26:47', '2022-01-22 10:59:37'),
(3, 'تركيب عداد', '<p>طلب المشترك تركيب عداد جديد</p>', 'ar', 4, NULL, '2022-01-20 14:26:47', '2022-01-22 10:59:55'),
(4, 'تركيب عداد قانوني لأول مرة', '<p>طلب المشترك تركيب عداد جديد بالوحدة لاول مرة العقار به وصلة أرضية</p>', 'ar', 5, NULL, '2022-01-20 14:26:47', '2022-01-22 11:00:10'),
(5, 'تركيب عداد كودي', '<p>تركيب عداد كودي للمواطنين الذين يستمدون تيار كهربائي بصورة غير فانونية لمحاسبتهم علي استهلاكهم بدقة العقار به وصلة أرضية</p>', 'ar', 6, NULL, '2022-01-20 14:26:47', '2022-01-22 11:00:29'),
(6, 'ترکیب عداد بدل تالف', '<p>تركيب عداد جديد بدلا من العداد العداد التالف</p>', 'ar', 7, NULL, '2022-01-20 14:26:47', '2022-01-22 11:04:17'),
(7, 'ترکیب عداد بدل فاقد', '<p>تركيب عداد جديد بدلا من العداد المفقود</p>', 'ar', 8, NULL, '2022-01-20 14:26:47', '2022-01-22 11:04:42'),
(8, 'تغيير اسم صاحب العداد', '<p>تغيير إسم المتعاقد علي العداد</p>', 'ar', 9, NULL, '2022-01-20 14:26:47', '2022-01-22 11:04:54'),
(9, 'طلب فحص عداد', '<p>فحص عداد مشترك بناء علي طلبه</p>', 'ar', 10, NULL, '2022-01-20 14:26:47', '2022-01-22 11:05:10'),
(10, 'طلب رفع عداد', '<p>طلب رفع العداد من المشترك</p>', 'ar', 11, NULL, '2022-01-20 14:26:47', '2022-01-22 11:05:29'),
(11, 'استبدال عداد بقدرة أكبر', '<p>طلب المنتفع تركيب عداد بقدرة أكبر يتناسب مع زيادة الاحمال عن القدرة المتعاقد عليها</p>', 'ar', 12, NULL, '2022-01-20 14:26:47', '2022-01-22 11:05:44'),
(12, 'تعديل توصيلة   داخلية - خارجية', '<p>طلب المنتفع تعديل توصيلة الكهرباء الخاصة به</p>', 'ar', 13, NULL, '2022-01-20 14:26:47', '2022-01-22 11:05:56'),
(13, 'جدولة مديونية على اقساط شهرية', '<p>طلب تقسيط المديونية علي اقساط شهرية عن المديونية المستحقة وليس تراكم الاستهلاك</p>', 'ar', 14, NULL, '2022-01-20 14:26:47', '2022-01-22 11:06:09'),
(14, 'توصيل التيار الكهربائي للمباني السكنية القانونية', '<p>توصيل التيار الكهربائي للمباني السكنية الصادر لها موافقة من الحي المختص علي التوصيل</p>', 'ar', 15, NULL, '2022-01-20 14:26:47', '2022-01-22 11:06:24'),
(15, 'توصيل التيار الكهربائي للمنشآت الاستثمارية', '<p>توصيل التيار الكهربي للمشروعات الاستثمارية</p>', 'ar', 16, NULL, '2022-01-20 14:26:47', '2022-01-22 11:06:39'),
(16, 'توصيل تيار مؤقت', '<p>توصيل الكهرباء بصفة مؤقتة لحين استكمال الإنشاءات</p>', 'ar', 17, NULL, '2022-01-20 14:26:47', '2022-01-22 11:06:52'),
(17, 'توصيل التيار الكهربائي للمباني غير القانونية', '<p>اتخاذ الاجراءات الفنية اللازمة لتأهيل المبني لتركيب العدادات الكودية المؤقته لقياس استهلاك الكهرباء الموصل بوسائل غير قانونية</p>', 'ar', 18, NULL, '2022-01-20 14:26:47', '2022-01-22 11:07:07'),
(18, 'سداد دفعة مقدمة تحت الحساب', '<p>قيام المشترك بسداد دفعة مقدمة تحت حساب استهلاك الكهرباء نظرا لتغيبه عن المكان أو رغبته في السداد مقدما</p>', 'ar', 19, NULL, '2022-01-20 14:26:47', '2022-01-22 11:07:19'),
(19, 'مبيعات لمبات LED', '<p>طلب شراء لمبات LED نقدا أو بالتقسيط</p>', 'ar', 20, NULL, '2022-01-20 14:26:47', '2022-01-22 11:07:33'),
(20, 'تغيير نوع النشاط المتعاقد عليه', '<p>رغبة المشترك في تغيير نوع النشاط المتعاقد عليه</p>', 'ar', 21, NULL, '2022-01-20 14:26:47', '2022-01-22 11:07:50'),
(21, 'تصحيح قراءة خاطئة', '<p>تصحيح القراءة الخاطئة بالإيصال</p>', 'ar', 22, NULL, '2022-01-20 14:26:47', '2022-01-22 11:08:03'),
(22, 'إبلاغ عن قراءة العداد', '<p>يمكن للمواطن إبلاغ قراءة العداد بنفسه من خلال قنوات متعددة من ضمنها : - الخط الساخن 121 الذي يعمل علي مدار الساعة - الموقع الإلكتروني لشركات التوزيع</p>', 'ar', 23, NULL, '2022-01-20 14:26:47', '2022-01-22 11:08:16'),
(23, 'سداد الفواتير عن طريق منافذ السداد الالكتروني', '<p>اتاحة السداد النقدي وغير النقدي لقيمة فواتير الكهرباء عبر منافذ السداد الإلكتروني في انحاء الجمهورية</p>', 'ar', 24, NULL, '2022-01-20 14:26:47', '2022-01-22 11:08:28'),
(24, 'شحن کارت مسبق الدفع', '<p>شحن كارت عداد مسبق الدفع من خلال مراكز تقديم الخدمة بشركات توزيع الكهرباء أو منافذ السداد الإلكتروني في انحاء الجمهورية</p>', 'ar', 25, NULL, '2022-01-20 14:26:47', '2022-01-22 11:08:42'),
(25, 'استخراج کارت شحن بدل تالف او بدل فاقد', '<p>طلب استخراج كارت شحن بدل تالف او بدل فاقد</p>', 'ar', 26, NULL, '2022-01-20 14:26:47', '2022-01-22 11:09:04'),
(26, 'تصحيح اسم وبيانات مشترك', '<p>طلب تصحيح اسم او بيانات بايصال استهلاك الكهرباء</p>', 'ar', 27, NULL, '2022-01-20 14:26:47', '2022-01-22 11:09:18'),
(27, 'تلقي الشكاوي والبلاغات', '<p>يتم تلقي الشكاوي الواردة عبر قنوات التواصل وإحالتها إلكترونيا إلي الجهات المختصة ومتابعة الرد عليها</p>', 'ar', 28, NULL, '2022-01-20 14:26:47', '2022-01-22 11:09:34'),
(28, 'تلقي الشكاوي عن طريق الخط الساخن', '<p>تقديم شكوي من خلال الخط الساخن 121</p>', 'ar', 29, NULL, '2022-01-20 14:26:47', '2022-01-22 11:10:24'),
(29, 'تلقي الشكاوي عن طريق تطبيق المحمول', '<p>تقديم شكوي من خلال تطبيق المحمول</p>', 'ar', 30, NULL, '2022-01-20 14:26:47', '2022-01-22 11:11:09'),
(30, 'تلقي الشكاوي عن طريق الرسائل القصيرة', '<p>تقديم شكوي من خلال الرسائل النصية</p>', 'ar', 31, NULL, '2022-01-20 14:26:47', '2022-01-22 11:11:26'),
(31, 'تلقي الشكاوي عن طريق الموقع الألكتروني', '<p>تقديم شكوي من خلال الموقع الألكتروني</p>', 'ar', 32, NULL, '2022-01-20 14:26:47', '2022-01-22 11:11:40'),
(32, 'title in arabic', '<p>sdfgsdfgdfgdfbxgfdg</p>', 'ar', 33, NULL, '2022-01-30 12:51:07', '2022-01-30 12:51:07'),
(33, 'title in arabic', '<p>fghjgfxd&nbsp; fhhg sjhsgb serh&nbsp;</p>', 'ar', 34, NULL, '2022-01-30 12:56:44', '2022-01-30 12:56:44');

-- --------------------------------------------------------

--
-- Table structure for table `service_translation_media`
--

CREATE TABLE `service_translation_media` (
  `id` bigint UNSIGNED NOT NULL,
  `service_translation_id` bigint UNSIGNED NOT NULL,
  `title_sound` varchar(191) CHARACTER SET utf8mb4 COLLATE utf8mb4_unicode_ci DEFAULT NULL,
  `title_video` varchar(191) CHARACTER SET utf8mb4 COLLATE utf8mb4_unicode_ci DEFAULT NULL,
  `desc_sound` varchar(191) CHARACTER SET utf8mb4 COLLATE utf8mb4_unicode_ci DEFAULT NULL,
  `desc_video` varchar(191) CHARACTER SET utf8mb4 COLLATE utf8mb4_unicode_ci DEFAULT NULL,
  `deleted_at` timestamp NULL DEFAULT NULL,
  `created_at` timestamp NULL DEFAULT NULL,
  `updated_at` timestamp NULL DEFAULT NULL
) ENGINE=InnoDB DEFAULT CHARSET=utf8mb4 COLLATE=utf8mb4_unicode_ci;

--
-- Dumping data for table `service_translation_media`
--

INSERT INTO `service_translation_media` (`id`, `service_translation_id`, `title_sound`, `title_video`, `desc_sound`, `desc_video`, `deleted_at`, `created_at`, `updated_at`) VALUES
(1, 1, '2t.mp3', '2t.webm', '2.mp3', '2.webm', NULL, '2022-01-22 10:44:25', '2022-01-22 10:44:25'),
(2, 2, '3t.mp3', '3t.webm', '3.mp3', '3.webm', NULL, '2022-01-22 10:44:25', '2022-01-22 10:44:25'),
(3, 3, '4t.mp3', '4t.webm', '4.mp3', '4.webm', NULL, '2022-01-22 10:44:25', '2022-01-22 10:44:25'),
(4, 4, '5t.mp3', '5t.webm', '5.mp3', '5.webm', NULL, '2022-01-22 10:44:25', '2022-01-22 10:44:25'),
(5, 5, '6t.mp3', '6t.webm', '6.mp3', '6.webm', NULL, '2022-01-22 10:44:25', '2022-01-22 10:44:25'),
(6, 6, '7t.mp3', '7t.webm', '7.mp3', '7.webm', NULL, '2022-01-22 10:44:25', '2022-01-22 10:44:25'),
(7, 7, '8t.mp3', '8t.webm', '8.mp3', '8.webm', NULL, '2022-01-22 10:44:25', '2022-01-22 10:44:25'),
(8, 8, '9t.mp3', '9t.webm', '9.mp3', '9.webm', NULL, '2022-01-22 10:44:25', '2022-01-22 10:44:25'),
(9, 9, '10t.mp3', '10t.webm', '10.mp3', '10.webm', NULL, '2022-01-22 10:44:25', '2022-01-22 10:44:25'),
(10, 10, '11t.mp3', '11t.webm', '11.mp3', '11.webm', NULL, '2022-01-22 10:44:25', '2022-01-22 10:44:25'),
(11, 11, '12t.mp3', '12t.webm', '12.mp3', '12.webm', NULL, '2022-01-22 10:44:25', '2022-01-22 10:44:25'),
(12, 12, '13t.mp3', '13t.webm', '13.mp3', '13.webm', NULL, '2022-01-22 10:44:25', '2022-01-22 10:44:25'),
(13, 13, '14t.mp3', '14t.webm', '14.mp3', '14.webm', NULL, '2022-01-22 10:44:25', '2022-01-22 10:44:25'),
(14, 14, '15t.mp3', '15t.webm', '15.mp3', '15.webm', NULL, '2022-01-22 10:44:25', '2022-01-22 10:44:25'),
(15, 15, '16t.mp3', '16t.webm', '16.mp3', '16.webm', NULL, '2022-01-22 10:44:25', '2022-01-22 10:44:25'),
(16, 16, '17t.mp3', '17t.webm', '17.mp3', '17.webm', NULL, '2022-01-22 10:44:25', '2022-01-22 10:44:25'),
(17, 17, '18t.mp3', '18t.webm', '18.mp3', '18.webm', NULL, '2022-01-22 10:44:25', '2022-01-22 10:44:25'),
(18, 18, '19t.mp3', '19t.webm', '19.mp3', '19.webm', NULL, '2022-01-22 10:44:25', '2022-01-22 10:44:25'),
(19, 19, '20t.mp3', '20t.webm', '20.mp3', '20.webm', NULL, '2022-01-22 10:44:25', '2022-01-22 10:44:25'),
(20, 20, '21t.mp3', '21t.webm', '21.mp3', '21.webm', NULL, '2022-01-22 10:44:25', '2022-01-22 10:44:25'),
(21, 21, '22t.mp3', '22t.webm', '22.mp3', '22.webm', NULL, '2022-01-22 10:44:25', '2022-01-22 10:44:25'),
(22, 22, '23t.mp3', '23t.webm', '23.mp3', '23.webm', NULL, '2022-01-22 10:44:25', '2022-01-22 10:44:25'),
(23, 23, '24t.mp3', '24t.webm', '24.mp3', '24.webm', NULL, '2022-01-22 10:44:25', '2022-01-22 10:44:25'),
(24, 24, '25t.mp3', '25t.webm', '25.mp3', '25.webm', NULL, '2022-01-22 10:44:25', '2022-01-22 10:44:25'),
(25, 25, '26t.mp3', '26t.webm', '26.mp3', '26.webm', NULL, '2022-01-22 10:44:25', '2022-01-22 10:44:25'),
(26, 26, '27t.mp3', '27t.webm', '27.mp3', '27.webm', NULL, '2022-01-22 10:44:25', '2022-01-22 10:44:25'),
(27, 27, '28t.mp3', '28t.webm', '28.mp3', '28.webm', NULL, '2022-01-22 10:44:25', '2022-01-22 10:44:25'),
(28, 28, '29t.mp3', '29t.webm', '29.mp3', '29.webm', NULL, '2022-01-22 10:44:25', '2022-01-22 10:44:25'),
(29, 29, '30t.mp3', '30t.webm', '30.mp3', '30.webm', NULL, '2022-01-22 10:44:25', '2022-01-22 10:44:25'),
(30, 30, '31t.mp3', '31t.webm', '31.mp3', '31.webm', NULL, '2022-01-22 10:44:25', '2022-01-22 10:44:25'),
(31, 31, '32t.mp3', '32t.webm', '32.mp3', '32.webm', NULL, '2022-01-22 10:44:25', '2022-01-22 10:44:25'),
(32, 32, '59023240461f66e183ef4f.mp3', NULL, NULL, NULL, NULL, '2022-01-30 12:53:12', '2022-01-30 12:53:12'),
(33, 32, NULL, '41789491961f66e7087e65.mp4', NULL, NULL, NULL, '2022-01-30 12:54:40', '2022-01-30 12:54:40'),
(34, 33, '65142725461f66eed96338.mp3', NULL, NULL, NULL, NULL, '2022-01-30 12:56:45', '2022-01-30 12:56:45'),
(35, 33, NULL, NULL, '200225789061f66eed96f31.mp3', NULL, NULL, '2022-01-30 12:56:45', '2022-01-30 12:56:45'),
(36, 33, NULL, '191004237361f66eed97c51.mp4', NULL, NULL, NULL, '2022-01-30 12:56:45', '2022-01-30 12:56:45'),
(37, 33, NULL, NULL, NULL, '3278231961f66eed98e7a.mp4', NULL, '2022-01-30 12:56:45', '2022-01-30 12:56:45');

-- --------------------------------------------------------

--
-- Table structure for table `states`
--

CREATE TABLE `states` (
  `id` bigint UNSIGNED NOT NULL,
  `country_id` bigint UNSIGNED NOT NULL,
  `creator_id` bigint UNSIGNED NOT NULL,
  `deleted_at` timestamp NULL DEFAULT NULL,
  `created_at` timestamp NULL DEFAULT NULL,
  `updated_at` timestamp NULL DEFAULT NULL
) ENGINE=InnoDB DEFAULT CHARSET=utf8mb4 COLLATE=utf8mb4_unicode_ci;

--
-- Dumping data for table `states`
--

INSERT INTO `states` (`id`, `country_id`, `creator_id`, `deleted_at`, `created_at`, `updated_at`) VALUES
(1, 1, 1, NULL, '2022-01-20 13:31:34', '2022-01-20 13:31:34'),
(2, 1, 1, NULL, '2022-01-20 13:31:34', '2022-01-20 13:31:34'),
(3, 1, 1, NULL, '2022-01-20 13:31:34', '2022-01-20 13:31:34'),
(4, 1, 1, NULL, '2022-01-20 13:31:34', '2022-01-20 13:31:34'),
(5, 1, 1, NULL, '2022-01-20 13:31:34', '2022-01-20 13:31:34'),
(6, 1, 1, NULL, '2022-01-20 13:31:34', '2022-01-20 13:31:34'),
(7, 1, 1, NULL, '2022-01-20 13:31:34', '2022-01-20 13:31:34'),
(8, 1, 1, NULL, '2022-01-20 13:31:34', '2022-01-20 13:31:34'),
(9, 1, 1, NULL, '2022-01-20 13:31:35', '2022-01-20 13:31:35'),
(10, 1, 1, NULL, '2022-01-20 13:31:35', '2022-01-20 13:31:35'),
(11, 1, 1, NULL, '2022-01-20 13:31:35', '2022-01-20 13:31:35'),
(12, 1, 1, NULL, '2022-01-20 13:31:35', '2022-01-20 13:31:35'),
(13, 1, 1, NULL, '2022-01-20 13:31:35', '2022-01-20 13:31:35'),
(14, 1, 1, NULL, '2022-01-20 13:31:35', '2022-01-20 13:31:35'),
(15, 1, 1, NULL, '2022-01-20 13:31:35', '2022-01-20 13:31:35'),
(16, 1, 1, NULL, '2022-01-20 13:31:35', '2022-01-20 13:31:35'),
(17, 1, 1, NULL, '2022-01-20 13:31:35', '2022-01-20 13:31:35'),
(18, 1, 1, NULL, '2022-01-20 13:31:35', '2022-01-20 13:31:35'),
(19, 1, 1, NULL, '2022-01-20 13:31:35', '2022-01-20 13:31:35'),
(20, 1, 1, NULL, '2022-01-20 13:31:35', '2022-01-20 13:31:35'),
(21, 1, 1, NULL, '2022-01-20 13:31:35', '2022-01-20 13:31:35'),
(22, 1, 1, NULL, '2022-01-20 13:31:35', '2022-01-20 13:31:35'),
(23, 1, 1, NULL, '2022-01-20 13:31:35', '2022-01-20 13:31:35'),
(24, 1, 1, NULL, '2022-01-20 13:31:35', '2022-01-20 13:31:35'),
(25, 1, 1, NULL, '2022-01-20 13:31:35', '2022-01-20 13:31:35'),
(26, 1, 1, NULL, '2022-01-20 13:31:35', '2022-01-20 13:31:35'),
(27, 1, 1, NULL, '2022-01-20 13:31:35', '2022-01-20 13:31:35'),
(28, 1, 1, NULL, '2022-03-20 13:54:07', '2022-03-20 13:54:07');

-- --------------------------------------------------------

--
-- Table structure for table `state_sounds`
--

CREATE TABLE `state_sounds` (
  `id` bigint UNSIGNED NOT NULL,
  `state_id` bigint UNSIGNED NOT NULL,
  `creator_id` bigint UNSIGNED NOT NULL,
  `deleted_at` timestamp NULL DEFAULT NULL,
  `created_at` timestamp NULL DEFAULT NULL,
  `updated_at` timestamp NULL DEFAULT NULL
) ENGINE=InnoDB DEFAULT CHARSET=utf8mb4 COLLATE=utf8mb4_unicode_ci;

--
-- Dumping data for table `state_sounds`
--

INSERT INTO `state_sounds` (`id`, `state_id`, `creator_id`, `deleted_at`, `created_at`, `updated_at`) VALUES
(28, 1, 1, NULL, '2022-03-20 12:57:29', '2022-03-20 12:57:29'),
(29, 2, 1, NULL, '2022-03-20 12:57:29', '2022-03-20 12:57:29'),
(30, 3, 1, NULL, '2022-03-20 12:57:29', '2022-03-20 12:57:29'),
(31, 4, 1, NULL, '2022-03-20 12:57:29', '2022-03-20 12:57:29'),
(32, 5, 1, NULL, '2022-03-20 12:57:29', '2022-03-20 12:57:29'),
(33, 6, 1, NULL, '2022-03-20 12:57:29', '2022-03-20 12:57:29'),
(34, 7, 1, NULL, '2022-03-20 12:57:29', '2022-03-20 12:57:29'),
(35, 8, 1, NULL, '2022-03-20 12:57:29', '2022-03-20 12:57:29'),
(36, 9, 1, NULL, '2022-03-20 12:57:29', '2022-03-20 12:57:29'),
(37, 10, 1, NULL, '2022-03-20 12:57:29', '2022-03-20 12:57:29'),
(38, 11, 1, NULL, '2022-03-20 12:57:29', '2022-03-20 12:57:29'),
(39, 12, 1, NULL, '2022-03-20 12:57:29', '2022-03-20 12:57:29'),
(40, 13, 1, NULL, '2022-03-20 12:57:29', '2022-03-20 12:57:29'),
(41, 14, 1, NULL, '2022-03-20 12:57:29', '2022-03-20 12:57:29'),
(42, 15, 1, NULL, '2022-03-20 12:57:29', '2022-03-20 12:57:29'),
(43, 16, 1, NULL, '2022-03-20 12:57:29', '2022-03-20 12:57:29'),
(44, 17, 1, NULL, '2022-03-20 12:57:29', '2022-03-20 12:57:29'),
(45, 18, 1, NULL, '2022-03-20 12:57:29', '2022-03-20 12:57:29'),
(46, 19, 1, NULL, '2022-03-20 12:57:29', '2022-03-20 12:57:29'),
(47, 20, 1, NULL, '2022-03-20 12:57:29', '2022-03-20 12:57:29'),
(48, 21, 1, NULL, '2022-03-20 12:57:29', '2022-03-20 12:57:29'),
(49, 22, 1, NULL, '2022-03-20 12:57:29', '2022-03-20 12:57:29'),
(50, 23, 1, NULL, '2022-03-20 12:57:29', '2022-03-20 12:57:29'),
(51, 24, 1, NULL, '2022-03-20 12:57:29', '2022-03-20 12:57:29'),
(52, 25, 1, NULL, '2022-03-20 12:57:29', '2022-03-20 12:57:29'),
(53, 26, 1, NULL, '2022-03-20 12:57:29', '2022-03-20 12:57:29'),
(54, 27, 1, NULL, '2022-03-20 12:57:29', '2022-03-20 12:57:29'),
(55, 28, 1, NULL, '2022-03-20 13:55:10', '2022-03-20 13:55:10');

-- --------------------------------------------------------

--
-- Table structure for table `state_sound_translations`
--

CREATE TABLE `state_sound_translations` (
  `id` bigint UNSIGNED NOT NULL,
  `state_sound_id` bigint UNSIGNED NOT NULL,
  `sound` varchar(191) CHARACTER SET utf8mb4 COLLATE utf8mb4_unicode_ci NOT NULL,
  `locale` varchar(191) CHARACTER SET utf8mb4 COLLATE utf8mb4_unicode_ci NOT NULL,
  `deleted_at` timestamp NULL DEFAULT NULL,
  `created_at` timestamp NULL DEFAULT NULL,
  `updated_at` timestamp NULL DEFAULT NULL
) ENGINE=InnoDB DEFAULT CHARSET=utf8mb4 COLLATE=utf8mb4_unicode_ci;

--
-- Dumping data for table `state_sound_translations`
--

INSERT INTO `state_sound_translations` (`id`, `state_sound_id`, `sound`, `locale`, `deleted_at`, `created_at`, `updated_at`) VALUES
(28, 28, '1.mp3', 'ar', NULL, '2022-03-20 12:57:29', '2022-03-20 12:57:29'),
(29, 29, '2.mp3', 'ar', NULL, '2022-03-20 12:57:29', '2022-03-20 12:57:29'),
(30, 30, '3.mp3', 'ar', NULL, '2022-03-20 12:57:29', '2022-03-20 12:57:29'),
(31, 31, '4.mp3', 'ar', NULL, '2022-03-20 12:57:29', '2022-03-20 12:57:29'),
(32, 32, '5.mp3', 'ar', NULL, '2022-03-20 12:57:29', '2022-03-20 12:57:29'),
(33, 33, '6.mp3', 'ar', NULL, '2022-03-20 12:57:29', '2022-03-20 12:57:29'),
(34, 34, '7.mp3', 'ar', NULL, '2022-03-20 12:57:29', '2022-03-20 12:57:29'),
(35, 35, '8.mp3', 'ar', NULL, '2022-03-20 12:57:29', '2022-03-20 12:57:29'),
(36, 36, '9.mp3', 'ar', NULL, '2022-03-20 12:57:29', '2022-03-20 12:57:29'),
(37, 37, '10.mp3', 'ar', NULL, '2022-03-20 12:57:29', '2022-03-20 12:57:29'),
(38, 38, '11.mp3', 'ar', NULL, '2022-03-20 12:57:29', '2022-03-20 12:57:29'),
(39, 39, '12.mp3', 'ar', NULL, '2022-03-20 12:57:29', '2022-03-20 12:57:29'),
(40, 40, '13.mp3', 'ar', NULL, '2022-03-20 12:57:29', '2022-03-20 12:57:29'),
(41, 41, '14.mp3', 'ar', NULL, '2022-03-20 12:57:29', '2022-03-20 12:57:29'),
(42, 42, '15.mp3', 'ar', NULL, '2022-03-20 12:57:29', '2022-03-20 12:57:29'),
(43, 43, '16.mp3', 'ar', NULL, '2022-03-20 12:57:29', '2022-03-20 12:57:29'),
(44, 44, '17.mp3', 'ar', NULL, '2022-03-20 12:57:29', '2022-03-20 12:57:29'),
(45, 45, '18.mp3', 'ar', NULL, '2022-03-20 12:57:29', '2022-03-20 12:57:29'),
(46, 46, '19.mp3', 'ar', NULL, '2022-03-20 12:57:29', '2022-03-20 12:57:29'),
(47, 47, '20.mp3', 'ar', NULL, '2022-03-20 12:57:29', '2022-03-20 12:57:29'),
(48, 48, '21.mp3', 'ar', NULL, '2022-03-20 12:57:29', '2022-03-20 12:57:29'),
(49, 49, '22.mp3', 'ar', NULL, '2022-03-20 12:57:29', '2022-03-20 12:57:29'),
(50, 50, '23.mp3', 'ar', NULL, '2022-03-20 12:57:29', '2022-03-20 12:57:29'),
(51, 51, '24.mp3', 'ar', NULL, '2022-03-20 12:57:29', '2022-03-20 12:57:29'),
(52, 52, '25.mp3', 'ar', NULL, '2022-03-20 12:57:29', '2022-03-20 12:57:29'),
(53, 53, '26.mp3', 'ar', NULL, '2022-03-20 12:57:29', '2022-03-20 12:57:29'),
(54, 54, '27.mp3', 'ar', NULL, '2022-03-20 12:57:29', '2022-03-20 12:57:29'),
(55, 55, '28.mp3', 'ar', NULL, '2022-03-20 13:57:40', '2022-03-20 13:57:40');

-- --------------------------------------------------------

--
-- Table structure for table `state_translations`
--

CREATE TABLE `state_translations` (
  `id` bigint UNSIGNED NOT NULL,
  `name` varchar(191) CHARACTER SET utf8mb4 COLLATE utf8mb4_unicode_ci NOT NULL,
  `state_id` bigint UNSIGNED NOT NULL,
  `locale` varchar(191) CHARACTER SET utf8mb4 COLLATE utf8mb4_unicode_ci NOT NULL,
  `deleted_at` timestamp NULL DEFAULT NULL,
  `created_at` timestamp NULL DEFAULT NULL,
  `updated_at` timestamp NULL DEFAULT NULL
) ENGINE=InnoDB DEFAULT CHARSET=utf8mb4 COLLATE=utf8mb4_unicode_ci;

--
-- Dumping data for table `state_translations`
--

INSERT INTO `state_translations` (`id`, `name`, `state_id`, `locale`, `deleted_at`, `created_at`, `updated_at`) VALUES
(1, 'القاهرة', 1, 'ar', NULL, '2022-01-20 13:31:34', '2022-01-20 13:31:34'),
(2, 'Cairo', 1, 'en', NULL, '2022-01-20 13:31:34', '2022-01-20 13:31:34'),
(3, 'الجيزة', 2, 'ar', NULL, '2022-01-20 13:31:34', '2022-01-20 13:31:34'),
(4, 'Giza', 2, 'en', NULL, '2022-01-20 13:31:34', '2022-01-20 13:31:34'),
(5, 'الأسكندرية', 3, 'ar', NULL, '2022-01-20 13:31:34', '2022-01-20 13:31:34'),
(6, 'Alexandria', 3, 'en', NULL, '2022-01-20 13:31:34', '2022-01-20 13:31:34'),
(7, 'الدقهلية', 4, 'ar', NULL, '2022-01-20 13:31:34', '2022-01-20 13:31:34'),
(8, 'Dakahlia', 4, 'en', NULL, '2022-01-20 13:31:34', '2022-01-20 13:31:34'),
(9, 'البحر الأحمر', 5, 'ar', NULL, '2022-01-20 13:31:34', '2022-01-20 13:31:34'),
(10, 'Red Sea', 5, 'en', NULL, '2022-01-20 13:31:34', '2022-01-20 13:31:34'),
(11, 'البحيرة', 6, 'ar', NULL, '2022-01-20 13:31:34', '2022-01-20 13:31:34'),
(12, 'Beheira', 6, 'en', NULL, '2022-01-20 13:31:34', '2022-01-20 13:31:34'),
(13, 'الفيوم', 7, 'ar', NULL, '2022-01-20 13:31:34', '2022-01-20 13:31:34'),
(14, 'Fayoum', 7, 'en', NULL, '2022-01-20 13:31:34', '2022-01-20 13:31:34'),
(15, 'الغربية', 8, 'ar', NULL, '2022-01-20 13:31:35', '2022-01-20 13:31:35'),
(16, 'Gharbiya', 8, 'en', NULL, '2022-01-20 13:31:35', '2022-01-20 13:31:35'),
(17, 'الإسماعلية', 9, 'ar', NULL, '2022-01-20 13:31:35', '2022-01-20 13:31:35'),
(18, 'Ismailia', 9, 'en', NULL, '2022-01-20 13:31:35', '2022-01-20 13:31:35'),
(19, 'المنوفية', 10, 'ar', NULL, '2022-01-20 13:31:35', '2022-01-20 13:31:35'),
(20, 'Menofia', 10, 'en', NULL, '2022-01-20 13:31:35', '2022-01-20 13:31:35'),
(21, 'المنيا', 11, 'ar', NULL, '2022-01-20 13:31:35', '2022-01-20 13:31:35'),
(22, 'Minya', 11, 'en', NULL, '2022-01-20 13:31:35', '2022-01-20 13:31:35'),
(23, 'القليوبية', 12, 'ar', NULL, '2022-01-20 13:31:35', '2022-01-20 13:31:35'),
(24, 'Qaliubiya', 12, 'en', NULL, '2022-01-20 13:31:35', '2022-01-20 13:31:35'),
(25, 'الوادي الجديد', 13, 'ar', NULL, '2022-01-20 13:31:35', '2022-01-20 13:31:35'),
(26, 'New Valley', 13, 'en', NULL, '2022-01-20 13:31:35', '2022-01-20 13:31:35'),
(27, 'السويس', 14, 'ar', NULL, '2022-01-20 13:31:35', '2022-01-20 13:31:35'),
(28, 'Suez', 14, 'en', NULL, '2022-01-20 13:31:35', '2022-01-20 13:31:35'),
(29, 'اسوان', 15, 'ar', NULL, '2022-01-20 13:31:35', '2022-01-20 13:31:35'),
(30, 'Aswan', 15, 'en', NULL, '2022-01-20 13:31:35', '2022-01-20 13:31:35'),
(31, 'اسيوط', 16, 'ar', NULL, '2022-01-20 13:31:35', '2022-01-20 13:31:35'),
(32, 'Assiut', 16, 'en', NULL, '2022-01-20 13:31:35', '2022-01-20 13:31:35'),
(33, 'بني سويف', 17, 'ar', NULL, '2022-01-20 13:31:35', '2022-01-20 13:31:35'),
(34, 'Beni Suef', 17, 'en', NULL, '2022-01-20 13:31:35', '2022-01-20 13:31:35'),
(35, 'بورسعيد', 18, 'ar', NULL, '2022-01-20 13:31:35', '2022-01-20 13:31:35'),
(36, 'Port Said', 18, 'en', NULL, '2022-01-20 13:31:35', '2022-01-20 13:31:35'),
(37, 'دمياط', 19, 'ar', NULL, '2022-01-20 13:31:35', '2022-01-20 13:31:35'),
(38, 'Damietta', 19, 'en', NULL, '2022-01-20 13:31:35', '2022-01-20 13:31:35'),
(39, 'الشرقية', 20, 'ar', NULL, '2022-01-20 13:31:35', '2022-01-20 13:31:35'),
(40, 'Sharkia', 20, 'en', NULL, '2022-01-20 13:31:35', '2022-01-20 13:31:35'),
(41, 'جنوب سيناء', 21, 'ar', NULL, '2022-01-20 13:31:35', '2022-01-20 13:31:35'),
(42, 'South Sinai', 21, 'en', NULL, '2022-01-20 13:31:35', '2022-01-20 13:31:35'),
(43, 'كفر الشيخ', 22, 'ar', NULL, '2022-01-20 13:31:35', '2022-01-20 13:31:35'),
(44, 'Kafr Al sheikh', 22, 'en', NULL, '2022-01-20 13:31:35', '2022-01-20 13:31:35'),
(45, 'مطروح', 23, 'ar', NULL, '2022-01-20 13:31:35', '2022-01-20 13:31:35'),
(46, 'Matrouh', 23, 'en', NULL, '2022-01-20 13:31:35', '2022-01-20 13:31:35'),
(47, 'الأقصر', 24, 'ar', NULL, '2022-01-20 13:31:35', '2022-01-20 13:31:35'),
(48, 'Luxor', 24, 'en', NULL, '2022-01-20 13:31:35', '2022-01-20 13:31:35'),
(49, 'قنا', 25, 'ar', NULL, '2022-01-20 13:31:35', '2022-01-20 13:31:35'),
(50, 'Qena', 25, 'en', NULL, '2022-01-20 13:31:35', '2022-01-20 13:31:35'),
(51, 'شمال سيناء', 26, 'ar', NULL, '2022-01-20 13:31:35', '2022-01-20 13:31:35'),
(52, 'North Sinai', 26, 'en', NULL, '2022-01-20 13:31:35', '2022-01-20 13:31:35'),
(53, 'سوهاج', 27, 'ar', NULL, '2022-01-20 13:31:35', '2022-01-20 13:31:35'),
(54, 'Sohag', 27, 'en', NULL, '2022-01-20 13:31:35', '2022-01-20 13:31:35'),
(55, 'المدن الجديدة', 28, 'ar', NULL, '2022-03-20 13:58:47', '2022-03-20 13:58:47'),
(56, 'New Cities', 28, 'en', NULL, '2022-03-20 13:58:47', '2022-03-20 13:58:47');

-- --------------------------------------------------------

--
-- Table structure for table `users`
--

CREATE TABLE `users` (
  `id` bigint UNSIGNED NOT NULL,
  `name` varchar(191) CHARACTER SET utf8mb4 COLLATE utf8mb4_unicode_ci NOT NULL,
  `email` varchar(191) CHARACTER SET utf8mb4 COLLATE utf8mb4_unicode_ci DEFAULT NULL,
  `email_verified_at` timestamp NULL DEFAULT NULL,
  `password` varchar(191) CHARACTER SET utf8mb4 COLLATE utf8mb4_unicode_ci DEFAULT NULL,
  `phone` varchar(191) CHARACTER SET utf8mb4 COLLATE utf8mb4_unicode_ci DEFAULT NULL,
  `ban` tinyint NOT NULL DEFAULT '0',
  `type` tinyint NOT NULL DEFAULT '1',
  `remember_token` varchar(100) CHARACTER SET utf8mb4 COLLATE utf8mb4_unicode_ci DEFAULT NULL,
  `access_token` text CHARACTER SET utf8mb4 COLLATE utf8mb4_unicode_ci,
  `UUID` text CHARACTER SET utf8mb4 COLLATE utf8mb4_unicode_ci COMMENT 'Fire Base Notifications',
  `image` varchar(191) CHARACTER SET utf8mb4 COLLATE utf8mb4_unicode_ci DEFAULT NULL,
  `qr_code` varchar(191) CHARACTER SET utf8mb4 COLLATE utf8mb4_unicode_ci DEFAULT NULL,
  `branch_id` bigint UNSIGNED DEFAULT NULL,
  `deleted_at` timestamp NULL DEFAULT NULL,
  `created_at` timestamp NULL DEFAULT NULL,
  `updated_at` timestamp NULL DEFAULT NULL
) ENGINE=InnoDB DEFAULT CHARSET=utf8mb4 COLLATE=utf8mb4_unicode_ci;

--
-- Dumping data for table `users`
--

INSERT INTO `users` (`id`, `name`, `email`, `email_verified_at`, `password`, `phone`, `ban`, `type`, `remember_token`, `access_token`, `UUID`, `image`, `qr_code`, `branch_id`, `deleted_at`, `created_at`, `updated_at`) VALUES
(1, 'super admin', 'admin@admin.com', NULL, '$2y$10$hjajS0ASqE7ijTa/SxGF7eaUv.WsiFzRKxaU/hkFysQM1Y2FnC8H2', NULL, 0, 0, 'im3tT1y7fsEm7HOyySJQ8MMAx3hQN1hq1TYLqUmzjcPkdg4UvPXGv0BH0i8P', NULL, NULL, NULL, NULL, NULL, NULL, '2022-01-20 13:31:39', '2022-01-29 19:43:56'),
(2, 'omar ezzat', 'omar10@gmail.com', NULL, '$2y$10$yTFelgvvDK/AKkUcvPYLTexmTKCYCpPLI5Zf.vnqVBmPwu5jZLvjW', '01001807845', 0, 1, 'GtbEzCmTx2bsEqTZEOX2S0VODVbs1WWYE9J8VFCK7oAz4OpY7LfYsIeQjqQk', '69|Yk41Jj7xzR5rCUvbjXCiKhA0ssMDVeAdy5Qa2nuM', NULL, '1645618249620bc7313524c.jpg', '139712_1643206729.svg', 832, NULL, '2022-01-26 16:18:49', '2022-02-15 17:31:13'),
(3, 'ahmed ibrahim', 'ahmed@m', NULL, '$2y$10$WjtnyRaGr.FiN46iGqTLe.GMq0e2/bce7l6P3CKbGGOUEAnn3n1bi', NULL, 0, 0, NULL, NULL, NULL, NULL, NULL, NULL, '2022-01-30 11:02:34', '2022-01-26 17:06:42', '2022-01-30 11:02:34'),
(5, 'Hossam elbasha', 'hossam@gmail.com', NULL, '$2y$10$LsY6mlzZuQb2.itZcVg2LunGt9NAKF577QBWqWVQBEn.9VSbTH1Ei', '01134845279', 0, 1, NULL, '99|86rMVD4v5Z3iM1oZg0fPqFhVv1n7urpuabmsg7L3', NULL, '1491934957620bc16cc6bef.jpg', '20890_1643386810.svg', 843, NULL, '2022-01-28 18:20:10', '2022-02-20 21:44:34'),
(6, 'علي محمد', NULL, NULL, NULL, '01111100000', 0, 2, NULL, '3|7q1c4E2hpH76C38tB4h2cYc091KITt9vbfsKGmRr', NULL, NULL, NULL, NULL, NULL, '2022-01-29 00:51:50', '2022-01-29 00:51:50'),
(7, 'حسام الباشا', NULL, NULL, NULL, '010110', 0, 2, NULL, '4|6ZyRToffnPF9AANp3gqJzQEDvJkWq04hhqjDYqG9', NULL, NULL, NULL, NULL, NULL, '2022-01-29 18:01:28', '2022-01-29 18:01:28'),
(8, 'علي محمد', NULL, NULL, NULL, '01111166666', 0, 2, NULL, '5|lOVKdtnZted5xIXZX833HVryfjh1nrPRQk6PeIlX', NULL, NULL, NULL, NULL, NULL, '2022-01-29 18:54:35', '2022-01-29 18:54:35'),
(9, 'samir', 'samir@gmail.com', NULL, '$2y$10$E.kcExl0MZLjiMeP1cnj0.OfR6EriP2L7.nFZF.5XEBNKAD5qaAtm', NULL, 0, 0, NULL, NULL, NULL, NULL, NULL, NULL, NULL, '2022-01-29 20:15:48', '2022-01-29 20:15:48'),
(10, 'هاني', 'hany@gmail.com', NULL, '$2y$10$ztIW3jOei8XAX17kfSlH7ukZ2hPhV4dlnxLO9hUYkSB.G/vuPPXna', '01124578965', 0, 1, NULL, '14|UCX2k9yVJQfkcfTH0X2Z9XWdB5ntbQLdZjkmdgUt', NULL, NULL, '121674_1643533033.svg', 896, NULL, '2022-01-30 10:57:13', '2022-01-31 15:54:04'),
(11, 'mohamed', 'mo@gmail.com', NULL, '$2y$10$m73GIHyDApX3tEf2/RmqWOXsjoZe2D68U9TvSgZAB7qu8G47VutNy', NULL, 0, 0, NULL, NULL, NULL, NULL, NULL, NULL, NULL, '2022-01-30 11:12:00', '2022-01-30 11:12:00'),
(12, 'جلال', NULL, NULL, NULL, '01068886896', 0, 2, NULL, '8|a1rMe9cXy9FEFp4FPNm7Vzva7S4A5aTVapBjqfDe', NULL, NULL, NULL, NULL, NULL, '2022-01-30 11:41:42', '2022-01-30 11:41:42'),
(13, 'إبراهيم', NULL, NULL, NULL, '01115247154', 0, 2, NULL, '9|tnLNM8UzJw6Azz014l6jRKBhZRSwLHf3ubvQDuRA', NULL, NULL, NULL, NULL, NULL, '2022-01-31 13:33:39', '2022-01-31 13:33:39'),
(14, 'هاني', 'om@om.com', NULL, '$2y$10$ZrSScp.ff0jWNJVUNVpGkeU0IwgIRzgR2dMdWF551ogmGE2vU6Fq.', NULL, 0, 0, NULL, NULL, NULL, NULL, NULL, NULL, NULL, '2022-01-31 14:20:34', '2022-01-31 14:20:34'),
(15, 'عمر عزت', NULL, NULL, NULL, '01118546792', 0, 2, NULL, '18|8W7e5Kl4c2prprQB7AxuBkdO4UJNQ8gdliQDOQLC', NULL, NULL, NULL, NULL, NULL, '2022-02-02 15:22:45', '2022-02-02 15:22:45'),
(16, 'Mcit', NULL, NULL, NULL, '0123456789', 0, 2, NULL, '19|je3glPElbxd2sc1MZNdVB5U7dk6j2GDJ3zBOZ5Sz', NULL, NULL, NULL, NULL, NULL, '2022-02-05 10:00:43', '2022-02-05 10:00:43'),
(17, 'text', NULL, NULL, NULL, '6504992804', 0, 2, NULL, '20|CGGKRV3a8yjk3f1IcaMXyDXWZ7yS7mX5jqooSXhc', NULL, NULL, NULL, NULL, NULL, '2022-02-06 00:52:05', '2022-02-06 00:52:05'),
(18, 'مجدي الاصم', NULL, NULL, NULL, '01114442151', 0, 2, NULL, '21|TWgdZolaisA1Fh1Elz07mR1AKvMGMKEGWFjJ2VII', NULL, NULL, NULL, NULL, NULL, '2022-02-06 11:26:45', '2022-02-06 11:26:45'),
(19, 'mohamed', 'mohamed@gmail.com', NULL, '$2y$10$s1QEUl1vj2jFd3RXDDUgLeyCBbM8ejXWY1yeCfoyA0L77N2wA0EIi', '01001807844', 0, 1, NULL, '26|Hkr2XgrGrqaoOItcn5Kovmxj2wUV2RTS6Vb3lZRv', NULL, NULL, '121133_1644140965.svg', 831, NULL, '2022-02-06 11:49:25', '2022-02-06 12:00:42'),
(20, 'عمر', NULL, NULL, NULL, '01111155555', 0, 2, NULL, '27|hE0ttj5rIodWrZHRe1oGdhaQgWJKXvYuNlTGIQG4', NULL, NULL, NULL, NULL, NULL, '2022-02-06 12:40:16', '2022-02-06 12:40:16'),
(21, 'حسام', NULL, NULL, NULL, '01099086281', 0, 2, NULL, '28|pl1f8hdZk47HlYRyUw4bgQw95fHtJaoxfcL27rcz', NULL, NULL, NULL, NULL, NULL, '2022-02-07 00:27:26', '2022-02-07 00:27:26'),
(22, 'حسام باشا', NULL, NULL, NULL, '01111122233', 0, 2, NULL, '30|W2AxBt4aHpZ0oW4f9wadW4UN5UXGbch0HoQEMwtY', NULL, NULL, NULL, NULL, NULL, '2022-02-07 09:03:48', '2022-02-07 09:03:48'),
(23, 'حسام باشا', NULL, NULL, NULL, '501111122233', 0, 2, NULL, '33|Pt9HUg0pP5VOB7EY97bnXrOubZEZoEE2328qd8zh', NULL, NULL, NULL, NULL, NULL, '2022-02-07 09:54:53', '2022-02-07 09:54:53'),
(24, 'واحد اصم', NULL, NULL, NULL, '01111111111', 0, 2, NULL, '34|spzsTehDUC5Do0bpEmOCTpokOme67FTGL1UCxvDV', NULL, NULL, NULL, NULL, NULL, '2022-02-07 10:02:23', '2022-02-07 10:02:23'),
(25, 'علي ابراهيم علي', 'ali@gmail.com', NULL, '$2y$10$fzAKw4hLWb9Pzfbpknrfyu1qF5R75HM6PVUG0FAZtdMZUMd8G7bci', '0111223344', 0, 1, NULL, '108|wA4MaBUwqiHslR8ahh48wyQC4nXKsWYb68g69rCu', NULL, '1524036145620bad1773022.jpg', '3124_1644223183.svg', 838, NULL, '2022-02-07 10:39:43', '2022-03-24 12:05:37'),
(26, 'لEEHC staff', 'eehc@eehc.com', NULL, '$2y$10$kD/UlBSxe16r1T6sb6nafO2cIZYEExluZ/YNzX3vXXFZUfz5AVgQG', '01061234657', 0, 1, NULL, '38|qeISj3UBUvezPGjSXjLLidoUFeas8gMys8L3YuIo', NULL, '15046606116202ef91e3170.jpg', '338536_1644223980.svg', 843, NULL, '2022-02-07 10:53:00', '2022-02-09 00:33:41'),
(27, 'مجدي لا اسمع', NULL, NULL, NULL, '014312345698', 0, 2, NULL, '41|RrEX7sZfqBvjt7dtn6Jj2vr1kVIVyJDryIL8fDZB', NULL, NULL, NULL, NULL, NULL, '2022-02-07 11:05:44', '2022-02-07 11:05:44'),
(28, 'Hany', NULL, NULL, NULL, '01122334455', 0, 2, NULL, '44|hQ5oO1XPCVKXrlrB6n5K4PZEftbhpZv9TbHvj9GS', NULL, NULL, NULL, NULL, NULL, '2022-02-07 11:51:19', '2022-02-07 11:51:19'),
(29, 'احمد علي', NULL, NULL, NULL, '0188884444', 0, 2, NULL, '45|rQnNNZfVLdvSKFoaRloCBVMUYg0ph9UxghVbItkM', NULL, NULL, NULL, NULL, NULL, '2022-02-07 11:59:49', '2022-02-07 11:59:49'),
(30, 'عامر', NULL, NULL, NULL, '01445856932', 0, 2, NULL, '46|mL9cpUf2Y0Gbi3Nia7oHCh9hkmpuxECBcvzspBdh', NULL, NULL, NULL, NULL, NULL, '2022-02-07 13:02:50', '2022-02-07 13:02:50'),
(31, 'جلال', NULL, NULL, NULL, '011154464975', 0, 2, NULL, '47|NubUZldro43N4cpU61XKNwblO4i7dpXAq5Q6ySpi', NULL, NULL, NULL, NULL, NULL, '2022-02-07 13:23:30', '2022-02-07 13:23:30'),
(33, 'khaleed', 'khaleed.ahmmed@gmail.com', NULL, '$2y$10$p5u4KcOWyiotXAANVXni6.9M7vAijOts50SvrfthMPUkmf1WcI3j6', '01552211662', 0, 1, NULL, '51|dPvFX1bZXzrK5tA8kpSxax5EtWIXUDt9qmLxLatn', NULL, '532349308620bb6d00310b.jpg', '120449_1644652564.svg', 833, NULL, '2022-02-12 09:56:04', '2022-02-15 16:21:04'),
(34, 'khaled ahmed', NULL, NULL, NULL, '01552211668', 0, 2, NULL, '52|UtYWzyA4UuZdUe2rJIv1uVEbNkt8AEFYFRovbZTR', 'dsf6sd5g5ds6g56sd5g6sd5g6s6a5d6', NULL, NULL, NULL, NULL, '2022-02-12 09:56:48', '2022-02-12 09:56:48'),
(35, 'صبري', NULL, NULL, NULL, '0111345879', 0, 2, NULL, '53|iJVAGr3VrSDcm6qNqS97zXGUVEFwndeKfAdYwcUW', NULL, NULL, NULL, NULL, NULL, '2022-02-12 21:14:36', '2022-02-12 21:14:36'),
(36, 'هند', NULL, NULL, NULL, '0111267849', 0, 2, NULL, '55|YyRLwXY27IuLwNg7bsq9oGKxSfU0D6zxc2EDDmZt', NULL, NULL, NULL, NULL, NULL, '2022-02-13 10:32:16', '2022-02-13 10:32:16'),
(37, 'هند', NULL, NULL, NULL, '0111267', 0, 2, NULL, '56|mJ9btyRpQQhZ3s11qEODS3kjdt6enfN2I66S1jCA', NULL, NULL, NULL, NULL, NULL, '2022-02-13 10:32:41', '2022-02-13 10:32:41'),
(38, 'انت اصم', NULL, NULL, NULL, '01114442161', 0, 2, NULL, '57|LideW0X9dVI9JR5pdO2nkaoo7RVtyhjw86fFtgee', NULL, NULL, NULL, NULL, NULL, '2022-02-13 10:39:25', '2022-02-13 10:39:25'),
(39, 'خالد', NULL, NULL, NULL, '01987646864', 0, 2, NULL, '58|gyTKgxBxMMD509FABaMF7tuT1rP776BDeLKEx76C', NULL, NULL, NULL, NULL, NULL, '2022-02-13 13:37:24', '2022-02-13 13:37:24'),
(40, 'Omar@gmail.com', NULL, NULL, NULL, '123456789', 0, 2, NULL, '76|FaaiEGnr1Bswzn9AUl1GKr26F1ralIXZFuzMMVRg', NULL, NULL, NULL, NULL, NULL, '2022-02-15 19:54:15', '2022-02-15 19:54:15'),
(41, 'احمد خالد', 'ahmed@gmail.com', NULL, '$2y$10$S8AQWRDFJUGWCr6yMC7zx.vvxbn.auD.lRDdksziR1fbA7LJnj9De', '0125489637', 0, 1, NULL, '94|oaYBTzAnf3sc5wB3ZllaA1OmfNdBNMVquzsRuU4v', NULL, NULL, '181821_1645006938.svg', 835, NULL, '2022-02-16 12:22:18', '2022-02-16 15:15:25'),
(42, 'حسام', NULL, NULL, NULL, '101099086281', 0, 2, NULL, '80|oWcipWTKIQkfzsmd3HYjt7eHwBZFIkXvG7ORXvKn', NULL, NULL, NULL, NULL, NULL, '2022-02-16 12:32:10', '2022-02-16 12:32:10'),
(43, 'mostafa', NULL, NULL, NULL, '000000', 0, 2, NULL, '81|cqVe2VZ2hUTZ6Q4GGXsmgKBI54CDwTORdIDmtc9y', NULL, NULL, NULL, NULL, NULL, '2022-02-16 12:45:07', '2022-02-16 12:45:07'),
(44, 'مصطفي عبد الحميد', 'mostafa@gmail.com', NULL, '$2y$10$XxyyRwKC/fEc92jQ6.jqvesr8oxyWzeMyCwajeDwjyj1A6/u4UuAe', '01256938745', 0, 1, NULL, '87|LfEthC9z40dC1xPasJ0iwQPQCQEieVbPh2gue7YP', NULL, NULL, '306265_1645008490.svg', 865, NULL, '2022-02-16 12:48:10', '2022-02-16 12:56:51'),
(45, 'حسام بهي', 'bhi@gmail.com', NULL, '$2y$10$BKEL8o3j1llY1HJSFbk2eO9rui2Bq.r6nbKQLNznBBMZo9NVXG4Qe', '0132547854', 0, 1, NULL, '91|DIcwvp0teh4Jir9THWv9lFZH71zoTIX2v74PP4dQ', NULL, NULL, '347138_1645011693.svg', 863, NULL, '2022-02-16 13:41:33', '2022-02-16 14:44:50'),
(46, 'ابراهيم', 'ibra@gmail.com', NULL, '$2y$10$jmzPYVxc3maFqq4/maDbcOo4Wcxkp/5iZEEISxg91OdJ.7vrNlzJ.', '01281912658', 0, 1, NULL, '95|Lgvp2zu2Iz190cQzJPye7oyTehV62kOVlAFhCSHu', NULL, NULL, '323227_1645017314.svg', 832, NULL, '2022-02-16 15:15:14', '2022-02-16 15:23:07'),
(47, 'عمر', NULL, NULL, NULL, '01547379583', 0, 2, NULL, '96|AGgE43vGAnrDZqIBFp1cWLIooWbmurdk58HHq1qb', NULL, NULL, NULL, NULL, NULL, '2022-02-20 16:08:40', '2022-02-20 16:08:40'),
(48, 'مصطفي', NULL, NULL, NULL, '0197638835', 0, 2, NULL, '97|WEAx8a8dJHNT0xhD9hjas1eLWdcA4kwonxTFOJXZ', NULL, NULL, NULL, NULL, NULL, '2022-02-20 16:16:16', '2022-02-20 16:16:16'),
(49, 'مصطفي أحمد', NULL, NULL, NULL, '0197638835658', 0, 2, NULL, '98|ShhspO0qSA5xjSwO2XEgVpO8VkmtBOMQTAaR7aMW', NULL, NULL, NULL, NULL, NULL, '2022-02-20 17:02:27', '2022-02-20 17:02:27'),
(50, 'undefined', NULL, NULL, NULL, 'undefined', 0, 2, NULL, '100|D7KJke6i2NbuTqGjHBxYaFixGGu0TabM3jhMUydp', NULL, NULL, NULL, NULL, NULL, '2022-02-22 14:56:21', '2022-02-22 14:56:21'),
(51, 'احمد', NULL, NULL, NULL, 'Jf djc', 0, 2, NULL, '101|otjyQ3Fz2F5k5OFE9zh88HuPT06F9c4yb5xGCXzF', NULL, NULL, NULL, NULL, NULL, '2022-02-22 15:06:05', '2022-02-22 15:06:05'),
(52, 'text', NULL, NULL, NULL, 'text', 0, 2, NULL, '102|yFN6tWMwlsZdTi3WZE8Sd5bZiRPnjhJfrX9yUofF', NULL, NULL, NULL, NULL, NULL, '2022-02-27 20:16:38', '2022-02-27 20:16:38'),
(53, 'عمر المغربي', NULL, NULL, NULL, '0125464945', 0, 2, NULL, '103|DzAfzJseiUMmE2lstjEIWeeet6DVbPMTzmkoXgHc', NULL, NULL, NULL, NULL, NULL, '2022-03-02 11:38:43', '2022-03-02 11:38:43'),
(54, 'محمد', NULL, NULL, NULL, '01222266719', 0, 2, NULL, '104|74GF3ePiqdnjjMqmeVgv6iEmf4P9rIeHaSjOlT0L', NULL, NULL, NULL, NULL, NULL, '2022-03-13 22:17:16', '2022-03-13 22:17:16'),
(55, 'Omar@gmail.com', NULL, NULL, NULL, '012345678910', 0, 2, NULL, '105|dlXGSoYdVRuVbINNfAzl2vCAuWfeVBTAypaaTPsM', NULL, NULL, NULL, NULL, NULL, '2022-03-21 13:35:40', '2022-03-21 13:35:40'),
(56, 'تت', NULL, NULL, NULL, '0', 0, 2, NULL, '106|alIX1lvSnWJBJ1rUACdOhyQTSBrYHKy6BEVpJHB1', NULL, NULL, NULL, NULL, NULL, '2022-03-24 11:12:46', '2022-03-24 11:12:46'),
(57, 'تبزبايا', NULL, NULL, NULL, '0154645', 0, 2, NULL, '107|LTiVLxdtiX3rpeAA7dCo9Z1zBE8ByDwp2d4dzifc', NULL, NULL, NULL, NULL, NULL, '2022-03-24 12:04:00', '2022-03-24 12:04:00'),
(61, 'test', 'test@test.com', NULL, '$2y$10$.NNjkkQi1hCAWOxQ8doRoeZg9.aZAN6Yb6dHsS.pmp.e8AW/7uHRS', '01222222221', 0, 1, NULL, NULL, 'sfasdfasdfsadfasdf', NULL, NULL, 826, NULL, NULL, NULL),
(62, 'Test 2', 'test2@test.com', NULL, '$2y$10$.NNjkkQi1hCAWOxQ8doRoeZg9.aZAN6Yb6dHsS.pmp.e8AW/7uHRS', '01222222222', 0, 1, NULL, NULL, 'sfasdfasdfsadfasdf', NULL, NULL, 826, NULL, NULL, NULL),
(63, 'Test 3', 'test3@test.com', NULL, '$2y$10$.NNjkkQi1hCAWOxQ8doRoeZg9.aZAN6Yb6dHsS.pmp.e8AW/7uHRS', '01222222223', 0, 1, NULL, NULL, 'sfasdfasdfsadfasdf', NULL, NULL, 826, NULL, NULL, NULL),
(64, 'Test 4', 'test4@test.com', NULL, '$2y$10$.NNjkkQi1hCAWOxQ8doRoeZg9.aZAN6Yb6dHsS.pmp.e8AW/7uHRS', '01222222224', 0, 1, NULL, NULL, 'sfasdfasdfsadfasdf', NULL, NULL, 826, NULL, NULL, NULL),
(65, 'Test 5', 'test5@test.com', NULL, '$2y$10$.NNjkkQi1hCAWOxQ8doRoeZg9.aZAN6Yb6dHsS.pmp.e8AW/7uHRS', '01222222225', 0, 1, NULL, NULL, 'sfasdfasdfsadfasdf', NULL, NULL, 826, NULL, NULL, NULL);

-- --------------------------------------------------------

--
-- Table structure for table `user_socials`
--

CREATE TABLE `user_socials` (
  `id` bigint UNSIGNED NOT NULL,
  `first_name` varchar(191) CHARACTER SET utf8mb4 COLLATE utf8mb4_unicode_ci NOT NULL,
  `last_name` varchar(191) CHARACTER SET utf8mb4 COLLATE utf8mb4_unicode_ci NOT NULL,
  `email` varchar(191) CHARACTER SET utf8mb4 COLLATE utf8mb4_unicode_ci NOT NULL,
  `image` varchar(191) CHARACTER SET utf8mb4 COLLATE utf8mb4_unicode_ci DEFAULT NULL,
  `UUID` varchar(191) CHARACTER SET utf8mb4 COLLATE utf8mb4_unicode_ci NOT NULL,
  `logged_by` tinyint NOT NULL COMMENT '1 google | 2 facebook',
  `user_id` bigint UNSIGNED DEFAULT NULL,
  `deleted_at` timestamp NULL DEFAULT NULL,
  `created_at` timestamp NULL DEFAULT NULL,
  `updated_at` timestamp NULL DEFAULT NULL
) ENGINE=InnoDB DEFAULT CHARSET=utf8mb4 COLLATE=utf8mb4_unicode_ci;

-- --------------------------------------------------------

--
-- Table structure for table `verifybackup`
--

CREATE TABLE `verifybackup` (
  `id` int UNSIGNED NOT NULL,
  `verify_status` varchar(191) CHARACTER SET utf8mb4 COLLATE utf8mb4_unicode_ci NOT NULL
) ENGINE=InnoDB DEFAULT CHARSET=utf8mb4 COLLATE=utf8mb4_unicode_ci;

--
-- Indexes for dumped tables
--

--
-- Indexes for table `abouts`
--
ALTER TABLE `abouts`
  ADD PRIMARY KEY (`id`);

--
-- Indexes for table `about_sounds`
--
ALTER TABLE `about_sounds`
  ADD PRIMARY KEY (`id`),
  ADD KEY `about_sounds_about_id_foreign` (`about_id`);

--
-- Indexes for table `about_sound_translations`
--
ALTER TABLE `about_sound_translations`
  ADD PRIMARY KEY (`id`),
  ADD KEY `about_sound_translations_about_sound_id_foreign` (`about_sound_id`),
  ADD KEY `about_sound_translations_locale_index` (`locale`);

--
-- Indexes for table `about_translations`
--
ALTER TABLE `about_translations`
  ADD PRIMARY KEY (`id`),
  ADD KEY `about_translations_about_id_foreign` (`about_id`),
  ADD KEY `about_translations_locale_index` (`locale`);

--
-- Indexes for table `about_videos`
--
ALTER TABLE `about_videos`
  ADD PRIMARY KEY (`id`),
  ADD KEY `about_videos_about_id_foreign` (`about_id`);

--
-- Indexes for table `about_video_translations`
--
ALTER TABLE `about_video_translations`
  ADD PRIMARY KEY (`id`),
  ADD KEY `about_video_translations_about_video_id_foreign` (`about_video_id`),
  ADD KEY `about_video_translations_locale_index` (`locale`);

--
-- Indexes for table `arabic_dictionaries`
--
ALTER TABLE `arabic_dictionaries`
  ADD PRIMARY KEY (`id`);

--
-- Indexes for table `arabic_dictionary_foundations`
--
ALTER TABLE `arabic_dictionary_foundations`
  ADD PRIMARY KEY (`id`),
  ADD KEY `arabic_dictionary_foundations_foundation_id_foreign` (`foundation_id`),
  ADD KEY `arabic_dictionary_foundations_arabic_dictionary_id_foreign` (`arabic_dictionary_id`);

--
-- Indexes for table `arabic_dictionary_media`
--
ALTER TABLE `arabic_dictionary_media`
  ADD PRIMARY KEY (`id`),
  ADD KEY `arabic_dictionary_media_foundation_id_foreign` (`foundation_id`),
  ADD KEY `arabic_dictionary_media_arabic_dictionary_id_foreign` (`arabic_dictionary_id`);

--
-- Indexes for table `branches`
--
ALTER TABLE `branches`
  ADD PRIMARY KEY (`id`),
  ADD KEY `branches_foundation_id_foreign` (`foundation_id`),
  ADD KEY `branches_city_id_foreign` (`city_id`);

--
-- Indexes for table `branch_images`
--
ALTER TABLE `branch_images`
  ADD PRIMARY KEY (`id`),
  ADD KEY `branch_images_branch_id_foreign` (`branch_id`);

--
-- Indexes for table `branch_image_translations`
--
ALTER TABLE `branch_image_translations`
  ADD PRIMARY KEY (`id`),
  ADD KEY `branch_image_translations_branch_image_id_foreign` (`branch_image_id`),
  ADD KEY `branch_image_translations_locale_index` (`locale`);

--
-- Indexes for table `branch_services`
--
ALTER TABLE `branch_services`
  ADD PRIMARY KEY (`id`),
  ADD KEY `branch_services_branch_id_foreign` (`branch_id`),
  ADD KEY `branch_services_service_id_foreign` (`service_id`);

--
-- Indexes for table `branch_sounds`
--
ALTER TABLE `branch_sounds`
  ADD PRIMARY KEY (`id`),
  ADD KEY `branch_sounds_branch_id_foreign` (`branch_id`);

--
-- Indexes for table `branch_sound_translations`
--
ALTER TABLE `branch_sound_translations`
  ADD PRIMARY KEY (`id`),
  ADD KEY `branch_sound_translations_branch_sound_id_foreign` (`branch_sound_id`),
  ADD KEY `branch_sound_translations_locale_index` (`locale`);

--
-- Indexes for table `branch_translations`
--
ALTER TABLE `branch_translations`
  ADD PRIMARY KEY (`id`),
  ADD KEY `branch_translations_branch_id_foreign` (`branch_id`),
  ADD KEY `branch_translations_locale_index` (`locale`);

--
-- Indexes for table `branch_videos`
--
ALTER TABLE `branch_videos`
  ADD PRIMARY KEY (`id`),
  ADD KEY `branch_videos_branch_id_foreign` (`branch_id`);

--
-- Indexes for table `branch_video_translations`
--
ALTER TABLE `branch_video_translations`
  ADD PRIMARY KEY (`id`),
  ADD KEY `branch_video_translations_branch_video_id_foreign` (`branch_video_id`),
  ADD KEY `branch_video_translations_locale_index` (`locale`);

--
-- Indexes for table `chats`
--
ALTER TABLE `chats`
  ADD PRIMARY KEY (`id`),
  ADD KEY `chats_deaf_id_foreign` (`deaf_id`),
  ADD KEY `chats_employee_id_foreign` (`employee_id`);

--
-- Indexes for table `cities`
--
ALTER TABLE `cities`
  ADD PRIMARY KEY (`id`),
  ADD KEY `cities_state_id_foreign` (`state_id`);

--
-- Indexes for table `city_translations`
--
ALTER TABLE `city_translations`
  ADD PRIMARY KEY (`id`),
  ADD KEY `city_translations_city_id_foreign` (`city_id`),
  ADD KEY `city_translations_locale_index` (`locale`);

--
-- Indexes for table `countries`
--
ALTER TABLE `countries`
  ADD PRIMARY KEY (`id`);

--
-- Indexes for table `country_translations`
--
ALTER TABLE `country_translations`
  ADD PRIMARY KEY (`id`),
  ADD KEY `country_translations_country_id_foreign` (`country_id`),
  ADD KEY `country_translations_locale_index` (`locale`);

--
-- Indexes for table `documents`
--
ALTER TABLE `documents`
  ADD PRIMARY KEY (`id`),
  ADD KEY `documents_service_id_foreign` (`service_id`);

--
-- Indexes for table `document_images`
--
ALTER TABLE `document_images`
  ADD PRIMARY KEY (`id`),
  ADD KEY `document_images_document_id_foreign` (`document_id`);

--
-- Indexes for table `document_translations`
--
ALTER TABLE `document_translations`
  ADD PRIMARY KEY (`id`),
  ADD KEY `document_translations_document_id_foreign` (`document_id`),
  ADD KEY `document_translations_locale_index` (`locale`);

--
-- Indexes for table `document_translation_media`
--
ALTER TABLE `document_translation_media`
  ADD PRIMARY KEY (`id`),
  ADD KEY `document_translation_media_document_translation_id_foreign` (`document_translation_id`);

--
-- Indexes for table `failed_jobs`
--
ALTER TABLE `failed_jobs`
  ADD PRIMARY KEY (`id`),
  ADD UNIQUE KEY `failed_jobs_uuid_unique` (`uuid`);

--
-- Indexes for table `faqs`
--
ALTER TABLE `faqs`
  ADD PRIMARY KEY (`id`),
  ADD KEY `faqs_service_id_foreign` (`service_id`);

--
-- Indexes for table `faq_images`
--
ALTER TABLE `faq_images`
  ADD PRIMARY KEY (`id`),
  ADD KEY `faq_images_faq_id_foreign` (`faq_id`);

--
-- Indexes for table `faq_translations`
--
ALTER TABLE `faq_translations`
  ADD PRIMARY KEY (`id`),
  ADD KEY `faq_translations_faq_id_foreign` (`faq_id`),
  ADD KEY `faq_translations_locale_index` (`locale`);

--
-- Indexes for table `faq_translation_media`
--
ALTER TABLE `faq_translation_media`
  ADD PRIMARY KEY (`id`),
  ADD KEY `faq_translation_media_faq_translation_id_foreign` (`faq_translation_id`);

--
-- Indexes for table `foundations`
--
ALTER TABLE `foundations`
  ADD PRIMARY KEY (`id`);

--
-- Indexes for table `foundation_images`
--
ALTER TABLE `foundation_images`
  ADD PRIMARY KEY (`id`),
  ADD KEY `foundation_images_foundation_id_foreign` (`foundation_id`);

--
-- Indexes for table `foundation_image_translations`
--
ALTER TABLE `foundation_image_translations`
  ADD PRIMARY KEY (`id`),
  ADD KEY `foundation_image_translations_foundation_image_id_foreign` (`foundation_image_id`),
  ADD KEY `foundation_image_translations_locale_index` (`locale`);

--
-- Indexes for table `foundation_sounds`
--
ALTER TABLE `foundation_sounds`
  ADD PRIMARY KEY (`id`),
  ADD KEY `foundation_sounds_foundation_id_foreign` (`foundation_id`);

--
-- Indexes for table `foundation_sound_translations`
--
ALTER TABLE `foundation_sound_translations`
  ADD PRIMARY KEY (`id`),
  ADD KEY `foundation_sound_translations_foundation_sound_id_foreign` (`foundation_sound_id`),
  ADD KEY `foundation_sound_translations_locale_index` (`locale`);

--
-- Indexes for table `foundation_translations`
--
ALTER TABLE `foundation_translations`
  ADD PRIMARY KEY (`id`),
  ADD KEY `foundation_translations_foundation_id_foreign` (`foundation_id`),
  ADD KEY `foundation_translations_locale_index` (`locale`);

--
-- Indexes for table `foundation_videos`
--
ALTER TABLE `foundation_videos`
  ADD PRIMARY KEY (`id`),
  ADD KEY `foundation_videos_foundation_id_foreign` (`foundation_id`);

--
-- Indexes for table `foundation_video_translations`
--
ALTER TABLE `foundation_video_translations`
  ADD PRIMARY KEY (`id`),
  ADD KEY `foundation_video_translations_foundation_video_id_foreign` (`foundation_video_id`),
  ADD KEY `foundation_video_translations_locale_index` (`locale`);

--
-- Indexes for table `messages`
--
ALTER TABLE `messages`
  ADD PRIMARY KEY (`id`),
  ADD KEY `messages_chat_id_foreign` (`chat_id`);

--
-- Indexes for table `migrations`
--
ALTER TABLE `migrations`
  ADD PRIMARY KEY (`id`);

--
-- Indexes for table `model_has_permissions`
--
ALTER TABLE `model_has_permissions`
  ADD PRIMARY KEY (`permission_id`,`model_id`,`model_type`),
  ADD KEY `model_has_permissions_model_id_model_type_index` (`model_id`,`model_type`);

--
-- Indexes for table `model_has_roles`
--
ALTER TABLE `model_has_roles`
  ADD PRIMARY KEY (`role_id`,`model_id`,`model_type`),
  ADD KEY `model_has_roles_model_id_model_type_index` (`model_id`,`model_type`);

--
-- Indexes for table `password_resets`
--
ALTER TABLE `password_resets`
  ADD KEY `password_resets_email_index` (`email`);

--
-- Indexes for table `permissions`
--
ALTER TABLE `permissions`
  ADD PRIMARY KEY (`id`),
  ADD UNIQUE KEY `permissions_name_guard_name_unique` (`name`,`guard_name`);

--
-- Indexes for table `personal_access_tokens`
--
ALTER TABLE `personal_access_tokens`
  ADD PRIMARY KEY (`id`),
  ADD UNIQUE KEY `personal_access_tokens_token_unique` (`token`),
  ADD KEY `personal_access_tokens_tokenable_type_tokenable_id_index` (`tokenable_type`,`tokenable_id`);

--
-- Indexes for table `procedures`
--
ALTER TABLE `procedures`
  ADD PRIMARY KEY (`id`),
  ADD KEY `procedures_service_id_foreign` (`service_id`);

--
-- Indexes for table `procedure_images`
--
ALTER TABLE `procedure_images`
  ADD PRIMARY KEY (`id`),
  ADD KEY `procedure_images_procedure_id_foreign` (`procedure_id`);

--
-- Indexes for table `procedure_translations`
--
ALTER TABLE `procedure_translations`
  ADD PRIMARY KEY (`id`),
  ADD KEY `procedure_translations_procedure_id_foreign` (`procedure_id`),
  ADD KEY `procedure_translations_locale_index` (`locale`);

--
-- Indexes for table `procedure_translation_media`
--
ALTER TABLE `procedure_translation_media`
  ADD PRIMARY KEY (`id`),
  ADD KEY `procedure_translation_media_procedure_translation_id_foreign` (`procedure_translation_id`);

--
-- Indexes for table `regulations`
--
ALTER TABLE `regulations`
  ADD PRIMARY KEY (`id`),
  ADD KEY `regulations_service_id_foreign` (`service_id`);

--
-- Indexes for table `regulation_images`
--
ALTER TABLE `regulation_images`
  ADD PRIMARY KEY (`id`),
  ADD KEY `regulation_images_regulation_id_foreign` (`regulation_id`);

--
-- Indexes for table `regulation_translations`
--
ALTER TABLE `regulation_translations`
  ADD PRIMARY KEY (`id`),
  ADD KEY `regulation_translations_regulation_id_foreign` (`regulation_id`),
  ADD KEY `regulation_translations_locale_index` (`locale`);

--
-- Indexes for table `regulation_translation_media`
--
ALTER TABLE `regulation_translation_media`
  ADD PRIMARY KEY (`id`),
  ADD KEY `regulation_translation_media_regulation_translation_id_foreign` (`regulation_translation_id`);

--
-- Indexes for table `roles`
--
ALTER TABLE `roles`
  ADD PRIMARY KEY (`id`),
  ADD UNIQUE KEY `roles_name_guard_name_unique` (`name`,`guard_name`);

--
-- Indexes for table `role_has_permissions`
--
ALTER TABLE `role_has_permissions`
  ADD PRIMARY KEY (`permission_id`,`role_id`),
  ADD KEY `role_has_permissions_role_id_foreign` (`role_id`);

--
-- Indexes for table `services`
--
ALTER TABLE `services`
  ADD PRIMARY KEY (`id`);

--
-- Indexes for table `service_images`
--
ALTER TABLE `service_images`
  ADD PRIMARY KEY (`id`),
  ADD KEY `service_images_service_id_foreign` (`service_id`);

--
-- Indexes for table `service_translations`
--
ALTER TABLE `service_translations`
  ADD PRIMARY KEY (`id`),
  ADD KEY `service_translations_service_id_foreign` (`service_id`),
  ADD KEY `service_translations_locale_index` (`locale`);

--
-- Indexes for table `service_translation_media`
--
ALTER TABLE `service_translation_media`
  ADD PRIMARY KEY (`id`),
  ADD KEY `service_translation_media_service_translation_id_foreign` (`service_translation_id`);

--
-- Indexes for table `states`
--
ALTER TABLE `states`
  ADD PRIMARY KEY (`id`),
  ADD KEY `states_country_id_foreign` (`country_id`);

--
-- Indexes for table `state_sounds`
--
ALTER TABLE `state_sounds`
  ADD PRIMARY KEY (`id`),
  ADD KEY `state_sounds_state_id_foreign` (`state_id`);

--
-- Indexes for table `state_sound_translations`
--
ALTER TABLE `state_sound_translations`
  ADD PRIMARY KEY (`id`),
  ADD KEY `state_sound_translations_state_sound_id_foreign` (`state_sound_id`),
  ADD KEY `state_sound_translations_locale_index` (`locale`);

--
-- Indexes for table `state_translations`
--
ALTER TABLE `state_translations`
  ADD PRIMARY KEY (`id`),
  ADD KEY `state_translations_state_id_foreign` (`state_id`),
  ADD KEY `state_translations_locale_index` (`locale`);

--
-- Indexes for table `users`
--
ALTER TABLE `users`
  ADD PRIMARY KEY (`id`),
  ADD UNIQUE KEY `users_email_unique` (`email`),
  ADD KEY `users_branch_id_foreign` (`branch_id`);

--
-- Indexes for table `user_socials`
--
ALTER TABLE `user_socials`
  ADD PRIMARY KEY (`id`);

--
-- Indexes for table `verifybackup`
--
ALTER TABLE `verifybackup`
  ADD PRIMARY KEY (`id`);

--
-- AUTO_INCREMENT for dumped tables
--

--
-- AUTO_INCREMENT for table `abouts`
--
ALTER TABLE `abouts`
  MODIFY `id` bigint UNSIGNED NOT NULL AUTO_INCREMENT, AUTO_INCREMENT=2;

--
-- AUTO_INCREMENT for table `about_sounds`
--
ALTER TABLE `about_sounds`
  MODIFY `id` bigint UNSIGNED NOT NULL AUTO_INCREMENT, AUTO_INCREMENT=3;

--
-- AUTO_INCREMENT for table `about_sound_translations`
--
ALTER TABLE `about_sound_translations`
  MODIFY `id` bigint UNSIGNED NOT NULL AUTO_INCREMENT, AUTO_INCREMENT=3;

--
-- AUTO_INCREMENT for table `about_translations`
--
ALTER TABLE `about_translations`
  MODIFY `id` bigint UNSIGNED NOT NULL AUTO_INCREMENT, AUTO_INCREMENT=2;

--
-- AUTO_INCREMENT for table `about_videos`
--
ALTER TABLE `about_videos`
  MODIFY `id` bigint UNSIGNED NOT NULL AUTO_INCREMENT, AUTO_INCREMENT=3;

--
-- AUTO_INCREMENT for table `about_video_translations`
--
ALTER TABLE `about_video_translations`
  MODIFY `id` bigint UNSIGNED NOT NULL AUTO_INCREMENT, AUTO_INCREMENT=3;

--
-- AUTO_INCREMENT for table `arabic_dictionaries`
--
ALTER TABLE `arabic_dictionaries`
  MODIFY `id` bigint UNSIGNED NOT NULL AUTO_INCREMENT, AUTO_INCREMENT=70;

--
-- AUTO_INCREMENT for table `arabic_dictionary_foundations`
--
ALTER TABLE `arabic_dictionary_foundations`
  MODIFY `id` bigint UNSIGNED NOT NULL AUTO_INCREMENT, AUTO_INCREMENT=70;

--
-- AUTO_INCREMENT for table `arabic_dictionary_media`
--
ALTER TABLE `arabic_dictionary_media`
  MODIFY `id` bigint UNSIGNED NOT NULL AUTO_INCREMENT, AUTO_INCREMENT=70;

--
-- AUTO_INCREMENT for table `branches`
--
ALTER TABLE `branches`
  MODIFY `id` bigint UNSIGNED NOT NULL AUTO_INCREMENT, AUTO_INCREMENT=1257;

--
-- AUTO_INCREMENT for table `branch_images`
--
ALTER TABLE `branch_images`
  MODIFY `id` bigint UNSIGNED NOT NULL AUTO_INCREMENT;

--
-- AUTO_INCREMENT for table `branch_image_translations`
--
ALTER TABLE `branch_image_translations`
  MODIFY `id` bigint UNSIGNED NOT NULL AUTO_INCREMENT;

--
-- AUTO_INCREMENT for table `branch_services`
--
ALTER TABLE `branch_services`
  MODIFY `id` bigint UNSIGNED NOT NULL AUTO_INCREMENT, AUTO_INCREMENT=14620;

--
-- AUTO_INCREMENT for table `branch_sounds`
--
ALTER TABLE `branch_sounds`
  MODIFY `id` bigint UNSIGNED NOT NULL AUTO_INCREMENT, AUTO_INCREMENT=433;

--
-- AUTO_INCREMENT for table `branch_sound_translations`
--
ALTER TABLE `branch_sound_translations`
  MODIFY `id` bigint UNSIGNED NOT NULL AUTO_INCREMENT, AUTO_INCREMENT=431;

--
-- AUTO_INCREMENT for table `branch_translations`
--
ALTER TABLE `branch_translations`
  MODIFY `id` bigint UNSIGNED NOT NULL AUTO_INCREMENT, AUTO_INCREMENT=432;

--
-- AUTO_INCREMENT for table `branch_videos`
--
ALTER TABLE `branch_videos`
  MODIFY `id` bigint UNSIGNED NOT NULL AUTO_INCREMENT;

--
-- AUTO_INCREMENT for table `branch_video_translations`
--
ALTER TABLE `branch_video_translations`
  MODIFY `id` bigint UNSIGNED NOT NULL AUTO_INCREMENT;

--
-- AUTO_INCREMENT for table `chats`
--
ALTER TABLE `chats`
  MODIFY `id` bigint UNSIGNED NOT NULL AUTO_INCREMENT, AUTO_INCREMENT=40;

--
-- AUTO_INCREMENT for table `cities`
--
ALTER TABLE `cities`
  MODIFY `id` bigint UNSIGNED NOT NULL AUTO_INCREMENT, AUTO_INCREMENT=414;

--
-- AUTO_INCREMENT for table `city_translations`
--
ALTER TABLE `city_translations`
  MODIFY `id` bigint UNSIGNED NOT NULL AUTO_INCREMENT, AUTO_INCREMENT=414;

--
-- AUTO_INCREMENT for table `countries`
--
ALTER TABLE `countries`
  MODIFY `id` bigint UNSIGNED NOT NULL AUTO_INCREMENT, AUTO_INCREMENT=2;

--
-- AUTO_INCREMENT for table `country_translations`
--
ALTER TABLE `country_translations`
  MODIFY `id` bigint UNSIGNED NOT NULL AUTO_INCREMENT, AUTO_INCREMENT=3;

--
-- AUTO_INCREMENT for table `documents`
--
ALTER TABLE `documents`
  MODIFY `id` bigint UNSIGNED NOT NULL AUTO_INCREMENT, AUTO_INCREMENT=73;

--
-- AUTO_INCREMENT for table `document_images`
--
ALTER TABLE `document_images`
  MODIFY `id` bigint UNSIGNED NOT NULL AUTO_INCREMENT, AUTO_INCREMENT=73;

--
-- AUTO_INCREMENT for table `document_translations`
--
ALTER TABLE `document_translations`
  MODIFY `id` bigint UNSIGNED NOT NULL AUTO_INCREMENT, AUTO_INCREMENT=73;

--
-- AUTO_INCREMENT for table `document_translation_media`
--
ALTER TABLE `document_translation_media`
  MODIFY `id` bigint UNSIGNED NOT NULL AUTO_INCREMENT, AUTO_INCREMENT=145;

--
-- AUTO_INCREMENT for table `failed_jobs`
--
ALTER TABLE `failed_jobs`
  MODIFY `id` bigint UNSIGNED NOT NULL AUTO_INCREMENT;

--
-- AUTO_INCREMENT for table `faqs`
--
ALTER TABLE `faqs`
  MODIFY `id` bigint UNSIGNED NOT NULL AUTO_INCREMENT, AUTO_INCREMENT=70;

--
-- AUTO_INCREMENT for table `faq_images`
--
ALTER TABLE `faq_images`
  MODIFY `id` bigint UNSIGNED NOT NULL AUTO_INCREMENT;

--
-- AUTO_INCREMENT for table `faq_translations`
--
ALTER TABLE `faq_translations`
  MODIFY `id` bigint UNSIGNED NOT NULL AUTO_INCREMENT, AUTO_INCREMENT=70;

--
-- AUTO_INCREMENT for table `faq_translation_media`
--
ALTER TABLE `faq_translation_media`
  MODIFY `id` bigint UNSIGNED NOT NULL AUTO_INCREMENT, AUTO_INCREMENT=69;

--
-- AUTO_INCREMENT for table `foundations`
--
ALTER TABLE `foundations`
  MODIFY `id` bigint UNSIGNED NOT NULL AUTO_INCREMENT, AUTO_INCREMENT=2;

--
-- AUTO_INCREMENT for table `foundation_images`
--
ALTER TABLE `foundation_images`
  MODIFY `id` bigint UNSIGNED NOT NULL AUTO_INCREMENT, AUTO_INCREMENT=6;

--
-- AUTO_INCREMENT for table `foundation_image_translations`
--
ALTER TABLE `foundation_image_translations`
  MODIFY `id` bigint UNSIGNED NOT NULL AUTO_INCREMENT, AUTO_INCREMENT=6;

--
-- AUTO_INCREMENT for table `foundation_sounds`
--
ALTER TABLE `foundation_sounds`
  MODIFY `id` bigint UNSIGNED NOT NULL AUTO_INCREMENT, AUTO_INCREMENT=3;

--
-- AUTO_INCREMENT for table `foundation_sound_translations`
--
ALTER TABLE `foundation_sound_translations`
  MODIFY `id` bigint UNSIGNED NOT NULL AUTO_INCREMENT, AUTO_INCREMENT=3;

--
-- AUTO_INCREMENT for table `foundation_translations`
--
ALTER TABLE `foundation_translations`
  MODIFY `id` bigint UNSIGNED NOT NULL AUTO_INCREMENT, AUTO_INCREMENT=2;

--
-- AUTO_INCREMENT for table `foundation_videos`
--
ALTER TABLE `foundation_videos`
  MODIFY `id` bigint UNSIGNED NOT NULL AUTO_INCREMENT, AUTO_INCREMENT=3;

--
-- AUTO_INCREMENT for table `foundation_video_translations`
--
ALTER TABLE `foundation_video_translations`
  MODIFY `id` bigint UNSIGNED NOT NULL AUTO_INCREMENT, AUTO_INCREMENT=3;

--
-- AUTO_INCREMENT for table `messages`
--
ALTER TABLE `messages`
  MODIFY `id` bigint UNSIGNED NOT NULL AUTO_INCREMENT, AUTO_INCREMENT=332;

--
-- AUTO_INCREMENT for table `migrations`
--
ALTER TABLE `migrations`
  MODIFY `id` int UNSIGNED NOT NULL AUTO_INCREMENT, AUTO_INCREMENT=66;

--
-- AUTO_INCREMENT for table `permissions`
--
ALTER TABLE `permissions`
  MODIFY `id` bigint UNSIGNED NOT NULL AUTO_INCREMENT, AUTO_INCREMENT=16;

--
-- AUTO_INCREMENT for table `personal_access_tokens`
--
ALTER TABLE `personal_access_tokens`
  MODIFY `id` bigint UNSIGNED NOT NULL AUTO_INCREMENT, AUTO_INCREMENT=109;

--
-- AUTO_INCREMENT for table `procedures`
--
ALTER TABLE `procedures`
  MODIFY `id` bigint UNSIGNED NOT NULL AUTO_INCREMENT, AUTO_INCREMENT=118;

--
-- AUTO_INCREMENT for table `procedure_images`
--
ALTER TABLE `procedure_images`
  MODIFY `id` bigint UNSIGNED NOT NULL AUTO_INCREMENT, AUTO_INCREMENT=119;

--
-- AUTO_INCREMENT for table `procedure_translations`
--
ALTER TABLE `procedure_translations`
  MODIFY `id` bigint UNSIGNED NOT NULL AUTO_INCREMENT, AUTO_INCREMENT=118;

--
-- AUTO_INCREMENT for table `procedure_translation_media`
--
ALTER TABLE `procedure_translation_media`
  MODIFY `id` bigint UNSIGNED NOT NULL AUTO_INCREMENT, AUTO_INCREMENT=120;

--
-- AUTO_INCREMENT for table `regulations`
--
ALTER TABLE `regulations`
  MODIFY `id` bigint UNSIGNED NOT NULL AUTO_INCREMENT;

--
-- AUTO_INCREMENT for table `regulation_images`
--
ALTER TABLE `regulation_images`
  MODIFY `id` bigint UNSIGNED NOT NULL AUTO_INCREMENT;

--
-- AUTO_INCREMENT for table `regulation_translations`
--
ALTER TABLE `regulation_translations`
  MODIFY `id` bigint UNSIGNED NOT NULL AUTO_INCREMENT;

--
-- AUTO_INCREMENT for table `regulation_translation_media`
--
ALTER TABLE `regulation_translation_media`
  MODIFY `id` bigint UNSIGNED NOT NULL AUTO_INCREMENT;

--
-- AUTO_INCREMENT for table `roles`
--
ALTER TABLE `roles`
  MODIFY `id` bigint UNSIGNED NOT NULL AUTO_INCREMENT, AUTO_INCREMENT=5;

--
-- AUTO_INCREMENT for table `services`
--
ALTER TABLE `services`
  MODIFY `id` bigint UNSIGNED NOT NULL AUTO_INCREMENT, AUTO_INCREMENT=35;

--
-- AUTO_INCREMENT for table `service_images`
--
ALTER TABLE `service_images`
  MODIFY `id` bigint UNSIGNED NOT NULL AUTO_INCREMENT, AUTO_INCREMENT=33;

--
-- AUTO_INCREMENT for table `service_translations`
--
ALTER TABLE `service_translations`
  MODIFY `id` bigint UNSIGNED NOT NULL AUTO_INCREMENT, AUTO_INCREMENT=34;

--
-- AUTO_INCREMENT for table `service_translation_media`
--
ALTER TABLE `service_translation_media`
  MODIFY `id` bigint UNSIGNED NOT NULL AUTO_INCREMENT, AUTO_INCREMENT=38;

--
-- AUTO_INCREMENT for table `states`
--
ALTER TABLE `states`
  MODIFY `id` bigint UNSIGNED NOT NULL AUTO_INCREMENT, AUTO_INCREMENT=29;

--
-- AUTO_INCREMENT for table `state_sounds`
--
ALTER TABLE `state_sounds`
  MODIFY `id` bigint UNSIGNED NOT NULL AUTO_INCREMENT, AUTO_INCREMENT=56;

--
-- AUTO_INCREMENT for table `state_sound_translations`
--
ALTER TABLE `state_sound_translations`
  MODIFY `id` bigint UNSIGNED NOT NULL AUTO_INCREMENT, AUTO_INCREMENT=56;

--
-- AUTO_INCREMENT for table `state_translations`
--
ALTER TABLE `state_translations`
  MODIFY `id` bigint UNSIGNED NOT NULL AUTO_INCREMENT, AUTO_INCREMENT=57;

--
-- AUTO_INCREMENT for table `users`
--
ALTER TABLE `users`
  MODIFY `id` bigint UNSIGNED NOT NULL AUTO_INCREMENT, AUTO_INCREMENT=66;

--
-- AUTO_INCREMENT for table `user_socials`
--
ALTER TABLE `user_socials`
  MODIFY `id` bigint UNSIGNED NOT NULL AUTO_INCREMENT;

--
-- AUTO_INCREMENT for table `verifybackup`
--
ALTER TABLE `verifybackup`
  MODIFY `id` int UNSIGNED NOT NULL AUTO_INCREMENT;

--
-- Constraints for dumped tables
--

--
-- Constraints for table `about_sounds`
--
ALTER TABLE `about_sounds`
  ADD CONSTRAINT `about_sounds_about_id_foreign` FOREIGN KEY (`about_id`) REFERENCES `abouts` (`id`) ON DELETE CASCADE;

--
-- Constraints for table `about_sound_translations`
--
ALTER TABLE `about_sound_translations`
  ADD CONSTRAINT `about_sound_translations_about_sound_id_foreign` FOREIGN KEY (`about_sound_id`) REFERENCES `about_sounds` (`id`) ON DELETE CASCADE;

--
-- Constraints for table `about_translations`
--
ALTER TABLE `about_translations`
  ADD CONSTRAINT `about_translations_about_id_foreign` FOREIGN KEY (`about_id`) REFERENCES `abouts` (`id`) ON DELETE CASCADE;

--
-- Constraints for table `about_videos`
--
ALTER TABLE `about_videos`
  ADD CONSTRAINT `about_videos_about_id_foreign` FOREIGN KEY (`about_id`) REFERENCES `abouts` (`id`) ON DELETE CASCADE;

--
-- Constraints for table `about_video_translations`
--
ALTER TABLE `about_video_translations`
  ADD CONSTRAINT `about_video_translations_about_video_id_foreign` FOREIGN KEY (`about_video_id`) REFERENCES `about_videos` (`id`) ON DELETE CASCADE;

--
-- Constraints for table `arabic_dictionary_foundations`
--
ALTER TABLE `arabic_dictionary_foundations`
  ADD CONSTRAINT `arabic_dictionary_foundations_arabic_dictionary_id_foreign` FOREIGN KEY (`arabic_dictionary_id`) REFERENCES `arabic_dictionaries` (`id`) ON DELETE CASCADE,
  ADD CONSTRAINT `arabic_dictionary_foundations_foundation_id_foreign` FOREIGN KEY (`foundation_id`) REFERENCES `foundations` (`id`) ON DELETE CASCADE;

--
-- Constraints for table `arabic_dictionary_media`
--
ALTER TABLE `arabic_dictionary_media`
  ADD CONSTRAINT `arabic_dictionary_media_arabic_dictionary_id_foreign` FOREIGN KEY (`arabic_dictionary_id`) REFERENCES `arabic_dictionaries` (`id`) ON DELETE CASCADE,
  ADD CONSTRAINT `arabic_dictionary_media_foundation_id_foreign` FOREIGN KEY (`foundation_id`) REFERENCES `foundations` (`id`) ON DELETE CASCADE;

--
-- Constraints for table `branches`
--
ALTER TABLE `branches`
  ADD CONSTRAINT `branches_city_id_foreign` FOREIGN KEY (`city_id`) REFERENCES `cities` (`id`) ON DELETE CASCADE,
  ADD CONSTRAINT `branches_foundation_id_foreign` FOREIGN KEY (`foundation_id`) REFERENCES `foundations` (`id`) ON DELETE CASCADE;

--
-- Constraints for table `branch_images`
--
ALTER TABLE `branch_images`
  ADD CONSTRAINT `branch_images_branch_id_foreign` FOREIGN KEY (`branch_id`) REFERENCES `branches` (`id`) ON DELETE CASCADE;

--
-- Constraints for table `branch_image_translations`
--
ALTER TABLE `branch_image_translations`
  ADD CONSTRAINT `branch_image_translations_branch_image_id_foreign` FOREIGN KEY (`branch_image_id`) REFERENCES `branch_images` (`id`) ON DELETE CASCADE;

--
-- Constraints for table `branch_services`
--
ALTER TABLE `branch_services`
  ADD CONSTRAINT `branch_services_branch_id_foreign` FOREIGN KEY (`branch_id`) REFERENCES `branches` (`id`) ON DELETE CASCADE,
  ADD CONSTRAINT `branch_services_service_id_foreign` FOREIGN KEY (`service_id`) REFERENCES `services` (`id`) ON DELETE CASCADE;

--
-- Constraints for table `branch_sounds`
--
ALTER TABLE `branch_sounds`
  ADD CONSTRAINT `branch_sounds_branch_id_foreign` FOREIGN KEY (`branch_id`) REFERENCES `branches` (`id`) ON DELETE CASCADE;

--
-- Constraints for table `branch_sound_translations`
--
ALTER TABLE `branch_sound_translations`
  ADD CONSTRAINT `branch_sound_translations_branch_sound_id_foreign` FOREIGN KEY (`branch_sound_id`) REFERENCES `branch_sounds` (`id`) ON DELETE CASCADE;

--
-- Constraints for table `branch_translations`
--
ALTER TABLE `branch_translations`
  ADD CONSTRAINT `branch_translations_branch_id_foreign` FOREIGN KEY (`branch_id`) REFERENCES `branches` (`id`) ON DELETE CASCADE;

--
-- Constraints for table `branch_videos`
--
ALTER TABLE `branch_videos`
  ADD CONSTRAINT `branch_videos_branch_id_foreign` FOREIGN KEY (`branch_id`) REFERENCES `branches` (`id`) ON DELETE CASCADE;

--
-- Constraints for table `branch_video_translations`
--
ALTER TABLE `branch_video_translations`
  ADD CONSTRAINT `branch_video_translations_branch_video_id_foreign` FOREIGN KEY (`branch_video_id`) REFERENCES `branch_videos` (`id`) ON DELETE CASCADE;

--
-- Constraints for table `chats`
--
ALTER TABLE `chats`
  ADD CONSTRAINT `chats_deaf_id_foreign` FOREIGN KEY (`deaf_id`) REFERENCES `users` (`id`) ON DELETE CASCADE,
  ADD CONSTRAINT `chats_employee_id_foreign` FOREIGN KEY (`employee_id`) REFERENCES `users` (`id`) ON DELETE CASCADE;

--
-- Constraints for table `cities`
--
ALTER TABLE `cities`
  ADD CONSTRAINT `cities_state_id_foreign` FOREIGN KEY (`state_id`) REFERENCES `states` (`id`) ON DELETE CASCADE;

--
-- Constraints for table `city_translations`
--
ALTER TABLE `city_translations`
  ADD CONSTRAINT `city_translations_city_id_foreign` FOREIGN KEY (`city_id`) REFERENCES `cities` (`id`) ON DELETE CASCADE;

--
-- Constraints for table `country_translations`
--
ALTER TABLE `country_translations`
  ADD CONSTRAINT `country_translations_country_id_foreign` FOREIGN KEY (`country_id`) REFERENCES `countries` (`id`) ON DELETE CASCADE;

--
-- Constraints for table `documents`
--
ALTER TABLE `documents`
  ADD CONSTRAINT `documents_service_id_foreign` FOREIGN KEY (`service_id`) REFERENCES `services` (`id`) ON DELETE CASCADE;

--
-- Constraints for table `document_images`
--
ALTER TABLE `document_images`
  ADD CONSTRAINT `document_images_document_id_foreign` FOREIGN KEY (`document_id`) REFERENCES `documents` (`id`) ON DELETE CASCADE;

--
-- Constraints for table `document_translations`
--
ALTER TABLE `document_translations`
  ADD CONSTRAINT `document_translations_document_id_foreign` FOREIGN KEY (`document_id`) REFERENCES `documents` (`id`) ON DELETE CASCADE;

--
-- Constraints for table `document_translation_media`
--
ALTER TABLE `document_translation_media`
  ADD CONSTRAINT `document_translation_media_document_translation_id_foreign` FOREIGN KEY (`document_translation_id`) REFERENCES `document_translations` (`id`) ON DELETE CASCADE;

--
-- Constraints for table `faqs`
--
ALTER TABLE `faqs`
  ADD CONSTRAINT `faqs_service_id_foreign` FOREIGN KEY (`service_id`) REFERENCES `services` (`id`) ON DELETE CASCADE;

--
-- Constraints for table `faq_images`
--
ALTER TABLE `faq_images`
  ADD CONSTRAINT `faq_images_faq_id_foreign` FOREIGN KEY (`faq_id`) REFERENCES `faqs` (`id`) ON DELETE CASCADE;

--
-- Constraints for table `faq_translations`
--
ALTER TABLE `faq_translations`
  ADD CONSTRAINT `faq_translations_faq_id_foreign` FOREIGN KEY (`faq_id`) REFERENCES `faqs` (`id`) ON DELETE CASCADE;

--
-- Constraints for table `faq_translation_media`
--
ALTER TABLE `faq_translation_media`
  ADD CONSTRAINT `faq_translation_media_faq_translation_id_foreign` FOREIGN KEY (`faq_translation_id`) REFERENCES `faq_translations` (`id`) ON DELETE CASCADE;

--
-- Constraints for table `foundation_images`
--
ALTER TABLE `foundation_images`
  ADD CONSTRAINT `foundation_images_foundation_id_foreign` FOREIGN KEY (`foundation_id`) REFERENCES `foundations` (`id`) ON DELETE CASCADE;

--
-- Constraints for table `foundation_image_translations`
--
ALTER TABLE `foundation_image_translations`
  ADD CONSTRAINT `foundation_image_translations_foundation_image_id_foreign` FOREIGN KEY (`foundation_image_id`) REFERENCES `foundation_images` (`id`) ON DELETE CASCADE;

--
-- Constraints for table `foundation_sounds`
--
ALTER TABLE `foundation_sounds`
  ADD CONSTRAINT `foundation_sounds_foundation_id_foreign` FOREIGN KEY (`foundation_id`) REFERENCES `foundations` (`id`) ON DELETE CASCADE;

--
-- Constraints for table `foundation_sound_translations`
--
ALTER TABLE `foundation_sound_translations`
  ADD CONSTRAINT `foundation_sound_translations_foundation_sound_id_foreign` FOREIGN KEY (`foundation_sound_id`) REFERENCES `foundation_sounds` (`id`) ON DELETE CASCADE;

--
-- Constraints for table `foundation_translations`
--
ALTER TABLE `foundation_translations`
  ADD CONSTRAINT `foundation_translations_foundation_id_foreign` FOREIGN KEY (`foundation_id`) REFERENCES `foundations` (`id`) ON DELETE CASCADE;

--
-- Constraints for table `foundation_videos`
--
ALTER TABLE `foundation_videos`
  ADD CONSTRAINT `foundation_videos_foundation_id_foreign` FOREIGN KEY (`foundation_id`) REFERENCES `foundations` (`id`) ON DELETE CASCADE;

--
-- Constraints for table `foundation_video_translations`
--
ALTER TABLE `foundation_video_translations`
  ADD CONSTRAINT `foundation_video_translations_foundation_video_id_foreign` FOREIGN KEY (`foundation_video_id`) REFERENCES `foundation_videos` (`id`) ON DELETE CASCADE;

--
-- Constraints for table `messages`
--
ALTER TABLE `messages`
  ADD CONSTRAINT `messages_chat_id_foreign` FOREIGN KEY (`chat_id`) REFERENCES `chats` (`id`) ON DELETE CASCADE;

--
-- Constraints for table `model_has_permissions`
--
ALTER TABLE `model_has_permissions`
  ADD CONSTRAINT `model_has_permissions_permission_id_foreign` FOREIGN KEY (`permission_id`) REFERENCES `permissions` (`id`) ON DELETE CASCADE;

--
-- Constraints for table `model_has_roles`
--
ALTER TABLE `model_has_roles`
  ADD CONSTRAINT `model_has_roles_role_id_foreign` FOREIGN KEY (`role_id`) REFERENCES `roles` (`id`) ON DELETE CASCADE;

--
-- Constraints for table `procedures`
--
ALTER TABLE `procedures`
  ADD CONSTRAINT `procedures_service_id_foreign` FOREIGN KEY (`service_id`) REFERENCES `services` (`id`) ON DELETE CASCADE;

--
-- Constraints for table `procedure_images`
--
ALTER TABLE `procedure_images`
  ADD CONSTRAINT `procedure_images_procedure_id_foreign` FOREIGN KEY (`procedure_id`) REFERENCES `procedures` (`id`) ON DELETE CASCADE;

--
-- Constraints for table `procedure_translations`
--
ALTER TABLE `procedure_translations`
  ADD CONSTRAINT `procedure_translations_procedure_id_foreign` FOREIGN KEY (`procedure_id`) REFERENCES `procedures` (`id`) ON DELETE CASCADE;

--
-- Constraints for table `procedure_translation_media`
--
ALTER TABLE `procedure_translation_media`
  ADD CONSTRAINT `procedure_translation_media_procedure_translation_id_foreign` FOREIGN KEY (`procedure_translation_id`) REFERENCES `procedure_translations` (`id`) ON DELETE CASCADE;

--
-- Constraints for table `regulations`
--
ALTER TABLE `regulations`
  ADD CONSTRAINT `regulations_service_id_foreign` FOREIGN KEY (`service_id`) REFERENCES `services` (`id`) ON DELETE CASCADE;

--
-- Constraints for table `regulation_images`
--
ALTER TABLE `regulation_images`
  ADD CONSTRAINT `regulation_images_regulation_id_foreign` FOREIGN KEY (`regulation_id`) REFERENCES `regulations` (`id`) ON DELETE CASCADE;

--
-- Constraints for table `regulation_translations`
--
ALTER TABLE `regulation_translations`
  ADD CONSTRAINT `regulation_translations_regulation_id_foreign` FOREIGN KEY (`regulation_id`) REFERENCES `regulations` (`id`) ON DELETE CASCADE;

--
-- Constraints for table `regulation_translation_media`
--
ALTER TABLE `regulation_translation_media`
  ADD CONSTRAINT `regulation_translation_media_regulation_translation_id_foreign` FOREIGN KEY (`regulation_translation_id`) REFERENCES `regulation_translations` (`id`) ON DELETE CASCADE;

--
-- Constraints for table `role_has_permissions`
--
ALTER TABLE `role_has_permissions`
  ADD CONSTRAINT `role_has_permissions_permission_id_foreign` FOREIGN KEY (`permission_id`) REFERENCES `permissions` (`id`) ON DELETE CASCADE,
  ADD CONSTRAINT `role_has_permissions_role_id_foreign` FOREIGN KEY (`role_id`) REFERENCES `roles` (`id`) ON DELETE CASCADE;

--
-- Constraints for table `service_images`
--
ALTER TABLE `service_images`
  ADD CONSTRAINT `service_images_service_id_foreign` FOREIGN KEY (`service_id`) REFERENCES `services` (`id`) ON DELETE CASCADE;

--
-- Constraints for table `service_translations`
--
ALTER TABLE `service_translations`
  ADD CONSTRAINT `service_translations_service_id_foreign` FOREIGN KEY (`service_id`) REFERENCES `services` (`id`) ON DELETE CASCADE;

--
-- Constraints for table `service_translation_media`
--
ALTER TABLE `service_translation_media`
  ADD CONSTRAINT `service_translation_media_service_translation_id_foreign` FOREIGN KEY (`service_translation_id`) REFERENCES `service_translations` (`id`) ON DELETE CASCADE;

--
-- Constraints for table `states`
--
ALTER TABLE `states`
  ADD CONSTRAINT `states_country_id_foreign` FOREIGN KEY (`country_id`) REFERENCES `countries` (`id`) ON DELETE CASCADE;

--
-- Constraints for table `state_sounds`
--
ALTER TABLE `state_sounds`
  ADD CONSTRAINT `state_sounds_state_id_foreign` FOREIGN KEY (`state_id`) REFERENCES `states` (`id`) ON DELETE CASCADE ON UPDATE CASCADE;

--
-- Constraints for table `state_sound_translations`
--
ALTER TABLE `state_sound_translations`
  ADD CONSTRAINT `state_sound_translations_state_sound_id_foreign` FOREIGN KEY (`state_sound_id`) REFERENCES `state_sounds` (`id`) ON DELETE CASCADE ON UPDATE CASCADE;

--
-- Constraints for table `state_translations`
--
ALTER TABLE `state_translations`
  ADD CONSTRAINT `state_translations_state_id_foreign` FOREIGN KEY (`state_id`) REFERENCES `states` (`id`) ON DELETE CASCADE;

--
-- Constraints for table `users`
--
ALTER TABLE `users`
  ADD CONSTRAINT `users_branch_id_foreign` FOREIGN KEY (`branch_id`) REFERENCES `branches` (`id`) ON DELETE CASCADE;
COMMIT;

/*!40101 SET CHARACTER_SET_CLIENT=@OLD_CHARACTER_SET_CLIENT */;
/*!40101 SET CHARACTER_SET_RESULTS=@OLD_CHARACTER_SET_RESULTS */;
/*!40101 SET COLLATION_CONNECTION=@OLD_COLLATION_CONNECTION */;
